DNA\Assay,snpSB00106,snpSB00109,snpSB00110,snpSB00143,snpSB00144,snpSB00146,snpSB00148,snpSB00158,snpSB00164,snpSB00169,snpSB00284,snpSB00294,snpSB00305,snpSB00312,snpSB00313,snpSB00314,snpSB00315,snpSB00317,snpSB00318,snpSB00319,snpSB00320,snpSB00321,snpSB00323,snpSB00324,snpSB00325,snpSB00326,snpSB00327,snpSB00328,snpSB00330,snpSB00332,snpSB00335,snpSB00338,snpSB00341,snpSB00343,snpSB00344,snpSB00345,snpSB00346,snpSB00347,snpSB00348,snpSB00351,snpSB00352,snpSB00354,snpSB00356,snpSB00357,snpSB00358,snpSB00359,snpSB00360,snpSB00361,snpSB00362,snpSB00363,snpSB00364,snpSB00365,snpSB00366,snpSB00367,snpSB00368,snpSB00369,snpSB00370,snpSB00371,snpSB00372,snpSB00376,snpSB00379,snpSB00382,snpSB00383,snpSB00384,snpSB00387,snpSB00388,snpSB00389
GADAMXN13H2-2,T:C,Uncallable,T:G,C:C,Uncallable,T:T,A:A,G:G,A:A,T:T,G:G,T:T,A:A,A:A,G:G,G:G,C:C,C:C,G:G,T:T,T:T,G:G,A:A,C:C,C:C,G:G,A:A,A:A,A:A,A:A,T:T,Uncallable,C:C,C:T,G:G,C:G,T:T,T:C,G:G,Uncallable,T:T,Uncallable,T:T,Uncallable,G:G,Uncallable,A:A,A:A,G:G,C:C,G:G,C:C,T:T,C:C,T:T,A:G,T:T,A:A,A:A,G:G,Uncallable,C:C,Uncallable,C:C,T:T,Uncallable,G:G
GADAMXN13H2-3,T:C,Uncallable,T:G,G:G,A:A,C:C,A:A,G:G,Uncallable,T:T,G:G,T:T,A:A,A:A,G:G,C:G,C:C,C:C,?,T:T,T:T,Uncallable,Uncallable,G:G,G:G,C:C,A:A,A:A,A:A,A:A,G:T,Uncallable,Uncallable,C:T,G:G,C:G,T:T,Uncallable,G:G,T:C,T:T,T:C,T:T,G:G,G:G,Uncallable,C:A,A:A,G:G,T:C,G:G,C:C,A:A,C:C,Uncallable,G:G,T:T,A:A,Uncallable,G:G,Uncallable,C:T,C:G,C:C,T:T,A:C,Uncallable
GADAMXN13H2-2-3-1,C:C,Uncallable,T:T,G:G,A:A,C:C,A:A,G:G,A:A,T:T,G:G,T:T,A:A,A:A,G:G,G:G,C:C,C:C,?,T:T,T:T,G:G,G:G,G:G,G:G,C:C,T:T,A:A,A:A,A:A,T:T,C:C,C:C,C:T,G:G,Uncallable,Uncallable,C:C,G:G,Uncallable,T:T,T:C,T:T,G:G,G:G,Uncallable,C:C,A:A,G:G,T:C,G:G,C:C,Uncallable,C:C,C:C,G:G,T:T,A:A,G:G,G:G,A:A,C:C,Uncallable,C:C,T:T,C:C,G:G
GADAMXWAHIH1-2-2-1,Uncallable,Uncallable,T:T,C:C,Uncallable,C:C,A:A,C:C,A:A,T:C,G:G,T:T,A:A,A:A,A:A,G:G,C:C,C:C,?,T:T,T:T,G:G,G:G,G:G,G:G,C:C,A:T,A:A,A:A,A:A,T:T,C:C,C:C,C:T,G:G,G:G,T:T,C:C,G:G,T:C,T:T,T:C,T:T,G:G,G:G,Uncallable,A:A,A:A,G:C,C:C,G:G,C:C,A:A,C:C,Uncallable,A:A,T:T,A:A,G:A,G:G,A:G,C:T,C:G,C:C,T:T,A:C,G:G
GADAMXWAHIH1-3-2-1,C:C,G:C,Uncallable,G:G,A:A,C:C,A:A,C:C,A:A,T:T,G:G,T:T,A:A,A:A,A:A,C:C,C:C,C:C,?,T:T,C:C,G:G,A:A,G:G,G:G,C:C,A:A,A:A,A:A,A:A,T:T,C:C,C:C,C:T,G:G,G:G,T:T,C:C,G:G,T:C,T:T,T:T,T:T,G:G,G:G,G:G,A:A,A:A,G:G,C:C,G:G,C:C,Uncallable,C:C,C:C,A:A,T:T,A:A,A:A,G:G,A:G,C:C,C:G,C:C,T:T,A:A,G:G
GADAMXWAHIH1-3-2-2,C:C,G:C,Uncallable,G:G,A:A,C:C,A:A,C:C,A:A,T:T,G:G,T:T,A:A,A:A,A:A,C:C,C:C,C:C,?,T:T,C:C,G:G,A:A,G:G,G:G,C:C,A:T,A:A,A:A,A:A,T:T,C:C,C:C,C:T,G:G,G:G,T:T,C:C,G:G,T:C,T:T,Uncallable,T:T,G:G,G:G,G:G,A:A,A:A,G:G,C:C,G:G,C:C,A:A,?,C:C,A:G,T:T,A:A,Uncallable,G:G,A:G,C:C,C:G,C:C,T:T,A:A,G:G
ICSV172406_A,T:T,C:C,T:T,G:G,A:A,C:C,A:A,G:G,A:A,T:T,G:G,T:T,A:A,A:A,G:G,G:G,C:C,C:C,?,T:T,T:T,T:T,A:A,C:C,C:C,G:G,A:A,A:A,A:A,A:A,G:G,C:C,C:C,C:T,G:G,G:G,T:T,C:C,Uncallable,T:C,T:T,Uncallable,T:T,G:G,G:G,G:G,A:A,A:A,G:G,C:C,G:G,C:C,T:T,?,C:C,G:G,C:C,A:A,G:G,G:G,A:G,T:T,C:G,C:C,T:T,A:A,G:G
ICSV172411_A,T:T,C:C,T:T,G:G,A:A,C:C,A:A,G:G,Uncallable,T:T,G:G,T:T,A:A,A:A,G:G,G:G,C:C,C:C,?,T:T,T:T,T:T,A:A,C:C,C:C,G:G,A:A,A:A,A:A,A:A,G:G,A:A,C:C,C:T,G:G,G:G,T:T,C:C,Uncallable,Uncallable,T:T,T:C,T:T,G:G,G:G,G:G,A:A,A:A,G:G,C:C,G:G,C:C,T:T,?,C:C,G:G,C:C,A:A,G:G,G:G,A:G,C:T,C:G,C:C,T:T,A:A,G:G
ICSV172416_A,?,?,?,?,?,?,?,?,?,?,?,?,?,?,?,?,?,?,?,?,?,?,?,?,C:C,Uncallable,?,?,?,?,?,?,?,?,?,?,?,?,G:G,?,?,?,?,?,?,?,?,?,?,?,?,?,?,?,?,?,?,G:G,?,?,?,?,?,?,?,?,?
ICSV172418,C:C,G:C,Uncallable,G:G,A:A,C:C,A:A,G:G,Uncallable,T:T,G:G,T:G,A:A,A:A,A:A,G:G,C:C,C:C,?,T:T,T:T,G:G,A:A,G:G,G:G,C:C,A:A,A:A,A:A,A:A,T:T,Uncallable,C:C,C:T,G:G,G:G,T:T,C:C,C:G,T:C,T:T,T:T,T:T,G:G,G:G,Uncallable,A:A,A:A,G:G,C:C,Uncallable,C:C,T:A,C:C,C:T,G:G,C:T,A:A,A:A,G:G,A:A,C:C,C:G,C:C,T:C,A:C,G:G
ICSV172420,Uncallable,C:C,Uncallable,G:G,A:A,C:C,A:A,G:G,Uncallable,T:T,G:G,T:T,A:A,A:A,A:A,G:G,C:C,C:C,?,T:T,T:T,T:T,Uncallable,C:C,C:C,G:G,Uncallable,A:A,A:A,A:A,G:T,Uncallable,C:C,C:T,G:G,G:G,T:T,C:C,G:G,T:C,T:T,Uncallable,T:T,G:G,G:G,Uncallable,A:A,A:A,G:G,C:C,Uncallable,C:C,T:A,C:C,Uncallable,A:G,Uncallable,A:A,Uncallable,G:G,A:A,C:C,C:G,C:C,T:T,A:A,G:G
ICSV172423_A,C:C,C:C,T:T,G:G,A:A,C:C,A:A,C:C,Uncallable,T:T,G:G,T:T,A:A,A:A,A:A,G:G,C:C,C:C,G:G,T:T,T:T,T:T,A:A,G:G,G:G,C:C,T:T,A:A,A:A,A:A,T:T,C:C,C:C,C:T,G:G,G:G,T:T,C:C,Uncallable,T:C,T:T,T:T,T:T,G:G,G:G,Uncallable,A:A,G:A,G:G,C:C,A:A,C:C,T:A,C:C,T:T,G:G,Uncallable,A:A,A:A,G:G,A:A,C:C,C:G,C:C,T:T,A:A,G:G
ICSV172419,T:C,G:C,Uncallable,Uncallable,A:A,C:C,A:A,G:G,Uncallable,T:T,G:G,T:T,A:A,A:A,A:A,G:G,Uncallable,C:C,?,T:T,T:T,T:G,Uncallable,C:C,C:C,G:G,A:T,A:A,A:A,A:A,T:T,C:C,C:C,C:T,G:G,G:G,T:T,Uncallable,G:G,T:C,T:T,T:T,T:T,G:G,G:G,Uncallable,A:A,A:A,G:G,C:C,G:G,C:C,A:A,C:C,Uncallable,A:G,T:T,A:A,Uncallable,G:G,A:G,C:T,C:G,C:C,T:T,A:C,G:G
ICSV172429,Uncallable,C:C,T:T,C:C,Uncallable,C:C,A:A,G:G,A:A,T:T,G:G,T:T,A:A,A:A,A:A,C:C,A:A,C:C,?,T:T,T:T,G:G,A:A,G:G,G:G,C:C,A:A,A:A,A:A,Uncallable,Uncallable,C:C,C:C,C:T,G:G,G:G,T:T,C:C,G:G,C:C,T:T,T:C,T:T,G:G,G:G,Uncallable,A:A,Uncallable,G:C,C:C,G:G,C:C,A:A,C:C,T:T,G:G,T:T,A:A,G:G,G:G,A:G,T:T,C:G,C:C,T:T,Uncallable,G:G
ICSV172430,T:C,C:C,T:T,C:C,Uncallable,C:C,A:A,G:G,A:A,T:T,G:G,T:T,A:A,A:A,A:A,C:C,A:A,C:C,?,T:T,T:T,G:G,A:A,G:G,G:G,C:C,A:A,A:A,A:A,Uncallable,G:G,Uncallable,C:C,C:T,G:G,G:G,T:T,C:C,G:G,C:C,T:T,T:C,T:T,G:G,G:G,A:A,A:A,A:A,G:C,C:C,G:G,C:C,A:A,C:C,Uncallable,G:G,T:T,A:A,G:G,G:G,A:G,C:T,C:G,C:C,T:T,A:C,G:G
ICSV172431,?,?,?,?,?,?,?,?,?,?,?,?,?,?,?,?,?,?,?,?,?,?,?,?,C:C,G:G,?,?,?,?,?,?,?,?,?,?,?,?,G:G,?,Uncallable,?,?,?,?,?,?,?,?,?,?,?,?,?,?,?,?,G:G,?,?,?,?,?,?,?,?,?
ICSV172432,?,?,?,?,?,?,?,?,?,?,?,?,?,?,?,?,?,?,?,?,?,?,?,G:G,G:G,C:C,?,?,?,?,?,?,?,?,?,?,?,?,G:G,?,Uncallable,?,?,?,?,?,?,?,?,?,?,?,?,?,?,?,?,G:G,?,?,?,?,?,?,?,?,?
ICSV172433,?,?,?,?,?,?,?,?,?,?,?,?,?,?,?,?,?,?,?,?,?,?,?,?,G:G,C:C,?,A:A,?,?,?,?,?,?,?,?,?,?,G:G,?,Uncallable,?,?,?,?,?,?,?,?,?,?,?,?,?,?,?,?,G:G,?,?,?,?,?,?,?,?,?
ICSV172434,T:C,G:C,Uncallable,G:G,A:A,C:C,A:A,G:G,Uncallable,T:T,G:G,T:T,A:A,A:A,A:A,G:G,C:C,C:C,G:G,T:T,T:T,Uncallable,A:A,C:C,C:C,G:G,Uncallable,A:A,A:A,A:A,T:T,Uncallable,C:C,C:T,G:G,G:G,T:T,C:C,Uncallable,T:C,T:T,T:T,T:T,G:G,G:G,A:G,A:A,A:A,G:G,C:C,G:G,C:C,T:A,C:C,C:T,A:G,T:T,A:A,A:A,G:G,Uncallable,C:C,C:G,C:C,T:C,A:A,G:G
ICSV172435,Uncallable,C:C,T:T,G:G,A:A,C:C,A:A,G:G,A:A,T:T,G:G,T:T,A:A,A:A,A:A,G:G,C:C,C:C,G:G,T:T,T:T,T:T,A:A,C:C,C:C,G:G,A:A,A:A,A:A,A:A,T:T,Uncallable,C:C,C:T,G:G,G:G,T:T,C:C,G:G,T:C,T:T,T:T,T:T,G:G,G:G,A:A,A:A,A:A,G:G,C:C,G:G,C:C,T:A,C:C,T:T,Uncallable,T:T,A:A,A:A,G:G,A:G,C:C,C:G,C:C,T:T,A:A,G:G
ICSV172437,C:C,C:C,T:T,G:G,A:A,C:C,A:A,C:C,A:A,T:T,G:G,T:T,A:A,A:A,A:A,G:G,C:C,C:C,G:A,T:T,T:T,T:T,A:A,C:C,C:C,G:G,A:A,A:A,A:A,A:A,T:T,C:C,C:C,C:C,G:G,G:G,T:T,C:C,G:G,Uncallable,T:T,T:T,T:T,G:G,G:G,Uncallable,A:A,A:A,Uncallable,C:C,G:G,C:C,T:A,C:C,C:T,G:G,T:T,A:A,A:A,G:G,A:G,T:T,C:G,C:C,T:C,Uncallable,Uncallable
IESV23005DLXWAHI_3-H1-1-1,T:C,Uncallable,T:T,Uncallable,Uncallable,C:C,A:A,G:G,A:A,T:T,G:G,T:T,A:A,A:A,A:A,C:C,Uncallable,C:C,?,T:T,Uncallable,G:G,A:A,G:G,G:G,C:C,T:T,A:A,A:A,A:A,G:T,C:C,C:G,C:T,G:G,G:G,T:T,C:C,G:G,C:C,T:T,T:C,T:T,G:G,G:G,Uncallable,A:A,A:A,G:C,C:C,G:G,C:C,A:A,C:C,Uncallable,Uncallable,T:T,A:A,A:A,G:G,A:G,C:T,C:G,C:C,T:T,Uncallable,G:G
IESV23010DLXIS12695-H3-1-2-1,C:C,Uncallable,T:T,G:G,A:A,C:C,A:A,G:G,A:A,T:T,G:G,T:T,A:A,A:A,Uncallable,G:G,C:C,C:C,G:G,T:T,T:C,G:G,A:A,C:C,C:C,G:G,A:T,A:A,A:A,A:A,T:T,Uncallable,C:C,C:T,G:G,G:G,T:T,C:C,G:G,Uncallable,T:T,T:T,T:T,G:G,G:G,A:G,A:A,Uncallable,G:G,C:C,G:G,C:C,Uncallable,C:C,C:T,A:G,Uncallable,A:A,Uncallable,G:G,A:A,Uncallable,C:G,C:C,T:T,Uncallable,G:G
IESV23010DLXIS12695-H3-1-2-2,?,?,?,?,?,?,?,?,?,?,?,?,?,?,?,?,?,?,?,?,?,?,?,G:G,G:G,C:C,?,?,?,?,?,?,?,?,?,?,?,?,G:G,?,Uncallable,?,?,?,?,?,?,?,?,?,?,?,?,?,?,?,?,G:G,?,?,?,?,?,?,?,?,?
IESV23010DLXIS12695-H3-1_A,?,?,?,?,?,?,?,?,?,?,?,?,?,?,?,?,?,?,?,?,?,?,?,G:G,G:G,C:C,?,?,?,?,?,?,?,?,?,?,?,?,G:G,?,Uncallable,Uncallable,?,?,?,?,?,?,?,?,?,?,?,?,?,?,?,G:G,?,?,?,?,?,?,?,?,?
IESV24029-SH,?,?,?,?,?,?,?,?,?,?,?,?,?,?,?,?,?,?,?,?,?,?,?,G:G,G:G,C:C,?,?,?,?,?,?,?,?,?,?,?,?,G:G,?,Uncallable,T:C,?,?,?,?,?,?,?,?,?,?,?,?,?,?,?,G:G,?,?,?,?,?,?,?,?,?
IESV24029-SHXICSB479_1-H1-2-1,C:C,C:C,T:T,G:G,A:A,C:C,A:A,G:G,G:G,T:T,G:G,T:T,A:A,A:A,G:G,G:G,C:C,C:C,G:G,T:T,T:T,G:G,G:G,G:G,G:G,C:C,T:T,A:A,A:A,Uncallable,G:G,C:C,Uncallable,C:T,G:G,G:G,T:T,C:C,G:G,C:C,T:T,T:C,T:T,G:G,G:G,G:G,A:A,A:A,G:G,C:C,G:G,C:C,T:A,C:C,C:C,G:G,C:T,A:A,A:A,G:G,A:G,C:C,C:G,C:C,T:T,A:A,G:G
Kbk_sgm_1,C:C,C:C,T:T,G:G,A:A,C:C,A:A,G:G,Uncallable,T:T,G:G,T:T,A:A,A:A,G:G,G:G,C:C,C:C,?,T:T,T:T,G:G,G:G,G:G,G:G,C:C,T:T,A:A,A:A,Uncallable,Uncallable,C:C,Uncallable,C:T,G:G,G:G,T:T,C:C,G:G,C:C,T:T,T:C,T:T,G:G,G:G,Uncallable,A:A,A:A,G:G,C:C,G:G,C:C,T:T,C:C,Uncallable,G:G,C:T,A:A,A:A,G:G,A:G,C:C,C:G,C:C,T:T,A:A,G:G
Kbk_sgm_2,C:C,C:C,T:T,G:G,A:A,C:C,A:A,G:G,Uncallable,T:T,G:G,T:T,A:A,A:A,Uncallable,G:G,C:C,C:C,G:G,T:T,T:T,G:G,Uncallable,Uncallable,G:G,C:C,T:T,A:A,A:A,G:A,G:T,C:C,C:G,C:T,G:G,G:G,T:T,C:C,G:G,C:C,T:T,T:C,T:T,G:G,G:G,Uncallable,A:A,A:A,G:G,C:C,G:G,C:C,Uncallable,C:C,C:T,G:G,T:T,A:A,A:A,G:G,A:G,C:C,C:G,C:C,Uncallable,A:A,G:G
IESV91104DLXSRN39H2-1-1-1,T:C,G:C,Uncallable,G:C,G:A,C:C,A:A,Uncallable,Uncallable,T:T,G:G,T:T,A:A,A:A,A:G,C:G,A:C,C:C,G:G,T:T,T:C,G:G,A:A,G:G,G:G,C:C,Uncallable,A:A,A:A,A:A,G:T,C:C,C:C,C:T,G:G,G:G,T:T,T:C,G:G,C:C,T:T,T:C,T:T,G:G,G:G,A:G,A:A,A:A,G:G,C:C,G:G,C:C,A:A,C:C,C:T,A:G,T:T,A:A,G:A,G:G,Uncallable,C:T,C:G,C:C,T:T,A:A,G:G
IESV92022_1SH,C:C,C:C,T:T,Uncallable,A:A,C:C,A:A,Uncallable,Uncallable,T:T,G:G,T:T,A:A,A:A,A:A,Uncallable,C:C,C:C,G:G,T:T,T:T,Uncallable,A:A,G:G,G:G,C:C,T:T,A:A,A:A,A:A,T:T,C:C,Uncallable,C:T,G:G,G:G,T:T,C:C,C:G,Uncallable,T:T,T:T,T:T,G:G,G:G,Uncallable,A:A,Uncallable,G:G,C:C,Uncallable,C:C,A:A,C:C,T:T,G:G,T:T,A:A,A:A,G:G,A:A,C:C,C:G,C:C,T:T,A:A,G:G
Kbk_sgm_3,?,?,?,?,?,?,?,?,?,?,?,?,?,?,?,?,?,?,?,?,?,?,?,?,?,G:G,?,?,?,?,?,?,?,?,?,?,?,?,G:G,?,?,?,?,?,?,?,?,?,?,?,?,?,?,?,?,?,?,G:G,?,?,?,?,?,?,?,?,?
IESV23010DLXIS12695-H3-1_B,T:T,C:C,T:T,G:G,A:A,C:C,A:A,G:G,A:A,T:T,G:G,T:T,A:A,A:A,G:G,G:G,C:C,C:C,?,T:T,T:T,G:G,A:A,C:C,C:C,G:G,A:A,A:A,A:A,A:A,T:T,A:A,C:C,C:T,G:G,G:G,T:T,C:C,G:G,T:C,T:T,T:T,T:T,G:G,G:G,A:A,A:A,A:A,G:G,C:C,G:G,C:C,T:T,C:C,T:T,A:A,T:T,A:A,A:A,G:G,A:A,C:C,C:G,C:C,T:T,C:C,G:G
IS21018,C:C,C:C,T:T,G:G,A:A,C:C,A:A,C:C,A:A,T:T,G:G,T:T,A:A,A:A,G:G,G:G,C:C,C:C,?,T:T,T:T,G:G,A:A,G:G,G:G,C:C,T:T,A:A,A:A,G:G,G:G,C:C,Uncallable,C:T,G:G,G:G,T:T,C:C,G:G,C:C,T:T,T:C,T:T,G:G,G:G,Uncallable,A:A,A:A,G:G,C:C,G:G,C:C,T:A,C:C,Uncallable,G:G,C:T,A:A,A:A,G:G,A:G,C:C,C:G,C:C,T:T,A:A,G:G
IS8193,Uncallable,C:C,T:T,C:C,Uncallable,C:C,A:A,G:G,A:A,T:T,G:G,T:T,A:A,A:A,A:A,C:C,A:A,C:C,G:G,T:T,T:T,G:G,A:A,G:G,G:G,C:C,T:T,A:A,A:A,A:A,G:G,C:C,G:G,C:T,G:G,G:G,T:T,C:C,G:G,C:C,T:T,T:C,T:T,G:G,G:G,G:G,A:A,A:A,G:C,C:C,G:G,C:C,A:A,C:C,Uncallable,G:G,T:T,A:A,A:A,G:G,A:G,C:T,C:G,C:C,T:T,Uncallable,G:G
NAKHADABO,C:C,C:C,T:T,G:G,A:A,C:C,A:A,G:G,A:A,T:T,G:G,T:T,A:A,A:A,G:G,C:G,C:C,C:C,G:G,T:T,T:T,T:T,A:A,C:C,C:C,G:G,Uncallable,A:A,G:A,Uncallable,Uncallable,C:C,C:G,C:T,G:G,G:G,T:T,C:C,G:G,C:C,T:T,T:T,T:T,G:G,G:G,Uncallable,A:A,A:A,G:G,Uncallable,G:G,C:C,Uncallable,C:C,C:T,G:G,T:T,A:A,A:A,G:G,A:G,C:C,C:G,C:C,T:T,A:A,G:G
PGRC_E216740XFRAMIDA-H3-1,C:C,C:C,T:T,G:G,A:A,C:C,A:A,G:G,A:A,T:T,G:G,T:T,A:A,A:A,G:G,G:G,C:C,C:C,Uncallable,T:T,T:T,G:G,A:A,C:C,C:C,G:G,T:T,A:A,A:A,A:A,T:T,Uncallable,C:C,C:T,G:G,G:G,T:T,C:C,C:C,T:C,T:T,T:T,T:T,G:G,G:G,G:G,A:A,G:A,G:G,C:C,A:A,C:C,T:A,C:C,C:T,G:G,C:C,A:A,A:A,G:G,A:G,C:T,C:G,C:C,T:T,Uncallable,G:G
SEREDO,C:C,C:C,T:T,G:G,A:A,C:C,A:A,G:G,Uncallable,T:T,G:G,T:T,A:A,A:A,G:G,G:G,C:C,C:C,G:G,T:T,T:T,T:T,A:A,C:C,C:C,G:G,T:T,A:A,A:A,A:A,T:T,Uncallable,C:C,C:T,G:G,G:G,T:T,C:C,Uncallable,T:C,T:T,T:T,T:T,G:G,G:G,Uncallable,A:A,G:G,G:G,C:C,G:G,C:C,Uncallable,C:C,Uncallable,G:G,C:T,A:A,A:A,G:G,Uncallable,C:C,C:G,C:C,T:T,A:A,G:G
SEREDOXICSB479-H1-1-3,Uncallable,C:C,T:T,C:C,Uncallable,C:C,A:A,G:G,A:A,T:T,G:G,T:T,A:A,A:A,G:G,C:C,A:A,C:C,G:G,T:T,T:T,G:G,A:A,G:G,G:G,C:C,T:T,A:A,A:A,A:A,G:G,C:C,Uncallable,C:T,G:G,G:G,T:T,C:C,G:G,C:C,T:T,T:C,T:T,G:G,G:G,Uncallable,A:A,G:G,G:G,C:C,G:G,C:C,T:A,C:C,T:T,G:G,T:T,A:A,A:A,G:G,A:A,C:C,C:G,C:C,T:T,A:C,G:G
SEREDOXICSB479-H1-1-4,?,?,?,?,?,?,?,?,?,?,?,?,?,?,?,?,?,?,?,?,?,?,?,?,?,C:C,?,?,?,?,?,?,?,?,?,?,?,?,G:G,?,?,?,?,?,?,?,?,?,?,?,?,?,?,?,?,?,?,G:G,?,?,?,?,?,?,?,?,?
SEREDOXSRN39-H2-2-1-1_A,?,?,?,?,?,?,?,?,?,?,?,?,?,?,?,?,?,?,?,?,?,?,?,Uncallable,C:C,G:G,?,?,?,?,?,?,?,?,?,?,?,?,G:G,?,Uncallable,?,?,?,?,?,?,?,?,?,?,?,?,?,?,?,?,G:G,?,?,?,?,?,?,?,?,?
SEREDOXICSB479-H1-1-1-1-1,T:T,C:C,T:T,C:C,G:G,C:C,A:A,C:C,G:G,T:T,G:G,T:T,A:A,A:A,G:G,C:C,A:A,C:C,G:G,T:T,T:T,G:G,A:A,C:C,C:C,G:G,T:T,A:A,A:A,A:A,G:G,C:C,C:C,C:T,G:G,G:G,T:T,C:C,G:G,T:C,T:T,T:T,T:T,G:G,G:G,A:A,A:A,G:G,G:G,C:C,G:G,C:C,Uncallable,C:C,T:T,G:G,T:T,A:A,A:A,G:G,A:A,C:C,C:G,C:C,T:T,C:C,G:G
SEREDOXICSB479-H1-1-1-1-2,T:T,C:C,T:T,C:C,G:G,C:C,A:A,C:C,G:G,T:T,G:G,T:T,A:A,A:A,G:G,C:C,A:A,C:C,G:G,T:T,T:T,G:G,A:A,C:C,C:C,G:G,T:T,A:A,A:A,A:A,G:G,C:C,C:C,C:T,G:G,G:G,T:T,C:C,G:G,T:C,T:T,T:T,T:T,G:G,G:G,A:A,A:A,G:G,G:G,C:C,G:G,C:C,T:A,C:C,T:T,G:G,T:T,A:A,A:A,G:G,A:A,C:C,C:G,C:C,T:T,C:C,G:G
SEREDOXICSB479-H1-1-2-1-1,Uncallable,C:C,T:T,C:C,Uncallable,C:C,A:A,C:C,G:G,T:T,G:G,T:T,A:A,A:A,G:G,C:C,A:A,C:C,G:G,T:T,T:T,G:G,A:A,C:C,C:C,G:G,T:T,A:A,A:A,A:A,G:G,C:C,C:C,C:T,G:G,G:G,T:T,C:C,G:G,T:C,T:T,T:T,T:T,G:G,G:G,A:A,A:A,Uncallable,G:G,C:C,G:G,C:C,T:T,C:C,T:T,G:G,T:T,A:A,A:A,G:G,A:A,C:C,C:G,C:C,T:T,A:C,G:G
SEREDOXICSB479-H1-1-2-1-2,T:T,C:C,T:T,C:C,G:G,C:C,A:A,G:G,A:A,T:T,G:G,T:T,A:A,A:A,G:G,C:C,A:A,C:C,G:A,T:T,T:T,G:G,A:A,G:G,G:G,C:C,T:T,A:A,A:A,A:A,G:G,C:C,G:G,C:T,G:G,G:G,T:T,C:C,G:G,C:C,T:T,T:C,T:T,G:G,G:G,A:A,A:A,G:G,G:G,C:C,G:G,C:C,T:T,C:C,T:T,G:G,T:T,A:A,A:A,G:G,A:A,C:C,C:G,C:C,T:T,C:C,G:G
SEREDOXSRN39-H2-2-1-1,C:C,C:C,T:T,G:G,A:A,C:C,A:A,G:G,G:G,T:T,G:G,Uncallable,A:A,A:A,A:A,G:G,C:C,C:C,G:G,T:T,T:T,G:G,A:A,C:C,C:C,G:G,A:T,A:A,A:A,A:A,T:T,Uncallable,C:C,C:T,G:G,G:G,T:T,C:C,C:C,T:C,T:T,T:T,T:T,G:G,G:G,G:G,A:A,G:A,G:G,C:C,G:G,C:C,T:T,C:C,C:C,G:G,C:T,A:A,A:A,G:G,A:G,C:T,C:G,C:C,T:T,A:A,G:G
SEREDOXSRN39-H2-2-1-2,T:T,G:C,T:T,G:G,A:A,C:C,A:A,G:G,Uncallable,T:T,G:G,Uncallable,A:A,A:A,Uncallable,G:G,C:C,C:C,?,T:T,T:T,Uncallable,Uncallable,C:C,C:C,G:G,A:T,A:A,A:A,Uncallable,T:T,C:C,C:G,C:C,G:G,G:G,T:T,T:C,G:G,C:C,T:T,T:T,T:T,G:G,G:G,G:G,A:A,Uncallable,G:G,C:C,G:G,C:C,T:T,C:C,C:C,G:G,T:T,A:A,A:A,G:G,A:G,C:C,C:G,C:C,T:T,C:C,A:A
SEREDOXWAHI_1-H1-3-2-1,?,?,?,?,?,?,?,?,?,?,?,?,?,?,?,?,?,?,?,?,?,?,?,?,G:G,C:C,?,?,?,?,?,?,?,?,?,?,?,?,G:G,?,?,?,?,?,?,?,?,?,?,?,?,?,?,?,?,?,?,G:G,?,?,?,?,?,?,?,?,?
SEREDOXWAHI_1-H1-3-2-2,Uncallable,Uncallable,T:T,C:C,Uncallable,C:C,A:A,G:G,A:A,T:T,G:G,T:T,A:A,A:A,Uncallable,C:C,C:C,C:C,G:G,T:T,T:T,G:G,A:A,G:G,G:G,C:C,A:A,A:A,A:A,A:A,G:T,C:C,C:C,C:T,G:G,G:G,T:T,C:C,G:G,C:C,T:T,T:C,T:T,G:G,G:G,A:A,A:A,A:A,C:C,C:C,G:G,C:C,A:A,C:C,C:C,A:A,T:T,A:A,A:A,G:G,A:G,C:T,C:G,C:C,T:T,A:C,G:G
SEREDOXWAHI_1-H1-3-2-3,?,C:C,T:T,C:C,G:G,C:C,A:A,G:G,A:A,T:T,G:G,T:T,A:A,A:A,G:G,C:C,C:C,C:C,G:G,T:T,T:T,G:G,A:A,G:G,G:G,C:C,A:A,A:A,A:A,A:A,T:T,C:C,C:C,C:T,G:G,G:G,T:T,C:C,G:G,C:C,T:T,T:C,T:T,G:G,G:G,A:A,A:A,G:G,G:G,C:C,G:G,C:C,A:A,?,C:C,G:G,T:T,A:A,G:G,G:G,A:G,T:T,C:G,C:C,T:T,C:C,G:G
SEREDOXWAHI_1-H1-3-3-1,C:C,C:C,T:T,C:C,G:G,C:C,A:A,G:G,A:A,T:T,G:G,T:T,A:A,A:A,G:G,C:C,A:A,C:C,G:G,T:T,T:T,G:G,A:A,G:G,G:G,C:C,A:A,A:A,A:A,A:A,G:G,C:C,C:C,C:T,?,G:G,T:T,C:C,G:G,C:C,T:T,T:C,T:T,G:G,G:G,A:A,A:A,G:G,C:C,C:C,G:G,C:C,A:A,C:C,T:T,G:G,T:T,A:A,A:A,G:G,A:G,T:T,C:G,C:C,T:T,C:C,G:G
Seso1,T:T,G:G,G:G,G:G,A:A,C:C,A:A,G:G,A:A,T:T,G:G,T:T,A:A,A:A,A:A,G:G,C:C,C:C,G:A,T:T,T:T,T:T,A:A,G:G,G:G,C:C,T:T,G:A,A:A,A:A,T:T,C:C,C:C,C:T,G:G,G:G,T:T,C:C,G:G,C:C,T:T,T:C,T:T,G:G,G:G,A:A,A:A,A:A,G:G,C:C,G:G,C:C,T:T,C:C,T:T,A:A,T:T,A:A,A:A,G:G,A:A,C:C,C:G,C:C,C:C,C:C,G:G
SILAXHAKIKAH1-1-2-1,C:C,G:G,G:G,C:C,G:G,C:C,A:A,Uncallable,A:A,T:T,G:G,T:T,A:A,A:A,G:G,G:G,C:C,C:C,G:G,T:T,T:T,G:G,G:G,C:C,C:C,G:G,T:T,A:A,A:A,A:A,G:G,C:C,C:C,T:T,G:G,G:G,T:T,C:C,C:C,T:C,T:T,T:T,T:T,G:G,G:G,G:G,A:A,G:G,C:C,C:C,A:A,C:C,A:A,C:C,T:T,G:G,T:T,A:A,G:G,G:G,A:G,T:T,C:G,C:C,T:T,C:C,A:A
SILAXHAKIKAH1-3-3-1,T:C,C:C,T:T,C:C,Uncallable,C:C,A:A,G:G,A:A,T:T,G:G,T:T,A:A,A:A,A:A,C:C,A:A,C:C,G:G,T:T,T:T,G:G,A:A,G:G,G:G,C:C,A:A,A:A,A:A,A:A,Uncallable,C:C,C:C,C:T,G:G,G:G,T:T,C:C,G:G,C:C,T:T,T:C,T:T,G:G,G:G,Uncallable,A:A,A:A,G:C,C:C,G:G,C:C,A:A,C:C,Uncallable,G:G,T:T,A:A,Uncallable,G:G,A:G,Uncallable,?,C:C,T:T,A:C,G:G
SILAXWAHIH1-1-1-1,T:T,G:C,Uncallable,G:G,A:A,C:C,A:A,C:C,A:A,T:T,G:G,T:T,A:A,A:A,G:G,C:C,C:C,C:C,G:G,T:T,T:T,G:G,Uncallable,C:C,C:C,G:G,T:T,A:A,A:A,A:A,T:T,C:C,C:C,C:T,G:G,G:G,T:T,C:C,G:G,T:C,T:T,T:T,T:T,G:G,G:G,Uncallable,A:A,A:A,G:G,C:C,G:G,C:C,A:A,C:C,C:C,A:G,T:T,A:A,G:G,G:G,A:A,C:T,C:G,C:C,Uncallable,C:C,G:G
SILAXWAHIH1-1-1-2,?,?,?,?,?,?,?,?,?,?,?,?,?,?,?,?,?,?,?,?,?,?,?,?,G:G,C:C,?,?,?,?,?,?,?,?,?,?,?,?,G:G,?,Uncallable,T:C,?,?,?,?,?,?,?,?,?,?,?,?,?,?,?,G:G,?,?,?,?,?,?,?,?,?
SILAXWAHIH2-2-1-1,Uncallable,C:C,T:T,C:C,Uncallable,C:C,A:A,G:G,A:A,T:T,G:G,T:T,A:A,A:A,A:A,C:C,A:A,C:C,G:G,T:T,T:T,G:G,A:A,G:G,G:G,C:C,A:A,A:A,A:A,A:A,G:G,C:C,C:C,C:T,G:G,G:G,T:T,C:C,G:G,C:C,T:T,T:C,T:T,G:G,G:G,A:A,A:A,A:A,C:C,C:C,G:G,C:C,A:A,C:C,Uncallable,G:G,T:T,A:A,G:G,G:G,A:G,C:T,C:G,C:C,T:T,A:C,G:G
SRN39,C:C,G:G,G:G,G:G,A:A,C:C,A:A,C:C,A:A,T:T,G:G,T:G,A:A,A:A,G:G,C:C,C:C,C:C,G:G,T:T,C:C,G:G,G:G,C:C,C:C,G:G,A:A,A:A,A:A,A:A,T:T,C:C,C:C,C:T,G:G,G:G,Uncallable,T:T,G:G,T:C,T:T,T:T,T:T,G:G,G:G,A:A,A:A,A:A,C:C,C:C,G:G,C:C,A:A,?,C:C,A:A,T:T,A:A,A:A,G:G,A:G,Uncallable,C:G,C:C,T:T,Uncallable,G:G
WAGITA,T:C,G:C,T:G,G:G,A:A,C:C,A:A,G:G,A:A,T:T,G:G,T:T,A:A,A:A,A:A,G:G,C:C,C:C,G:G,T:T,C:C,T:T,A:A,G:G,G:G,C:C,A:T,A:A,G:G,G:G,G:G,C:C,C:C,C:T,G:G,G:G,T:T,C:C,G:G,C:C,T:T,T:C,T:T,G:G,G:G,A:G,A:A,A:A,C:C,C:C,A:A,C:C,A:A,C:C,T:T,G:G,T:T,A:A,A:A,G:G,A:G,T:T,C:G,C:C,C:C,C:C,G:G
Framida,C:C,G:G,G:G,G:G,A:A,C:C,A:A,C:C,A:A,T:T,G:G,T:G,A:A,A:A,A:A,G:G,C:C,C:C,G:G,T:T,C:C,G:G,G:G,C:C,C:C,G:G,A:A,A:A,A:A,A:A,T:T,C:C,C:C,C:T,G:G,G:G,Uncallable,T:T,G:G,T:C,T:T,T:T,T:T,G:G,G:G,A:A,A:A,A:A,C:C,C:C,G:G,C:C,A:A,?,C:C,A:A,T:T,A:A,A:A,G:G,A:A,C:C,C:G,C:C,T:T,A:A,G:G
Hakika,T:T,C:C,T:T,G:G,A:A,C:C,A:A,G:G,G:G,T:T,G:G,T:T,A:A,A:A,G:G,G:G,C:C,C:C,G:G,T:T,T:T,T:T,A:A,C:C,C:C,G:G,A:A,A:A,A:A,A:A,G:G,A:A,C:C,C:T,G:G,G:G,T:T,C:C,C:C,T:C,T:T,T:T,T:T,G:G,G:G,G:G,A:A,A:A,G:G,C:C,G:G,C:C,T:T,?,C:C,G:G,C:C,A:A,G:G,G:G,A:G,T:T,C:G,C:C,T:T,A:A,G:G
ICSV172411,Uncallable,C:C,T:T,G:G,A:A,C:C,A:A,G:G,Uncallable,T:T,G:G,T:T,A:A,A:A,G:G,G:G,C:C,C:C,G:G,T:T,T:T,T:T,A:A,C:C,C:C,G:G,A:A,A:A,A:A,A:A,G:G,Uncallable,C:C,C:T,G:G,G:G,T:T,C:C,C:C,T:C,T:T,T:T,T:T,G:G,G:G,G:G,A:A,A:A,G:G,C:C,G:G,C:C,T:A,C:C,C:C,G:G,C:T,A:A,G:G,G:G,A:G,C:T,?,C:C,T:T,A:A,G:G
ICSV172416,C:C,C:C,T:T,G:G,A:A,C:C,A:A,C:C,G:G,T:T,G:G,T:T,A:A,A:A,A:A,G:G,C:C,C:C,G:G,T:T,T:T,T:T,A:A,G:G,G:G,C:C,T:T,A:A,A:A,A:A,T:T,C:C,C:C,C:T,G:G,G:G,T:T,C:C,C:C,T:C,T:T,T:T,T:T,G:G,?,G:G,A:A,G:G,G:G,C:C,A:A,C:C,T:T,C:C,T:T,G:G,C:C,A:A,A:A,G:G,A:A,C:C,C:G,C:C,T:T,A:A,G:G
ICSV172423,?,?,?,?,?,?,?,?,?,?,?,?,?,?,?,?,?,?,?,?,?,?,?,G:G,G:G,C:C,?,?,?,?,?,?,?,?,?,?,?,?,G:G,?,Uncallable,?,?,?,?,?,?,?,?,?,?,?,?,?,?,?,?,G:G,?,?,?,?,?,?,?,?,?
ICSX1520683-1-2-1,T:T,C:C,T:T,G:C,G:A,C:C,A:A,G:G,G:G,T:T,G:G,T:G,A:A,A:A,A:A,G:G,C:C,C:C,?,T:T,T:T,T:G,A:A,C:C,C:C,G:G,A:A,A:A,A:A,A:A,T:T,C:C,C:C,C:T,G:G,G:G,T:T,C:C,G:G,T:C,T:T,T:T,T:T,G:G,G:G,G:G,A:A,A:A,G:G,C:C,G:G,C:C,T:T,?,C:C,A:A,T:T,A:A,A:A,G:G,A:G,T:T,C:G,C:C,T:T,C:C,A:A
ICSX152446-B-2-2-1,T:T,C:C,T:T,C:C,G:G,C:C,A:A,G:G,A:A,T:T,G:G,T:T,A:A,A:A,G:G,C:C,A:A,C:C,?,T:T,T:T,G:G,A:A,G:G,G:G,C:C,T:T,A:A,A:A,A:A,G:G,C:C,G:G,C:T,G:G,G:G,T:T,C:C,G:G,C:C,T:T,T:C,T:T,G:G,G:G,A:A,A:A,G:G,G:G,C:C,G:G,C:C,T:T,?,T:T,G:G,T:T,A:A,A:A,G:G,A:A,C:C,C:G,C:C,T:T,C:C,G:G
ICSX152450-B-1-1-4,C:C,C:C,T:T,G:G,A:A,C:C,A:A,G:G,G:G,T:T,G:G,T:T,A:A,A:A,G:G,G:G,C:C,C:C,G:G,T:T,Uncallable,G:G,G:G,G:G,G:G,C:C,T:T,A:A,A:A,G:G,G:G,C:C,Uncallable,C:T,G:G,G:G,T:T,C:C,G:G,C:C,T:T,T:C,T:T,G:G,G:G,G:G,A:A,A:A,G:G,C:C,G:G,C:C,T:A,C:C,C:C,G:G,Uncallable,A:A,A:A,G:G,A:G,C:C,C:G,C:C,T:T,A:A,G:G
ICSX152459-B-1-2-2,T:C,G:C,T:T,Uncallable,G:A,C:C,A:A,G:G,A:A,T:T,G:G,T:T,A:A,A:A,A:A,C:G,A:C,C:C,G:G,T:T,T:T,Uncallable,A:A,Uncallable,G:G,C:C,T:T,A:A,A:A,A:A,G:T,C:C,C:G,C:T,G:G,G:G,T:T,C:C,G:G,C:C,T:T,Uncallable,T:T,G:G,G:G,Uncallable,A:A,A:A,G:G,C:C,G:G,C:C,Uncallable,C:C,C:T,Uncallable,T:T,A:A,G:A,G:G,Uncallable,C:T,C:G,C:C,Uncallable,A:A,G:G
ICSX152513-B-3-1-2,Uncallable,C:C,T:T,C:C,Uncallable,C:C,A:A,G:G,A:A,T:T,G:G,T:T,A:A,A:A,G:G,C:C,A:A,C:C,G:G,T:T,T:T,G:G,A:A,G:G,G:G,C:C,A:A,A:A,A:A,A:A,G:G,C:C,C:C,C:T,G:G,G:G,T:T,C:C,G:G,C:C,T:T,T:C,T:T,G:G,G:G,A:A,A:A,Uncallable,G:C,C:C,G:G,C:C,A:A,C:C,Uncallable,G:G,T:T,A:A,G:G,G:G,Uncallable,Uncallable,C:G,C:C,T:T,A:C,G:G
ICSX152516-B-2-1-1,Uncallable,C:C,T:T,C:C,Uncallable,C:C,A:A,G:G,A:A,T:T,G:G,T:T,A:A,A:A,A:A,C:C,A:A,C:C,G:G,T:T,T:T,G:G,A:A,G:G,G:G,C:C,A:A,A:A,A:A,A:A,G:G,C:C,C:C,C:T,G:G,G:G,T:T,C:C,G:G,C:C,T:T,T:C,T:T,G:G,G:G,A:A,A:A,Uncallable,G:C,C:C,G:G,C:C,A:A,C:C,T:T,G:G,T:T,A:A,G:G,G:G,A:G,C:T,C:G,C:C,T:T,A:C,G:G
ICSX152526-B-2-2-1,T:T,C:C,T:T,C:C,G:G,C:C,A:A,G:G,A:A,T:T,G:G,T:T,A:A,A:A,A:A,C:C,A:A,C:C,G:G,T:T,T:T,G:G,A:A,G:G,G:G,C:C,A:A,A:A,A:A,A:A,G:G,C:C,C:C,C:T,G:G,G:G,T:T,C:C,G:G,C:C,T:T,T:C,T:T,G:G,?,A:A,A:A,?,C:C,C:C,G:G,C:C,A:A,C:C,T:T,G:G,T:T,A:A,G:G,G:G,A:G,T:T,C:G,C:C,T:T,C:C,G:G
ICSX152529-B-1-3-1,T:T,C:C,T:T,C:C,G:G,C:C,A:A,G:G,A:A,T:T,G:G,T:T,A:A,A:A,A:A,C:C,C:C,C:C,G:A,T:T,T:T,G:G,A:A,G:G,G:G,C:C,A:A,A:A,A:A,A:A,Uncallable,C:C,C:C,C:T,G:G,G:G,T:T,C:C,G:G,C:C,T:T,T:C,T:T,G:G,?,A:A,A:A,?,Uncallable,C:C,G:G,C:C,A:A,C:C,C:C,G:G,T:T,A:A,A:A,G:G,A:G,T:T,C:G,C:C,T:T,C:C,G:G
ICSX152538-B-1-2-2,T:C,C:C,T:T,C:C,G:G,C:C,A:A,G:G,A:A,T:T,G:G,T:T,A:A,A:A,G:G,C:C,C:C,C:C,Uncallable,T:T,T:T,G:G,A:A,C:C,C:C,G:G,A:A,A:A,A:A,A:A,G:G,C:C,C:C,C:T,G:G,G:G,T:T,C:C,G:G,T:C,T:T,T:T,T:T,G:G,?,A:A,A:A,Uncallable,C:C,C:C,G:G,C:C,A:A,C:C,C:C,G:G,T:T,A:A,A:A,G:G,A:G,T:T,C:G,C:C,T:T,C:C,G:G
ICSX152538-B-1-3-1,T:T,C:C,T:T,C:C,G:G,C:C,A:A,G:G,A:A,T:T,G:G,T:T,A:A,A:A,G:G,C:C,C:C,C:C,?,T:T,T:T,G:G,A:A,G:G,G:G,C:C,Uncallable,A:A,A:A,A:A,T:T,C:C,C:C,C:T,G:G,G:G,T:T,C:C,G:G,C:C,T:T,T:C,T:T,G:G,G:G,A:A,A:A,G:G,G:G,C:C,G:G,C:C,A:A,C:C,Uncallable,G:G,T:T,A:A,Uncallable,G:G,Uncallable,C:T,C:G,C:C,T:T,C:C,G:G
ICSX152538-B-1-3-2,C:C,C:C,T:T,G:G,A:A,C:C,A:A,G:G,Uncallable,T:T,G:G,T:T,A:A,A:A,G:G,G:G,C:C,C:C,G:A,T:T,T:T,G:G,G:G,G:G,G:G,C:C,T:T,A:A,A:A,G:G,G:G,C:C,Uncallable,C:T,G:G,G:G,T:T,C:C,G:G,C:C,T:T,T:C,T:T,G:G,G:G,G:G,A:A,A:A,G:G,C:C,G:G,C:C,T:A,C:C,C:C,G:G,C:T,A:A,A:A,G:G,A:G,C:C,C:G,C:C,T:T,A:A,G:G
ICSX152656-B-1-2-1-1,C:C,C:C,T:T,G:G,A:A,C:C,A:A,C:C,A:A,T:T,G:G,T:T,A:A,A:A,Uncallable,C:G,Uncallable,C:C,G:G,T:T,T:T,G:G,A:A,C:C,C:C,G:G,T:T,A:A,G:A,Uncallable,G:T,C:C,C:C,C:T,G:G,G:G,T:T,C:C,G:G,T:C,T:T,T:T,T:T,G:G,G:G,Uncallable,A:A,A:A,Uncallable,C:C,G:G,C:C,T:A,C:C,Uncallable,Uncallable,T:T,A:A,A:A,G:G,Uncallable,C:C,C:G,C:C,T:C,A:A,G:G
ICSX1620817-1-1-3-1,C:C,C:C,T:T,Uncallable,A:A,C:C,A:A,Uncallable,Uncallable,T:T,G:G,Uncallable,A:A,A:A,A:A,G:G,A:C,C:C,?,T:T,C:C,T:T,A:A,Uncallable,G:G,C:C,Uncallable,A:A,A:A,A:A,T:T,C:C,C:C,C:T,G:G,G:G,T:T,C:C,G:G,T:C,T:T,T:C,T:T,G:G,G:G,A:G,A:A,Uncallable,G:G,T:C,G:G,C:C,A:A,C:C,C:T,G:G,T:T,A:A,A:A,G:G,A:A,C:C,C:G,C:C,T:C,A:A,A:G
ICSX162016-SB-1-1-1,C:C,C:C,T:T,G:G,A:A,C:C,A:A,C:C,A:A,T:T,G:G,T:T,Uncallable,A:A,A:A,G:G,A:A,C:C,G:G,T:T,C:C,T:T,A:A,G:G,G:G,C:C,A:A,A:A,A:A,A:A,T:T,C:C,C:C,C:T,G:G,G:G,T:T,C:C,G:G,T:C,T:C,C:C,T:T,G:G,G:G,A:G,A:A,G:G,C:C,T:T,G:G,C:C,A:A,C:C,Uncallable,G:G,T:T,A:A,A:A,G:G,A:A,C:C,C:G,C:C,Uncallable,C:C,Uncallable
ICSX162016-SB-1-2-1,C:C,C:C,T:T,G:G,A:A,C:C,A:A,G:G,G:G,T:T,G:G,T:T,A:A,A:A,A:A,G:G,A:A,C:C,G:G,T:T,T:T,T:T,A:A,C:C,C:C,G:G,T:T,G:G,G:G,A:A,T:T,C:C,C:C,C:T,G:G,G:G,T:T,Uncallable,C:G,C:C,T:T,T:T,T:T,G:G,G:G,G:G,A:A,?,C:C,C:C,G:G,C:C,T:T,?,T:T,G:G,C:C,A:A,A:A,G:G,A:A,C:C,C:G,C:C,T:T,A:A,G:G
ICSX162031-SB-2-2-1,C:C,C:C,T:T,G:G,A:A,C:C,A:A,G:G,G:G,T:T,G:G,T:T,A:A,A:A,A:A,G:G,A:A,C:C,?,T:T,T:T,G:G,A:A,C:C,C:C,G:G,T:T,G:G,G:G,A:A,G:G,C:C,C:C,C:T,G:G,G:G,T:T,Uncallable,Uncallable,C:C,T:T,T:T,T:T,G:G,?,G:G,A:A,?,C:C,C:C,G:G,C:C,T:T,C:C,T:T,G:G,C:C,A:A,A:A,G:G,A:G,T:T,C:G,C:C,T:T,A:A,G:G
ICSX162048-SB-1-1-1,C:C,C:C,T:T,G:G,A:A,C:C,A:A,G:G,G:G,T:T,G:G,T:T,A:A,A:A,A:A,G:G,A:A,C:C,G:G,T:T,T:T,G:G,A:A,C:C,C:C,G:G,T:T,A:A,G:G,A:A,G:G,C:C,C:C,C:T,G:G,G:G,T:T,T:T,G:G,C:C,T:T,T:T,T:T,G:G,G:G,G:G,A:A,A:A,C:C,C:C,G:G,C:C,T:T,C:C,T:T,G:G,C:C,A:A,A:A,G:G,Uncallable,C:T,C:G,C:C,T:T,A:A,G:G
ICSX162048-SB-1-4-1,C:C,C:C,T:T,G:G,A:A,C:C,A:A,C:C,Uncallable,T:T,G:G,T:T,A:A,A:A,G:G,G:G,C:C,C:C,G:G,T:T,T:T,T:T,A:A,C:C,C:C,G:G,T:T,A:A,A:A,A:A,T:T,C:C,C:C,C:T,G:G,G:G,T:T,C:C,G:G,T:C,T:T,T:T,T:T,G:G,G:G,Uncallable,A:A,G:A,G:G,C:C,A:A,C:C,Uncallable,C:C,C:C,A:G,T:T,A:A,A:A,G:G,A:G,C:C,C:G,C:C,T:T,C:C,G:G
ICSX162048-SB-1-4-2,T:C,G:C,T:T,Uncallable,Uncallable,C:C,A:A,G:G,A:A,T:T,G:G,T:T,A:A,A:A,A:G,C:G,C:C,C:C,G:G,T:T,T:T,G:G,Uncallable,G:G,G:G,C:C,T:T,A:A,A:A,A:A,T:T,C:C,C:G,C:T,G:G,G:G,T:T,C:C,G:G,Uncallable,T:T,T:C,T:T,G:G,G:G,Uncallable,A:A,A:A,Uncallable,C:C,A:A,C:C,T:A,C:C,T:T,G:G,T:T,A:A,Uncallable,G:G,A:A,C:T,C:G,C:C,T:T,Uncallable,G:G
ICSX162470-SB-1-1-1,Uncallable,G:C,T:T,C:C,Uncallable,C:C,A:A,G:G,A:A,T:T,G:G,T:T,A:A,A:A,G:G,C:C,C:C,C:C,G:G,T:T,T:T,G:G,A:A,C:C,C:C,G:G,T:T,A:A,A:A,A:A,T:T,C:C,C:C,C:T,G:G,G:G,T:T,C:C,G:G,T:C,T:T,T:T,T:T,G:G,G:G,Uncallable,A:A,A:A,G:C,C:C,A:A,C:C,T:A,C:C,T:T,G:G,T:T,A:A,Uncallable,G:G,A:G,C:T,C:G,C:C,T:T,A:A,G:G
ICSX162470-SB-1-1-2,T:C,G:C,T:T,C:C,Uncallable,C:C,A:A,G:G,A:A,T:T,G:G,T:T,A:A,A:A,A:A,C:C,A:A,C:C,G:G,T:T,T:C,G:G,Uncallable,C:C,C:C,G:G,T:T,A:A,A:A,A:A,T:T,C:C,C:C,C:T,G:G,G:G,T:T,C:C,G:G,T:C,T:T,T:T,T:T,G:G,G:G,Uncallable,A:A,Uncallable,G:G,C:C,G:G,C:C,A:A,C:C,Uncallable,G:G,T:T,A:A,A:A,G:G,A:A,C:T,C:G,C:C,Uncallable,A:A,G:G
ICSX162470-SB-1-2-1,C:C,C:C,T:T,G:G,A:A,C:C,A:A,C:C,A:A,T:T,G:G,T:T,A:A,A:A,A:A,G:G,C:C,C:C,G:G,T:T,Uncallable,T:T,G:G,C:C,C:C,G:G,T:T,A:A,A:A,A:A,T:T,C:C,C:C,C:T,G:G,G:G,T:T,C:C,G:G,T:C,T:T,T:T,T:T,G:G,G:G,A:A,A:A,G:G,G:G,C:C,A:A,C:C,T:A,C:C,T:T,G:G,T:T,A:A,A:A,G:G,A:A,C:C,C:G,C:C,Uncallable,C:C,G:G
ICSX162473-SB-1-1-1,Uncallable,C:C,T:T,C:C,Uncallable,C:C,A:A,G:G,A:A,T:T,G:G,T:T,A:A,A:A,A:A,C:C,A:A,C:C,Uncallable,T:T,T:T,G:G,A:A,G:G,G:G,C:C,A:A,A:A,A:A,Uncallable,Uncallable,C:C,C:C,C:T,G:G,G:G,T:T,C:C,G:G,C:C,T:T,T:C,T:T,G:G,G:G,A:A,A:A,G:G,G:C,C:C,G:G,C:C,A:A,C:C,Uncallable,G:G,T:T,A:A,Uncallable,G:G,Uncallable,C:T,C:G,C:C,T:T,A:C,G:G
ICSX162611-SB-2-1-1,T:C,C:C,T:T,G:C,G:A,C:C,A:A,G:G,A:A,T:T,G:G,T:T,A:A,A:A,A:G,C:G,A:C,C:C,G:G,T:T,T:T,Uncallable,A:G,C:C,C:C,G:G,A:T,A:A,A:A,A:A,G:G,C:C,C:C,C:T,G:G,G:G,T:T,C:C,G:G,Uncallable,T:T,Uncallable,T:T,G:G,G:G,Uncallable,A:A,A:A,Uncallable,C:C,G:G,C:C,A:A,C:C,Uncallable,G:G,T:T,A:A,G:A,G:G,A:A,Uncallable,C:G,C:C,T:T,A:C,G:G
ICSX162613-SB-1-2-1,C:C,C:C,T:T,Uncallable,A:A,C:C,A:A,C:C,Uncallable,T:T,G:G,Uncallable,A:A,A:A,Uncallable,G:G,C:C,C:C,G:G,T:T,T:T,T:T,A:A,G:G,G:G,C:C,T:T,A:A,A:A,A:A,T:T,C:C,C:C,C:T,G:G,G:G,T:T,C:C,G:G,T:C,T:T,T:T,T:T,G:G,G:G,A:G,A:A,A:A,G:G,C:C,Uncallable,C:C,A:A,C:C,C:T,Uncallable,T:T,A:A,Uncallable,G:G,A:A,C:T,C:G,C:C,T:T,Uncallable,G:G
ICSX162613-SB-2-1-1,C:C,C:C,T:T,G:G,A:A,C:C,A:A,G:G,A:A,T:T,G:G,T:G,A:A,A:A,A:A,G:G,C:C,C:C,G:G,T:T,C:C,T:T,A:A,G:G,G:G,C:C,T:T,A:A,A:A,A:A,T:T,C:C,C:C,C:T,G:G,G:G,T:T,C:C,G:G,T:C,T:T,T:T,T:T,G:G,G:G,G:G,A:A,A:A,C:C,C:C,A:A,C:C,T:A,C:C,T:T,G:G,Uncallable,A:A,A:A,G:G,A:A,C:C,C:G,C:C,T:T,C:C,G:G
ICSX162613-SB-2-1-2,Uncallable,Uncallable,T:T,C:C,Uncallable,C:C,A:A,G:G,A:A,T:T,G:G,T:T,A:A,A:A,G:G,C:C,A:A,C:C,G:G,T:T,Uncallable,G:G,A:A,G:G,G:G,C:C,Uncallable,A:A,?,A:A,G:G,C:C,C:C,C:T,G:G,G:G,T:T,C:C,G:G,C:C,T:T,T:C,T:T,G:G,G:G,Uncallable,A:A,A:A,C:C,C:C,G:G,C:C,A:A,C:C,T:T,G:G,T:T,A:A,G:G,G:G,A:G,C:T,C:G,C:C,T:T,A:C,G:G
ICSX162669-SB-1-1-1,C:C,G:C,G:G,C:C,G:G,C:C,A:A,G:G,A:A,T:T,G:G,T:T,A:A,A:A,G:G,C:C,A:A,C:C,G:G,T:T,T:T,G:G,A:A,G:G,G:G,C:C,A:A,A:A,A:A,A:A,G:G,C:C,C:C,C:T,G:G,G:G,T:T,C:C,G:G,C:C,T:T,T:C,T:T,G:G,G:G,A:A,A:A,G:G,C:C,C:C,G:G,C:C,A:A,C:C,T:T,Uncallable,T:T,A:A,G:G,G:G,A:G,T:T,C:G,C:C,T:T,C:C,G:G
ICSX162698-SB-1-2-1,C:C,C:C,T:G,C:C,G:G,C:C,A:A,G:G,A:A,T:T,G:G,T:T,A:A,A:A,A:A,C:C,C:C,C:C,G:G,T:T,T:T,G:G,A:A,G:G,G:G,C:C,T:T,A:A,A:A,G:A,G:G,C:C,C:C,C:T,G:G,G:G,T:T,C:C,G:G,Uncallable,T:T,T:T,T:T,G:G,G:G,A:A,A:A,A:A,G:G,C:C,A:A,C:C,A:A,C:C,T:T,A:G,T:T,A:A,G:A,G:G,A:G,T:T,C:G,C:C,T:T,C:C,G:G
ICSX162714-SB-1-2-1,Uncallable,C:C,T:T,C:C,G:G,C:C,A:A,G:G,A:A,T:T,G:G,T:T,A:A,A:A,A:A,C:C,A:A,C:C,G:G,T:T,T:T,G:G,A:A,G:G,G:G,C:C,A:A,A:A,A:A,A:A,G:G,C:C,C:C,C:T,G:G,G:G,T:T,C:C,G:G,Uncallable,T:T,T:C,T:T,G:G,G:G,A:A,A:A,A:A,G:C,C:C,G:G,C:C,A:A,C:C,T:T,G:G,T:T,A:A,G:G,G:G,A:G,T:T,C:G,C:C,T:T,C:C,G:G
ICSX162743-SB-1-1-1,T:T,C:C,T:T,C:C,G:G,C:C,A:A,G:G,A:A,T:T,G:G,T:T,A:A,A:A,A:A,C:C,A:A,C:C,G:G,T:T,T:T,G:G,A:A,G:G,G:G,C:C,A:A,A:A,A:A,A:A,G:G,C:C,C:C,C:T,G:G,G:G,T:T,C:C,G:G,C:C,T:T,T:C,T:T,G:G,?,A:A,A:A,?,C:C,C:C,G:G,C:C,A:A,C:C,T:T,G:G,T:T,A:A,G:G,G:G,A:G,T:T,C:G,C:C,T:T,C:C,G:G
ICSX162743-SB-1-1-2,C:C,C:C,T:T,G:G,A:A,C:C,A:A,G:G,A:A,T:T,G:G,T:T,A:A,A:A,G:G,C:C,C:C,C:C,G:G,T:T,T:T,T:T,A:A,C:C,C:C,G:G,A:A,G:G,G:G,G:G,G:G,C:C,G:G,C:T,G:G,G:G,T:T,C:C,G:G,C:C,T:T,T:T,T:T,G:G,G:G,G:G,A:A,A:A,G:G,T:T,G:G,C:C,T:T,?,T:T,G:G,T:T,A:A,A:A,G:G,A:G,C:C,C:G,C:C,T:T,A:A,G:G
IESV24030SH,T:T,C:C,T:T,C:C,G:G,C:C,A:A,G:G,A:A,T:T,G:G,T:T,A:A,A:A,A:A,C:C,A:A,C:C,G:G,T:T,T:T,G:G,A:A,G:G,G:G,C:C,A:A,A:A,A:A,G:G,G:G,C:C,C:C,C:T,G:G,G:G,T:T,C:C,G:G,C:C,T:T,T:C,T:T,G:G,?,A:A,A:A,?,C:C,C:C,G:G,C:C,A:A,C:C,T:T,G:G,T:T,A:A,G:G,G:G,A:G,T:T,C:G,C:C,T:T,C:C,G:G
IS9830,C:C,G:G,T:T,C:C,G:G,T:T,A:A,G:G,A:A,T:T,G:G,T:T,C:C,A:A,G:G,G:G,A:A,C:C,G:G,C:C,T:T,T:T,G:G,G:G,G:G,C:C,T:T,A:A,A:A,A:A,T:T,C:C,C:C,C:T,G:G,G:G,T:T,T:T,C:C,C:C,T:T,T:C,T:T,G:G,G:G,A:A,A:A,A:A,C:C,C:C,G:G,C:C,T:T,C:C,T:T,G:G,T:T,G:G,A:A,G:G,A:G,C:C,C:G,C:C,T:T,C:C,G:G
N13,T:T,C:C,G:G,C:C,G:G,T:T,A:A,C:C,G:G,T:T,G:G,T:G,C:C,A:A,G:G,C:C,C:C,C:C,G:G,C:C,T:T,T:T,G:G,G:G,G:G,C:C,T:T,A:A,A:A,A:A,T:T,C:C,G:G,C:T,?,C:C,C:C,T:T,G:G,T:T,T:T,T:C,T:T,G:G,G:G,G:G,C:C,A:A,?,T:T,G:G,C:C,A:A,C:C,C:C,G:G,T:T,G:G,A:A,G:G,A:G,T:T,C:C,?,T:T,C:C,G:G
Wahi,T:C,G:G,G:G,G:G,A:A,C:C,A:A,C:C,A:A,T:T,G:G,T:T,A:A,A:A,A:A,C:C,C:C,C:C,G:G,T:T,T:T,G:G,G:G,C:C,C:C,G:G,A:A,A:A,A:A,A:A,T:T,C:C,C:C,C:T,?,G:G,T:T,T:T,G:G,T:C,T:T,T:T,T:T,G:G,G:G,A:A,A:A,A:A,G:G,C:C,G:G,C:C,A:A,?,C:C,A:A,T:T,A:A,A:A,G:G,A:G,T:T,C:G,C:C,T:T,C:C,G:G
ICSX152555-B-3-1-1-1,T:T,C:C,T:T,C:C,G:G,T:C,A:A,G:G,G:G,T:T,A:A,T:T,C:A,A:A,A:A,Uncallable,C:C,C:C,A:A,C:C,C:C,G:G,A:A,G:G,G:G,C:C,A:A,A:A,A:A,G:G,G:G,C:C,C:C,C:C,G:G,C:C,T:T,C:C,G:G,T:C,T:T,T:T,T:T,G:G,G:G,G:G,A:A,G:G,C:C,T:T,A:A,T:T,A:A,C:C,T:T,G:G,T:T,A:A,A:A,G:G,A:A,C:C,C:G,C:C,T:C,C:C,A:G
ICSX152555-B-3-1-1-3,C:C,C:C,T:G,C:C,G:G,T:T,A:A,G:C,A:A,T:T,G:G,T:T,C:A,A:A,A:A,G:G,C:C,C:C,?,T:T,C:C,G:G,A:G,C:C,C:C,G:G,T:T,A:A,A:A,G:G,G:T,C:C,C:G,C:T,G:G,C:G,T:T,C:C,G:G,T:C,T:T,Uncallable,T:T,G:G,G:G,A:A,A:A,G:G,C:C,T:C,G:G,C:C,?,C:C,C:C,G:G,T:T,A:A,A:A,G:G,A:A,C:C,G:G,G:G,T:T,C:C,G:G
ICSX152567-B-1-3-1-1,C:C,C:C,T:T,C:C,G:G,C:C,A:A,G:G,A:A,T:T,G:G,T:T,A:A,A:A,G:G,C:C,A:A,C:C,G:G,T:T,T:T,G:G,A:A,G:G,G:G,C:C,A:A,A:A,A:A,A:A,G:G,C:C,C:C,C:T,G:G,G:G,T:T,C:C,G:G,C:C,T:T,T:C,T:T,Uncallable,?,A:A,A:A,?,C:C,C:C,G:G,C:C,A:A,C:C,T:T,A:A,T:T,A:A,A:A,G:G,A:G,T:T,C:G,C:C,T:T,C:C,G:G
ICSX152655-B-2-1-1-1,T:T,C:C,T:T,C:C,G:G,C:C,A:A,G:G,A:A,T:T,G:G,T:T,A:A,A:A,A:G,C:C,A:A,C:C,G:G,T:T,T:T,T:T,A:A,Uncallable,G:G,C:C,T:T,A:A,A:A,A:A,G:G,C:C,C:C,C:T,G:G,G:G,T:T,C:C,G:G,C:C,T:T,T:C,T:T,G:G,?,A:A,A:A,?,G:G,C:C,G:G,C:C,A:A,C:C,T:T,G:G,T:T,A:A,G:G,G:G,A:G,T:T,C:G,C:C,T:T,C:C,G:G
ICSX152656-B-1-2-1-2-1,T:T,C:C,T:T,C:C,G:G,C:C,A:A,G:G,A:A,T:T,G:G,T:T,A:A,A:A,A:A,C:C,A:A,C:C,G:G,T:T,T:T,G:G,A:A,G:G,G:G,C:C,A:A,A:A,A:A,A:A,G:G,C:C,C:C,C:T,G:G,G:G,T:T,C:C,G:G,C:C,T:T,T:C,T:T,G:G,?,A:A,A:A,?,C:C,C:C,G:G,C:C,A:A,C:C,T:T,G:G,T:T,A:A,G:G,G:G,A:G,T:T,C:G,C:C,T:T,C:C,G:G
ICSX152657-B-2-3-8-3-1,C:C,C:C,T:T,C:C,G:G,C:C,A:A,G:G,G:G,T:T,G:G,T:T,A:A,A:A,G:G,G:G,A:A,C:C,G:G,T:T,T:T,G:G,A:A,G:G,G:G,C:C,A:A,A:A,A:A,A:A,G:G,C:C,C:C,C:T,G:G,G:G,T:T,C:C,G:G,C:C,T:T,T:C,T:T,G:G,?,G:G,A:A,G:G,G:G,C:C,G:G,C:C,A:A,C:C,T:T,G:G,C:C,A:A,A:A,G:G,A:G,T:T,C:G,C:C,T:T,A:A,G:G
ICSX152658-B-1-1-1-1-1,C:C,C:C,T:T,G:G,A:A,C:C,A:A,G:G,G:G,T:T,G:G,T:T,A:A,A:A,G:G,G:G,C:C,C:C,G:G,T:T,T:T,G:G,G:G,G:G,G:G,C:C,T:T,A:A,A:A,G:G,G:G,C:C,G:G,C:T,G:G,G:G,T:T,C:C,G:G,C:C,T:T,T:C,T:T,G:G,G:G,G:G,A:A,A:A,G:G,C:C,G:G,C:C,T:T,C:C,C:C,G:G,C:C,A:A,A:A,G:G,A:G,C:C,C:G,C:C,T:T,A:A,G:G
ICSX152660-B-2-2-1-1,T:T,C:C,G:G,G:G,A:A,C:C,A:A,G:G,G:G,T:T,G:G,T:T,A:A,A:A,A:A,G:G,C:C,C:C,G:G,T:T,T:T,G:G,A:A,Uncallable,C:C,Uncallable,A:A,A:A,A:A,A:A,T:T,C:C,C:C,C:T,G:G,G:G,T:T,C:C,G:G,T:C,T:T,T:T,T:T,G:G,G:G,A:A,A:A,A:A,G:G,C:C,A:A,C:C,T:T,?,T:T,G:G,T:T,A:A,A:A,G:G,A:G,C:C,C:G,C:C,T:T,C:C,G:G
ICSX152661-B-2-1-2-1-1,?,C:C,T:T,G:G,A:A,C:C,A:A,G:G,G:G,T:T,G:G,T:T,A:A,A:A,A:A,G:G,C:C,C:C,A:A,C:C,T:T,G:G,A:A,C:C,C:C,G:G,A:A,A:A,A:A,G:G,G:G,A:A,C:C,C:T,G:G,C:C,T:T,C:C,C:C,T:C,T:T,T:T,?,G:G,G:G,G:G,A:A,G:G,G:G,C:C,G:G,C:C,T:T,C:C,T:T,G:G,C:C,A:A,A:A,A:A,A:G,C:C,C:G,C:C,T:T,A:A,G:G
ICSX152666-B-1-5-2-1-1,T:T,G:G,T:T,G:G,A:A,C:C,A:A,G:G,A:A,T:T,G:G,T:T,A:A,A:A,A:A,G:G,C:C,C:C,?,T:T,T:T,T:G,A:A,C:C,C:C,G:G,T:T,A:A,A:A,A:A,G:T,A:C,C:C,C:T,G:G,G:G,T:T,C:C,C:C,T:C,T:T,?,T:T,G:G,?,G:G,A:A,G:G,G:G,C:C,G:G,C:C,T:T,C:C,T:T,G:G,T:T,A:A,A:A,G:G,A:A,C:C,C:G,C:C,T:T,C:C,A:A
ICSX152668-B-1-1-1-1-1,?,?,?,?,?,?,?,?,?,?,?,?,?,?,?,?,?,?,?,?,?,?,?,?,?,C:C,?,?,?,?,?,?,?,?,?,?,?,?,G:G,?,?,?,?,?,?,?,?,?,?,?,?,?,?,?,?,?,?,G:G,?,?,?,?,?,?,?,?,?
ICSX152668-B-2-1-3-1-1,C:C,C:C,T:T,G:G,A:A,C:C,A:A,G:G,Uncallable,T:T,G:G,T:T,C:C,A:A,G:G,G:G,C:C,C:C,G:G,T:T,T:T,T:T,A:G,C:C,C:C,G:G,T:T,A:A,A:A,A:A,T:T,C:C,C:G,C:T,?,C:C,T:T,C:C,C:C,T:C,T:T,Uncallable,T:T,G:G,G:G,G:G,A:A,G:G,C:C,T:C,G:G,C:C,T:T,C:C,C:C,A:A,T:T,G:G,G:G,G:G,A:G,Uncallable,G:G,?,T:T,A:A,G:G
ICSX152668-B-2-1-3-1-2,T:T,C:C,T:T,G:G,A:A,C:C,A:A,G:G,A:A,T:T,G:G,T:T,A:A,A:A,G:G,G:G,C:C,C:C,G:G,T:T,T:T,T:T,A:A,C:C,C:C,G:G,A:A,A:A,A:A,G:G,G:G,A:A,C:C,C:C,G:G,G:G,T:T,C:C,C:C,T:C,T:T,T:T,T:T,G:G,G:G,G:G,A:A,A:A,G:G,C:C,G:G,C:C,T:T,?,C:C,G:G,C:C,A:A,A:A,G:G,A:G,C:C,C:G,C:C,T:T,A:A,G:G
ICSX162415-1-1-2-1,T:T,C:C,T:T,C:C,G:G,C:C,A:A,G:G,A:A,T:T,G:G,T:T,A:A,A:A,G:G,G:G,A:C,C:C,G:G,T:T,T:T,G:G,A:A,C:C,C:C,G:G,A:A,A:A,A:A,A:A,T:T,C:C,G:G,C:T,G:G,G:G,T:T,C:C,G:G,T:C,T:T,T:T,T:T,G:G,?,A:A,A:A,?,G:G,C:C,Uncallable,T:C,A:A,C:C,T:T,G:G,T:T,A:A,A:A,G:G,A:G,T:T,C:G,C:C,C:C,C:C,G:G
ICSX162415-1-2-1-1,?,C:C,T:T,G:G,A:A,C:C,A:A,C:C,G:G,T:T,G:G,T:T,A:A,A:A,A:A,C:G,C:C,C:C,A:A,C:C,C:C,G:G,A:A,G:G,G:G,C:C,A:A,A:A,A:A,A:A,G:G,C:C,G:G,C:T,G:G,C:C,T:T,C:C,G:G,C:C,T:T,Uncallable,T:T,G:G,A:A,G:G,A:A,A:A,C:C,C:C,A:A,T:T,T:T,C:C,C:C,A:G,T:T,A:A,A:A,A:A,A:A,C:C,G:G,G:G,T:T,A:A,G:G
ICSX162415-1-2-2-1,?,C:C,T:T,G:G,A:A,C:C,A:A,C:C,G:G,T:T,G:G,T:T,A:A,A:A,A:A,C:C,C:C,C:C,A:A,C:C,C:C,G:G,A:A,G:G,G:G,C:C,A:A,A:A,A:A,A:A,G:G,C:C,G:G,C:T,G:G,C:C,T:T,T:T,G:G,C:C,T:T,T:C,T:T,G:G,G:G,G:G,A:A,A:A,C:C,C:C,A:A,C:C,T:T,C:C,C:C,G:G,T:T,A:A,A:A,A:A,A:A,C:C,G:G,G:G,T:T,A:A,G:G
ICSX162415-1-2-2-2,?,C:C,T:T,G:G,A:A,C:C,A:A,C:C,G:G,T:T,G:G,T:T,A:A,A:A,A:A,C:C,C:C,C:C,A:A,C:C,C:C,G:G,A:A,G:G,G:G,C:C,A:A,A:A,A:A,A:A,G:G,C:C,G:G,C:T,G:G,C:C,T:T,C:C,G:G,C:C,T:T,T:C,T:T,G:G,A:A,G:G,A:A,A:A,C:C,C:C,A:A,C:C,T:T,C:C,C:C,G:G,T:T,A:A,A:A,A:A,A:A,C:C,G:G,G:G,T:T,A:A,G:G
ICSX162463-1-1-1-1,?,?,?,?,?,?,?,?,?,?,?,?,?,?,?,?,?,?,?,?,?,?,?,G:G,G:G,C:C,?,?,?,?,?,?,?,?,?,?,?,?,G:G,?,Uncallable,?,?,?,?,?,?,?,?,?,?,?,?,?,?,?,?,G:G,?,?,?,?,?,?,?,?,?
ICSX162581-1-1-1-1,T:T,C:C,T:T,G:G,A:A,C:C,A:A,C:C,A:A,T:T,G:G,T:T,A:A,A:A,A:A,C:C,A:A,C:C,G:G,T:T,T:T,T:T,A:A,C:C,C:C,G:G,T:T,A:A,A:A,G:G,G:G,C:C,C:G,C:T,G:G,G:G,T:T,C:C,G:G,C:C,T:T,T:T,T:T,G:G,G:G,G:G,A:A,?,C:C,C:C,G:G,C:C,T:T,?,T:T,G:G,T:T,A:A,A:A,G:G,A:G,T:T,C:G,C:C,C:C,A:A,G:G
ICSX162630-1-2-1-1,C:C,C:C,T:T,G:G,A:A,C:C,A:A,C:C,A:A,T:T,G:G,T:T,A:A,A:A,G:G,G:G,C:C,C:C,G:G,T:T,C:C,G:G,A:A,C:C,C:C,G:G,T:T,A:A,A:A,A:A,G:G,C:C,G:G,C:T,G:G,G:G,T:T,C:C,G:G,T:C,T:T,T:T,T:T,G:G,G:G,A:A,A:A,A:A,C:C,C:C,A:A,C:C,T:T,C:C,C:C,G:G,C:C,A:A,A:A,G:G,A:G,T:T,C:G,C:C,T:C,C:C,G:G
ICSX162636-1-6-1-3,C:C,C:C,T:T,G:G,A:A,C:C,A:A,C:C,A:A,T:T,G:G,T:T,A:A,A:A,A:A,G:G,C:C,C:C,G:G,T:T,T:T,G:G,A:A,C:C,C:C,G:G,T:T,A:A,A:A,A:A,T:T,C:C,G:G,C:T,G:G,G:G,T:T,C:C,G:G,T:C,T:T,T:T,T:T,G:G,G:G,A:A,A:A,A:A,G:G,C:C,A:A,T:T,T:T,C:C,C:C,G:G,T:T,A:A,A:A,G:G,A:A,C:C,C:G,C:C,C:C,C:C,G:G
ICSX162665-1-1-1-2,T:T,C:C,T:T,G:G,A:A,C:C,A:A,G:G,G:G,T:T,G:G,T:T,A:A,A:A,G:G,G:G,C:C,C:C,G:G,T:T,T:T,G:G,A:A,G:G,G:G,C:C,T:T,A:A,A:A,A:A,G:G,C:C,G:G,C:T,G:G,G:G,T:T,C:C,G:G,C:C,T:T,T:C,T:T,G:G,G:G,G:G,A:A,A:A,C:C,C:C,G:G,C:C,T:T,C:C,T:T,A:A,C:C,A:A,A:A,G:G,A:G,T:T,C:G,C:C,C:C,A:A,G:G
ICSX162698-1-1-1-1,C:C,C:C,T:T,G:G,A:A,C:C,A:A,C:C,G:G,T:T,G:G,T:T,A:A,A:A,G:G,C:C,A:A,C:C,G:G,T:T,T:T,T:T,A:A,C:C,C:C,G:G,T:T,G:A,G:G,G:G,G:G,C:C,G:G,C:T,G:G,G:G,T:T,C:C,G:G,C:C,T:T,T:T,T:T,G:G,G:G,A:A,A:A,A:A,C:C,C:C,G:G,C:C,T:T,C:C,T:T,A:A,T:T,A:A,A:A,G:G,A:A,C:C,C:G,C:C,C:C,A:A,G:G
ICSX162809-1-2-2-1,T:C,C:C,T:T,G:G,A:A,C:C,A:A,G:G,G:G,T:T,G:G,T:T,C:C,A:A,A:A,C:C,C:C,C:C,G:A,T:T,T:T,G:G,G:G,G:G,G:G,C:C,T:T,A:A,A:A,G:G,G:G,C:C,G:G,C:T,G:G,G:G,T:T,C:C,G:G,T:C,T:T,T:T,T:T,G:G,A:A,G:G,A:A,A:A,G:G,C:C,A:A,C:C,T:T,?,T:T,G:G,T:T,A:A,A:A,G:G,A:G,C:C,C:G,C:C,T:T,C:C,G:G
ICSX162809-1-2-2-2,?,C:C,T:T,G:G,A:A,C:C,A:A,G:G,G:G,T:T,G:G,T:T,C:C,A:A,A:A,G:G,C:C,C:C,G:G,T:T,T:T,G:G,G:G,G:G,G:G,C:C,T:T,A:A,A:A,G:G,G:G,C:C,G:G,C:T,G:G,G:G,T:T,C:C,G:G,T:C,T:T,T:T,T:T,G:G,A:A,G:G,A:A,A:A,G:G,C:C,A:A,C:C,T:T,?,T:T,G:G,T:T,A:A,A:A,G:G,A:G,C:C,C:G,C:C,T:T,C:C,G:G
ICSX152001-SB-7-1-1,C:C,C:C,T:T,G:G,A:A,C:C,A:A,C:C,A:A,T:T,G:G,T:T,A:A,A:A,A:A,G:G,C:C,C:C,?,T:T,T:T,T:T,A:A,C:C,C:C,G:G,T:T,G:G,G:G,A:A,T:T,C:C,G:G,C:T,G:G,G:G,T:T,C:C,G:G,T:C,T:T,T:T,T:T,G:G,G:G,A:A,A:A,A:A,G:G,C:C,G:G,T:C,T:T,C:C,C:C,G:G,T:T,G:G,A:A,G:G,A:A,C:C,C:G,C:C,T:T,C:C,G:G
ICSX152002-SB-10-1-1,?,?,?,?,?,?,?,?,?,?,?,?,?,?,?,?,?,?,?,?,?,?,?,C:C,C:C,G:G,?,?,?,?,?,?,?,?,?,?,T:T,?,G:G,T:C,Uncallable,Uncallable,?,?,?,?,?,?,?,?,?,?,?,?,?,?,?,G:G,?,?,?,?,?,?,?,?,?
ICSX152002-SB-4-1-1-1,C:C,C:C,T:T,G:G,A:A,C:C,A:A,C:C,A:A,T:T,G:G,T:T,A:A,A:A,G:G,G:G,C:C,C:C,G:G,T:T,C:C,G:G,A:A,C:C,C:C,G:G,T:T,A:A,A:A,A:A,G:G,C:C,C:C,C:T,G:G,G:G,T:T,C:C,G:G,T:C,T:T,T:T,T:T,G:G,G:G,G:G,A:A,A:A,G:G,C:C,A:A,T:T,A:A,C:C,T:T,G:G,T:T,G:G,A:A,G:G,A:G,T:T,C:G,C:C,C:C,C:C,G:G
ICSX152002-SB-4-1-1-2,C:C,C:C,T:T,G:G,A:A,C:C,A:A,G:G,A:A,T:T,G:G,T:T,A:A,A:A,G:G,G:G,C:C,C:C,G:G,T:T,C:C,G:G,A:A,C:C,C:C,G:G,T:T,A:A,A:A,A:A,G:G,C:C,C:C,C:T,G:G,G:G,T:T,C:C,G:G,T:C,T:T,T:T,T:T,G:G,G:G,G:G,A:A,A:A,G:G,C:C,A:A,C:C,A:A,C:C,T:T,G:G,T:T,G:G,A:A,G:G,A:G,T:T,C:G,C:C,C:C,C:C,G:G
ICSX152003-SB-5-1-2,C:C,C:C,T:T,G:G,A:A,C:C,A:A,G:G,A:A,T:T,G:G,T:T,A:A,A:A,G:G,G:G,C:C,C:C,G:G,T:T,T:T,G:G,A:A,C:C,C:C,G:G,T:T,A:A,A:A,G:G,G:G,C:C,G:G,C:T,G:G,G:G,T:T,C:C,G:G,T:C,T:T,T:T,T:T,G:G,G:G,A:A,A:A,A:A,G:G,C:C,G:G,C:C,A:A,C:C,T:T,A:A,T:T,A:A,G:G,G:G,A:A,C:C,C:G,C:C,C:C,C:C,G:G
ICSX152003-SB-5-3-1-1,C:C,C:C,T:T,G:G,A:A,C:C,A:A,C:C,A:A,T:T,G:G,T:T,A:A,A:A,G:G,G:G,C:C,C:C,G:G,T:T,T:T,T:T,A:A,C:C,C:C,G:G,T:T,A:A,A:A,A:A,T:T,C:C,C:C,C:T,G:G,G:G,T:T,C:C,C:C,T:C,T:T,T:T,T:T,G:G,?,G:G,A:A,A:A,G:G,C:C,A:A,T:T,A:A,C:C,T:T,A:A,T:T,A:A,G:G,G:G,A:A,C:C,C:G,C:C,C:C,C:C,G:G
ICSX152003-SB-5-3-1-2,T:T,G:G,T:T,G:G,A:A,C:C,A:A,C:C,A:A,T:T,G:G,T:T,A:A,A:A,A:A,G:G,C:C,C:C,G:G,T:T,T:T,G:G,A:A,C:C,C:C,G:G,T:T,A:A,A:A,G:G,G:G,C:C,G:G,C:T,G:G,G:G,T:T,C:C,C:C,T:C,T:T,T:T,T:T,G:G,G:G,A:A,A:A,A:A,G:G,C:C,A:A,C:C,T:T,C:C,C:C,G:G,T:T,A:A,A:A,G:G,A:A,C:C,C:G,C:C,C:C,C:C,G:G
ICSX152004-SB-2-2-1-2,C:C,G:G,T:T,G:G,A:A,C:C,A:A,G:G,A:A,T:T,G:G,T:T,A:A,A:A,A:A,G:G,C:C,C:C,G:G,T:T,T:T,G:G,A:A,G:G,G:G,C:C,T:T,A:A,A:A,A:A,G:G,C:C,G:G,C:C,G:G,G:G,T:T,C:C,G:G,C:C,T:T,T:C,T:T,G:G,G:G,A:A,A:A,A:A,G:G,C:C,A:A,T:T,A:A,C:C,T:T,G:G,T:T,A:A,G:G,G:G,A:A,C:C,C:G,C:C,C:C,C:C,G:G
ICSX152004-SB-2-3-1-1,C:C,C:C,T:T,G:G,A:A,C:C,A:A,G:G,A:A,T:T,G:G,T:T,A:A,A:A,G:G,G:G,C:C,C:C,?,T:T,T:T,G:G,A:A,C:C,C:C,G:G,T:T,A:A,A:A,A:A,T:T,C:C,G:G,C:T,G:G,G:G,T:T,C:C,G:G,T:C,T:T,T:T,T:T,G:G,G:G,A:A,A:A,A:A,G:G,C:C,A:A,T:T,A:A,C:C,T:T,G:G,T:T,A:A,G:G,G:G,A:G,T:T,C:G,C:C,C:C,C:C,G:G
ICSX152004-SB-5-3-1-1,?,?,?,?,?,?,?,?,?,?,?,?,?,?,?,?,?,?,?,?,?,?,?,?,G:G,C:C,?,?,?,?,?,?,?,?,?,?,?,?,G:G,?,?,?,?,?,?,?,?,?,?,?,?,?,?,?,?,?,?,G:G,?,?,?,?,?,?,?,?,?
ICSX152005-SB-10-1-1,C:C,C:C,T:T,G:G,A:A,C:C,A:A,C:C,G:G,T:T,G:G,T:T,A:A,A:A,A:A,G:G,C:C,C:C,G:G,T:T,T:T,G:G,A:A,C:C,C:C,G:G,T:T,A:A,A:A,A:A,T:T,C:C,C:C,C:T,G:G,G:G,T:T,C:C,C:C,T:C,T:T,T:T,T:T,G:G,?,G:G,A:A,G:G,G:G,C:C,A:A,C:C,A:A,C:C,T:T,A:A,T:T,A:A,A:A,G:G,A:A,C:C,C:G,C:C,T:T,A:A,G:G
ICSX152005-SB-1-1-2,C:C,C:C,T:T,G:G,A:A,C:C,A:A,C:C,G:G,T:T,G:G,T:T,A:A,A:A,A:A,G:G,C:C,C:C,G:G,T:T,T:T,T:T,A:A,G:G,G:G,C:C,T:T,A:A,A:A,A:A,T:T,C:C,C:C,C:T,G:G,G:G,T:T,C:C,G:G,T:C,T:T,T:T,T:T,G:G,G:G,A:A,A:A,A:A,G:G,C:C,A:A,C:C,T:T,C:C,T:T,G:G,T:T,A:A,A:A,G:G,A:A,C:C,C:G,C:C,C:C,C:C,G:G
ICSX152005-SB-11-3-1,C:C,C:C,T:T,G:G,A:A,C:C,A:A,C:C,A:A,T:T,G:G,T:T,A:A,A:A,A:A,G:G,C:C,C:C,?,T:T,T:T,T:T,A:A,G:G,G:G,C:C,T:T,A:A,A:A,A:A,T:T,C:C,G:G,C:T,G:G,G:G,T:T,C:C,G:G,T:C,T:T,T:T,T:T,G:G,?,G:G,A:A,A:A,G:G,C:C,A:A,T:T,A:A,C:C,T:T,G:G,T:T,A:A,A:A,G:G,A:A,C:C,C:G,C:C,T:C,A:A,G:G
ICSX152005-SB-1-2-1,C:C,C:C,T:T,G:G,A:A,C:C,A:A,C:C,G:G,T:T,G:G,T:T,A:A,A:A,A:A,G:G,C:C,C:C,?,T:T,T:T,T:T,A:A,G:G,G:G,C:C,T:T,A:A,A:A,A:A,T:T,C:C,C:C,C:T,G:G,G:G,T:T,C:C,G:G,T:C,T:T,T:T,T:T,G:G,G:G,A:A,A:A,A:A,G:G,C:C,A:A,T:T,T:T,C:C,T:T,G:G,T:T,A:A,A:A,G:G,A:A,C:C,C:G,C:C,C:C,C:C,G:G
ICSX152005-SB-16-2-1,C:C,C:C,T:T,G:G,A:A,C:C,A:A,C:C,A:A,T:T,G:G,T:T,A:A,A:A,A:A,G:G,C:C,C:C,G:G,T:T,T:T,G:G,A:A,C:C,C:C,G:G,T:T,A:A,A:A,A:A,T:T,C:C,C:C,C:T,G:G,G:G,T:T,C:C,C:C,T:C,T:T,T:T,T:T,G:G,G:G,A:A,A:A,A:A,G:G,C:C,A:A,T:T,A:A,C:C,T:T,G:G,T:T,A:A,A:A,G:G,A:A,C:C,C:G,C:C,C:C,C:C,G:G
ICSX152006-SB-20-1-1-1,C:C,C:C,T:T,G:G,A:A,C:C,A:A,C:C,A:A,T:T,G:G,T:T,A:A,A:A,G:G,G:G,C:C,C:C,G:G,T:T,T:T,G:G,A:A,C:C,C:C,G:G,T:T,A:A,A:A,A:A,T:T,C:C,C:C,C:T,G:G,G:G,T:T,C:C,G:G,T:C,T:T,T:T,T:T,G:G,G:G,A:A,A:A,A:A,G:G,C:C,A:A,T:T,T:T,C:C,T:T,A:A,T:T,A:A,A:A,G:G,A:A,C:C,C:G,C:C,C:C,C:C,G:G
ICSX152006-SB-20-1-1-2,C:C,C:C,T:T,G:G,A:A,C:C,A:A,C:C,A:A,T:T,G:G,T:T,A:A,A:A,G:G,G:G,C:C,C:C,G:G,T:T,T:T,G:G,A:A,C:C,C:C,G:G,T:T,A:A,A:A,A:A,T:T,C:C,C:C,C:T,G:G,G:G,T:T,C:C,G:G,T:C,T:T,T:T,T:T,G:G,G:G,A:A,A:A,A:A,G:G,C:C,A:A,T:T,T:T,C:C,T:T,A:A,T:T,A:A,A:A,G:G,A:G,T:T,C:G,C:C,C:C,C:C,G:G
ICSX152006-SB-20-1-1-3,T:T,?,?,?,?,?,?,?,?,?,?,?,?,?,?,?,?,?,?,?,?,?,?,G:G,G:G,C:C,?,?,?,?,?,?,?,?,?,?,?,?,G:G,?,Uncallable,?,?,?,?,?,?,?,?,?,?,?,?,?,?,?,?,G:G,?,?,?,?,?,?,?,?,?
ICSX152006-SB-22-1-1-2,C:C,C:C,T:T,G:G,A:A,C:C,A:A,C:C,A:A,T:T,G:G,T:T,A:A,A:A,A:G,G:G,C:C,C:C,G:G,T:T,T:T,G:G,A:A,C:C,C:C,G:G,T:T,A:A,A:A,A:A,T:T,C:C,C:C,C:T,G:G,C:C,T:T,C:C,G:G,T:C,T:T,T:T,T:T,G:G,G:G,A:A,A:A,A:A,G:G,C:C,A:A,T:T,T:T,C:C,T:T,A:A,T:T,A:A,A:A,G:G,A:G,T:T,C:G,C:C,C:C,C:C,G:G
ICSX152006-SB-23-1-1,C:C,C:C,T:T,G:G,A:A,C:C,A:A,C:C,A:A,T:T,G:G,T:T,A:A,A:A,A:A,G:G,C:C,C:C,A:A,C:C,C:C,G:G,A:A,C:C,C:C,G:G,T:T,A:A,A:A,A:A,T:T,C:C,C:C,C:T,G:G,C:C,T:T,C:C,G:G,T:C,T:T,T:T,T:T,G:G,G:G,A:A,A:A,A:A,G:G,C:C,A:A,T:T,A:A,C:C,T:T,A:A,T:T,A:A,A:A,G:G,A:A,C:C,C:G,C:C,C:C,C:C,G:G
ICSX152006-SB-4-1-1,C:C,C:C,T:T,G:G,A:A,C:C,A:A,C:C,A:A,T:T,G:G,T:T,A:A,A:A,G:G,G:G,C:C,C:C,A:A,C:C,T:T,G:G,A:A,C:C,C:C,G:G,T:T,A:A,A:A,A:A,T:T,C:C,C:C,C:T,G:G,C:C,T:T,C:C,G:G,T:C,T:T,T:T,T:T,G:G,G:G,A:A,A:A,A:A,G:G,C:C,A:A,T:T,A:A,C:C,T:T,A:A,T:T,A:A,A:A,G:G,A:G,T:T,C:G,C:C,C:C,C:C,G:G
ICSX152006-SB-4-2-1,C:C,C:C,T:T,G:G,A:A,C:C,A:A,C:C,A:A,T:T,G:G,T:T,A:A,A:A,G:G,G:G,C:C,C:C,G:G,T:T,T:T,G:G,A:A,C:C,C:C,G:G,T:T,A:A,A:A,A:A,T:T,C:C,C:C,C:T,G:G,C:C,T:T,C:C,G:G,T:C,T:T,T:T,T:T,G:G,G:G,A:A,A:A,A:A,G:G,C:C,A:A,T:T,T:T,C:C,T:T,A:A,T:T,A:A,A:A,G:G,A:G,T:T,C:G,C:C,C:C,C:C,G:G
ICSX152006-SB-7-1-1,C:C,C:C,T:T,G:G,A:A,C:C,A:A,C:C,A:A,T:T,G:G,T:T,A:A,A:A,A:A,G:G,C:C,C:C,A:A,Uncallable,C:C,G:G,A:A,G:G,G:G,C:C,T:T,A:A,A:A,A:A,T:T,C:C,C:C,C:T,G:G,C:C,T:T,C:C,G:G,T:C,T:T,T:T,T:T,G:G,G:G,A:A,A:A,A:A,G:G,C:C,A:A,T:T,T:T,C:C,T:T,A:A,T:T,A:A,A:A,G:G,A:A,C:C,C:G,C:C,C:C,C:C,G:G
ICSX152007-SB-6-1-1-1,T:T,C:C,T:T,C:C,G:G,C:C,A:A,G:G,A:A,T:T,G:G,T:T,A:A,A:A,A:A,C:C,A:A,C:C,G:G,T:T,T:T,G:G,A:A,C:C,C:C,G:G,T:T,A:A,A:A,A:A,G:G,C:C,G:G,C:T,G:G,G:G,T:T,C:C,G:G,T:C,T:T,T:T,T:T,G:G,G:G,G:G,A:A,?,G:G,C:C,G:G,C:C,A:A,C:C,T:T,G:G,T:T,A:A,A:A,G:G,A:A,Uncallable,C:G,C:C,T:T,C:C,G:G
ICSX152009-SB-11-1-2,C:C,C:C,T:T,G:G,A:A,C:C,A:A,C:C,A:A,T:T,G:G,T:T,A:A,A:A,A:A,G:G,C:C,C:C,?,C:C,C:C,G:G,G:G,C:C,C:C,G:G,T:T,A:A,A:A,A:A,T:T,C:C,G:G,C:T,G:G,G:G,T:T,T:T,G:G,T:C,T:T,T:T,T:T,G:G,G:G,G:G,A:A,A:A,G:G,C:C,A:A,T:T,A:A,C:C,T:T,A:A,T:T,A:A,A:A,G:G,A:A,C:C,G:G,G:G,C:C,C:C,G:G
ICSX152009-SB-11-2-2-1,?,?,?,?,?,?,?,?,?,?,?,?,?,?,?,?,?,?,?,?,?,?,?,G:G,G:G,C:C,?,?,?,?,?,?,?,?,?,?,?,?,G:G,?,?,?,?,?,?,?,?,?,?,?,?,?,?,?,?,?,?,G:G,?,?,?,?,?,?,?,?,?
ICSX152009-SB-16-1-1-1,C:C,C:C,T:T,G:G,A:A,C:C,A:A,C:C,A:A,T:T,G:G,T:T,A:A,A:A,A:A,G:G,C:C,C:C,A:A,C:C,C:C,G:G,A:A,C:C,C:C,G:G,T:T,A:A,A:A,A:A,T:T,C:C,C:C,C:T,G:G,G:G,T:T,C:C,G:G,T:C,T:T,T:T,T:T,G:G,G:G,A:A,A:A,A:A,G:G,C:C,A:A,T:T,A:A,C:C,T:T,A:A,T:T,A:A,A:A,G:G,A:A,C:C,C:G,C:C,T:T,A:A,G:G
ICSX152009-SB-16-3-2-1,C:C,C:C,T:T,G:G,A:A,C:C,A:A,C:C,A:A,T:T,G:G,T:T,A:A,A:A,A:A,G:G,C:C,C:C,A:A,C:C,C:C,G:G,A:A,C:C,C:C,G:G,T:T,G:G,A:A,A:A,T:T,C:C,C:C,C:T,G:G,G:G,T:T,C:C,G:G,T:C,T:T,T:T,T:T,G:G,G:G,A:A,A:A,A:A,G:G,C:C,A:A,T:T,A:A,C:C,T:T,A:A,T:T,A:A,A:A,G:G,A:A,C:C,C:G,C:C,T:T,A:A,G:G
ICSX152009-SB-17-1-1,C:C,C:C,T:T,G:G,A:A,C:C,A:A,C:C,A:A,T:T,G:G,T:T,A:A,A:A,A:A,G:G,C:C,C:C,A:A,C:C,C:C,G:G,A:A,C:C,C:C,G:G,T:T,A:A,A:A,A:A,T:T,C:C,C:C,C:T,G:G,G:G,T:T,C:C,G:G,T:C,T:T,T:T,T:T,G:G,G:G,A:A,A:A,A:A,G:G,C:C,A:A,T:T,A:A,C:C,T:T,A:A,T:T,A:A,A:A,G:G,A:A,C:C,C:G,C:C,T:T,A:A,G:G
ICSX152009-SB-17-2-1,C:C,C:C,T:T,G:G,A:A,C:C,A:A,C:C,G:G,T:T,G:G,T:T,A:A,A:A,A:A,G:G,C:C,C:C,A:A,C:C,C:C,G:G,A:A,C:C,C:C,G:G,T:T,A:A,A:A,A:A,T:T,C:C,C:C,C:T,G:G,G:G,T:T,T:T,G:G,T:C,T:T,T:T,T:T,G:G,G:G,G:G,A:A,A:A,G:G,C:C,A:A,T:T,A:A,C:C,T:T,A:A,T:T,A:A,A:A,G:G,A:A,C:C,C:G,C:C,T:T,A:A,G:G
ICSX152009-SB-19-2-1,C:C,C:C,T:T,G:G,A:A,C:C,A:A,C:C,A:A,T:T,G:G,T:T,A:A,A:A,A:A,G:G,C:C,C:C,A:A,C:C,C:C,G:G,A:A,C:C,C:C,G:G,T:T,A:A,A:A,A:A,T:T,C:C,C:C,C:T,G:G,G:G,T:T,C:C,G:G,T:C,T:T,T:T,T:T,G:G,G:G,A:A,A:A,A:A,G:G,C:C,A:A,T:T,A:A,C:C,T:T,A:A,T:T,A:A,A:A,G:G,A:A,C:C,C:G,C:C,C:C,C:C,G:G
ICSX152009-SB-20-1-1,C:C,C:C,T:T,G:G,A:A,C:C,A:A,C:C,G:G,T:T,G:G,T:T,A:A,A:A,A:A,G:G,C:C,C:C,G:G,T:T,T:T,G:G,A:A,C:C,C:C,G:G,T:T,A:A,A:A,A:A,T:T,C:C,C:C,C:T,G:G,G:G,T:T,C:C,G:G,T:C,T:T,T:T,T:T,G:G,G:G,A:A,A:A,A:A,G:G,C:C,A:A,T:T,A:A,C:C,T:T,A:A,T:T,A:A,A:A,G:G,A:A,C:C,C:G,C:C,C:C,A:A,G:G
ICSX152010-SB-1-1-2,C:C,C:C,T:T,G:G,A:A,C:C,A:A,C:C,A:A,T:T,G:G,T:T,A:A,A:A,G:G,G:G,C:C,C:C,G:G,T:T,C:C,G:G,A:A,C:C,C:C,G:G,A:T,A:A,A:A,A:A,G:G,C:C,G:G,C:C,G:G,G:G,T:T,C:C,G:G,T:C,T:T,T:T,T:T,G:G,G:G,A:A,A:A,A:A,G:G,C:C,A:A,C:C,T:T,C:C,C:C,G:G,C:C,A:A,A:A,G:G,A:G,T:T,C:G,C:C,T:T,C:C,G:G
ICSX152010-SB-1-2-1,?,?,?,?,?,?,?,?,?,?,?,?,?,?,?,?,?,?,?,?,?,?,?,C:C,C:C,G:G,?,?,?,?,?,?,?,?,?,?,?,?,G:G,?,?,?,?,?,?,?,?,?,?,?,?,?,?,?,?,?,?,G:G,?,?,?,?,?,?,?,?,?
ICSX152010-SB-12-1-1-1,C:C,C:C,T:T,G:G,A:A,C:C,A:A,C:C,A:A,T:T,G:G,T:T,A:A,A:A,A:A,G:G,C:C,C:C,G:G,T:T,C:C,G:G,A:A,C:C,C:C,G:G,T:T,A:A,A:A,A:A,G:G,C:C,G:G,C:C,G:G,G:G,T:T,C:C,G:G,T:C,T:T,T:T,T:T,G:G,G:G,A:A,A:A,A:A,G:G,C:C,?,T:T,A:A,C:C,T:T,G:G,C:C,A:A,A:A,G:G,A:A,C:C,C:G,C:C,C:C,C:C,G:G
ICSX152010-SB-1-3-1,C:C,C:C,T:T,G:G,A:A,C:C,A:A,C:C,A:A,T:T,G:G,T:T,A:A,A:A,G:G,G:G,C:C,C:C,G:G,T:T,C:C,G:G,A:A,C:C,C:C,G:G,A:T,A:A,A:A,A:A,G:G,C:C,G:G,C:T,G:G,G:G,T:T,C:C,G:G,T:C,T:T,T:T,T:T,G:G,G:G,A:A,A:A,A:A,G:G,C:C,A:A,C:C,T:T,C:C,C:C,G:G,C:C,A:A,A:A,G:G,A:G,T:T,?,C:C,T:T,C:C,G:G
ICSX152010-SB-1-3-2,C:C,C:C,T:T,G:G,A:A,C:C,A:A,C:C,A:A,T:T,G:G,T:T,A:A,A:A,G:G,G:G,C:C,C:C,G:G,T:T,C:C,G:G,A:A,C:C,C:C,G:G,A:T,A:A,A:A,A:A,G:G,C:C,G:G,C:C,G:G,G:G,T:T,C:C,G:G,T:C,T:T,T:T,T:T,G:G,G:G,A:A,A:A,A:A,G:G,C:C,A:A,C:C,T:T,C:C,C:C,G:G,C:C,A:A,A:A,G:G,A:G,T:T,C:G,C:C,T:T,C:C,G:G
ICSX152010-SB-15-2-1,C:C,C:C,T:T,G:G,A:A,C:C,A:A,C:C,A:A,T:T,G:G,T:T,A:A,A:A,G:G,G:G,C:C,C:C,G:G,T:T,T:T,G:G,A:A,G:G,G:G,C:C,A:A,A:A,A:A,A:A,T:T,C:C,C:C,C:C,G:G,G:G,T:T,C:C,G:G,T:C,T:T,T:T,T:T,G:G,G:G,A:G,A:A,A:A,C:C,C:C,A:A,C:C,A:A,C:C,T:T,G:G,C:C,A:A,A:A,G:G,A:G,T:T,C:G,C:C,C:C,C:C,G:G
ICSX152010-SB-15-2-2,C:C,C:C,T:T,G:G,A:A,C:C,A:A,C:C,A:A,T:T,G:G,T:T,A:A,A:A,G:G,G:G,C:C,C:C,G:G,T:T,T:T,G:G,A:A,G:G,G:G,C:C,A:A,A:A,A:A,A:A,T:T,C:C,C:C,C:C,G:G,G:G,T:T,C:C,G:G,T:C,T:T,T:T,T:T,G:G,G:G,G:G,A:A,A:A,G:G,C:C,A:A,C:C,A:A,C:C,T:T,G:G,C:C,A:A,A:A,G:G,A:G,T:T,C:G,C:C,C:C,C:C,G:G
ICSX152010-SB-17-1-2,C:C,C:C,T:T,G:G,A:A,C:C,A:A,G:G,A:A,T:T,G:G,T:T,A:A,A:A,A:A,G:G,C:C,C:C,G:G,T:T,T:T,G:G,A:A,C:C,C:C,G:G,T:T,A:A,A:A,A:A,G:G,C:C,G:G,C:C,G:G,G:G,T:T,C:C,G:G,T:C,T:T,T:T,T:T,G:G,G:G,G:G,A:A,A:A,C:C,C:C,A:A,C:C,T:T,C:C,C:C,G:G,C:C,A:A,A:A,G:G,A:A,C:C,C:G,C:C,C:C,C:C,G:G
ICSX152010-SB-17-2-1,C:C,C:C,T:T,G:G,A:A,C:C,A:A,C:C,A:A,T:T,G:G,T:T,A:A,A:A,A:A,G:G,C:C,C:C,?,T:T,T:T,G:G,A:A,C:C,C:C,G:G,T:T,A:A,A:A,A:A,G:G,C:C,C:C,C:C,G:G,G:G,T:T,C:C,G:G,T:C,T:T,T:T,T:T,G:G,G:G,A:A,A:A,A:A,C:C,C:C,A:A,C:C,T:T,C:C,C:C,G:G,C:C,A:A,A:A,G:G,A:A,C:C,C:G,C:C,C:C,C:C,G:G
ICSX152010-SB-17-2-2,C:C,C:C,T:T,G:G,A:A,C:C,A:A,C:C,A:A,T:T,G:G,T:T,A:A,A:A,A:A,G:G,C:C,C:C,G:G,T:T,T:T,G:G,A:A,C:C,C:C,G:G,T:T,A:A,A:A,A:A,G:G,C:C,C:C,C:C,G:G,G:G,T:T,C:C,G:G,T:C,T:T,T:T,T:T,G:G,G:G,A:A,A:A,A:A,C:C,C:C,A:A,C:C,T:T,C:C,C:C,G:G,Uncallable,A:A,A:A,G:G,A:A,C:C,C:G,C:C,C:C,C:C,G:G
ICSX152010-SB-2-3-1,C:C,C:C,T:T,G:G,A:A,C:C,A:A,G:G,A:A,T:T,G:G,T:T,A:A,A:A,G:G,G:G,C:C,C:C,G:G,T:T,C:C,T:T,A:A,C:C,C:C,G:G,T:T,A:A,A:A,A:A,T:T,C:C,G:G,C:C,G:G,G:G,T:T,C:C,G:G,T:C,T:T,T:T,T:T,G:G,G:G,A:A,A:A,A:A,C:C,C:C,A:A,C:C,T:T,C:C,C:C,A:G,C:C,A:A,A:A,G:G,A:A,C:C,C:G,C:C,T:T,C:C,G:G
ICSX152010-SB-3-1-1,C:C,C:C,T:T,G:G,A:A,C:C,A:A,C:C,A:A,T:T,G:G,T:T,A:A,A:A,A:A,G:G,C:C,C:C,G:A,T:T,T:T,G:G,A:A,C:C,C:C,G:G,T:T,A:A,A:A,A:A,G:G,C:C,C:C,C:C,G:G,G:G,T:T,C:C,G:G,T:C,T:T,T:T,T:T,G:G,G:G,A:A,A:A,A:A,C:C,C:C,A:A,C:C,T:T,C:C,C:C,G:G,C:C,A:A,A:A,G:G,A:A,C:C,C:G,C:C,C:C,C:C,G:G
ICSX152010-SB-3-3-1,C:C,C:C,T:T,G:G,A:A,C:C,A:A,C:C,A:A,T:T,G:G,T:T,A:A,A:A,G:G,G:G,C:C,C:C,G:G,T:T,C:C,T:T,A:A,C:C,C:C,G:G,A:A,A:A,A:A,A:A,T:T,C:C,C:C,C:T,G:G,G:G,T:T,C:C,G:G,T:C,T:T,T:T,T:T,G:G,G:G,G:G,A:A,A:A,G:G,C:C,A:A,C:C,T:T,C:C,C:C,G:G,C:C,A:A,A:A,G:G,A:A,C:C,C:G,C:C,C:C,C:C,G:G
ICSX152010-SB-9-1-1,C:C,C:C,T:T,G:G,A:A,C:C,A:A,G:C,A:A,T:T,G:G,T:T,A:A,A:A,G:G,G:G,C:C,C:C,G:G,T:T,T:T,T:T,A:A,C:C,C:C,G:G,A:A,A:A,A:A,A:A,G:G,C:C,G:G,C:C,G:G,G:G,T:T,C:C,G:G,T:C,T:T,T:T,T:T,G:G,G:G,G:G,A:A,A:A,C:C,C:C,A:A,T:T,A:A,C:C,T:T,G:G,T:T,A:A,A:A,G:G,A:A,C:C,C:G,C:C,C:C,C:C,G:G
KARIMTAMA1,C:C,C:C,T:T,G:G,A:A,C:C,A:A,C:C,A:A,T:T,G:G,T:T,A:A,A:A,A:A,G:G,C:C,C:C,G:G,T:T,T:T,G:G,G:G,C:C,C:C,G:G,T:T,A:A,A:A,A:A,T:T,C:C,C:C,C:T,G:G,G:G,T:T,C:C,G:G,T:C,T:T,T:T,T:T,G:G,G:G,A:A,A:A,A:A,G:G,C:C,A:A,C:C,T:T,C:C,T:T,A:A,T:T,A:A,A:A,G:G,A:A,C:C,C:G,C:C,T:T,C:C,G:G
ICSV172405,?,G:G,T:T,G:G,A:A,C:C,A:A,G:G,G:G,T:T,G:G,T:T,A:A,A:A,A:A,G:G,C:C,C:C,G:G,T:T,T:T,T:T,A:A,G:G,G:G,C:C,A:A,A:A,A:A,A:A,T:T,A:A,C:C,C:T,G:G,G:G,T:T,C:C,G:G,T:C,T:T,T:T,T:T,G:G,G:G,A:A,A:A,A:A,G:G,C:C,G:G,C:C,T:T,C:C,T:T,G:G,C:C,A:A,A:A,G:G,A:G,C:C,C:G,C:C,T:T,C:C,G:G
ICSV172406,C:C,G:G,T:T,G:G,A:A,C:C,A:A,G:G,G:G,T:T,G:G,T:T,A:A,A:A,A:A,G:G,C:C,C:C,G:G,T:T,T:T,T:T,A:A,G:G,G:G,C:C,A:A,A:A,A:A,A:A,T:T,A:A,C:C,C:T,G:G,G:G,T:T,C:C,G:G,T:C,T:T,T:T,T:T,G:G,G:G,A:A,A:A,A:A,G:G,C:C,G:G,C:C,T:T,C:C,T:T,G:G,C:C,A:A,A:A,G:G,A:G,C:C,C:G,C:C,T:T,C:C,G:G
ICSV172422,C:C,C:C,T:T,G:G,A:A,C:C,A:A,C:C,G:G,T:T,G:G,T:T,A:A,A:A,A:A,G:G,C:C,C:C,G:G,T:T,T:T,T:T,A:A,G:G,G:G,C:C,T:T,A:A,A:A,A:A,T:T,C:C,C:C,C:T,G:G,G:G,T:T,C:C,C:C,T:C,T:T,T:T,T:T,G:G,?,G:G,A:A,G:G,G:G,C:C,A:A,C:C,T:T,C:C,T:T,G:G,C:C,A:A,A:A,G:G,A:A,C:C,C:G,C:C,T:T,A:A,G:G
ICSV172425,C:C,C:C,T:T,G:G,A:A,C:C,A:A,C:C,G:G,T:T,G:G,T:T,A:A,A:A,A:A,G:G,C:C,C:C,G:G,T:T,T:T,T:T,A:A,G:G,G:G,C:C,T:T,A:A,A:A,A:A,T:T,C:C,C:C,C:T,G:G,G:G,T:T,C:C,C:C,T:C,T:T,T:T,T:T,G:G,?,G:G,A:A,G:G,G:G,C:C,A:A,C:C,T:T,C:C,T:T,G:G,C:C,A:A,A:A,G:G,A:A,C:C,C:G,C:C,T:T,A:A,G:G
ICSX152513-B-3-1-2-1-1,T:T,C:C,T:T,G:G,A:A,C:C,A:A,G:G,A:A,T:T,G:G,T:T,A:A,A:A,G:G,G:G,C:C,C:C,G:G,T:T,T:T,G:G,A:A,C:C,C:C,G:G,A:A,A:A,A:A,A:A,T:T,A:A,C:C,C:T,G:G,G:G,T:T,C:C,G:G,T:C,T:T,T:T,T:T,G:G,G:G,A:A,A:A,A:A,G:G,C:C,G:G,C:C,T:T,C:C,T:T,A:A,T:T,A:A,A:A,G:G,A:A,C:C,C:G,C:C,T:T,C:C,G:G
ICSX152513-B-3-1-2-2-1,T:C,G:C,T:T,C:C,G:G,C:C,A:A,C:C,A:A,T:T,G:G,T:T,A:A,A:A,A:A,C:C,A:A,C:C,G:G,T:T,T:T,G:G,A:A,G:G,G:G,C:C,T:T,A:A,A:A,A:A,G:T,C:C,G:G,C:T,G:G,G:G,T:T,C:C,G:G,C:C,T:T,T:C,T:T,G:G,G:G,G:G,A:A,?,C:C,C:C,G:G,C:C,T:T,C:C,T:T,G:G,T:T,A:A,G:G,G:G,A:A,Uncallable,C:G,C:C,T:T,C:C,G:G
ICSX152538-B-1-2-3-1-1,T:T,C:C,T:T,C:C,G:G,C:C,A:A,G:G,A:A,T:T,G:G,T:T,A:A,A:A,A:A,C:C,A:A,C:C,G:G,T:T,T:T,G:G,A:A,G:G,G:G,C:C,T:T,A:A,A:A,G:G,G:G,C:C,C:C,C:T,G:G,G:G,T:T,C:C,G:G,C:C,T:T,T:C,T:T,G:G,G:G,A:A,A:A,G:G,G:G,C:C,G:G,C:C,A:A,C:C,T:T,G:G,T:T,A:A,A:A,G:G,A:A,C:C,C:G,C:C,T:T,C:C,G:G
ICSX152555-B-2-2-2-1-1,C:C,C:C,G:G,G:G,A:A,C:C,A:A,G:G,A:A,T:T,G:G,T:T,C:C,A:A,A:G,C:C,C:C,C:C,G:G,T:T,T:T,T:T,G:G,G:G,G:G,C:C,T:T,A:A,A:A,G:G,G:G,C:C,G:G,T:T,G:G,C:C,T:T,C:C,G:G,T:T,T:T,T:C,T:T,G:G,A:A,G:G,A:A,G:G,C:C,C:C,G:G,C:C,?,C:C,C:C,G:G,T:T,A:A,A:A,G:G,A:G,C:C,C:G,C:C,T:T,A:A,G:G
ICSX152555-B-3-1-1-2-1,T:T,C:C,T:T,C:C,G:G,T:T,A:A,C:C,A:A,T:T,G:G,T:T,C:A,A:A,A:A,G:G,A:C,C:C,G:G,T:T,T:T,T:G,A:G,C:C,C:C,G:G,A:T,A:A,A:A,G:G,G:G,C:C,C:C,C:T,?,C:C,T:T,C:C,G:G,Uncallable,T:T,Uncallable,T:T,G:G,G:G,A:A,A:A,G:G,C:C,T:T,G:G,C:C,A:A,C:C,T:T,A:G,T:T,A:A,G:A,G:G,A:A,C:C,C:G,Uncallable,T:T,C:C,G:G
ICSX152619-B-1-2-1-1-1,C:C,C:C,T:T,C:C,G:G,C:C,A:A,G:G,A:A,T:T,G:G,T:T,A:A,A:A,A:A,C:C,C:C,C:C,G:G,T:T,T:T,G:G,A:A,C:C,C:C,G:G,A:A,A:A,A:A,A:A,T:T,C:C,C:C,C:T,G:G,G:G,T:T,C:C,G:G,T:C,T:T,T:T,T:T,G:G,?,A:A,A:A,G:G,G:G,C:C,A:A,C:C,T:T,C:C,C:C,G:G,T:T,A:A,G:G,G:G,A:G,C:C,C:G,C:C,T:T,C:C,G:G
ICSX152657-B-2-3-2-1-1-1,C:C,C:C,T:T,C:C,G:G,C:C,A:A,G:G,A:A,T:T,G:G,T:T,A:A,A:A,G:G,C:C,C:C,C:C,G:G,T:T,T:T,G:G,A:A,C:C,C:C,G:G,A:T,A:A,A:A,A:A,T:T,A:A,C:C,C:T,G:G,G:G,T:T,C:C,C:C,T:C,T:T,T:T,T:T,G:G,?,G:G,A:A,?,C:C,C:C,G:G,C:C,T:T,C:C,T:T,G:G,T:T,A:A,G:G,G:G,A:G,T:T,C:G,C:C,T:T,C:C,G:G
ICSX152657-B-2-3-2-1-2-1,C:C,C:C,T:T,C:C,G:G,C:C,A:A,G:G,A:A,T:T,G:G,T:T,A:A,A:A,G:G,C:C,C:C,C:C,G:G,T:T,T:T,T:T,A:A,C:C,C:C,G:G,A:A,A:A,A:A,A:A,T:T,A:A,C:C,C:T,G:G,G:G,T:T,C:C,C:C,T:C,T:T,T:T,T:T,G:G,?,G:G,A:A,?,C:C,C:C,G:G,C:C,T:T,C:C,T:T,G:G,T:T,A:A,G:G,G:G,A:G,T:T,C:G,C:C,T:T,C:C,G:G
ICSX152657-B-2-3-8-3-1-1,C:C,C:C,T:T,G:C,G:A,C:C,A:A,G:G,G:G,T:T,G:G,T:T,A:A,A:A,G:G,G:G,A:A,C:C,G:G,T:T,T:T,G:G,A:A,G:G,G:G,C:C,A:A,A:A,A:A,A:A,G:G,C:C,C:C,C:T,G:G,G:G,T:T,C:C,G:G,C:C,T:T,T:C,T:T,G:G,?,G:G,A:A,G:G,G:G,C:C,G:G,C:C,A:A,C:C,T:T,G:G,C:C,A:A,A:A,G:G,A:G,T:T,C:G,C:C,T:T,A:A,G:G
ICSX152657-B-2-3-8-3-2-1,C:C,C:C,T:T,C:C,G:G,C:C,A:A,G:G,G:G,T:T,G:G,T:T,A:A,A:A,G:G,G:G,A:A,C:C,G:G,T:T,T:T,G:G,A:A,G:G,G:G,C:C,A:A,A:A,A:A,A:A,G:G,C:C,C:C,C:T,G:G,G:G,T:T,C:C,G:G,C:C,T:T,T:C,T:T,G:G,?,G:G,A:A,G:G,G:G,C:C,G:G,C:C,A:A,C:C,T:T,G:G,C:C,A:A,A:A,G:G,A:G,T:T,C:G,C:C,T:T,A:A,G:G
ICSX152657-B-2-3-8-4-1-1,C:C,C:C,T:T,C:C,G:G,C:C,A:A,G:G,A:A,T:T,G:G,T:T,A:A,A:A,G:G,C:C,A:A,C:C,G:G,T:T,T:T,G:G,A:A,C:C,C:C,G:G,A:A,A:A,A:A,A:A,G:T,A:A,C:C,C:T,G:G,G:G,T:T,C:C,G:G,T:C,T:T,T:T,T:T,G:G,?,A:A,A:A,?,G:G,C:C,G:G,C:C,A:A,C:C,T:T,G:G,C:C,A:A,A:A,G:G,A:G,T:T,C:G,C:C,T:T,A:A,G:G
ICSX152657-B-2-3-8-4-2-1,C:C,C:C,T:T,G:G,A:A,C:C,A:A,G:G,A:A,T:T,G:G,T:T,A:A,A:A,G:G,C:C,A:A,C:C,G:G,T:T,T:T,G:G,A:A,C:C,C:C,G:G,A:A,A:A,A:A,A:A,G:G,A:A,C:C,C:T,G:G,G:G,T:T,C:C,G:G,T:C,T:T,T:T,T:T,G:G,?,A:A,A:A,?,G:G,C:C,G:G,C:C,A:A,C:C,T:T,G:G,C:C,A:A,A:A,G:G,A:G,T:T,C:G,C:C,T:T,A:A,G:G
ICSX152658-B-1-1-1-2-1-1,T:T,?,?,?,?,?,?,?,?,?,?,?,?,?,?,?,?,?,?,?,?,?,?,G:G,G:G,C:C,?,?,?,?,?,?,?,?,?,?,?,?,G:G,?,Uncallable,T:C,?,?,?,?,?,?,?,?,?,?,?,?,?,?,?,G:G,G:G,?,?,?,?,?,?,?,?
ICSX152658-B-1-2-1-1-1-1,T:T,C:C,T:T,C:C,G:G,C:C,A:A,C:C,G:G,T:T,G:G,T:T,A:A,A:A,G:G,C:C,A:A,C:C,G:G,T:T,T:T,G:G,A:A,C:C,C:C,G:G,T:T,A:A,A:A,A:A,G:G,C:C,C:C,C:T,G:G,G:G,T:T,C:C,G:G,Uncallable,T:T,T:T,T:T,G:G,G:G,A:A,A:A,G:G,G:G,C:C,G:G,C:C,T:T,C:C,T:T,G:G,T:T,A:A,A:A,G:G,A:A,C:C,C:G,C:C,T:T,C:C,G:G
ICSX152660-B-3-3-1-1-1,T:T,C:C,G:G,G:G,A:A,C:C,A:A,G:G,G:G,T:T,G:G,T:T,A:A,A:A,G:G,G:G,C:C,C:C,G:G,T:T,T:T,G:G,A:A,C:C,C:C,G:G,A:A,A:A,?,A:A,T:T,C:C,C:C,C:T,G:G,G:G,T:T,C:C,G:G,Uncallable,T:T,T:T,T:T,G:G,G:G,G:G,A:A,A:A,G:G,C:C,G:G,C:C,T:T,?,C:C,G:G,T:T,A:A,A:A,G:G,A:G,C:C,C:G,C:C,T:T,C:C,G:G
ICSX152666-B-2-7-3-1-1-1,C:C,C:C,T:T,G:G,A:A,C:C,A:A,C:C,A:A,T:T,G:G,T:T,A:A,A:A,A:A,G:G,C:C,C:C,G:G,T:T,T:T,G:G,A:A,C:C,C:C,G:G,A:A,A:A,A:A,A:A,T:T,A:A,C:C,C:T,G:G,G:G,T:T,C:C,C:C,Uncallable,T:T,T:T,T:T,G:G,?,A:G,A:A,G:G,G:G,C:C,G:G,C:C,T:T,C:C,C:C,G:G,C:C,A:A,A:A,G:G,A:A,C:C,C:G,C:C,T:T,A:A,G:G
ICSX152666-B-3-2-2-1-1-1,T:C,C:C,T:T,G:G,A:A,C:C,A:A,C:C,Uncallable,T:T,G:G,T:T,A:A,A:A,G:G,G:G,A:A,C:C,G:G,T:T,T:T,G:G,A:A,C:C,C:C,G:G,T:T,A:A,A:A,A:A,T:T,C:C,C:C,C:T,G:G,G:G,T:T,C:C,C:C,Uncallable,T:T,T:T,T:T,G:G,?,G:G,A:A,G:G,G:G,C:C,G:G,C:C,T:T,C:C,T:T,G:G,T:T,A:A,A:A,G:G,A:A,C:C,C:G,C:C,T:T,A:A,G:G
ICSX152666-B-3-2-2-2-1-1,C:C,C:C,T:T,G:G,A:A,C:C,A:A,G:G,A:A,T:T,G:G,T:T,A:A,A:A,A:A,G:G,C:C,C:C,G:G,T:T,T:T,G:G,A:A,G:G,G:G,C:C,T:T,A:A,A:A,G:G,G:T,C:C,C:C,C:C,G:G,G:G,T:T,C:C,C:C,C:C,T:T,T:C,T:T,G:G,?,A:A,A:A,G:G,G:G,C:C,G:G,C:C,T:T,C:C,C:C,G:G,T:T,A:A,A:A,G:G,A:G,T:T,C:G,C:C,T:T,C:C,G:G
ICSX152668-B-1-1-2-1-1-1,T:T,C:C,T:T,G:G,A:A,C:C,A:A,G:G,A:A,T:T,G:G,T:T,A:A,A:A,G:G,G:G,C:C,C:C,?,T:T,T:T,T:T,A:A,C:C,C:C,G:G,A:A,A:A,A:A,G:G,G:G,A:A,C:C,C:C,G:G,G:G,T:T,C:C,C:C,Uncallable,T:T,Uncallable,T:T,G:G,G:G,G:G,A:A,A:A,G:G,C:C,G:G,C:C,T:T,?,C:C,G:G,C:C,A:A,A:A,G:G,A:G,C:C,C:G,C:C,T:T,A:A,G:G
ICSX152668-B-2-1-5-1-1-1,T:T,C:C,T:T,G:G,A:A,C:C,A:A,G:G,A:A,T:T,G:G,T:T,A:A,A:A,G:G,G:G,C:C,C:C,G:G,T:T,T:T,T:T,A:A,C:C,C:C,G:G,A:A,A:A,A:A,A:A,G:G,C:C,C:C,C:C,G:G,G:G,T:T,C:C,C:C,T:C,T:T,Uncallable,T:T,G:G,G:G,G:G,A:A,A:A,G:G,C:C,G:G,C:C,T:T,?,C:C,G:G,T:T,A:A,A:A,G:G,A:G,C:C,C:G,C:C,T:T,A:A,G:G
ICSX162415-1-1-1-1-1,T:T,C:C,T:T,G:G,A:A,C:C,A:A,G:G,A:A,T:T,G:G,T:T,A:A,A:A,G:G,G:G,C:C,C:C,G:G,T:T,T:T,G:G,A:A,C:C,C:C,G:G,A:A,A:A,A:A,A:A,T:T,C:C,G:G,C:T,G:G,G:G,T:T,C:C,G:G,Uncallable,T:T,T:T,T:T,G:G,?,A:A,A:A,?,G:G,C:C,A:A,T:T,A:A,C:C,T:T,G:G,T:T,A:A,A:A,G:G,A:G,T:T,C:G,C:C,C:C,C:C,G:G
ICSX162415-1-1-1-1-2,T:T,C:C,T:T,G:G,A:A,C:C,A:A,G:G,A:A,T:T,G:G,T:T,A:A,A:A,G:G,G:G,C:C,C:C,G:G,T:T,T:T,G:G,A:A,C:C,C:C,G:G,A:A,A:A,A:A,A:A,T:T,C:C,G:G,C:T,G:G,G:G,T:T,C:C,G:G,Uncallable,T:T,T:T,T:T,G:G,?,A:A,A:A,?,C:C,C:C,A:A,T:T,A:A,C:C,T:T,G:G,T:T,A:A,A:A,G:G,A:G,T:T,C:G,C:C,C:C,C:C,G:G
ICSX162636-1-6-1-1-1,C:C,C:C,T:T,G:G,A:A,C:C,A:A,G:G,A:A,T:T,G:G,T:T,A:A,A:A,G:G,G:G,C:C,C:C,G:G,T:T,T:T,G:G,A:A,C:C,C:C,G:G,T:T,A:A,A:A,A:A,T:T,C:C,C:C,C:T,G:G,G:G,T:T,C:C,G:G,Uncallable,T:T,T:T,T:T,G:G,G:G,A:A,A:A,A:A,C:C,C:C,A:A,C:C,T:T,C:C,C:C,G:G,T:T,A:A,A:A,G:G,A:A,C:C,C:G,C:C,C:C,C:C,G:G
ICSX162636-1-6-1-2-1,C:C,C:C,T:T,G:G,A:A,C:C,A:A,C:C,A:A,T:T,G:G,T:T,A:A,A:A,G:G,G:G,C:C,C:C,G:G,T:T,T:T,G:G,A:A,C:C,C:C,G:G,T:T,A:A,A:A,A:A,T:T,C:C,C:C,C:T,G:G,G:G,T:T,C:C,G:G,T:C,T:T,T:T,T:T,G:G,G:G,A:A,A:A,A:A,C:C,C:C,A:A,C:C,T:T,C:C,C:C,G:G,T:T,A:A,A:A,G:G,A:A,C:C,C:G,C:C,C:C,C:C,G:G
ICSX162665-1-1-1-1-1,T:T,C:C,T:T,G:G,A:A,C:C,A:A,G:G,G:G,T:T,G:G,T:T,A:A,A:A,G:G,G:G,C:C,C:C,G:G,T:T,T:T,G:G,A:A,G:G,G:G,C:C,T:T,A:A,A:A,A:A,G:G,C:C,G:G,C:T,G:G,G:G,T:T,C:C,G:G,C:C,T:T,T:C,T:T,G:G,G:G,G:G,A:A,A:A,C:C,C:C,G:G,C:C,T:T,C:C,T:T,A:A,C:C,A:A,A:A,G:G,A:G,T:T,C:G,C:C,C:C,A:A,G:G
ICSX162677-1-1-1-1-1,C:C,C:C,T:T,G:G,A:A,C:C,A:A,G:G,G:G,?,G:G,T:T,A:A,A:A,A:A,C:C,A:A,C:C,G:G,T:T,T:T,G:G,A:A,G:G,G:G,C:C,T:T,A:A,A:A,A:A,G:G,C:C,C:C,C:T,G:G,G:G,T:T,C:C,C:C,C:C,T:T,T:C,T:T,G:G,?,G:G,A:A,G:G,G:G,Uncallable,G:G,C:C,A:A,C:C,C:C,G:G,C:C,A:A,A:A,G:G,A:G,T:T,C:G,C:C,T:T,A:A,G:G
ICSX162677-1-4-1-1,T:T,C:C,T:T,G:G,A:A,C:C,A:A,G:G,A:A,T:T,G:G,T:T,A:A,A:A,A:A,C:C,C:C,C:C,G:G,T:T,T:T,T:T,A:A,C:C,C:C,G:G,A:A,A:A,A:A,G:G,G:G,C:C,C:C,C:T,G:G,G:G,T:T,C:C,G:G,?,T:T,T:T,T:T,G:G,?,A:A,A:A,?,C:C,C:C,G:G,C:C,T:T,?,T:T,G:G,C:C,A:A,G:G,G:G,A:G,T:T,C:G,C:C,T:T,C:C,G:G
ICSX162698-1-1-1-2-1,C:C,C:C,T:T,G:G,A:A,C:C,A:A,C:C,G:G,T:T,G:G,T:T,A:A,A:A,G:G,G:G,A:A,C:C,?,T:T,T:T,G:G,A:A,C:C,C:C,G:G,T:T,G:G,G:G,G:G,G:G,C:C,G:G,C:T,G:G,G:G,T:T,C:C,G:G,C:C,T:T,Uncallable,T:T,Uncallable,G:G,A:A,A:A,A:A,C:C,C:C,G:G,C:C,T:T,C:C,T:T,A:A,T:T,A:A,A:A,G:G,A:A,C:C,C:G,C:C,C:C,A:A,G:G
ICSX162719-1-4-1-1-1,T:T,G:G,T:T,C:C,G:G,C:C,A:A,G:G,A:A,T:T,G:G,T:T,A:A,A:A,G:G,C:C,A:A,C:C,G:G,T:T,T:T,G:G,A:A,G:G,G:G,C:C,T:T,A:A,A:A,A:A,G:G,C:C,G:G,C:C,G:G,G:G,T:T,C:C,G:G,C:C,T:T,T:C,T:T,G:G,G:G,G:G,A:A,?,C:C,C:C,G:G,C:C,T:T,C:C,T:T,G:G,T:T,A:A,G:G,G:G,A:G,T:T,C:G,C:C,T:T,C:C,G:G
ICSX162719-1-4-2-1-1,T:T,G:G,T:T,C:C,G:G,C:C,A:A,G:G,A:A,T:T,G:G,T:T,A:A,A:A,G:G,C:C,A:A,C:C,G:G,T:T,T:T,G:G,A:A,G:G,G:G,C:C,T:T,A:A,A:A,A:A,G:G,C:C,G:G,C:C,G:G,G:G,T:T,C:C,G:G,C:C,T:T,T:C,T:T,G:G,G:G,G:G,A:A,?,C:C,C:C,G:G,C:C,T:T,C:C,T:T,G:G,T:T,A:A,G:G,G:G,A:G,T:T,C:G,C:C,T:T,C:C,G:G
ICSX162809-1-2-2-3-1,C:C,C:C,T:T,G:G,A:A,C:C,A:A,G:G,A:A,T:T,G:G,T:T,A:A,A:A,G:G,C:C,C:C,C:C,G:G,T:T,T:T,T:T,A:A,C:C,C:C,G:G,A:A,G:A,G:G,G:G,G:G,C:C,G:G,C:T,G:G,G:G,T:T,C:C,G:G,C:C,T:T,T:T,T:T,G:G,G:G,G:G,A:A,A:A,G:G,T:T,G:G,C:C,T:T,?,T:T,G:G,T:T,A:A,A:A,G:G,A:G,C:C,C:G,C:C,T:T,A:A,G:G
ICSX142109-SB-3-3-1-2-1,C:C,C:C,T:T,C:C,G:G,C:C,A:A,G:G,A:A,T:T,G:G,T:T,A:A,A:A,G:G,G:G,A:A,C:C,?,T:T,T:T,G:G,A:A,C:C,C:C,G:G,A:A,A:A,A:A,A:A,G:G,A:A,C:C,C:T,G:G,G:G,T:T,C:C,G:G,T:C,T:T,T:T,T:T,G:G,?,A:A,A:A,?,G:G,C:C,G:G,C:C,A:A,C:C,T:T,G:G,C:C,A:A,A:A,G:G,A:G,T:T,C:G,C:C,T:T,A:A,G:G
ICSX142131-SB-3-3-3-1-1,T:T,G:G,T:G,G:C,G:A,T:C,A:A,G:G,G:G,T:T,G:G,T:G,A:A,A:A,G:G,G:G,C:C,C:C,G:G,T:T,Uncallable,T:T,A:G,G:G,G:G,C:C,A:A,A:A,A:A,G:G,G:G,Uncallable,C:G,C:T,G:G,C:C,T:T,C:C,G:G,T:C,T:T,T:C,T:T,G:G,G:G,A:G,A:A,Uncallable,C:C,C:C,G:G,C:C,A:A,?,C:T,G:G,T:T,A:A,A:A,A:A,A:G,Uncallable,C:G,C:C,C:C,A:A,A:G
ICSX152002-SB-10-1-1-3-1,C:C,C:C,T:T,G:G,A:A,C:C,A:A,C:C,A:A,T:T,G:G,T:T,A:A,A:A,G:G,Uncallable,C:C,C:C,G:A,T:T,C:C,G:G,A:A,G:G,G:G,C:C,A:T,A:A,A:A,G:A,G:G,C:C,C:C,C:T,G:G,G:G,T:T,C:C,G:G,T:C,T:T,T:T,T:T,G:G,G:G,G:G,A:A,A:A,C:C,C:C,G:G,C:C,A:A,C:C,T:T,G:G,T:T,A:A,A:A,G:G,A:G,T:T,C:G,C:C,T:C,A:A,G:G
ICSX152004-SB-2-1-1-1,C:C,C:C,T:T,G:G,A:A,C:C,A:A,G:G,A:A,T:T,G:G,T:T,A:A,A:A,G:G,G:G,C:C,C:C,G:G,T:T,T:T,G:G,A:A,C:C,C:C,G:G,T:T,A:A,A:A,A:A,T:T,C:C,G:G,C:C,G:G,G:G,T:T,C:C,G:G,Uncallable,T:T,T:T,T:T,G:G,G:G,A:A,A:A,A:A,G:G,C:C,A:A,T:T,A:A,C:C,T:T,G:G,T:T,A:A,G:G,G:G,A:G,T:T,C:G,C:C,C:C,C:C,G:G
ICSX152005-SB-4-1-1-1,C:C,C:C,T:T,G:G,A:A,C:C,A:A,C:C,G:G,T:T,G:G,T:T,A:A,A:A,A:A,G:G,C:C,C:C,G:G,T:T,T:T,G:G,A:A,C:C,C:C,G:G,T:T,A:A,A:A,A:A,T:T,C:C,C:C,C:T,G:G,G:G,T:T,C:C,G:G,Uncallable,T:T,Uncallable,T:T,G:G,G:G,A:A,A:A,A:A,G:G,C:C,A:A,T:T,A:A,C:C,T:T,G:G,T:T,A:A,A:A,G:G,A:A,C:C,C:G,C:C,T:T,C:C,G:G
ICSX152005-SB-4-1-1-1-1,C:C,C:C,T:T,G:G,A:A,C:C,A:A,C:C,G:G,T:T,G:G,T:T,A:A,A:A,A:A,G:G,C:C,C:C,G:G,T:T,T:T,G:G,A:A,C:C,C:C,G:G,T:T,A:A,A:A,A:A,T:T,C:C,C:C,C:T,G:G,G:G,T:T,C:C,G:G,T:C,T:T,T:T,T:T,G:G,G:G,A:A,A:A,G:G,G:G,C:C,A:A,T:T,A:A,C:C,T:T,G:G,T:T,A:A,A:A,G:G,A:A,C:C,C:G,C:C,T:T,C:C,G:G
ICSX152005-SB-5-3-2-1,C:C,C:C,T:T,G:G,A:A,C:C,A:A,C:C,A:A,T:T,G:G,T:T,A:A,A:A,A:A,G:G,C:C,C:C,G:G,T:T,T:T,T:T,A:A,C:C,C:C,G:G,T:T,A:A,A:A,A:A,T:T,C:C,G:G,C:T,G:G,G:G,T:T,C:C,G:G,T:C,T:T,T:T,T:T,G:G,G:G,A:A,A:A,G:G,G:G,C:C,A:A,C:C,T:T,C:C,T:T,G:G,C:C,A:A,A:A,G:G,A:A,C:C,C:G,C:C,T:T,A:A,G:G
ICSX152006-SB-22-1-1-1-1,C:C,C:C,T:T,G:G,A:A,C:C,A:A,C:C,A:A,T:T,G:G,T:T,A:A,A:A,G:G,G:G,C:C,C:C,G:G,T:T,T:T,G:G,A:A,C:C,C:C,G:G,T:T,A:A,A:A,A:A,T:T,C:C,C:C,C:T,G:G,C:C,T:T,C:C,G:G,Uncallable,T:T,T:T,T:T,G:G,G:G,A:A,A:A,A:A,G:G,C:C,A:A,T:T,T:T,C:C,T:T,A:A,T:T,A:A,A:A,G:G,A:G,T:T,C:G,C:C,C:C,C:C,G:G
ICSX152006-SB-22-1-1-1-2,C:C,C:C,T:T,G:G,A:A,C:C,A:A,C:C,A:A,T:T,G:G,T:T,A:A,A:A,G:G,G:G,C:C,C:C,G:G,T:T,T:T,G:G,A:A,G:G,G:G,C:C,T:T,A:A,A:A,A:A,T:T,C:C,C:C,C:T,G:G,C:C,T:T,C:C,G:G,T:C,T:T,T:T,T:T,G:G,G:G,A:A,A:A,A:A,G:G,C:C,A:A,T:T,A:A,C:C,T:T,A:A,T:T,A:A,A:A,G:G,A:G,T:T,C:G,C:C,C:C,C:C,G:G
ICSX152006-SB-22-1-1-1-3,C:C,C:C,T:T,G:G,A:A,C:C,A:A,C:C,A:A,T:T,G:G,T:T,A:A,A:A,G:G,G:G,C:C,C:C,G:G,T:T,T:T,G:G,A:A,G:G,G:G,C:C,T:T,A:A,A:A,A:A,T:T,C:C,C:C,C:T,G:G,C:C,T:T,C:C,G:G,T:C,T:T,T:T,T:T,G:G,G:G,A:A,A:A,A:A,G:G,C:C,A:A,T:T,A:A,C:C,T:T,A:A,T:T,A:A,A:A,G:G,A:G,T:T,C:G,C:C,C:C,C:C,G:G
ICSX152006-SB-22-1-1-2-1,C:C,C:C,T:T,G:G,A:A,C:C,A:A,C:C,A:A,T:T,G:G,T:T,A:A,A:A,G:G,G:G,C:C,C:C,G:G,T:T,T:T,G:G,A:A,C:C,C:C,G:G,T:T,A:A,A:A,A:A,T:T,C:C,C:C,C:T,G:G,C:C,T:T,C:C,G:G,T:C,T:T,T:T,T:T,G:G,G:G,A:A,A:A,A:A,G:G,C:C,A:A,T:T,T:T,C:C,T:T,A:A,T:T,A:A,A:A,G:G,A:G,T:T,C:G,C:C,C:C,C:C,G:G
ICSX152006-SB-4-2-1-1,C:C,C:C,T:T,G:G,A:A,C:C,A:A,C:C,A:A,T:T,G:G,T:T,A:A,A:A,G:G,G:G,C:C,C:C,G:G,T:T,T:T,G:G,A:A,C:C,C:C,G:G,T:T,A:A,A:A,A:A,T:T,C:C,C:C,C:T,G:G,C:C,T:T,C:C,G:G,Uncallable,T:T,T:T,T:T,G:G,G:G,A:A,A:A,A:A,G:G,C:C,A:A,T:T,T:T,C:C,T:T,A:A,T:T,A:A,A:A,G:G,A:G,T:T,?,C:C,C:C,C:C,G:G
ICSX152009-SB-16-1-1-1-1,?,?,?,?,?,?,?,?,?,?,?,?,?,?,?,?,?,?,?,?,?,?,?,C:C,C:C,G:G,?,?,?,?,?,?,?,?,?,?,T:T,?,G:G,?,Uncallable,T:C,?,?,?,?,?,?,?,?,?,?,?,?,?,?,?,G:G,?,?,?,?,?,?,?,?,?
ICSX152009-SB-16-3-2-1-1,T:T,?,?,?,?,?,?,?,?,?,?,?,?,?,?,?,?,?,?,?,?,?,?,C:C,C:C,G:G,?,?,?,?,?,?,?,?,?,?,T:T,?,G:G,?,Uncallable,?,?,?,?,?,?,?,?,?,?,?,?,?,?,?,?,G:G,?,?,?,?,?,?,?,?,?
ICSX152009-SB-20-1-1-1,C:C,C:C,T:T,G:G,A:A,C:C,A:A,C:C,G:G,T:T,G:G,T:T,A:A,A:A,A:A,G:G,C:C,C:C,G:G,T:T,T:T,G:G,A:A,C:C,C:C,G:G,T:T,A:A,A:A,A:A,T:T,C:C,C:C,C:T,G:G,G:G,T:T,C:C,G:G,T:C,T:T,T:T,T:T,G:G,G:G,A:A,A:A,A:A,G:G,C:C,A:A,T:T,A:A,C:C,T:T,A:A,T:T,A:A,A:A,G:G,A:A,C:C,C:G,C:C,C:C,A:A,G:G
ICSX152010-SB-1-1-1-1,C:C,C:C,T:T,G:G,A:A,C:C,A:A,C:C,A:A,T:T,G:G,T:T,A:A,A:A,G:G,G:G,C:C,C:C,G:G,T:T,T:T,G:G,A:A,G:G,G:G,C:C,T:T,A:A,A:A,A:A,G:G,C:C,G:G,C:C,G:G,G:G,T:T,C:C,G:G,T:C,T:T,T:T,T:T,G:G,G:G,A:A,A:A,A:A,G:G,C:C,A:A,C:C,T:T,C:C,C:C,G:G,C:C,A:A,A:A,G:G,A:A,C:C,C:G,C:C,T:T,C:C,G:G
ICSX152010-SB-1-3-2-1,C:C,C:C,T:T,G:G,A:A,C:C,A:A,C:C,A:A,T:T,G:G,T:T,A:A,A:A,G:G,G:G,C:C,C:C,G:G,T:T,C:C,G:G,A:A,C:C,C:C,G:G,A:T,A:A,A:A,A:A,G:G,C:C,G:G,C:C,G:G,G:G,T:T,C:C,G:G,T:C,T:T,T:T,T:T,G:G,G:G,A:A,A:A,A:A,G:G,C:C,A:A,C:C,T:T,C:C,C:C,G:G,C:C,A:A,A:A,G:G,A:G,T:T,C:G,C:C,T:T,C:C,G:G
ICSX152010-SB-17-1-2-1,C:C,C:C,T:T,G:G,A:A,C:C,A:A,G:G,A:A,T:T,G:G,T:T,A:A,A:A,G:G,G:G,C:C,C:C,Uncallable,T:T,T:T,G:G,A:A,C:C,C:C,G:G,T:T,A:A,A:A,A:A,G:G,C:C,G:G,C:C,G:G,G:G,T:T,C:C,G:G,T:C,T:T,T:T,T:T,G:G,G:G,A:A,A:A,A:A,C:C,C:C,A:A,C:C,T:T,C:C,C:C,G:G,Uncallable,A:A,A:A,G:G,A:A,C:C,C:G,C:C,C:C,C:C,G:G
ICSX152010-SB-17-2-2-1,C:C,C:C,T:T,G:G,A:A,C:C,A:A,C:C,A:A,T:T,G:G,T:T,A:A,A:A,A:A,G:G,C:C,C:C,G:G,T:T,T:T,G:G,A:A,C:C,C:C,G:G,T:T,A:A,A:A,A:A,T:T,C:C,C:C,C:C,G:G,G:G,T:T,C:C,G:G,T:C,T:T,T:T,T:T,G:G,G:G,A:A,A:A,A:A,C:C,C:C,A:A,C:C,T:T,C:C,C:C,G:G,C:C,A:A,A:A,G:G,A:A,C:C,C:G,C:C,C:C,C:C,G:G
ICSX162016-SB-1-2-1-1,C:C,C:C,T:T,G:G,A:A,C:C,A:A,C:C,A:A,T:T,G:G,T:T,C:C,A:A,A:A,G:G,A:A,C:C,G:G,T:T,C:C,T:T,A:A,G:G,G:G,C:C,A:A,A:A,A:A,A:A,T:T,C:C,C:C,C:T,G:G,G:G,T:T,T:T,C:C,T:C,T:C,C:C,T:T,G:G,A:G,G:G,A:A,?,C:C,Uncallable,G:G,C:C,A:A,?,C:C,G:G,T:T,A:A,A:A,G:G,A:A,C:C,C:G,C:C,C:C,C:C,A:A
ICSX162031-SB-2-2-1-1,C:C,C:C,T:T,G:G,A:A,C:C,A:A,G:G,G:G,T:T,G:G,T:T,A:A,A:A,A:A,G:G,A:A,C:C,?,T:T,T:T,T:T,A:A,C:C,C:C,G:G,T:T,Uncallable,G:G,A:A,T:T,C:C,C:C,C:T,G:G,G:G,T:T,C:C,C:C,C:C,T:T,T:T,T:T,G:G,?,G:G,A:A,?,C:C,C:C,G:G,C:C,T:T,?,T:T,G:G,C:C,A:A,A:A,G:G,A:A,C:C,C:G,C:C,T:T,A:A,G:G
ICSX162057-SB-1-1-1-1,C:C,C:C,T:T,G:G,A:A,C:C,A:A,G:G,A:A,T:T,G:G,T:T,A:A,A:A,G:G,G:G,A:A,T:T,G:G,T:T,T:T,G:G,A:A,C:C,C:C,G:G,T:T,G:A,A:A,A:A,G:G,C:C,C:C,C:T,G:G,G:G,T:T,C:C,G:G,T:C,T:T,T:T,T:T,G:G,G:G,A:A,A:A,G:G,G:G,C:C,G:G,C:C,T:T,C:C,T:T,G:G,T:T,A:A,A:A,G:G,A:A,T:T,C:G,C:C,C:C,C:C,G:G
ICSX162470-SB-1-1-2-1,T:T,G:G,T:T,C:C,G:G,C:C,A:A,G:G,A:A,T:T,G:G,T:T,A:A,A:A,G:G,C:C,C:C,C:C,G:G,T:T,T:T,G:G,A:A,C:C,C:C,G:G,T:T,A:A,A:A,A:A,T:T,C:C,C:C,C:T,G:G,G:G,T:T,C:C,G:G,T:C,T:T,T:T,T:T,G:G,?,A:A,A:A,?,C:C,C:C,A:A,C:C,T:T,C:C,T:T,G:G,T:T,A:A,G:G,G:G,A:G,T:T,C:G,C:C,T:T,C:C,G:G
ICSX162473-SB-1-1-1-1,C:C,C:C,T:T,G:G,A:A,C:C,A:A,C:C,A:A,T:T,G:G,T:T,A:A,A:A,A:A,G:G,C:C,C:C,G:G,T:T,T:T,T:T,G:G,C:C,C:C,G:G,T:T,A:A,A:A,A:A,T:T,C:C,C:C,C:T,G:G,G:G,T:T,C:C,G:G,T:C,T:T,T:T,T:T,G:G,G:G,A:A,A:A,G:G,G:G,C:C,A:A,C:C,T:T,C:C,T:T,G:G,C:C,A:A,A:A,G:G,A:A,C:C,C:G,C:C,T:T,C:C,G:G
ICSX162473-SB-1-1-1-2,C:C,C:C,T:T,G:G,A:A,C:C,A:A,C:C,A:A,T:T,G:G,T:T,A:A,A:A,A:A,G:G,C:C,C:C,G:G,T:T,T:T,T:T,G:G,C:C,C:C,G:G,T:T,A:A,A:A,A:A,T:T,C:C,C:C,C:T,G:G,G:G,T:T,C:C,G:G,T:C,T:T,T:T,T:T,G:G,G:G,A:A,A:A,G:G,G:G,C:C,A:A,C:C,T:T,C:C,T:T,G:G,Uncallable,A:A,A:A,G:G,A:A,C:C,C:G,C:C,T:T,C:C,G:G
ICSX162607-SB-1-2-1-1,T:T,C:C,T:T,C:C,G:G,C:C,A:A,G:G,A:A,T:T,G:G,T:T,A:A,A:A,A:A,C:C,A:A,C:C,G:G,T:T,T:T,G:G,A:A,G:G,G:G,C:C,A:A,A:A,A:A,G:G,G:G,C:C,C:C,C:T,G:G,G:G,T:T,C:C,G:G,Uncallable,T:T,T:C,T:T,G:G,?,A:A,A:A,?,C:C,C:C,G:G,C:C,A:A,C:C,T:T,G:G,T:T,A:A,G:G,G:G,A:G,T:T,C:G,C:C,T:T,C:C,G:G
ICSX162611-SB-2-1-1-1,T:T,C:C,T:T,C:C,G:G,C:C,A:A,G:G,A:A,T:T,G:G,T:T,A:A,A:A,A:A,C:C,A:A,C:C,G:G,T:T,T:T,G:G,A:A,G:G,G:G,C:C,A:A,A:A,A:A,G:G,G:G,C:C,C:C,C:T,G:G,G:G,T:T,C:C,G:G,Uncallable,T:T,T:C,T:T,G:G,?,A:A,A:A,?,C:C,C:C,G:G,C:C,A:A,C:C,T:T,G:G,T:T,A:A,G:G,G:G,A:G,T:T,?,C:C,T:T,C:C,G:G
ICSX162613-SB-1-2-1-1,C:C,C:C,T:T,C:C,G:G,C:C,A:A,G:G,A:A,T:T,G:G,T:T,A:A,A:A,G:G,C:C,A:A,C:C,G:G,T:T,T:T,T:T,G:G,C:C,C:C,G:G,T:T,A:A,A:A,A:A,G:G,C:C,C:C,C:T,G:G,G:G,T:T,C:C,G:G,T:C,T:T,T:T,T:T,G:G,?,A:A,A:A,?,C:C,C:C,G:G,C:C,A:A,C:C,T:T,G:G,T:T,A:A,G:G,G:G,A:A,C:C,C:G,C:C,T:T,C:C,G:G
ICSX162613-SB-1-2-1-2,T:T,C:C,T:T,C:C,G:G,C:C,A:A,G:G,A:A,T:T,G:G,T:T,A:A,A:A,G:G,C:C,C:C,C:C,G:G,T:T,T:T,G:G,A:A,G:G,G:G,C:C,A:T,A:A,A:A,A:A,G:G,C:C,C:C,C:T,G:G,G:G,T:T,C:C,G:G,C:C,T:T,T:C,T:T,G:G,G:G,A:A,A:A,?,C:C,C:C,A:A,C:C,T:T,C:C,T:T,G:G,T:T,G:G,G:A,G:G,A:G,T:T,C:G,C:C,T:T,C:C,G:G
ICSX162613-SB-2-1-1-1,C:C,C:C,T:T,G:G,A:A,C:C,A:A,C:C,A:A,T:T,G:G,T:G,A:A,A:A,A:A,G:G,C:C,C:C,G:G,T:T,T:T,T:T,A:A,G:G,G:G,C:C,T:T,A:A,A:A,A:A,T:T,C:C,C:C,C:T,G:G,G:G,T:T,C:C,G:G,T:C,T:T,T:T,T:T,G:G,G:G,G:G,A:A,A:A,C:C,C:C,A:A,C:C,T:T,C:C,T:T,G:G,C:C,A:A,A:A,G:G,A:A,C:C,C:G,C:C,T:T,C:C,G:G
ICSX162613-SB-2-1-1-2,C:C,C:C,T:T,G:G,A:A,C:C,A:A,G:G,A:A,T:T,G:G,T:G,A:A,A:A,A:A,G:G,C:C,C:C,G:G,T:T,T:T,T:T,A:A,G:G,G:G,C:C,T:T,A:A,A:A,A:A,T:T,C:C,C:C,C:T,G:G,G:G,T:T,C:C,G:G,T:C,T:T,T:T,T:T,G:G,G:G,G:G,A:A,A:A,C:C,C:C,A:A,C:C,T:T,C:C,T:T,G:G,C:C,G:G,A:A,G:G,A:A,C:C,C:G,C:C,T:T,C:C,G:G
ICSX162613-SB-2-1-2-1,C:C,C:C,T:T,G:G,A:A,C:C,A:A,C:C,A:A,T:T,G:G,T:G,A:A,A:A,A:A,G:G,C:C,C:C,G:G,T:T,T:T,T:T,A:A,G:G,G:G,C:C,T:T,A:A,A:A,A:A,T:T,C:C,C:C,C:T,G:G,G:G,T:T,C:C,G:G,T:C,T:T,T:T,T:T,G:G,G:G,G:G,A:A,A:A,C:C,C:C,A:A,C:C,T:T,C:C,T:T,G:G,C:C,A:A,A:A,G:G,A:A,Uncallable,C:G,C:C,T:T,C:C,G:G
ICSX162613-SB-2-2-1-1,C:C,G:G,T:T,G:G,A:A,C:C,A:A,G:G,A:A,T:T,G:G,Uncallable,A:A,A:A,A:A,G:G,C:C,C:C,G:A,T:T,Uncallable,T:T,A:A,G:G,G:G,C:C,T:T,A:A,A:A,A:A,T:T,C:C,C:C,C:T,G:G,G:G,T:T,C:C,G:G,T:C,T:T,T:T,T:T,G:G,G:G,G:G,A:A,A:A,C:C,C:C,A:A,C:C,T:T,C:C,T:T,G:G,C:C,A:A,A:A,G:G,A:A,C:C,C:G,C:C,T:T,C:C,G:G
ICSX162669-SB-1-1-1-1,T:T,C:C,T:T,C:C,G:G,C:C,A:A,G:G,A:A,T:T,G:G,T:T,A:A,A:A,G:G,C:C,A:A,C:C,G:G,T:T,T:T,G:G,A:A,G:G,G:G,C:C,A:A,A:A,A:A,A:A,G:G,C:C,C:C,C:T,G:G,G:G,T:T,C:C,G:G,C:C,T:T,T:C,T:T,G:G,?,A:A,A:A,?,C:C,C:C,G:G,C:C,A:A,C:C,T:T,G:G,T:T,A:A,G:G,G:G,A:G,T:T,C:G,C:C,T:T,C:C,G:G
ICSX162714-SB-1-2-1-1,T:T,C:C,T:T,G:G,A:A,C:C,A:A,C:C,A:A,T:T,G:G,T:T,A:A,A:A,A:A,G:G,C:C,C:C,A:A,C:C,T:T,G:G,A:A,G:G,G:G,C:C,A:A,A:A,A:A,G:G,G:G,C:C,C:C,C:T,G:G,G:G,T:T,C:C,G:G,T:C,T:T,T:T,T:T,G:G,G:G,A:A,A:A,?,G:G,C:C,A:A,C:C,T:T,C:C,T:T,G:G,T:T,A:A,A:A,G:G,A:G,T:T,C:G,C:C,C:C,C:C,G:G
ICSX162714-SB-1-2-2-1,T:T,C:C,T:T,C:C,G:G,C:C,A:A,G:G,A:A,T:T,G:G,T:T,A:A,A:A,A:A,C:C,A:A,C:C,Uncallable,T:T,T:T,G:G,A:A,G:G,G:G,C:C,A:A,A:A,A:A,G:G,G:G,C:C,C:C,C:T,G:G,G:G,T:T,C:C,G:G,Uncallable,T:T,T:C,T:T,G:G,?,A:A,A:A,?,C:C,C:C,G:G,C:C,A:A,C:C,T:T,G:G,T:T,A:A,G:G,G:G,A:G,T:T,C:G,C:C,T:T,C:C,G:G
ICSX162714-SB-2-1-1-1,T:T,C:C,T:T,C:C,G:G,C:C,A:A,G:G,A:A,T:T,G:G,T:T,A:A,A:A,A:A,C:C,A:A,C:C,G:A,T:T,T:T,G:G,A:A,G:G,G:G,C:C,A:T,A:A,A:A,A:A,G:G,C:C,C:C,C:C,G:G,G:G,T:T,C:C,G:G,Uncallable,T:T,T:C,T:T,G:G,G:G,G:G,A:A,?,C:C,C:C,G:G,C:C,A:A,C:C,T:T,G:G,T:T,A:A,G:G,G:G,A:G,T:T,C:G,C:C,T:T,C:C,G:G
ICSX162743-SB-1-1-1-1,?,?,?,?,?,?,?,?,?,?,?,?,?,?,?,?,?,?,?,?,?,?,?,G:G,G:G,C:C,?,?,?,?,?,?,?,?,?,?,?,?,G:G,?,Uncallable,?,?,?,?,?,?,?,?,?,?,?,?,?,?,?,?,G:G,?,?,?,?,?,?,?,?,?
ICSX162743-SB-1-1-2-1,T:T,C:C,T:T,C:C,G:G,C:C,A:A,G:G,A:A,T:T,G:G,T:T,A:A,A:A,A:A,C:C,A:A,C:C,G:A,T:T,T:T,G:G,A:A,G:G,G:G,C:C,A:A,A:A,A:A,A:A,G:G,C:C,C:C,C:T,G:G,G:G,T:T,C:C,G:G,Uncallable,T:T,T:C,T:T,G:G,?,A:A,A:A,A:A,C:C,C:C,G:G,C:C,A:A,C:C,T:T,G:G,T:T,A:A,G:G,G:G,A:G,T:T,C:G,C:C,T:T,C:C,G:G
IESV92022_1SH-B,C:C,C:C,T:T,G:G,A:A,C:C,A:A,C:C,G:G,T:T,G:G,T:T,A:A,A:A,A:A,G:G,C:C,C:C,G:G,T:T,T:T,T:T,A:A,G:G,G:G,C:C,T:T,A:A,A:A,A:A,T:T,C:C,C:C,C:T,G:G,G:G,T:T,C:C,C:C,T:C,T:T,T:T,T:T,G:G,?,G:G,A:A,G:G,G:G,C:C,A:A,C:C,Uncallable,C:C,T:T,G:G,C:C,A:A,A:A,G:G,A:A,C:C,C:G,C:C,T:T,A:A,G:G
BF88-2:31-3,C:C,C:C,T:T,G:G,A:A,C:C,A:A,C:C,A:A,T:T,G:G,T:T,A:A,G:G,A:A,G:G,C:C,C:C,Uncallable,T:T,T:T,G:G,G:G,C:C,C:C,G:G,T:T,A:A,A:A,A:A,T:T,C:C,C:C,C:T,G:G,G:G,T:T,C:C,G:G,T:C,T:T,T:T,T:T,G:G,G:G,A:A,A:A,A:A,G:G,C:C,A:A,T:T,A:A,?,T:T,A:A,T:T,A:A,A:A,G:G,A:G,T:T,C:G,C:C,T:T,A:A,G:G
Sariaso17,T:T,C:C,T:T,G:G,A:A,C:C,A:A,G:G,A:A,T:T,G:G,T:T,C:C,A:A,A:A,G:G,C:C,C:C,G:A,T:T,T:T,T:T,A:A,G:G,G:G,C:C,T:T,A:A,G:G,G:G,T:T,C:C,G:G,T:T,G:G,C:C,T:T,C:C,G:G,T:C,T:T,T:T,T:T,G:G,G:G,A:A,A:A,A:A,C:C,C:C,G:G,C:C,T:A,C:C,T:T,G:G,T:T,Uncallable,A:A,G:G,A:A,C:C,C:G,C:C,T:T,C:C,A:A
BF99-6_5-1-1,T:T,C:C,T:T,G:G,A:A,C:C,A:A,C:C,G:G,T:T,G:G,T:T,C:C,A:A,A:A,G:G,C:C,C:C,Uncallable,T:T,T:T,T:T,A:A,G:G,G:G,C:C,T:T,A:A,G:G,G:G,T:T,C:C,G:G,C:T,?,G:G,T:T,C:C,G:G,C:C,T:T,T:C,T:T,G:G,G:G,A:A,A:A,A:A,C:C,C:C,A:A,C:C,T:A,C:C,T:T,A:A,T:T,A:A,A:A,G:G,A:A,C:C,C:G,C:C,T:T,C:C,A:A
Sariaso10,C:C,C:C,T:T,G:G,A:A,C:C,A:A,C:C,G:G,T:T,G:G,T:T,A:A,A:A,G:G,G:G,C:C,C:C,G:A,T:T,C:C,G:G,G:G,C:C,C:C,G:G,T:T,A:A,A:A,A:A,T:T,C:C,C:C,C:T,G:G,G:G,T:T,C:C,G:G,T:C,T:T,T:T,T:T,G:G,G:G,G:G,A:A,A:A,G:G,C:C,G:G,C:C,A:A,C:C,C:C,A:A,T:T,A:A,G:G,G:G,A:A,C:C,C:G,C:C,C:C,A:A,G:G
BF85-4:28-1-2,C:C,G:G,T:T,G:G,A:A,C:C,A:A,G:G,A:A,T:T,G:G,T:T,A:A,A:A,G:G,G:G,C:C,C:C,G:G,T:T,T:T,T:T,A:A,C:C,C:C,G:G,A:A,G:A,A:A,A:A,G:G,C:C,G:G,C:T,G:G,G:G,T:T,C:C,G:G,T:C,T:T,T:T,T:T,Uncallable,G:G,G:G,A:A,A:A,G:G,C:C,A:A,C:C,T:T,C:C,T:T,A:A,T:T,A:A,A:A,G:G,A:A,C:C,C:G,C:C,T:T,C:C,G:G
Sariaso16,T:C,C:C,T:T,G:G,A:A,C:C,A:A,C:C,A:A,T:T,G:G,T:T,A:A,G:G,A:A,C:C,C:C,C:C,G:G,T:T,T:T,T:T,G:G,C:C,C:C,G:G,T:T,G:A,G:G,A:A,T:T,C:C,C:C,C:T,G:G,G:G,T:T,C:C,G:G,T:C,T:T,T:T,T:T,G:G,?,A:A,A:A,A:A,C:C,C:C,G:G,C:C,T:T,?,T:T,A:A,T:T,A:A,A:A,G:G,A:G,T:T,C:G,C:C,T:T,C:C,G:G
BF95-1:10-1-2-1-1-1,T:T,C:C,T:T,G:G,A:A,C:C,A:A,G:G,A:A,T:T,G:G,T:T,A:A,A:A,A:A,C:C,C:C,C:C,G:A,T:T,T:T,T:T,A:A,G:G,G:G,C:C,T:T,Uncallable,G:G,A:A,G:G,C:C,G:G,C:T,G:G,G:G,C:T,T:T,G:G,C:C,T:T,T:C,T:T,G:G,G:G,A:A,A:A,G:G,C:C,C:C,G:G,C:C,A:A,C:C,T:T,A:A,T:T,A:A,A:A,G:G,A:A,C:C,C:G,C:C,C:C,A:A,A:A
CEF390:4-1-1,T:T,C:C,T:T,G:G,A:A,C:C,A:A,G:G,A:A,T:T,G:G,T:T,A:A,A:A,G:G,G:G,C:C,C:C,A:A,C:C,C:C,G:G,A:A,C:C,C:C,G:G,T:T,G:A,A:A,A:A,T:T,C:C,G:G,C:T,G:G,G:G,T:T,C:C,G:G,T:C,T:T,T:T,T:T,G:G,G:G,A:A,A:A,A:A,G:G,C:C,G:G,C:C,T:T,C:C,T:T,A:A,C:C,G:G,A:A,G:G,A:A,C:C,C:G,C:C,C:C,C:C,G:G
Sariaso11,C:C,C:C,T:T,G:G,A:A,C:C,A:A,C:C,A:A,T:T,G:G,T:T,A:A,A:A,A:A,G:G,C:C,C:C,Uncallable,T:T,C:C,G:G,G:G,C:C,C:C,G:G,T:T,G:A,A:A,G:G,T:T,C:C,G:G,C:T,G:G,G:G,T:T,T:T,G:G,T:C,T:T,T:T,T:T,G:G,G:G,A:A,A:A,A:A,G:G,C:C,G:G,C:C,A:A,C:C,T:T,A:A,T:T,A:A,A:A,G:G,A:A,C:C,C:G,C:C,T:T,C:C,A:A
CEM326:1-5-1-1,T:T,G:G,T:T,G:G,A:A,C:C,A:A,G:C,Uncallable,T:T,G:G,T:T,A:A,A:A,A:A,C:G,C:C,C:C,G:G,T:T,T:T,T:G,A:A,C:C,C:C,G:G,T:T,A:A,A:A,G:A,T:T,C:C,C:G,C:T,G:G,G:G,T:T,C:C,G:G,Uncallable,T:T,Uncallable,T:T,G:G,?,A:A,A:A,Uncallable,C:C,C:C,A:A,C:C,A:A,C:C,C:T,A:A,T:T,A:A,A:A,G:G,A:A,C:C,C:G,C:C,T:T,A:A,A:A
Sariaso14,T:T,C:C,T:T,G:G,A:A,C:C,A:A,G:G,G:G,T:T,G:G,T:T,A:A,A:A,A:A,G:G,C:C,C:C,G:A,T:T,T:T,G:G,A:A,G:G,G:G,C:C,T:T,G:A,G:G,G:G,G:G,C:C,G:G,C:T,G:G,C:C,T:T,C:C,G:G,C:C,T:T,T:C,T:T,G:G,?,A:A,A:A,A:A,C:C,C:C,G:G,C:C,T:T,C:C,T:T,G:G,T:T,A:A,A:A,G:G,A:A,C:C,C:G,C:C,T:T,C:C,A:A
Sariaso15,T:T,C:C,T:T,G:G,A:A,C:C,A:A,C:C,A:A,T:T,G:G,T:T,C:C,A:A,A:A,C:C,C:C,C:C,Uncallable,T:T,T:T,G:G,G:G,C:C,C:C,G:G,A:A,G:A,G:G,G:G,T:T,C:C,G:G,C:T,G:G,G:G,T:T,T:T,G:G,T:C,T:T,T:T,T:T,G:G,?,A:A,A:A,A:A,G:G,C:C,G:G,C:C,A:A,?,T:T,A:A,T:T,A:A,A:A,G:G,A:G,T:T,C:G,C:C,T:T,C:C,A:A
F2-20,?,G:G,T:T,G:G,A:A,C:C,A:A,G:G,A:A,T:T,G:G,T:T,A:A,A:A,A:A,C:C,C:C,C:C,G:G,T:T,T:T,G:G,A:A,G:G,G:G,C:C,T:T,G:A,G:G,A:A,T:T,C:C,G:G,C:T,G:G,G:G,T:T,C:C,G:G,C:C,T:T,T:C,T:T,G:G,?,A:A,A:A,A:A,C:C,C:C,A:A,C:C,A:A,C:C,T:T,A:A,T:T,A:A,A:A,G:G,A:A,C:C,C:G,C:C,C:C,A:A,A:A
E36-1,?,C:C,T:T,C:C,G:G,T:T,A:A,G:G,A:A,T:T,G:G,T:T,A:A,A:A,A:A,G:G,A:A,T:T,G:A,T:T,T:T,G:G,G:G,C:C,C:C,G:G,T:T,A:A,A:A,A:A,T:T,C:C,G:G,C:T,G:G,G:G,T:T,C:C,G:G,T:C,T:T,T:T,T:T,G:G,G:G,A:A,A:A,A:A,G:G,C:C,G:G,C:C,A:A,C:C,C:C,A:A,T:T,A:A,G:G,G:G,A:A,C:C,C:G,C:C,C:C,C:C,G:G
ICSB686,T:T,G:G,G:G,C:C,G:G,T:T,A:A,C:C,G:G,T:T,G:G,T:T,A:A,A:A,A:A,G:G,A:A,T:T,A:A,C:C,C:C,G:G,G:G,C:C,C:C,G:G,T:T,G:A,A:A,G:G,T:T,C:C,G:G,C:T,?,C:C,C:T,T:T,G:G,T:C,T:T,T:T,T:T,G:G,A:G,G:G,A:A,A:A,C:C,T:T,G:G,C:C,A:A,?,T:T,A:A,T:T,A:A,A:A,G:G,A:A,C:C,C:G,C:C,C:C,C:C,G:G
IS29872B,T:T,G:G,G:G,C:C,G:G,C:C,C:C,C:C,G:G,T:T,G:G,T:T,A:A,A:A,G:G,G:G,C:C,C:C,A:A,C:C,C:C,G:G,A:A,G:G,G:G,C:C,A:A,A:A,A:A,A:A,G:G,C:C,G:G,C:T,G:G,C:C,Uncallable,C:C,G:G,C:C,T:T,Uncallable,T:T,A:A,G:G,A:A,A:A,G:G,C:C,C:C,A:A,C:C,T:T,?,T:T,G:G,T:T,A:A,A:A,A:A,A:G,T:T,C:G,C:C,C:C,C:C,G:G
GCP6-3-1,T:T,C:C,T:T,G:G,A:A,C:C,A:A,G:G,G:G,T:T,G:G,T:T,C:C,G:G,G:G,C:C,C:C,C:C,G:A,T:T,C:C,G:G,A:A,G:G,G:G,C:C,T:T,A:A,A:A,A:A,T:T,C:C,G:G,C:T,G:G,C:C,T:T,T:T,G:G,C:C,T:T,T:C,T:T,G:G,?,A:A,A:A,A:A,C:C,C:C,G:G,C:C,T:T,C:C,T:T,G:G,T:T,A:A,A:A,G:G,A:G,C:C,C:G,C:C,C:C,?,G:G
ICSB1630025,T:T,G:G,T:T,C:C,G:G,C:C,A:A,C:C,G:G,T:T,A:A,T:T,A:A,G:G,G:G,C:G,C:C,C:C,A:A,C:C,C:C,G:G,G:G,G:G,G:G,C:C,T:T,A:A,A:A,A:A,G:G,C:C,C:C,C:C,G:G,C:C,T:T,Uncallable,C:C,Uncallable,T:T,T:C,T:T,Uncallable,G:G,G:G,A:A,A:A,G:G,C:C,A:A,T:T,T:A,C:C,T:T,G:G,T:T,A:A,A:A,A:A,A:G,T:T,G:G,G:G,Uncallable,A:A,G:G
GCP9-3-2-2,C:C,C:C,T:T,G:G,A:A,C:C,A:A,G:G,A:A,T:T,G:G,T:T,C:C,A:A,G:G,C:C,C:C,C:C,G:A,T:T,C:C,G:G,A:A,G:G,G:G,C:C,T:T,G:A,A:A,A:A,T:T,C:C,G:G,C:T,?,G:G,T:T,T:T,G:G,T:C,T:C,C:C,T:T,G:G,G:G,G:G,A:A,A:A,C:C,C:C,G:G,C:C,A:A,C:C,T:T,G:G,T:T,A:A,A:A,G:G,A:G,T:T,G:G,G:G,T:C,C:C,G:G
Nr59,T:T,C:C,G:G,C:C,G:G,T:T,?,C:C,G:G,T:T,G:G,T:G,C:C,G:G,G:G,C:C,A:C,C:C,Uncallable,C:C,T:T,T:T,A:A,G:G,G:G,C:C,T:T,A:A,A:A,G:G,G:G,C:C,G:G,C:T,?,G:G,T:T,T:T,G:G,C:C,T:T,Uncallable,T:T,G:G,G:G,G:G,A:A,A:A,C:C,C:C,G:G,C:C,T:T,?,C:C,G:G,C:T,Uncallable,G:G,A:G,A:G,T:T,Uncallable,C:C,T:T,Uncallable,A:A
Nr88,T:T,C:C,G:G,C:C,G:G,C:C,A:A,C:C,G:G,T:T,G:G,T:G,C:C,G:G,G:G,C:C,C:C,C:C,G:A,C:C,T:T,T:T,A:A,G:G,G:G,C:C,T:T,A:A,A:A,G:G,G:G,C:C,G:G,C:T,?,C:C,T:T,T:T,G:G,T:C,T:T,T:C,T:T,G:G,G:G,G:G,A:A,A:A,C:C,C:C,G:G,C:C,T:T,C:C,C:C,G:G,C:C,G:G,G:G,G:G,A:G,C:C,?,C:C,T:T,C:C,A:A
CE341,T:C,G:G,T:T,G:G,A:A,C:C,A:A,G:G,A:A,T:T,G:G,T:G,A:A,A:A,G:G,G:G,C:C,C:C,G:A,T:T,C:C,T:T,A:A,G:G,G:G,C:C,T:T,A:A,A:A,A:A,G:G,C:C,C:C,C:T,G:G,G:G,C:C,T:T,G:G,C:C,T:T,T:C,T:T,G:G,G:G,A:A,A:A,G:G,C:C,C:C,A:A,C:C,T:T,C:C,T:T,G:G,T:T,G:G,A:A,G:G,A:G,T:T,C:G,C:C,C:C,C:C,A:A
Nr231,T:T,C:C,G:G,G:G,A:A,C:C,C:C,?,G:G,T:T,G:G,T:T,A:A,A:A,G:G,C:C,C:C,C:C,G:A,C:C,C:C,G:G,A:A,G:G,G:G,C:C,A:A,G:G,A:A,G:G,T:T,C:C,G:G,T:T,G:G,C:C,C:C,T:T,G:G,C:C,T:T,Uncallable,T:T,G:G,G:G,A:A,A:A,?,C:C,T:T,A:A,C:C,A:A,?,T:T,G:G,T:T,A:A,A:A,?,G:G,T:T,C:C,?,T:T,?,G:G
SO118,T:T,C:C,G:G,C:C,G:G,C:C,A:A,C:C,G:G,T:T,G:G,T:G,?,A:G,G:G,C:C,C:C,C:C,A:A,C:C,T:T,T:T,A:G,G:G,G:G,C:C,T:T,A:A,A:A,G:G,G:G,A:A,G:G,C:T,G:G,C:G,T:T,T:T,G:G,Uncallable,T:T,Uncallable,T:T,G:G,G:G,G:G,A:A,A:A,C:C,T:T,G:G,T:T,T:T,?,C:C,G:G,C:T,Uncallable,G:G,A:G,A:G,Uncallable,G:G,C:C,C:C,A:C,A:A
Nr22,T:T,C:C,T:T,C:C,G:G,C:C,A:A,C:C,G:G,T:T,G:G,T:T,A:A,A:A,G:G,C:C,C:C,C:C,G:A,C:C,C:C,G:G,A:A,G:G,G:G,C:C,T:T,Uncallable,A:A,G:G,G:G,C:C,G:G,C:C,G:G,G:G,T:T,T:T,G:G,T:C,T:T,T:T,T:T,G:G,G:G,G:G,A:A,A:A,G:G,C:C,G:G,C:C,A:A,?,T:T,G:G,T:T,A:A,G:G,G:G,A:G,C:C,G:G,C:C,T:T,A:A,G:G
Nr338,T:T,C:C,G:G,G:G,A:A,C:C,C:A,?,G:G,T:T,G:G,T:T,A:A,A:A,G:G,C:C,C:C,C:C,Uncallable,C:C,C:C,G:G,A:A,G:G,G:G,C:C,A:A,A:A,A:A,G:G,T:T,C:C,G:G,T:T,G:G,C:C,Uncallable,T:T,?,Uncallable,T:T,Uncallable,T:T,G:G,G:G,A:A,A:A,?,C:C,T:T,A:A,C:C,A:A,?,T:T,G:G,T:T,A:A,A:A,G:G,G:G,T:T,Uncallable,?,T:T,A:A,G:G
Nr326,T:T,C:C,T:T,C:C,G:G,C:C,?,C:C,G:G,T:T,G:G,T:G,C:C,G:G,G:G,C:C,C:C,C:C,Uncallable,C:C,T:T,T:T,G:G,G:G,G:G,C:C,T:T,A:A,A:A,G:G,G:G,A:A,G:G,C:T,?,G:G,Uncallable,T:T,G:G,Uncallable,T:T,Uncallable,T:T,G:G,G:G,G:G,A:A,A:A,C:C,C:C,G:G,C:C,T:T,?,C:C,G:G,Uncallable,Uncallable,G:G,A:A,A:G,T:T,G:G,C:C,T:T,C:C,A:A
CE350,T:T,C:C,G:G,C:C,G:G,C:C,A:A,C:C,G:G,T:T,G:G,T:G,C:C,A:A,G:G,C:C,A:A,C:C,G:G,C:C,T:T,T:T,A:G,G:G,G:G,C:C,T:T,A:A,A:A,G:G,G:G,C:C,G:G,C:T,?,C:G,T:T,T:T,G:G,Uncallable,T:T,Uncallable,T:T,G:G,G:G,A:G,A:A,A:A,C:C,T:T,G:G,T:T,T:T,C:C,C:T,G:G,T:T,G:G,G:G,G:G,A:G,T:T,C:G,Uncallable,T:C,C:C,A:A
Nr377,T:T,C:C,T:T,C:C,G:G,C:C,A:A,C:C,G:G,C:C,G:G,T:G,C:C,G:G,G:G,C:C,C:C,C:C,A:A,T:T,C:C,T:T,A:A,G:G,G:G,C:C,T:T,G:A,A:A,G:G,G:G,C:C,G:G,C:T,?,C:C,T:T,T:T,G:G,Uncallable,T:T,Uncallable,T:T,G:G,G:G,G:G,A:A,A:A,C:C,T:T,G:G,C:C,T:T,C:C,T:T,G:G,C:T,Uncallable,G:G,G:G,A:G,T:T,C:G,Uncallable,C:C,Uncallable,A:A
SO4,T:T,G:G,T:T,C:C,G:G,C:C,A:A,C:C,G:G,T:T,G:G,T:G,C:C,G:G,G:G,C:C,C:C,C:C,G:G,T:T,T:T,T:T,A:G,G:G,G:G,C:C,T:T,Uncallable,A:A,G:G,G:G,A:A,G:G,T:T,?,C:C,T:T,T:T,G:G,Uncallable,T:T,Uncallable,T:T,G:G,G:G,A:A,A:A,A:A,C:C,C:C,G:G,C:C,T:T,?,T:T,G:G,Uncallable,G:G,G:G,G:G,A:G,T:T,Uncallable,G:G,T:T,C:C,A:A
E258,T:T,C:C,T:T,C:C,G:G,T:T,A:A,C:C,G:G,T:T,G:G,T:G,C:C,G:G,G:G,C:C,C:C,C:C,G:G,T:T,C:C,T:T,G:G,G:G,G:G,C:C,T:T,A:A,A:A,A:A,T:T,A:A,G:G,T:T,?,C:C,T:T,C:C,G:G,C:C,T:T,Uncallable,T:T,G:G,G:G,G:G,A:A,A:A,G:G,Uncallable,G:G,C:C,T:A,?,T:T,G:G,T:T,Uncallable,G:G,A:A,A:G,C:C,G:G,G:G,T:T,C:C,A:A
SO164,T:T,C:C,G:G,C:C,G:G,T:T,A:A,C:C,G:G,T:T,G:G,T:G,C:C,G:G,G:G,C:C,C:C,C:C,Uncallable,C:C,T:T,T:T,A:A,G:G,G:G,C:C,T:T,A:A,A:A,G:G,G:G,A:A,G:G,C:T,?,C:C,T:T,T:T,G:G,Uncallable,T:T,Uncallable,T:T,G:G,G:G,G:G,A:A,?,C:C,T:T,G:G,C:C,T:A,?,C:C,G:G,Uncallable,Uncallable,G:G,G:G,A:G,T:T,?,C:C,T:T,C:C,A:A
E302,T:T,C:C,T:G,G:C,G:A,C:C,A:A,C:C,Uncallable,T:T,G:G,Uncallable,C:A,G:G,A:G,G:G,C:C,C:C,G:A,Uncallable,Uncallable,T:T,A:G,C:C,C:C,G:G,T:T,G:A,G:A,G:A,G:T,Uncallable,C:G,C:T,G:G,C:G,T:T,Uncallable,G:G,T:C,T:T,Uncallable,T:T,G:G,G:G,A:A,A:A,A:A,G:G,C:C,G:G,C:C,Uncallable,?,T:T,A:G,T:T,A:A,G:A,A:G,A:G,C:C,C:G,Uncallable,T:C,C:C,G:G
E312,T:T,C:C,G:G,G:G,A:A,C:C,A:A,C:C,G:G,T:T,G:G,T:G,C:A,G:G,G:G,C:G,C:C,C:C,G:G,T:T,T:T,T:T,A:A,G:G,G:G,C:C,T:T,A:A,A:A,G:G,G:G,C:C,G:G,C:T,?,G:G,T:T,T:T,G:G,T:C,T:T,Uncallable,T:T,G:G,G:G,G:G,A:A,?,C:C,T:T,G:G,C:C,T:T,C:C,C:C,A:A,T:T,G:G,G:G,A:A,A:G,C:C,C:G,C:C,C:C,Uncallable,A:G
CE336,T:T,C:C,T:T,G:G,A:A,C:C,A:A,G:G,G:G,T:T,G:G,T:T,A:A,A:A,G:G,G:G,C:C,C:C,G:G,T:T,T:T,T:T,A:A,C:C,C:C,G:G,T:T,A:A,A:A,G:G,G:G,C:C,C:C,C:T,G:G,C:C,C:C,Uncallable,G:G,T:C,T:T,T:T,T:T,G:G,G:G,A:A,A:A,G:G,C:C,C:C,G:G,C:C,Uncallable,C:C,T:T,G:G,T:T,G:G,A:A,A:A,A:G,T:T,Uncallable,C:C,T:T,C:C,A:A
ICSB1630106,?,C:C,T:T,G:G,A:A,C:C,A:A,C:C,G:G,T:T,A:A,T:T,A:A,A:A,A:A,G:G,C:C,C:C,A:A,C:C,C:C,G:G,A:A,G:G,G:G,C:C,A:A,A:A,A:A,A:A,G:G,C:C,G:G,C:C,G:G,G:G,C:C,C:C,G:G,C:C,T:T,T:C,T:T,A:A,G:G,G:G,A:A,A:A,C:C,Uncallable,A:A,T:T,A:A,?,T:T,G:G,T:T,A:A,A:A,G:G,A:A,C:C,G:G,G:G,C:C,C:C,G:G
ICSB1630107,?,C:C,T:T,G:G,A:A,C:C,A:A,C:C,G:G,T:T,A:A,T:T,A:A,A:A,A:A,G:G,C:C,C:C,A:A,C:C,C:C,G:G,A:A,G:G,G:G,C:C,A:A,A:A,A:A,G:G,G:G,C:C,G:G,C:C,G:G,G:G,C:C,C:C,G:G,C:C,T:T,T:C,T:T,A:A,G:G,G:G,A:A,A:A,C:C,T:T,A:A,T:T,A:A,?,T:T,G:G,T:T,A:A,A:A,G:G,A:A,C:C,G:G,G:G,C:C,C:C,G:G
ICSB1630108,T:T,C:C,T:T,G:G,A:A,C:C,A:A,C:C,G:G,T:T,A:A,T:T,C:C,A:A,A:A,G:G,C:C,C:C,A:A,Uncallable,T:C,G:G,A:A,G:G,G:G,C:C,A:A,A:A,A:A,G:G,G:G,C:C,G:G,C:C,G:G,G:G,C:T,C:C,G:G,C:C,T:T,T:C,T:T,A:A,G:G,G:G,A:A,G:A,C:C,C:C,A:A,T:T,A:A,?,T:T,G:G,T:T,Uncallable,A:A,G:G,A:A,C:C,G:G,G:G,C:C,C:C,G:G
LODOKA,C:C,C:C,T:T,G:G,A:A,C:C,A:A,C:C,G:G,T:T,G:G,T:T,A:A,A:A,G:G,G:G,C:C,C:C,G:G,T:T,T:T,G:G,G:G,G:G,G:G,C:C,T:T,A:A,A:A,A:A,T:T,C:C,G:G,C:T,?,G:G,T:T,Uncallable,G:G,C:C,C:C,C:C,Uncallable,G:G,G:G,A:A,A:A,A:A,G:G,C:C,A:A,T:T,A:A,?,T:T,G:G,T:T,A:A,A:A,G:G,A:A,C:C,C:G,C:C,C:C,C:C,A:A
OKABIR,C:C,G:G,T:T,G:G,A:A,C:C,A:A,C:C,A:A,T:T,G:G,T:T,C:C,A:A,G:G,C:C,A:A,C:C,G:G,T:T,T:T,T:T,G:G,G:G,G:G,C:C,A:A,A:A,A:A,G:G,T:T,C:C,G:G,C:C,G:G,G:G,T:T,T:T,C:C,T:C,T:C,C:C,T:T,G:G,A:G,G:G,A:A,A:A,C:C,C:C,G:G,C:C,A:A,?,C:C,A:A,T:T,A:A,G:G,G:G,A:G,T:T,C:G,C:C,C:C,A:A,G:G
AKURACHOT,?,C:C,T:T,G:G,A:A,C:C,A:A,G:G,A:A,T:T,G:G,T:T,A:A,A:A,G:G,G:G,A:A,C:C,G:G,T:T,T:T,G:G,G:G,C:C,C:C,G:G,T:T,A:A,G:G,A:A,T:T,C:C,C:C,C:C,G:G,G:G,T:T,C:C,G:G,Uncallable,T:T,T:T,T:T,G:G,?,G:G,A:A,G:G,G:G,C:C,A:A,C:C,T:T,?,C:C,A:A,T:T,A:A,A:A,G:G,A:G,T:T,C:G,C:C,T:T,A:A,G:G
ICSB228,T:T,G:G,G:G,G:G,G:G,C:C,A:A,G:G,A:A,T:T,G:G,T:G,A:A,G:G,G:G,C:C,C:C,C:C,G:G,C:C,T:T,T:T,A:A,G:G,G:G,C:C,T:T,G:G,A:A,A:A,G:G,C:C,G:G,C:T,G:G,C:C,T:T,T:T,G:G,T:T,T:T,T:C,T:T,G:G,G:G,A:A,C:C,A:A,?,T:T,A:A,T:T,A:A,?,T:T,G:G,T:T,A:A,A:A,G:G,A:G,T:T,C:G,G:C,?,C:C,G:G
ICSB25002,?,G:G,T:T,G:G,A:A,C:C,A:A,G:G,A:A,T:T,G:G,T:T,A:A,G:G,A:A,C:C,C:C,C:C,G:G,C:C,T:T,T:T,A:A,C:C,C:C,G:G,T:T,A:A,A:A,G:G,G:G,C:C,G:G,C:T,G:G,G:G,T:T,T:T,G:G,Uncallable,T:T,Uncallable,T:T,G:G,G:G,A:A,C:C,A:A,?,C:C,A:A,T:T,T:T,C:C,T:T,G:G,T:T,A:A,A:A,G:G,A:G,T:T,C:G,G:C,T:T,C:C,G:G
ICSB276,?,G:G,G:G,G:G,A:A,C:C,A:A,C:C,G:G,T:T,G:G,T:T,A:A,A:A,A:A,C:C,C:C,C:C,A:A,C:C,T:T,G:G,A:A,C:C,C:C,G:G,T:T,A:A,A:A,G:G,T:T,C:C,G:G,C:T,G:G,G:G,C:C,C:C,G:G,Uncallable,T:T,T:T,T:T,G:G,G:G,G:G,A:A,A:A,G:G,C:C,A:A,T:T,T:T,C:C,T:T,G:G,T:T,A:A,A:A,G:G,A:A,C:C,?,C:C,T:T,C:C,A:A
ICSB29001,T:T,G:G,T:T,G:G,A:A,C:C,A:A,G:G,G:G,T:T,G:G,T:T,C:C,A:A,G:G,C:C,C:C,C:C,A:A,C:C,C:C,G:G,G:G,G:G,G:G,C:C,A:A,A:A,A:A,G:G,T:T,C:C,C:C,T:T,G:G,G:G,C:C,C:C,G:G,C:C,T:T,T:C,T:T,G:G,G:G,A:A,A:A,A:A,G:G,T:T,G:G,C:C,A:A,C:C,C:C,A:A,T:T,A:A,A:A,A:A,A:G,T:T,G:G,G:G,C:C,C:C,G:G
ICSB29003,T:T,C:C,T:T,C:C,G:G,T:T,A:A,G:G,G:G,T:T,G:G,T:T,A:A,A:A,G:G,C:C,C:C,C:C,A:A,C:C,C:C,G:G,G:G,G:G,G:G,C:C,T:T,G:G,A:A,A:A,T:T,C:C,C:C,C:T,G:G,G:G,T:T,C:C,G:G,Uncallable,T:T,T:C,T:T,A:A,G:G,A:A,A:A,A:A,C:C,C:C,G:G,C:C,T:T,C:C,T:T,A:A,T:T,A:A,G:G,G:G,A:A,C:C,G:G,G:G,C:C,C:C,A:A
ICSB29006,T:T,C:C,T:T,G:G,A:A,C:C,A:A,C:C,A:A,T:T,G:G,T:T,C:C,A:A,A:A,G:G,C:C,C:C,A:A,C:C,C:C,T:T,G:G,C:C,C:C,G:G,A:A,G:G,A:A,A:A,T:T,C:C,C:C,C:T,G:G,G:G,T:T,C:C,G:G,T:C,T:T,T:T,T:T,A:A,G:G,A:A,A:A,A:A,G:G,C:C,A:A,C:C,A:A,C:C,T:T,G:G,T:T,A:A,A:A,A:A,A:A,C:C,G:G,G:G,T:T,C:C,G:G
ICSB293,T:T,G:G,G:G,G:G,A:A,C:C,A:A,C:C,G:G,T:T,G:G,T:T,A:A,A:A,A:A,C:C,C:C,C:C,A:A,C:C,T:T,G:G,A:A,C:C,C:C,G:G,A:A,A:A,A:A,G:G,T:T,C:C,C:C,C:T,G:G,G:G,Uncallable,C:C,G:G,Uncallable,T:T,T:T,T:T,G:G,G:G,G:G,A:A,A:A,G:G,C:C,A:A,T:T,T:T,C:C,T:T,G:G,T:T,A:A,G:G,G:G,A:A,C:C,?,C:C,T:T,C:C,A:A
ICSB324,C:C,G:G,G:G,G:G,A:A,C:C,A:A,C:C,A:A,T:T,G:G,T:T,A:A,A:A,G:G,C:C,C:C,C:C,A:A,C:C,C:C,G:G,G:G,G:G,G:G,C:C,?,G:G,A:A,A:A,G:G,C:C,G:G,C:T,G:G,G:G,C:C,C:C,G:G,Uncallable,T:T,T:C,T:T,A:A,G:G,A:A,A:A,A:A,C:C,C:C,A:A,T:T,A:A,C:C,T:T,G:G,T:T,A:A,A:A,A:A,A:A,C:C,G:G,G:G,T:T,C:C,A:A
ICSB366,?,G:G,T:T,C:C,G:G,C:C,A:A,C:C,G:G,T:T,G:G,T:T,A:A,G:G,G:G,C:C,C:C,C:C,A:A,C:C,C:C,T:T,A:A,G:G,G:G,C:C,A:A,A:A,A:A,A:A,T:T,C:C,G:G,T:T,G:G,C:C,C:C,C:C,G:G,C:C,T:T,T:C,T:T,A:A,G:G,A:A,A:A,G:G,C:C,T:T,A:A,T:T,A:A,C:C,T:T,A:A,T:T,A:A,A:A,A:A,A:G,T:T,?,C:C,C:C,C:C,A:A
ICSB371,?,?,?,?,?,?,?,?,?,?,?,?,?,?,?,?,?,?,?,?,?,?,?,?,C:C,G:G,?,?,?,?,?,?,?,?,?,?,?,?,G:G,?,Uncallable,T:C,?,?,?,?,?,?,?,?,?,?,?,?,?,?,?,G:G,?,?,?,?,?,?,?,?,?
ICSB376,T:T,G:G,T:T,C:C,G:G,C:C,A:A,C:C,G:G,T:T,G:G,T:T,A:A,G:G,G:G,C:C,C:C,C:C,A:A,C:C,C:C,T:T,G:G,G:G,G:G,C:C,?,A:A,A:A,A:A,T:T,C:C,G:G,T:T,G:G,C:C,C:C,C:C,G:G,C:C,T:T,T:C,T:T,A:A,G:G,A:A,A:A,A:A,C:C,Uncallable,A:A,C:C,A:A,?,T:T,G:G,T:T,A:A,A:A,G:G,A:G,T:T,?,C:C,C:C,C:C,G:G
ICSB452,C:C,C:C,T:T,C:C,G:G,T:T,A:A,G:G,G:G,T:C,G:G,T:T,C:C,A:A,G:G,C:G,C:C,C:C,A:A,C:C,C:C,G:G,G:G,G:G,G:G,C:C,T:T,A:A,A:A,A:A,T:T,C:C,C:G,C:T,G:G,G:G,T:T,T:T,G:G,Uncallable,T:T,T:C,T:T,G:G,G:G,G:G,A:A,A:A,C:C,T:T,A:A,C:C,A:A,C:C,T:T,A:A,T:T,A:A,G:G,G:G,A:G,T:T,G:G,G:G,C:C,C:C,A:A
ICSB479,T:T,C:C,T:T,C:C,G:G,T:T,A:A,C:C,G:G,C:C,G:G,T:T,A:A,A:A,G:G,G:G,C:C,C:C,A:A,C:C,C:C,G:G,G:G,G:G,G:G,C:C,A:A,A:A,A:A,G:G,G:G,C:C,G:G,C:C,?,C:C,C:C,C:C,G:G,Uncallable,T:T,T:C,T:T,A:A,G:G,G:G,A:A,A:A,C:C,C:C,A:A,T:T,A:A,C:C,C:C,A:A,T:T,A:A,A:A,G:G,A:G,T:T,C:C,C:C,C:C,A:A,A:A
ICSB592,?,G:G,T:T,G:G,A:A,C:C,A:A,C:C,G:G,T:T,G:G,T:T,A:A,A:A,G:G,C:C,C:C,C:C,A:A,C:C,C:C,G:G,G:G,G:G,G:G,C:C,T:T,A:A,A:A,G:G,G:G,C:C,C:C,T:T,G:G,G:G,C:C,T:T,G:G,Uncallable,T:T,T:C,T:T,G:G,G:G,A:A,A:A,?,G:G,Uncallable,A:A,T:T,T:T,C:C,T:T,G:G,T:T,A:A,A:A,A:A,A:G,T:T,G:G,G:G,T:T,C:C,G:G
ICSB6,T:T,G:G,T:T,C:C,G:G,C:C,A:A,C:C,G:G,T:T,A:A,T:T,A:A,G:G,G:G,C:C,C:C,C:C,A:A,C:C,T:T,G:G,G:G,G:G,G:G,C:C,T:T,A:A,A:A,G:G,T:T,C:C,G:G,C:T,G:G,C:C,T:T,T:T,G:G,C:C,C:C,C:C,Uncallable,G:G,G:G,G:G,A:A,A:A,C:C,C:C,A:A,T:T,A:A,C:C,T:T,G:G,T:T,A:A,G:G,A:A,A:G,T:T,G:G,G:G,C:C,C:C,A:A
ICSB686-B,T:T,G:G,G:G,C:C,G:G,T:T,A:A,C:C,G:G,T:T,G:G,T:T,A:A,A:A,A:A,G:G,A:A,T:T,A:A,C:C,C:C,G:G,G:G,C:C,C:C,G:G,T:T,G:G,A:A,G:G,T:T,C:C,G:G,C:T,?,C:C,C:C,T:T,G:G,T:C,T:T,T:T,T:T,G:G,A:A,G:G,A:A,A:A,C:C,T:T,G:G,C:C,A:A,?,T:T,A:A,T:T,A:A,A:A,G:G,A:A,C:C,C:G,C:C,C:C,C:C,G:G
ICSB687,?,G:G,T:T,G:G,A:A,C:C,A:A,C:C,G:G,T:T,G:G,T:T,C:C,A:A,A:A,C:C,C:C,C:C,G:G,T:T,C:C,G:G,A:A,G:G,G:G,C:C,A:A,G:A,A:A,A:A,G:G,A:A,G:G,T:T,G:G,G:G,T:T,C:C,G:G,C:C,T:T,T:C,T:T,G:G,G:G,G:G,A:A,A:A,G:G,C:C,G:G,T:T,A:A,?,T:T,G:G,T:T,A:A,A:A,G:G,A:A,C:C,C:G,C:C,C:C,C:C,A:A
ICSB75,?,?,?,?,?,?,?,?,?,?,?,?,?,?,?,?,?,?,?,?,?,?,?,C:C,G:G,C:C,?,?,?,?,?,?,?,?,?,?,T:T,?,G:G,Uncallable,T:T,T:C,T:T,G:G,?,?,?,?,?,?,?,?,?,?,?,?,?,G:G,?,?,?,?,?,?,?,?,?
ICSB77,?,G:G,G:G,G:G,A:A,C:C,A:A,C:C,G:G,T:T,G:G,T:G,C:C,A:A,G:G,C:C,C:C,C:C,A:A,C:C,C:C,G:G,G:G,G:G,G:G,C:C,T:T,A:A,A:A,G:G,G:G,C:C,G:G,C:T,G:G,C:C,C:C,T:T,G:G,C:C,C:C,C:C,Uncallable,G:G,G:G,G:G,C:C,G:G,?,Uncallable,A:A,T:T,A:A,C:C,T:T,G:G,T:T,A:A,G:G,G:G,A:G,T:T,G:G,G:G,T:T,C:C,A:A
ICSB88001,C:C,C:C,G:G,C:C,G:G,C:C,A:A,C:C,G:G,T:T,G:G,T:T,A:A,A:A,G:G,G:G,C:C,C:C,A:A,C:C,C:C,G:G,G:G,G:G,G:G,C:C,T:T,A:A,A:A,G:G,G:G,C:C,G:G,T:T,G:G,G:G,T:T,C:C,G:G,Uncallable,T:T,Uncallable,T:T,G:G,G:G,A:A,A:A,A:A,G:G,C:C,A:A,T:T,A:A,?,C:C,A:A,T:T,A:A,A:A,A:A,A:G,T:T,G:G,G:G,C:C,A:A,G:G
ICSB88006,?,G:G,T:T,G:G,A:A,C:C,A:A,C:C,G:G,T:T,G:G,T:T,A:A,G:G,G:G,G:G,C:C,C:C,G:A,T:T,C:C,G:G,G:G,G:G,G:G,C:C,A:A,A:A,A:A,A:A,G:G,C:C,G:G,C:T,G:G,C:C,T:T,C:C,G:G,C:C,T:T,T:C,T:T,A:A,G:G,G:G,A:A,A:A,C:C,T:T,A:A,T:T,T:T,C:C,T:T,G:G,T:T,A:A,G:G,G:G,A:G,T:T,?,C:C,T:T,A:A,G:G
ICSB89003,T:T,G:G,T:T,G:G,A:A,C:C,A:A,C:C,G:G,T:T,G:G,T:T,A:A,A:A,G:G,G:G,C:C,C:C,G:G,T:T,C:C,G:G,A:A,G:G,G:G,C:C,A:A,A:A,A:A,A:A,T:T,C:C,G:G,T:T,G:G,G:G,C:C,C:C,C:C,C:C,T:T,Uncallable,T:T,A:A,G:G,G:G,A:A,?,G:G,C:C,A:A,T:T,T:T,C:C,T:T,A:A,T:T,A:A,G:G,A:A,A:G,T:T,G:G,G:G,T:T,A:A,G:G
ICSB9,?,G:G,T:T,G:G,A:A,C:C,A:A,C:C,G:G,T:T,G:G,T:T,A:A,A:A,G:G,G:G,C:C,C:C,G:G,T:T,C:C,G:G,A:A,G:G,G:G,C:C,A:A,A:A,A:A,A:A,T:T,C:C,G:G,T:T,G:G,G:G,C:C,C:C,C:C,Uncallable,T:T,Uncallable,T:T,A:A,G:G,G:G,A:A,?,G:G,C:C,A:A,T:T,T:T,C:C,T:T,A:A,T:T,A:A,G:G,A:A,A:G,T:T,G:G,G:G,T:T,A:A,G:G
ICSB90001,?,G:G,T:T,G:G,A:A,C:C,A:A,C:C,G:G,T:T,G:G,T:T,A:A,A:A,G:G,G:G,C:C,C:C,A:A,C:C,C:C,G:G,A:A,G:G,G:G,C:C,T:T,A:A,A:A,A:A,G:G,C:C,G:G,C:T,G:G,G:G,C:C,C:C,G:G,C:C,T:T,Uncallable,T:T,G:G,G:G,G:G,A:A,A:A,C:C,C:C,A:A,T:T,A:A,C:C,C:C,A:A,T:T,A:A,A:A,G:G,A:A,C:C,G:G,G:G,C:C,A:A,G:G
ICSB91002,C:C,C:C,T:T,C:C,G:G,C:C,A:A,G:G,G:G,T:T,G:G,T:T,A:A,A:A,A:A,C:C,C:C,C:C,A:A,C:C,C:C,G:G,G:G,G:G,G:G,C:C,A:A,A:A,A:A,G:G,T:T,C:C,C:C,C:T,G:G,G:G,T:T,T:T,G:G,Uncallable,T:T,T:C,T:T,G:G,G:G,G:G,A:A,G:G,C:C,T:T,A:A,T:T,A:A,C:C,T:T,G:G,T:T,A:A,A:A,G:G,A:A,C:C,G:G,G:G,C:C,C:C,A:A
IESB2,T:T,C:C,T:T,G:G,A:A,C:C,A:A,C:C,G:G,T:T,G:G,T:T,A:A,A:A,A:A,G:G,C:C,C:C,G:G,T:T,T:T,G:G,G:G,G:G,G:G,C:C,T:T,A:A,A:A,G:G,G:G,C:C,G:G,T:T,G:G,G:G,T:T,C:C,G:G,C:C,T:T,T:C,T:T,G:G,G:G,A:A,A:A,A:A,G:G,C:C,A:A,C:C,T:T,?,T:T,G:G,T:T,A:A,A:A,G:G,A:A,C:C,C:G,G:C,T:T,C:C,G:G
MB6,?,?,?,?,?,?,?,?,?,?,?,?,?,?,?,?,?,?,?,?,?,?,?,Uncallable,G:G,G:G,?,?,?,?,?,?,?,?,?,?,?,?,G:G,?,Uncallable,T:C,?,?,?,?,?,?,?,?,?,?,?,?,?,?,?,G:G,?,?,?,?,?,?,?,?,?
P9507B,?,G:G,T:T,G:G,A:A,C:C,A:A,C:C,G:G,T:T,G:G,T:T,A:A,A:A,A:A,G:G,C:C,C:C,G:G,T:T,T:T,G:G,G:G,G:G,G:G,C:C,A:A,A:A,A:A,G:G,G:G,C:C,G:G,C:C,G:G,G:G,T:T,C:C,G:G,Uncallable,T:T,T:C,T:T,G:G,G:G,A:A,A:A,A:A,G:G,C:C,A:A,C:C,T:T,?,T:T,A:A,T:T,A:A,A:A,A:A,A:A,C:C,G:G,G:G,C:C,C:C,G:G
P9527B,?,G:G,G:G,C:C,G:G,C:C,A:A,C:C,G:G,T:T,G:G,T:T,C:C,A:A,G:G,C:C,C:C,C:C,A:A,C:C,C:C,G:G,A:A,G:G,G:G,C:C,A:A,A:A,A:A,A:A,G:G,C:C,G:G,C:C,G:G,C:C,Uncallable,C:C,G:G,Uncallable,T:T,Uncallable,T:T,A:A,G:G,G:G,A:A,A:A,C:C,T:T,A:A,T:T,A:A,C:C,T:T,G:G,T:T,A:A,A:A,A:A,A:G,T:T,G:G,G:G,C:C,C:C,A:A
P9537B,T:T,G:G,Uncallable,G:G,A:A,C:C,A:A,C:C,G:G,T:T,A:A,T:T,C:C,A:A,A:A,G:G,C:C,C:C,A:A,C:C,C:C,G:G,G:G,G:G,G:G,C:C,T:T,A:A,A:A,G:G,G:G,C:C,G:G,C:C,G:G,C:C,T:T,T:T,G:G,T:T,T:T,T:C,T:T,G:G,G:G,G:G,A:A,A:A,G:G,C:C,A:A,C:C,T:T,?,T:T,A:A,T:T,A:A,A:A,G:G,A:A,C:C,G:G,G:G,C:C,A:A,G:G
SDSB1,?,G:G,G:G,G:G,A:A,C:C,A:A,G:G,G:G,T:T,A:A,T:T,A:A,A:A,A:A,G:G,C:C,C:C,A:A,C:C,C:C,T:T,A:A,G:G,G:G,C:C,A:A,A:A,A:A,G:G,T:T,C:C,G:G,C:T,G:G,G:G,T:T,T:T,G:G,C:C,T:T,Uncallable,T:T,G:G,G:G,G:G,A:A,A:A,G:G,C:C,A:A,T:T,A:A,C:C,T:T,A:A,T:T,A:A,A:A,A:A,A:A,C:C,G:G,G:G,T:T,A:A,G:G
SDSB29,?,G:G,G:G,G:G,A:A,C:C,A:A,C:C,G:G,T:T,A:A,T:T,A:A,A:A,A:A,?,C:C,C:C,A:A,C:C,C:C,T:T,A:A,G:G,G:G,C:C,A:A,A:A,A:A,G:G,T:T,C:C,G:G,C:T,G:G,G:G,T:T,T:T,G:G,C:C,T:T,Uncallable,T:T,G:G,G:G,G:G,A:A,A:A,G:G,C:C,A:A,T:T,A:A,C:C,T:T,A:A,T:T,A:A,A:A,A:A,A:G,T:T,G:G,G:G,T:T,A:A,G:G
SDSB4,?,G:G,G:G,G:G,A:A,C:C,A:A,G:G,G:G,T:T,A:A,T:T,A:A,A:A,A:A,G:G,C:C,C:C,A:A,C:C,C:C,T:T,A:A,G:G,G:G,C:C,A:A,A:A,A:A,G:G,T:T,C:C,G:G,C:T,G:G,G:G,T:T,T:T,G:G,C:C,T:T,Uncallable,T:T,G:G,G:G,G:G,A:A,A:A,G:G,C:C,A:A,T:T,A:A,C:C,T:T,A:A,T:T,A:A,A:A,A:A,A:A,C:C,G:G,G:G,T:T,A:A,G:G
TXRG11KS67B,?,G:G,G:G,C:C,G:G,C:C,A:A,G:G,G:G,T:T,A:A,T:T,A:A,A:A,G:G,C:C,C:C,C:C,A:A,C:C,C:C,G:G,A:A,G:G,G:G,C:C,A:A,A:A,A:A,G:G,T:T,C:C,G:G,C:C,G:G,C:C,Uncallable,C:C,G:G,T:C,T:T,T:C,T:T,A:A,G:G,G:G,A:A,G:G,C:C,T:C,A:A,T:T,A:A,C:C,T:T,G:G,T:T,A:A,A:A,A:A,A:G,T:T,G:G,G:G,C:C,C:C,A:A
WHEATLANDB,?,?,?,?,?,?,?,?,?,?,?,?,?,?,?,?,?,?,?,?,?,?,?,C:C,C:C,G:G,?,?,?,?,G:G,?,?,?,?,?,T:T,?,G:G,T:C,T:T,?,?,?,?,?,?,?,?,?,?,?,?,?,?,?,?,G:G,?,?,?,?,?,?,?,?,?
ICSV142021,T:T,C:C,T:T,G:G,A:A,C:C,A:A,C:C,A:A,T:T,G:G,T:T,A:A,G:G,A:A,C:C,C:C,C:C,G:G,T:T,T:T,G:G,A:A,C:C,C:C,G:G,T:T,A:A,A:A,A:A,G:G,C:C,C:C,C:T,G:G,C:C,T:T,C:C,G:G,T:C,T:T,T:T,T:T,G:G,G:G,G:G,A:A,G:G,G:G,C:C,G:G,C:C,T:T,?,T:T,G:G,T:T,A:A,A:A,G:G,A:G,T:T,C:G,C:C,T:T,C:C,G:G
IESV92029DL,C:C,C:C,T:T,C:C,G:G,T:T,A:A,C:C,A:A,T:T,G:G,T:T,A:A,A:A,A:A,G:G,C:C,C:C,A:A,C:C,C:C,G:G,G:G,C:C,C:C,G:G,T:T,A:A,A:A,A:A,T:T,C:C,C:C,C:T,G:G,G:G,T:T,C:C,G:G,T:C,T:T,T:T,T:T,G:G,G:G,A:A,A:A,A:A,G:G,C:C,A:A,T:T,T:T,C:C,T:T,G:G,T:T,A:A,A:A,G:G,A:A,C:C,C:G,C:C,C:C,A:A,A:A
IESV92038_3SH,C:C,C:C,T:T,G:G,A:A,C:C,A:A,C:C,A:A,T:T,G:G,T:T,A:A,A:A,G:G,G:G,C:C,C:C,G:G,T:T,T:T,T:T,A:A,C:C,C:C,G:G,T:T,A:A,A:A,A:A,T:T,C:C,C:C,C:T,G:G,G:G,T:T,C:C,G:G,T:C,T:T,T:T,T:T,G:G,G:G,A:A,A:A,A:A,G:G,C:C,A:A,C:C,T:T,C:C,T:T,A:A,T:T,A:A,A:A,G:G,A:G,C:C,C:G,C:C,T:T,C:C,G:G
IESV92038-2DL,C:C,C:C,T:T,G:G,A:A,C:C,A:A,C:C,A:A,T:T,G:G,T:T,A:A,A:A,A:A,G:G,C:C,C:C,G:G,T:T,T:T,G:G,G:G,C:C,C:C,G:G,T:T,A:A,A:A,G:G,T:T,C:C,C:C,C:T,G:G,G:G,T:T,C:C,G:G,T:C,T:T,T:T,T:T,G:G,G:G,A:A,A:A,A:A,G:G,C:C,G:G,C:C,A:A,C:C,T:T,G:G,T:T,A:A,A:A,G:G,A:A,C:C,C:G,C:C,C:C,C:C,G:G
IESV94077-1DL,C:C,C:C,T:T,C:C,G:G,T:T,A:A,C:C,A:A,T:T,G:G,T:T,A:A,A:A,A:A,G:G,C:C,C:C,A:A,C:C,C:C,G:G,G:G,C:C,C:C,G:G,T:T,A:A,A:A,A:A,T:T,C:C,C:C,C:T,G:G,G:G,T:T,C:C,G:G,T:C,T:T,T:T,T:T,G:G,G:G,A:A,A:A,A:A,G:G,C:C,A:A,T:T,T:T,C:C,T:T,G:G,T:T,A:A,A:A,G:G,A:A,C:C,C:G,C:C,C:C,A:A,A:A
IESV99034-2DL,C:C,C:C,T:T,G:G,A:A,C:C,A:A,G:G,A:A,T:T,G:G,T:T,A:A,A:A,G:G,G:G,A:A,T:T,G:A,T:T,T:T,G:G,G:G,C:C,C:C,G:G,T:T,G:G,A:A,A:A,G:G,C:C,G:G,C:T,G:G,G:G,T:T,C:C,G:G,T:C,T:T,T:T,T:T,G:G,?,G:G,A:A,G:G,G:G,C:C,G:G,C:C,T:T,C:C,T:T,G:G,T:T,A:A,G:G,G:G,A:A,T:T,C:G,C:C,C:C,C:C,G:G
MACIAxWAHI-2-2-1,T:T,?,?,?,?,?,?,?,?,?,?,?,?,?,?,?,?,?,?,?,?,?,?,Uncallable,G:G,Uncallable,?,?,?,?,?,?,?,?,?,?,?,?,G:G,?,Uncallable,T:C,?,?,?,?,?,?,?,?,?,?,?,?,?,?,?,G:G,?,?,?,?,?,?,?,?,?
MACIAxWAHI-2-2-2,?,G:G,G:G,G:G,A:A,C:C,A:A,C:C,A:A,T:T,G:G,T:T,A:A,A:A,A:A,G:G,C:C,C:C,G:G,T:T,T:T,G:G,G:G,C:C,C:C,G:G,A:A,A:A,A:A,A:A,T:T,C:C,C:C,C:T,G:G,G:G,T:T,T:T,G:G,T:C,T:T,T:T,T:T,G:G,G:G,A:A,A:A,A:A,G:G,C:C,G:G,C:C,A:A,C:C,C:C,A:A,T:T,A:A,A:A,G:G,A:A,C:C,C:G,C:C,C:C,C:C,G:G
IESH29076,?,G:G,T:G,G:G,A:A,C:C,A:A,C:C,G:G,T:T,G:G,Uncallable,A:A,A:A,A:G,G:G,C:C,C:C,A:A,Uncallable,Uncallable,T:G,A:A,C:C,C:C,G:G,T:T,A:A,A:A,Uncallable,G:T,C:C,C:G,C:T,G:G,C:G,T:T,C:C,G:G,Uncallable,T:T,T:T,T:T,G:G,G:G,A:G,C:A,Uncallable,G:G,T:C,G:G,C:C,A:A,C:C,C:T,A:G,T:T,A:A,G:A,G:G,A:A,Uncallable,Uncallable,G:C,T:C,A:A,G:G
IESH29077,C:C,G:G,T:G,G:G,A:A,C:C,A:A,C:C,Uncallable,T:T,G:G,T:T,A:A,A:A,Uncallable,G:G,C:C,C:C,A:A,T:C,T:C,Uncallable,A:A,C:C,C:C,G:G,A:T,A:A,A:A,A:A,Uncallable,C:C,Uncallable,C:T,G:G,Uncallable,T:T,Uncallable,G:G,T:C,T:T,T:T,T:T,G:G,G:G,A:G,A:A,A:A,G:G,C:C,Uncallable,T:C,A:A,C:C,C:T,A:G,T:T,A:A,A:A,G:G,A:A,C:C,C:G,Uncallable,C:C,A:A,G:G
ICSX142012-SB-2-1-1-1,?,G:G,G:G,G:G,A:A,C:C,A:A,C:C,A:A,T:T,G:G,T:T,A:A,A:A,A:A,G:G,C:C,C:C,G:A,T:T,T:T,G:G,A:A,C:C,C:C,G:G,A:A,A:A,A:A,A:A,T:T,C:C,C:C,C:T,G:G,G:G,T:T,T:T,G:G,T:C,T:T,T:T,T:T,G:G,G:G,A:A,A:A,A:A,G:G,C:C,A:A,T:T,A:A,?,C:C,A:A,T:T,A:A,A:A,G:G,A:A,C:C,C:G,C:C,C:C,C:C,G:G
ICSX142012-SB-2-1-2-1,?,G:G,G:G,G:G,A:A,C:C,A:A,C:C,A:A,T:T,G:G,T:T,A:A,A:A,A:A,G:G,C:C,C:C,G:G,T:T,T:T,G:G,A:A,C:C,C:C,G:G,A:A,A:A,A:A,A:A,T:T,C:C,C:C,C:T,G:G,G:G,T:T,T:T,G:G,T:C,T:T,T:T,T:T,G:G,G:G,A:A,A:A,A:A,G:G,C:C,A:A,T:T,A:A,?,T:T,A:A,T:T,A:A,A:A,G:G,A:A,C:C,C:G,C:C,C:C,C:C,G:G
ICSX142012-SB-2-1-3-1,T:T,G:G,T:T,G:G,A:A,C:C,A:A,G:G,A:A,T:T,G:G,T:T,A:A,A:A,G:G,G:G,C:C,C:C,Uncallable,T:T,T:T,T:T,G:G,G:G,G:G,C:C,A:A,A:A,A:A,G:G,G:G,C:C,C:C,C:C,G:G,G:G,T:T,T:T,G:G,C:C,T:T,T:C,T:T,G:G,G:G,A:A,A:A,Uncallable,G:G,C:C,G:G,C:C,T:A,C:C,C:C,G:G,T:T,A:A,G:G,G:G,A:G,T:T,C:G,C:C,T:T,C:C,A:A
ICSX142012-SB-4-1-2-1,T:T,G:G,G:G,G:G,A:A,C:C,A:A,C:C,A:A,T:T,G:G,T:T,A:A,A:A,A:A,G:G,C:C,C:C,G:G,T:T,T:T,G:G,G:G,C:C,C:C,G:G,A:A,A:A,A:A,A:A,T:T,C:C,G:G,C:T,?,G:G,T:T,C:C,G:G,T:C,T:T,T:T,T:T,G:G,G:G,A:A,A:A,A:A,G:G,C:C,A:A,T:T,A:A,C:C,T:T,A:A,T:T,A:A,A:A,G:G,A:A,C:C,C:G,C:C,T:C,C:C,G:G
ICSX142018-SB-1-1-3-1,?,?,?,?,?,?,?,?,?,?,?,?,?,?,?,?,?,?,?,?,?,?,?,G:G,G:G,C:C,?,?,?,?,?,?,?,?,?,?,?,?,G:G,?,Uncallable,T:C,?,?,?,?,?,?,?,?,?,?,?,?,?,?,?,G:G,?,?,?,?,?,?,?,?,?
ICSX142056-SB-2-1-2-1,C:C,C:C,T:T,G:G,A:A,C:C,A:A,G:G,A:A,T:T,G:G,T:T,A:A,A:A,G:G,G:G,C:C,C:C,G:G,T:T,T:T,G:G,G:G,C:C,C:C,G:G,T:T,G:A,A:A,A:A,T:T,C:C,G:G,C:T,?,G:G,T:T,C:C,G:G,T:C,T:T,T:T,T:T,G:G,G:G,A:A,A:A,A:A,G:G,C:C,G:G,C:C,A:A,?,C:C,A:A,T:T,A:A,A:A,G:G,A:A,T:T,C:G,C:C,C:C,C:C,G:G
ICSX142109-SB-2-1-1-2,C:C,G:G,G:G,C:C,G:G,T:T,A:A,G:G,G:G,T:T,?,T:T,A:A,A:A,G:G,G:G,C:C,C:C,G:G,T:T,T:T,G:G,G:G,G:G,G:G,C:C,T:T,A:A,A:A,G:G,T:T,C:C,C:C,C:T,?,G:G,T:T,C:C,G:G,T:T,T:T,T:C,T:T,G:G,G:G,G:G,A:A,A:A,G:G,C:C,A:A,C:C,A:A,?,T:T,G:G,T:T,A:A,A:A,G:G,A:G,T:T,C:G,C:C,C:C,A:A,G:G
ICSX152004-SB-2-3-1,C:C,G:G,T:T,G:G,A:A,C:C,A:A,G:G,A:A,T:T,G:G,T:T,A:A,A:A,G:G,G:G,C:C,C:C,G:G,T:T,T:T,G:G,A:A,C:C,C:C,G:G,T:T,A:A,A:A,A:A,G:T,C:C,G:G,C:T,G:G,G:G,T:T,C:C,G:G,T:C,T:T,T:T,T:T,G:G,G:G,A:A,A:A,A:A,G:G,C:C,A:A,T:T,A:A,C:C,T:T,G:G,T:T,A:A,A:A,G:G,A:G,T:T,C:G,C:C,C:C,C:C,G:G
ICSX152005-SB-1-2-1Sel1,C:C,C:C,T:T,G:G,A:A,C:C,A:A,C:C,A:A,T:T,G:G,T:T,A:A,A:A,A:A,G:G,C:C,C:C,G:A,T:T,T:T,G:G,G:G,C:C,C:C,G:G,T:T,A:A,A:A,A:A,T:T,C:C,G:G,C:T,G:G,G:G,T:T,T:T,G:G,T:C,T:T,T:T,T:T,G:G,G:G,G:G,A:A,A:A,G:G,C:C,A:A,T:T,A:A,C:C,T:T,A:A,T:T,A:A,A:A,G:G,A:A,C:C,G:G,G:G,C:C,C:C,G:G
ICSX152005-SB-1-2-1Sel2,C:C,C:C,T:T,G:G,A:A,Uncallable,A:A,C:C,A:A,T:T,G:G,T:T,A:A,A:A,A:A,G:G,C:C,C:C,A:A,C:C,C:C,G:G,G:G,C:C,C:C,G:G,T:T,A:A,A:A,A:A,T:T,C:C,G:G,C:T,G:G,G:G,T:T,T:T,G:G,T:C,T:T,T:T,T:T,G:G,G:G,G:G,A:A,A:A,G:G,C:C,A:A,T:T,A:A,C:C,Uncallable,A:G,T:T,A:A,A:A,G:G,A:A,C:C,G:G,Uncallable,C:C,C:C,G:G
ICSX152005-SB-15-1-1,C:C,C:C,T:T,G:G,A:A,C:C,A:A,C:C,A:A,T:T,G:G,T:T,A:A,A:A,A:A,G:G,C:C,C:C,G:A,T:T,T:T,T:T,A:A,G:G,G:G,C:C,T:T,A:A,A:A,A:A,T:T,C:C,G:G,C:T,G:G,G:G,T:T,C:C,C:C,T:C,T:T,T:T,T:T,G:G,G:G,G:G,A:A,G:G,G:G,C:C,A:A,C:C,A:A,C:C,T:T,G:G,T:T,A:A,A:A,G:G,A:A,C:C,C:G,C:C,T:T,A:A,G:G
ICSX152005-SB-16-3-1,T:T,G:G,T:T,G:G,A:A,C:C,A:A,C:C,A:A,T:T,G:G,T:T,A:A,A:A,A:A,G:G,C:C,C:C,G:G,T:T,T:T,T:T,A:A,C:C,C:C,G:G,T:T,A:A,A:A,G:G,G:G,C:C,G:G,C:C,G:G,G:G,T:T,C:C,G:G,T:C,T:T,T:T,T:T,G:G,G:G,A:A,A:A,G:G,G:G,C:C,A:A,T:T,A:A,C:C,T:T,G:G,T:T,A:A,G:G,G:G,A:G,T:T,C:G,C:C,C:C,C:C,G:G
ICSX152005-SB-2-1-1,?,?,?,?,?,?,?,?,?,?,?,?,?,?,?,?,?,?,?,?,?,?,?,C:C,C:C,G:G,?,?,?,?,?,?,?,?,?,?,T:T,?,G:G,Uncallable,Uncallable,T:C,T:T,A:A,?,?,?,?,?,?,?,?,?,?,?,?,?,G:G,?,?,?,?,?,?,?,?,?
ICSX152006-SB-12-1-1,C:C,C:C,T:T,G:G,A:A,C:C,A:A,C:C,A:A,T:T,G:G,T:T,A:A,A:A,A:A,G:G,C:C,C:C,G:G,T:T,T:T,G:G,A:A,C:C,C:C,G:G,T:T,A:A,A:A,A:A,T:T,C:C,G:G,C:T,G:G,C:C,T:T,C:C,G:G,T:C,T:T,T:T,T:T,G:G,G:G,A:A,A:A,A:A,G:G,C:C,A:A,T:T,A:A,C:C,T:T,A:A,T:T,A:A,A:A,G:G,A:A,C:C,C:G,C:C,C:C,C:C,G:G
ICSX152006-SB-16-2-1,C:C,C:C,T:T,G:G,A:A,C:C,A:A,C:C,A:A,T:T,G:G,T:T,A:A,A:A,A:A,G:G,C:C,C:C,G:G,T:T,T:T,G:G,A:A,G:G,G:G,C:C,T:T,A:A,A:A,A:A,T:T,C:C,G:G,C:T,G:G,G:G,T:T,C:C,G:G,T:C,T:T,T:T,T:T,G:G,G:G,A:A,A:A,A:A,G:G,C:C,A:A,T:T,A:A,C:C,T:T,A:A,T:T,A:A,A:A,G:G,A:A,C:C,C:G,C:C,C:C,C:C,G:G
ICSX152006-SB-5-1-1,C:C,C:C,T:T,G:G,A:A,C:C,A:A,C:C,A:A,T:T,G:G,T:T,A:A,A:A,A:A,G:G,C:C,C:C,A:A,C:C,C:C,G:G,A:A,C:C,C:C,G:G,T:T,A:A,A:A,A:A,T:T,C:C,C:C,C:T,G:G,G:G,T:T,C:C,G:G,T:C,T:T,T:T,T:T,G:G,G:G,A:A,A:A,A:A,G:G,C:C,A:A,T:T,A:A,C:C,T:T,A:A,T:T,A:A,A:A,G:G,A:A,C:C,C:G,C:C,C:C,C:C,G:G
ICSX152006-SB-5-3-1,C:C,C:C,T:T,G:G,A:A,C:C,A:A,C:C,A:A,T:T,G:G,T:T,A:A,A:A,A:A,G:G,C:C,C:C,A:A,C:C,T:T,G:G,A:A,C:C,C:C,G:G,T:T,A:A,A:A,A:A,T:T,C:C,C:C,C:T,G:G,C:C,T:T,C:C,G:G,T:C,T:T,T:T,T:T,G:G,G:G,A:A,A:A,A:A,G:G,C:C,A:A,T:T,Uncallable,C:C,T:T,A:A,T:T,A:A,A:A,G:G,A:G,T:T,C:G,C:C,C:C,C:C,G:G
ICSX152009-SB-1-1-1,C:C,C:C,T:T,G:G,A:A,C:C,A:A,C:C,A:A,T:T,G:G,T:T,A:A,A:A,A:A,G:G,C:C,C:C,A:A,C:C,C:C,G:G,A:A,C:C,C:C,G:G,T:T,G:A,A:A,A:A,T:T,C:C,C:C,C:T,G:G,G:G,T:T,T:T,G:G,T:C,T:T,T:T,T:T,G:G,G:G,A:A,A:A,A:A,G:G,C:C,A:A,T:T,A:A,C:C,T:T,A:A,T:T,A:A,A:A,G:G,A:A,C:C,C:G,C:C,C:C,C:C,G:G
ICSX152009-SB-11-1-1,C:C,C:C,T:T,G:G,A:A,C:C,A:A,C:C,A:A,T:T,G:G,T:T,A:A,A:A,A:A,G:G,C:C,C:C,G:G,T:T,T:T,G:G,G:G,C:C,C:C,G:G,T:T,G:G,A:A,A:A,T:T,C:C,C:C,C:T,G:G,G:G,T:T,C:C,G:G,T:C,T:T,T:T,T:T,G:G,G:G,G:G,A:A,A:A,G:G,C:C,A:A,T:T,A:A,C:C,T:T,A:A,T:T,A:A,A:A,G:G,A:A,C:C,G:G,G:G,C:C,C:C,G:G
ICSX152009-SB-11-2-2,C:C,C:C,T:T,G:G,A:A,C:C,A:A,C:C,A:A,T:T,G:G,T:T,A:A,A:A,A:A,G:G,C:C,C:C,A:A,Uncallable,T:T,G:G,A:A,C:C,C:C,G:G,T:T,G:A,A:A,A:A,T:T,C:C,C:C,C:T,G:G,G:G,T:T,T:T,G:G,T:C,T:T,T:T,T:T,G:G,G:G,G:G,A:A,A:A,G:G,C:C,A:A,T:T,A:A,C:C,T:T,A:A,T:T,A:A,A:A,G:G,A:A,C:C,G:G,G:G,C:C,C:C,G:G
ICSX152009-SB-11-3-1,C:C,C:C,T:T,G:G,A:A,C:C,A:A,C:C,A:A,T:T,G:G,T:T,A:A,A:A,A:A,G:G,C:C,C:C,A:A,C:C,C:C,G:G,G:G,C:C,C:C,G:G,T:T,A:A,A:A,A:A,T:T,C:C,G:G,C:T,G:G,G:G,T:T,T:T,G:G,T:C,T:T,T:T,T:T,G:G,G:G,G:G,A:A,A:A,G:G,C:C,A:A,T:T,A:A,C:C,T:T,A:A,T:T,A:A,A:A,G:G,A:A,C:C,G:G,G:G,C:C,C:C,G:G
ICSX152009-SB-1-2-1,C:C,C:C,T:T,G:G,A:A,C:C,A:A,C:C,A:A,T:T,G:G,T:T,A:A,A:A,A:A,G:G,C:C,C:C,A:A,C:C,C:C,G:G,A:A,C:C,C:C,G:G,T:T,G:A,A:A,A:A,T:T,C:C,C:C,C:T,G:G,G:G,T:T,T:T,G:G,T:C,T:T,T:T,T:T,G:G,G:G,G:G,A:A,A:A,G:G,C:C,A:A,T:T,A:A,C:C,T:T,A:A,T:T,A:A,A:A,G:G,A:A,C:C,C:G,C:C,C:C,C:C,G:G
ICSX152009-SB-1-2-2,C:C,C:C,T:T,G:G,A:A,C:C,A:A,C:C,A:A,T:T,G:G,T:T,A:A,A:A,A:A,G:G,C:C,C:C,A:A,C:C,C:C,G:G,A:A,C:C,C:C,G:G,T:T,G:A,A:A,A:A,T:T,C:C,C:C,C:T,G:G,G:G,T:T,C:C,G:G,T:C,T:T,T:T,T:T,G:G,G:G,G:G,A:A,A:A,G:G,C:C,A:A,T:T,A:A,C:C,T:T,A:A,T:T,A:A,A:A,G:G,A:A,C:C,C:G,C:C,T:T,A:A,G:G
ICSX152009-SB-16-2-1,C:C,C:C,T:T,G:G,A:A,C:C,A:A,C:C,A:A,T:T,G:G,T:T,A:A,A:A,A:A,G:G,C:C,C:C,A:A,C:C,C:C,G:G,A:A,C:C,C:C,G:G,T:T,A:A,A:A,A:A,T:T,C:C,C:C,C:T,G:G,G:G,T:T,C:C,G:G,T:C,T:T,T:T,T:T,G:G,G:G,A:A,A:A,A:A,G:G,C:C,A:A,T:T,A:A,C:C,T:T,A:A,T:T,A:A,A:A,G:G,A:A,C:C,C:G,C:C,C:C,A:A,G:G
ICSX152009-SB-19-1-1,C:C,C:C,T:T,G:G,A:A,C:C,A:A,C:C,A:A,T:T,G:G,T:T,A:A,A:A,A:A,G:G,C:C,C:C,G:G,T:T,T:T,G:G,A:A,C:C,C:C,G:G,T:T,G:A,A:A,A:A,T:T,C:C,C:C,C:T,G:G,G:G,T:T,T:T,G:G,T:C,T:T,T:T,T:T,G:G,G:G,A:A,A:A,A:A,G:G,C:C,A:A,T:T,A:A,C:C,T:T,A:A,T:T,A:A,A:A,G:G,A:A,C:C,C:G,C:C,C:C,C:C,G:G
ICSX152010-SB-12-2-1,C:C,C:C,T:T,G:G,A:A,C:C,A:A,C:C,A:A,T:T,G:G,T:T,A:A,A:A,A:A,G:G,C:C,C:C,G:A,T:T,T:T,G:G,A:A,C:C,C:C,G:G,T:T,A:A,A:A,A:A,G:G,C:C,G:G,C:C,G:G,G:G,T:T,C:C,G:G,T:C,T:T,T:T,T:T,G:G,G:G,G:G,A:A,A:A,C:C,C:C,A:A,T:T,A:A,C:C,C:C,G:G,Uncallable,A:A,A:A,G:G,A:A,C:C,C:G,C:C,C:C,C:C,G:G
ICSX152010-SB-12-3-1,C:C,C:C,T:T,G:G,A:A,C:C,A:A,C:C,A:A,T:T,G:G,T:T,A:A,A:A,A:A,G:G,C:C,C:C,G:G,T:T,C:C,T:T,A:A,C:C,C:C,G:G,A:A,A:A,A:A,A:A,G:G,C:C,G:G,C:C,G:G,G:G,T:T,C:C,G:G,T:C,T:T,T:T,T:T,G:G,G:G,G:G,A:A,A:A,C:C,C:C,A:A,T:T,A:A,C:C,C:C,G:G,C:C,A:A,A:A,G:G,A:A,C:C,C:G,C:C,C:C,C:C,G:G
ICSX152010-SB-15-4-1,C:C,C:C,T:T,G:G,A:A,C:C,A:A,C:C,A:A,T:T,G:G,T:T,A:A,A:A,G:G,G:G,C:C,C:C,G:G,T:T,T:T,G:G,A:A,G:G,G:G,C:C,A:A,A:A,A:A,A:A,T:T,C:C,C:C,C:C,G:G,G:G,T:T,C:C,G:G,T:C,T:T,T:T,T:T,G:G,G:G,G:G,A:A,A:A,G:G,C:C,A:A,C:C,T:T,C:C,C:C,G:G,C:C,A:A,A:A,G:G,A:G,T:T,C:G,C:C,C:C,C:C,G:G
ICSX152010-SB-17-1-1,C:C,C:C,T:T,G:G,A:A,C:C,A:A,G:G,A:A,T:T,G:G,T:T,A:A,A:A,A:A,G:G,C:C,C:C,G:G,T:T,T:T,G:G,A:A,C:C,C:C,G:G,T:T,A:A,A:A,A:A,T:T,C:C,G:G,C:C,G:G,G:G,T:T,C:C,G:G,T:C,T:T,Uncallable,T:T,G:G,G:G,G:G,A:A,A:A,C:C,C:C,A:A,T:C,T:T,C:C,C:C,G:G,C:C,A:A,A:A,G:G,A:A,C:C,C:G,C:C,C:C,C:C,G:G
ICSX152010-SB-6-1-1,C:C,C:C,T:T,G:G,A:A,C:C,A:A,G:G,A:A,T:T,G:G,T:T,A:A,A:A,G:G,G:G,C:C,C:C,Uncallable,T:T,T:T,G:G,A:A,C:C,C:C,G:G,A:A,A:A,A:A,A:A,G:G,C:C,C:C,C:C,G:G,G:G,T:T,C:C,G:G,T:C,T:T,T:T,T:T,G:G,G:G,A:A,A:A,A:A,C:C,C:C,A:A,C:C,T:T,C:C,T:T,G:G,T:T,A:A,A:A,G:G,A:G,T:T,C:G,C:C,C:C,C:C,G:G
ICSX152010-SB-6-2-1,C:C,C:C,T:T,G:G,A:A,C:C,A:A,G:G,A:A,T:T,G:G,T:T,A:A,A:A,A:A,G:G,C:C,C:C,G:G,T:T,T:T,G:G,A:A,C:C,C:C,G:G,A:A,A:A,A:A,A:A,G:G,C:C,C:C,C:C,G:G,G:G,T:T,C:C,G:G,T:C,T:T,T:T,T:T,G:G,G:G,A:A,A:A,A:A,C:C,C:C,A:A,C:C,T:T,C:C,C:C,G:G,T:T,A:A,A:A,G:G,A:G,T:T,C:G,C:C,C:C,C:C,G:G
ICSX152010-SB-8-1-1,C:C,C:C,T:T,G:G,A:A,C:C,A:A,G:G,A:A,T:T,G:G,T:T,A:A,A:A,G:G,G:G,C:C,C:C,Uncallable,T:T,T:T,G:G,A:A,C:C,C:C,G:G,T:T,A:A,A:A,A:A,G:G,C:C,G:G,C:T,G:G,G:G,T:T,C:C,G:G,T:C,T:T,T:T,T:T,G:G,G:G,A:A,A:A,A:A,G:G,C:C,A:A,C:C,A:A,C:C,C:C,G:G,C:C,A:A,A:A,G:G,A:A,C:C,C:G,C:C,C:C,C:C,G:G
ICSX152010-SB-8-1-2,C:C,C:C,T:T,G:G,A:A,C:C,A:A,G:G,A:A,T:T,G:G,T:T,A:A,A:A,G:G,G:G,C:C,C:C,G:G,T:T,T:T,G:G,A:A,C:C,C:C,G:G,T:T,A:A,A:A,A:A,T:T,C:C,G:G,C:T,G:G,G:G,T:T,C:C,G:G,T:C,T:T,T:T,T:T,G:G,G:G,A:A,A:A,A:A,G:G,C:C,A:A,C:C,A:A,C:C,C:C,G:G,C:C,A:A,A:A,G:G,A:A,C:C,C:G,C:C,C:C,C:C,G:G
ICSX152010-SB-9-1-1-B,C:C,C:C,T:T,G:G,A:A,C:C,A:A,G:G,A:A,T:T,G:G,T:T,A:A,A:A,G:G,G:G,C:C,C:C,G:G,T:T,C:C,T:T,A:A,C:C,C:C,G:G,A:A,A:A,A:A,A:A,G:G,C:C,G:G,C:C,G:G,G:G,T:T,C:C,G:G,T:C,T:T,T:T,T:T,G:G,G:G,G:G,A:A,A:A,G:C,C:C,A:A,T:T,A:A,C:C,T:T,G:G,T:T,A:A,A:A,G:G,A:G,C:T,C:G,C:C,C:C,C:C,G:G
IESV92038-1DL,C:C,C:C,T:T,G:G,A:A,C:C,A:A,C:C,A:A,T:T,G:G,T:T,A:A,A:A,A:A,G:G,C:C,C:C,G:G,T:T,T:T,G:G,G:G,C:C,C:C,G:G,T:T,A:A,A:A,G:G,T:T,C:C,C:C,C:T,G:G,G:G,T:T,C:C,G:G,T:C,T:T,T:T,T:T,G:G,G:G,A:A,A:A,A:A,G:G,C:C,G:G,C:C,A:A,C:C,T:T,G:G,T:T,A:A,A:A,G:G,A:A,C:C,C:G,C:C,C:C,C:C,G:G
IESV92174DL,C:C,C:C,T:T,G:G,A:A,C:C,A:A,C:C,G:G,T:T,G:G,T:T,A:A,A:A,A:A,G:G,C:C,C:C,A:A,C:C,C:C,G:G,G:G,C:C,C:C,G:G,T:T,A:A,A:A,A:A,G:G,C:C,C:C,C:T,G:G,C:C,T:T,C:C,G:G,T:C,T:T,T:T,T:T,G:G,G:G,A:A,A:A,A:A,G:G,C:C,A:A,C:C,T:T,C:C,T:T,G:G,T:T,A:A,A:A,G:G,A:A,C:C,C:G,C:C,T:T,C:C,G:G
Macia,C:C,C:C,T:T,G:G,A:A,C:C,A:A,C:C,A:A,T:T,G:G,T:T,A:A,A:A,A:A,G:G,C:C,C:C,G:G,T:T,T:T,G:G,A:A,C:C,C:C,G:G,T:T,A:A,A:A,A:A,T:T,C:C,G:G,C:T,G:G,G:G,T:T,C:C,G:G,T:C,T:T,T:T,T:T,G:G,G:G,A:A,A:A,A:A,G:G,C:C,A:A,T:T,A:A,C:C,T:T,A:A,T:T,A:A,A:A,G:G,A:A,C:C,C:G,C:C,C:C,C:C,G:G
MACIAxICSB479-1-1-1,C:C,C:C,T:T,G:G,A:A,C:C,A:A,G:G,A:A,T:T,G:G,T:T,A:A,A:A,G:G,G:G,C:C,C:C,Uncallable,T:T,T:T,G:G,A:A,G:G,G:G,C:C,T:T,A:A,A:A,A:A,G:G,C:C,G:G,C:C,G:G,G:G,?,C:C,G:G,T:C,T:T,T:T,T:T,G:G,G:G,G:G,A:A,A:A,G:G,C:C,A:A,C:C,T:T,C:C,C:C,G:G,C:C,A:A,A:A,G:G,A:A,C:C,C:G,C:C,C:C,C:C,G:G
MACIAxMOSHILOCAL-1-3-2,T:T,C:C,T:T,G:G,A:A,C:C,A:A,G:G,G:G,T:T,G:G,T:T,A:A,A:A,A:A,G:G,C:C,C:C,G:G,T:T,T:T,G:G,G:G,C:C,C:C,G:G,T:T,A:A,A:A,A:A,T:T,C:C,G:G,C:T,G:G,G:G,T:T,C:C,G:G,T:C,T:T,T:T,T:T,G:G,G:G,A:A,A:A,A:A,G:G,C:C,A:A,T:T,A:A,C:C,T:T,A:A,T:T,A:A,A:A,G:G,A:G,C:C,C:G,C:C,C:C,C:C,G:G
MaciaxR8602-12#7-P2,C:C,C:C,T:T,G:G,A:A,C:C,A:A,C:C,A:A,T:T,G:G,T:T,A:A,A:A,A:A,G:G,C:C,C:C,G:G,T:T,T:T,G:G,A:A,C:C,C:C,G:G,A:A,A:A,A:A,A:A,T:T,C:C,G:G,C:C,G:G,G:G,T:T,C:C,G:G,T:C,T:T,T:T,T:T,G:G,G:G,G:G,A:A,A:A,G:G,C:C,A:A,T:T,A:A,C:C,T:T,A:G,C:C,A:A,A:A,G:G,A:A,C:C,C:G,C:C,C:C,C:C,G:G
MACIAxWAHI-2-1-2,Uncallable,G:G,G:G,G:G,A:A,C:C,A:A,C:C,A:A,T:T,G:G,T:T,A:A,A:A,A:A,G:G,C:C,C:C,G:G,T:T,T:T,G:G,A:A,C:C,C:C,G:G,A:A,A:A,A:A,A:A,T:T,C:C,C:C,C:T,G:G,G:G,T:T,T:T,G:G,T:C,T:T,T:T,T:T,G:G,G:G,A:A,A:A,A:A,G:G,C:C,A:A,T:T,A:A,C:C,T:T,A:A,T:T,A:A,A:A,G:G,A:A,C:C,C:G,C:C,C:C,C:C,G:G
MACIAxWAHI-5-1-3,T:T,G:G,G:G,G:G,A:A,C:C,A:A,C:C,A:A,T:T,G:G,T:T,A:A,A:A,A:A,C:C,C:C,C:C,Uncallable,T:T,T:T,G:G,A:A,C:C,C:C,G:G,A:A,A:A,A:A,A:A,T:T,C:C,G:G,C:T,?,G:G,T:T,C:C,G:G,T:C,T:T,T:T,T:T,G:G,G:G,A:A,A:A,A:A,G:G,C:C,A:A,T:T,A:A,?,T:T,A:A,T:T,A:A,A:A,G:G,A:A,C:C,C:G,C:C,T:T,C:C,G:G
MACIAxWAHI-5-2-1,C:C,G:C,G:G,G:G,A:A,C:C,A:A,C:C,A:A,T:T,G:G,T:T,A:A,A:A,A:A,C:C,C:C,C:C,G:G,T:T,T:T,G:G,A:A,C:C,C:C,G:G,A:A,A:A,A:A,A:A,T:T,C:C,G:G,C:T,?,G:G,T:T,T:T,G:G,T:C,T:T,T:T,T:T,G:G,G:G,A:A,A:A,A:A,G:G,C:C,A:A,T:T,A:A,C:C,C:C,A:A,T:T,A:A,A:A,G:G,A:A,C:C,C:G,C:C,T:T,C:C,G:G
IESV214030DL,?,?,?,?,?,?,?,?,?,?,?,?,?,?,?,?,?,?,?,?,?,?,?,G:G,?,?,?,?,?,?,?,?,?,?,?,?,?,?,G:G,?,?,?,?,?,?,?,?,?,?,?,?,?,?,?,?,?,?,G:G,?,?,?,?,?,?,?,?,?
IESV214031DL,?,?,?,?,?,?,?,?,?,?,?,?,?,?,?,?,?,?,?,?,?,?,?,?,?,C:C,?,?,?,?,?,?,?,?,?,?,?,?,G:G,?,?,?,?,G:G,?,?,?,?,?,?,?,?,?,?,?,?,?,G:G,?,?,?,?,?,?,?,?,?
IESV23004DL,?,?,?,?,?,?,?,?,?,?,?,?,?,?,?,?,?,?,?,?,?,?,?,?,?,?,?,?,?,?,?,?,?,?,?,?,?,?,G:G,?,?,?,?,?,?,?,?,?,?,?,?,?,?,?,?,?,?,G:G,?,?,?,?,?,?,?,?,?
IESV23005DL,?,?,?,?,?,?,?,?,?,?,?,?,?,?,?,?,?,?,?,?,?,?,?,?,?,?,?,?,?,?,?,?,?,?,?,?,?,?,G:G,?,?,?,?,?,?,?,?,?,?,?,?,?,?,?,?,?,?,G:G,?,?,?,?,?,?,?,?,?
IESV23006DL,?,?,?,?,?,?,?,?,?,?,?,?,?,?,?,?,?,?,?,?,?,?,?,?,?,?,?,?,?,?,?,?,?,?,?,?,?,?,G:G,?,?,?,?,?,?,?,?,?,?,?,?,?,?,?,?,?,?,G:G,?,?,?,?,?,?,?,?,?
IESV23007DL,?,G:C,T:T,G:G,A:A,C:C,A:A,G:G,A:A,T:T,G:G,T:T,A:A,A:A,A:A,G:G,C:C,C:C,Uncallable,T:T,T:T,G:G,A:A,G:G,?,?,?,?,?,?,?,?,?,?,?,?,?,?,G:G,?,?,?,?,?,G:G,A:A,A:A,A:A,G:G,C:C,A:A,C:C,T:T,C:C,T:T,A:G,T:T,A:A,A:A,G:G,Uncallable,C:C,C:G,C:C,T:T,C:C,G:G
IESV23010DL,?,?,?,?,?,?,?,?,?,?,?,?,?,?,?,?,?,?,?,?,?,?,?,?,?,?,?,?,?,?,?,?,?,?,?,?,?,?,G:G,?,?,?,?,?,?,?,?,?,?,?,?,?,?,?,?,?,?,G:G,?,?,?,?,?,?,?,?,?
IESV23011DL,?,?,?,?,?,?,?,?,?,?,?,?,?,?,?,?,?,?,?,?,?,?,?,?,?,?,?,?,?,?,?,?,?,?,?,?,?,?,G:G,?,?,?,?,?,?,?,?,?,?,?,?,?,?,?,?,?,?,G:G,?,?,?,?,?,?,?,?,?
IESV23018DL,?,?,?,?,?,?,?,?,?,?,?,?,?,?,?,?,?,?,?,?,?,?,?,?,?,?,?,?,?,?,?,?,?,?,?,?,?,?,G:G,?,?,?,?,?,?,?,?,?,?,?,?,?,?,?,?,?,?,G:G,?,?,?,?,?,?,?,?,?
IESV23019DL,?,?,?,?,?,?,?,?,?,?,?,?,?,?,?,?,?,?,?,?,?,?,?,?,?,?,?,?,?,?,?,?,?,?,?,?,?,?,G:G,?,?,Uncallable,?,?,?,?,?,?,?,?,?,?,?,?,?,?,?,G:G,?,?,?,?,?,?,?,?,?
IESV24031SH,T:T,Uncallable,T:T,C:C,Uncallable,C:C,A:A,G:G,Uncallable,T:T,G:G,T:T,A:A,A:A,A:A,C:C,A:A,C:C,A:A,C:C,C:C,G:G,A:A,G:G,?,?,?,?,?,?,?,?,?,?,?,?,?,?,G:G,C:C,T:T,T:C,T:T,G:G,G:G,Uncallable,A:A,A:A,G:G,C:C,G:G,C:C,A:A,C:C,T:T,A:G,T:T,A:A,A:A,G:G,A:G,C:T,C:G,C:C,T:T,C:C,G:G
IESV90042LT,T:T,C:C,T:T,C:C,G:G,T:T,A:A,C:C,G:G,T:T,G:G,T:T,A:A,A:A,A:A,C:C,C:C,C:C,?,T:T,T:T,G:G,G:G,G:G,G:G,C:C,?,?,?,?,?,?,?,?,?,?,?,?,G:G,C:C,T:T,T:C,T:T,G:G,G:G,A:A,A:A,A:A,G:G,C:C,G:G,C:C,T:T,?,T:T,G:G,T:T,A:A,A:A,G:G,A:A,C:C,C:G,G:C,C:C,C:C,G:G
IESV91001SH,C:C,Uncallable,T:T,G:G,A:A,C:C,A:A,C:C,A:A,T:T,G:G,T:T,A:A,A:A,G:G,C:C,C:C,C:C,?,T:T,T:T,G:G,G:G,C:C,C:C,G:G,T:T,A:A,A:A,A:A,T:T,C:C,C:C,C:T,G:G,G:G,?,?,G:G,T:C,T:T,T:T,T:T,G:G,G:G,A:A,A:A,A:A,G:G,C:C,A:A,C:C,T:T,C:C,Uncallable,G:G,T:T,A:A,A:A,G:G,Uncallable,C:T,C:G,C:C,T:T,C:C,G:G
IESV91003DL,Uncallable,Uncallable,T:T,G:G,A:A,C:C,A:A,G:C,A:A,T:T,G:G,T:T,A:A,A:A,A:A,C:G,C:C,C:C,?,T:T,T:T,G:G,Uncallable,C:C,C:C,G:G,T:T,A:A,A:A,A:A,T:T,C:C,C:C,C:T,G:G,G:G,T:T,Uncallable,C:G,T:C,T:T,T:T,T:T,G:G,G:G,A:A,A:A,A:A,G:G,C:C,G:G,C:C,T:T,C:C,C:T,A:A,T:T,A:A,A:A,G:G,Uncallable,C:T,C:G,C:C,T:T,C:C,G:G
IESV91004DL,T:T,C:C,Uncallable,G:G,A:A,C:C,A:A,C:C,A:A,T:T,G:G,T:T,A:A,A:A,A:A,Uncallable,C:C,C:C,?,T:T,T:T,G:G,G:G,C:C,?,?,?,?,A:A,A:A,T:T,C:C,C:C,C:T,?,G:G,?,?,G:G,T:C,T:T,T:T,T:T,G:G,G:G,A:A,A:A,A:A,G:G,C:C,G:G,C:C,T:T,C:C,T:T,A:A,T:T,A:A,A:A,G:G,Uncallable,C:T,C:G,C:C,T:T,C:C,G:G
IESV91005DL,?,?,?,?,?,?,?,?,?,?,?,?,?,?,?,?,?,?,?,?,?,?,?,?,?,?,?,?,?,?,?,?,?,?,?,?,?,?,G:G,?,?,?,?,?,?,?,?,?,?,?,?,?,?,?,?,?,?,G:G,?,?,?,?,?,?,?,?,?
IESV91006DL,?,?,?,?,?,?,?,?,?,?,?,?,?,?,?,?,?,?,?,?,?,?,?,?,?,?,?,?,?,?,?,?,?,?,?,?,?,?,G:G,?,?,?,?,?,?,?,?,?,?,?,?,?,?,?,?,?,?,G:G,?,?,?,?,?,?,?,?,?
IESV91006SH,?,?,?,?,?,?,?,?,?,?,?,?,?,?,?,?,?,?,?,?,?,?,?,?,?,?,?,?,?,?,?,?,?,?,?,?,?,?,G:G,?,?,?,?,?,?,?,?,?,?,?,?,?,?,?,?,?,?,G:G,?,?,?,?,?,?,?,?,?
IESV91009_1SH,C:C,C:C,T:T,G:G,A:A,C:C,A:A,C:C,A:A,T:T,G:G,T:T,A:A,A:A,G:G,C:C,C:C,C:C,?,T:T,T:T,G:G,G:G,C:C,?,?,?,?,?,?,?,?,?,?,?,?,?,?,G:G,?,?,T:T,T:T,G:G,G:G,A:A,A:A,A:A,G:G,C:C,A:A,C:C,T:T,C:C,C:C,G:G,T:T,A:A,A:A,G:G,A:G,T:T,C:G,C:C,T:T,C:C,G:G
IESV91011DL,C:C,C:C,T:T,G:G,A:A,C:C,A:A,G:G,A:A,T:T,G:G,T:T,A:A,A:A,G:G,G:G,C:C,C:C,?,T:T,T:T,G:G,G:G,C:C,?,?,?,?,A:A,A:A,T:T,C:C,?,?,?,?,?,?,C:C,T:C,T:T,T:T,T:T,G:G,?,A:A,A:A,A:A,G:G,C:C,A:A,C:C,T:T,C:C,C:C,G:G,T:T,A:A,A:A,G:G,A:G,T:T,C:G,C:C,T:T,C:C,G:G
IESV91012DL,C:C,C:C,T:T,G:G,A:A,C:C,A:A,C:C,A:A,T:T,G:G,T:T,A:A,A:A,G:G,C:C,C:C,C:C,?,T:T,T:T,G:G,G:G,C:C,?,G:G,?,?,A:A,?,?,C:C,?,?,?,?,?,?,G:G,T:C,T:T,T:T,T:T,G:G,G:G,A:A,A:A,A:A,G:G,C:C,A:A,C:C,T:T,C:C,C:C,G:G,T:T,A:A,A:A,G:G,A:G,T:T,C:G,C:C,T:T,C:C,G:G
IESV91017SH,T:T,C:C,T:T,G:G,A:A,C:C,A:A,G:G,A:A,T:T,G:G,T:T,A:A,A:A,G:G,C:C,C:C,C:C,G:G,T:T,T:T,G:G,G:G,C:C,?,?,?,?,A:A,A:A,T:T,C:C,C:C,C:T,G:G,G:G,?,?,C:C,T:C,T:T,T:T,T:T,G:G,?,A:A,A:A,A:A,G:G,C:C,A:A,C:C,T:T,C:C,C:C,A:A,T:T,A:A,A:A,G:G,A:G,T:T,C:G,C:C,T:T,C:C,G:G
IESV91018LT,C:C,C:C,T:T,G:G,A:A,C:C,A:A,C:C,G:G,T:T,G:G,T:T,A:A,A:A,G:G,Uncallable,C:C,C:C,?,T:T,T:T,G:G,G:G,G:G,?,?,?,?,?,?,?,?,?,?,?,?,?,?,G:G,C:C,T:T,T:C,T:T,G:G,G:G,A:A,A:A,A:A,G:G,C:C,A:A,C:C,T:T,C:C,T:T,A:A,T:T,A:A,A:A,G:G,A:A,C:C,C:G,G:C,T:T,C:C,G:G
IESV91019DL,?,?,?,?,?,?,?,?,?,?,?,?,?,?,?,?,?,?,?,?,?,?,?,?,?,?,?,?,?,?,?,?,?,?,?,?,?,?,G:G,?,?,?,?,?,?,?,?,?,?,?,?,?,?,?,?,?,?,G:G,?,?,?,?,?,?,?,?,?
IESV91020DL,?,?,?,?,?,?,?,?,?,?,?,?,?,?,?,?,?,?,?,?,?,?,?,?,?,?,?,?,?,?,?,?,?,?,?,?,?,?,G:G,?,?,?,?,?,?,?,?,?,?,?,?,?,?,?,?,?,?,G:G,?,?,?,?,?,?,?,?,?
IESV91021DL,?,?,?,?,?,?,?,?,?,?,?,?,?,?,?,?,?,?,?,?,?,?,?,?,?,?,?,?,?,?,?,?,?,?,?,?,?,?,G:G,?,?,?,?,?,?,?,?,?,?,?,?,?,?,?,?,?,?,G:G,?,?,?,?,?,?,?,?,?
IESV91022DL,?,?,?,?,?,?,?,?,?,?,?,?,?,?,?,?,?,?,?,?,?,?,?,?,?,?,?,?,?,?,?,?,?,?,?,?,?,?,G:G,?,?,?,?,?,?,?,?,?,?,?,?,?,?,?,?,?,?,G:G,?,?,?,?,?,?,?,?,?
IESV91029DL,T:T,C:C,T:T,G:G,A:A,C:C,A:A,C:C,A:A,T:T,G:G,T:T,A:A,A:A,G:G,G:G,C:C,C:C,?,T:T,T:T,G:G,G:G,C:C,?,?,?,?,?,A:A,T:T,?,C:C,?,G:G,?,?,?,G:G,T:C,T:T,T:T,T:T,G:G,G:G,A:A,A:A,A:A,G:G,C:C,G:G,C:C,T:T,C:C,T:T,G:G,T:T,A:A,A:A,G:G,A:G,T:T,C:G,C:C,T:T,C:C,G:G
IESV91030DL,T:T,C:C,T:T,G:G,A:A,C:C,A:A,C:C,A:A,T:T,G:G,T:T,A:A,A:A,G:G,G:G,C:C,C:C,G:G,T:T,T:T,G:G,G:G,C:C,?,?,?,?,A:A,A:A,T:T,C:C,C:C,C:T,G:G,G:G,?,?,G:G,T:C,T:T,T:T,T:T,G:G,G:G,A:A,A:A,A:A,G:G,C:C,G:G,C:C,T:T,C:C,C:C,A:A,T:T,A:A,A:A,G:G,A:A,C:C,C:G,C:C,T:T,C:C,G:G
IESV91032DL,T:T,C:C,T:T,G:G,A:A,C:C,A:A,C:C,A:A,T:T,G:G,T:T,A:A,A:A,A:A,G:G,C:C,C:C,?,T:T,T:T,G:G,G:G,C:C,?,?,?,?,A:A,A:A,T:T,C:C,C:C,C:T,G:G,G:G,?,?,C:C,T:C,T:T,T:T,T:T,G:G,G:G,A:A,A:A,A:A,G:G,C:C,G:G,C:C,T:T,C:C,T:T,A:A,T:T,A:A,A:A,G:G,A:G,C:C,C:G,C:C,T:T,C:C,G:G
IESV91033DL,C:C,C:C,T:T,G:G,A:A,C:C,A:A,C:C,A:A,T:T,G:G,T:G,A:A,A:A,G:G,C:C,A:A,C:C,?,T:T,T:T,T:T,A:A,C:C,?,?,?,?,G:G,G:G,G:G,C:C,?,?,?,?,?,?,G:G,T:C,T:T,T:T,T:T,G:G,G:G,G:G,A:A,?,C:C,C:C,G:G,C:C,T:T,?,T:T,G:G,T:T,A:A,A:A,G:G,A:G,T:T,C:G,C:C,C:C,A:A,G:G
IESV91035DL,?,?,?,?,?,?,?,?,?,?,?,?,?,?,?,?,?,?,?,?,?,?,?,?,?,?,?,?,?,?,?,?,?,?,?,?,?,?,G:G,?,?,?,?,?,?,?,?,?,?,?,?,?,?,?,?,?,?,G:G,?,?,?,?,?,?,?,?,?
IESV91035SH,?,?,?,?,?,?,?,?,?,?,?,?,?,?,?,?,?,?,?,?,?,?,?,?,?,?,?,?,?,?,?,?,?,?,?,?,?,?,G:G,?,?,?,?,?,?,?,?,?,?,?,?,?,?,?,?,?,?,G:G,?,?,?,?,?,?,?,?,?
IESV91036DL,?,?,?,?,?,?,?,?,?,?,?,?,?,?,?,?,?,?,?,?,?,?,?,?,?,?,?,?,?,?,?,?,?,?,?,?,?,?,G:G,?,?,?,?,?,?,?,?,?,?,?,?,?,?,?,?,?,?,G:G,?,?,?,?,?,?,?,?,?
IESV91036SH,T:T,C:C,T:T,G:G,A:A,C:C,A:A,C:C,A:A,T:T,G:G,T:T,A:A,A:A,A:A,G:G,C:C,C:C,G:G,T:T,T:T,G:G,G:G,C:C,?,?,?,?,?,?,T:T,?,?,?,?,?,?,?,G:G,?,T:T,T:T,T:T,G:G,?,A:A,A:A,A:A,G:G,C:C,G:G,C:C,T:T,C:C,T:T,A:A,T:T,A:A,A:A,G:G,A:A,C:C,C:G,C:C,T:T,C:C,G:G
IESV91037DL,T:T,C:C,T:T,G:G,A:A,C:C,A:A,C:C,A:A,T:T,G:G,T:T,A:A,A:A,G:G,G:G,C:C,C:C,G:G,T:T,T:T,G:G,G:G,C:C,C:C,G:G,T:T,A:A,A:A,A:A,T:T,C:C,C:C,C:T,G:G,G:G,?,T:T,C:C,T:C,T:T,T:T,T:T,G:G,?,A:A,A:A,A:A,G:G,C:C,G:G,C:C,T:T,C:C,T:T,A:A,T:T,A:A,A:A,G:G,Uncallable,C:C,C:G,C:C,T:T,C:C,G:G
IESV91038DL,?,G:G,T:T,G:G,A:A,C:C,A:A,C:C,A:A,T:T,G:G,T:T,A:A,A:A,Uncallable,G:G,C:C,C:C,?,T:T,T:T,G:G,G:G,C:C,C:C,G:G,?,?,A:A,A:A,G:G,C:C,G:G,C:T,G:G,C:G,?,?,C:C,T:C,T:T,T:T,T:T,G:G,?,G:G,A:A,G:G,G:G,C:C,A:A,C:C,A:A,C:C,C:C,G:G,T:T,A:A,A:A,G:G,A:A,C:C,C:G,C:C,T:T,A:A,G:G
IESV91038SH,T:T,C:C,T:T,G:G,A:A,C:C,A:A,C:C,A:A,T:T,G:G,T:T,A:A,A:A,Uncallable,G:G,C:C,C:C,G:G,T:T,T:T,G:G,G:G,C:C,?,G:G,?,?,A:A,A:A,T:T,C:C,C:C,C:T,G:G,G:G,?,T:T,C:C,T:C,T:T,T:T,T:T,G:G,?,A:A,A:A,A:A,G:G,C:C,G:G,C:C,T:T,C:C,T:T,A:A,T:T,A:A,A:A,G:G,A:A,C:C,C:G,C:C,T:T,C:C,G:G
IESV91039DL,T:T,C:C,T:T,G:G,A:A,C:C,A:A,C:C,A:A,T:T,G:G,T:T,A:A,A:A,A:A,G:G,C:C,C:C,?,T:T,T:T,G:G,G:G,C:C,?,?,?,?,A:A,?,?,C:C,?,?,?,?,?,?,G:G,?,?,T:T,T:T,G:G,G:G,A:A,A:A,A:A,G:G,C:C,G:G,C:C,T:T,C:C,C:T,A:G,T:T,A:A,A:A,G:G,A:G,T:T,C:G,C:C,T:T,C:C,G:G
IESV91041DL,?,?,?,?,?,?,?,?,?,?,?,?,?,?,?,?,?,?,?,?,?,?,?,?,?,?,?,?,?,?,?,?,?,?,?,?,?,?,G:G,?,?,?,?,?,?,?,?,?,?,?,?,?,?,?,?,?,?,G:G,?,?,?,?,?,?,?,?,?
IESV91042DL,?,?,?,?,?,?,?,?,?,?,?,?,?,?,?,?,?,?,?,?,?,?,?,?,?,?,?,?,?,?,?,?,?,?,?,?,?,?,G:G,?,?,?,?,?,?,?,?,?,?,?,?,?,?,?,?,?,?,G:G,?,?,?,?,?,?,?,?,?
IESV91043DL,C:C,G:G,T:T,C:C,G:G,T:T,A:A,C:C,A:A,T:T,G:G,T:T,A:A,A:A,G:G,G:G,C:C,C:C,?,T:T,T:T,G:G,G:G,C:C,?,?,?,?,?,?,?,?,?,?,?,?,?,?,G:G,T:C,T:T,T:T,T:T,G:G,G:G,A:A,A:A,A:A,C:C,C:C,A:A,C:C,T:T,C:C,C:C,A:A,T:T,A:A,A:A,G:G,A:G,T:T,C:G,C:C,T:T,C:C,A:A
IESV91044DL,C:C,C:C,T:T,G:G,A:A,C:C,A:A,C:C,G:G,T:T,G:G,T:T,A:A,A:A,A:A,G:G,C:C,C:C,?,T:T,T:T,G:G,G:G,C:C,C:C,?,?,?,A:A,A:A,T:T,C:C,C:C,C:T,G:G,?,?,?,G:G,T:C,T:T,T:T,T:T,G:G,G:G,A:A,A:A,A:A,G:G,C:C,A:A,C:C,T:T,C:C,C:C,G:G,T:T,A:A,A:A,G:G,A:A,C:C,C:G,C:C,T:T,A:A,G:G
IESV91045DL,C:C,C:C,T:T,G:G,A:A,C:C,A:A,C:C,A:A,T:T,G:G,T:T,A:A,A:A,A:A,G:G,C:C,C:C,?,T:T,T:T,G:G,G:G,C:C,C:C,G:G,?,A:A,A:A,A:A,T:T,C:C,C:C,C:T,G:G,G:G,T:T,?,Uncallable,T:C,T:T,T:T,T:T,G:G,?,A:A,A:A,A:A,G:G,C:C,A:A,C:C,T:T,C:C,T:T,A:A,T:T,A:A,A:A,Uncallable,A:A,C:C,C:G,C:C,T:T,C:C,G:G
IESV91048DL,T:T,G:G,T:T,C:C,G:G,T:T,A:A,C:C,A:A,T:T,G:G,T:T,A:A,A:A,G:G,G:G,C:C,C:C,A:A,C:C,C:C,T:T,A:A,G:G,G:G,C:C,T:T,A:A,A:A,A:A,T:T,C:C,C:C,C:T,G:G,G:G,T:T,?,G:G,C:C,T:T,T:C,T:T,G:G,G:G,G:G,A:A,G:G,C:C,C:C,G:G,C:C,T:T,C:C,C:C,A:A,T:T,A:A,A:A,G:G,A:A,T:T,C:G,C:C,T:T,C:C,A:A
IESV91049DL,C:C,C:C,T:T,G:G,A:A,C:C,A:A,C:C,A:A,T:T,G:G,T:T,A:A,A:A,A:A,G:G,C:C,C:C,G:G,T:T,T:T,G:G,G:G,C:C,?,G:G,?,?,A:A,A:A,T:T,C:C,C:C,C:T,G:G,G:G,?,?,G:G,T:C,T:T,T:T,T:T,G:G,?,A:A,A:A,A:A,G:G,C:C,A:A,C:C,T:T,C:C,C:C,A:A,T:T,A:A,A:A,G:G,A:A,C:C,C:G,C:C,T:T,C:C,G:G
IESV91050DL,C:C,C:C,T:T,G:G,A:A,C:C,A:A,C:C,A:A,T:T,G:G,T:T,A:A,A:A,A:A,G:G,C:C,C:C,G:G,T:T,T:T,G:G,G:G,C:C,?,?,?,?,?,?,?,?,C:C,C:T,?,?,?,?,G:G,T:C,T:T,T:T,T:T,G:G,?,A:A,A:A,A:A,G:G,C:C,A:A,C:C,T:T,C:C,C:T,A:A,T:T,A:A,A:A,G:G,A:A,C:C,C:G,C:C,T:T,C:C,G:G
IESV91054DL,?,?,?,?,?,?,?,?,?,?,?,?,?,?,?,?,?,?,?,?,?,?,?,?,?,?,?,?,?,?,?,?,?,?,?,?,?,?,G:G,?,?,?,?,?,?,?,?,?,?,?,?,?,?,?,?,?,?,G:G,?,?,?,?,?,?,?,?,?
IESV91054LT,?,?,?,?,?,?,?,?,?,?,?,?,?,?,?,?,?,?,?,?,?,?,?,?,?,?,?,?,?,?,?,?,?,?,?,?,?,?,G:G,?,?,?,?,?,?,?,?,?,?,?,?,?,?,?,?,?,?,G:G,?,?,?,?,?,?,?,?,?
IESV91056DL,?,G:G,T:T,C:C,G:G,T:T,A:A,C:C,G:G,T:T,G:G,T:T,A:A,A:A,G:G,C:C,A:A,C:C,G:G,T:T,C:C,T:T,G:G,G:G,?,?,?,?,?,?,?,?,?,?,?,C:C,?,?,C:C,C:C,T:T,T:C,T:T,G:G,G:G,G:G,A:A,?,C:C,Uncallable,G:G,C:C,T:T,?,T:T,G:G,T:T,A:A,A:A,G:G,A:G,T:T,C:G,G:C,C:C,C:C,G:G
IESV91060DL,C:C,C:C,T:T,G:G,G:A,C:C,A:A,C:C,A:A,T:T,G:G,T:T,A:A,A:A,A:A,G:G,C:C,C:C,?,T:T,T:T,G:G,G:G,C:C,?,?,?,?,?,A:A,T:T,?,?,C:T,?,?,?,?,Uncallable,T:C,T:T,T:T,T:T,G:G,?,A:A,A:A,A:A,G:G,C:C,G:G,C:C,?,?,T:T,A:A,T:T,A:A,A:A,G:G,A:A,C:C,C:G,C:C,T:T,C:C,G:G
IESV91063DL,C:C,C:C,T:T,G:G,A:A,C:C,A:A,G:G,A:A,T:T,G:G,T:T,A:A,A:A,G:G,C:C,C:C,C:C,?,T:T,T:T,G:G,G:G,C:C,C:C,G:G,?,?,A:A,A:A,T:T,C:C,C:C,C:T,G:G,G:G,?,?,C:C,T:C,T:T,T:T,T:T,G:G,?,A:A,A:A,A:A,G:G,C:C,G:G,C:C,T:T,C:C,T:T,A:A,T:T,A:A,A:A,G:G,A:G,T:T,C:G,C:C,T:T,C:C,G:G
IESV91065DL,C:C,C:C,T:T,G:G,A:A,C:C,A:A,G:G,A:A,T:T,G:G,T:T,A:A,A:A,A:A,G:G,C:C,C:C,?,T:T,T:T,G:G,G:G,C:C,C:C,G:G,?,A:A,A:A,A:A,T:T,C:C,C:C,C:T,G:G,G:G,?,?,C:C,T:C,T:T,T:T,T:T,G:G,G:G,A:A,A:A,A:A,G:G,C:C,A:A,C:C,T:A,C:C,T:T,A:A,T:T,A:A,A:A,G:G,A:A,C:C,C:G,C:C,T:T,C:C,G:G
IESV91069DL,T:T,C:C,T:T,G:G,A:A,C:C,A:A,C:C,A:A,T:T,G:G,T:T,A:A,A:A,G:G,C:C,C:C,C:C,?,T:T,T:T,G:G,G:G,C:C,?,?,?,?,?,A:A,T:T,?,?,?,?,?,?,?,G:G,T:C,T:T,T:T,T:T,G:G,G:G,A:A,A:A,A:A,G:G,C:C,G:G,C:C,T:T,?,C:C,G:G,T:T,A:A,A:A,G:G,A:G,T:T,C:G,C:C,T:T,C:C,G:G
IESV91070DL,?,?,?,?,?,?,?,?,?,?,?,?,?,?,?,?,?,?,?,?,?,?,?,?,?,?,?,?,?,?,T:T,?,?,?,?,?,?,?,G:G,?,?,?,?,?,?,?,?,?,?,?,?,?,?,?,?,?,?,G:G,?,?,?,?,?,?,?,?,?
IESV91071DL,?,?,?,?,?,?,?,?,?,?,?,?,?,?,?,?,?,?,?,?,?,?,?,?,?,?,?,?,?,?,?,?,?,?,?,?,?,?,G:G,?,?,?,?,?,?,?,?,?,?,?,?,?,?,?,?,?,?,G:G,?,?,?,?,?,?,?,?,?
IESV91071LT,T:T,C:C,T:T,C:C,G:G,T:T,A:A,C:C,G:G,T:T,G:G,T:T,?,?,?,C:C,A:A,C:C,?,T:T,T:T,G:G,G:G,G:G,?,C:C,?,?,?,?,?,?,?,?,?,?,?,?,G:G,?,?,?,?,?,G:G,A:A,A:A,?,C:C,C:C,G:G,C:C,T:T,?,T:T,G:G,T:T,A:A,A:A,G:G,A:G,C:C,G:G,G:G,C:C,C:C,G:G
IESV91072DL,T:T,C:C,T:T,G:G,A:A,C:C,A:A,C:C,A:A,T:T,G:G,T:T,?,?,?,G:G,C:C,C:C,?,T:T,T:T,G:G,G:G,C:C,?,?,?,?,?,?,?,?,?,?,?,?,?,?,G:G,?,?,?,?,?,?,A:A,A:A,A:A,G:G,C:C,G:G,C:C,T:T,C:C,C:C,A:A,T:T,A:A,A:A,G:G,A:G,T:T,C:G,C:C,T:T,C:C,G:G
IESV91073DL,T:T,G:G,G:G,C:C,G:G,T:T,A:A,C:C,A:A,T:T,G:G,T:T,A:A,A:A,G:G,G:G,A:A,C:C,G:G,T:T,T:T,G:G,G:G,G:G,?,?,?,?,?,A:A,?,?,G:G,?,?,?,?,?,G:G,C:C,T:T,T:C,T:T,A:A,G:G,A:A,A:A,?,C:C,C:C,G:G,C:C,T:T,?,T:T,G:G,T:T,A:A,A:A,G:G,A:A,C:C,C:G,C:C,C:C,A:A,A:A
IESV91073LT,T:T,G:C,T:G,C:C,G:G,T:T,A:A,C:C,A:A,T:T,G:G,T:T,A:A,A:A,G:G,G:G,A:A,C:C,?,T:T,T:T,G:G,G:G,G:G,?,C:C,?,?,A:A,A:A,G:T,C:C,G:G,C:T,G:G,G:G,?,?,G:G,C:C,T:T,T:C,T:T,A:A,G:G,A:A,A:A,?,C:C,C:C,G:G,C:C,T:T,?,T:T,G:G,T:T,A:A,A:A,G:G,A:A,C:C,C:G,C:C,C:C,A:A,A:A
IESV91075LT,T:T,C:C,T:T,C:C,G:G,T:T,A:A,C:C,G:G,T:T,G:G,T:T,A:A,A:A,G:G,C:C,A:A,C:C,G:G,T:T,T:T,G:G,G:G,G:G,G:G,C:C,?,?,A:A,G:G,G:G,C:C,G:G,C:C,G:G,G:G,?,?,C:C,C:C,T:T,T:C,T:T,G:G,G:G,A:A,A:A,?,C:C,C:C,G:G,C:C,T:T,?,T:T,G:G,T:T,A:A,A:A,G:G,A:G,C:C,C:G,G:C,C:C,C:C,G:G
IESV91076DL,T:T,C:C,T:T,G:G,A:A,C:C,A:A,C:C,A:A,T:T,G:G,T:T,A:A,A:A,G:G,C:C,C:C,C:C,G:G,T:T,T:T,G:G,G:G,C:C,C:C,G:G,T:T,A:A,A:A,A:A,T:T,C:C,C:C,C:T,G:G,G:G,T:T,C:C,G:G,T:C,T:T,T:T,T:T,G:G,G:G,A:A,A:A,A:A,G:G,C:C,Uncallable,C:C,T:T,?,C:C,G:G,T:T,A:A,A:A,G:G,A:G,T:T,C:G,C:C,T:T,C:C,G:G
IESV91078DL,T:T,C:C,T:T,G:G,A:A,C:C,A:A,C:C,A:A,T:T,G:G,T:T,A:A,A:A,G:G,G:G,C:C,C:C,?,T:T,T:T,G:G,G:G,C:C,?,?,?,?,?,A:A,?,?,?,?,?,?,?,?,G:G,?,T:T,T:T,T:T,G:G,G:G,A:A,A:A,A:A,G:G,C:C,G:G,C:C,T:T,?,C:C,G:G,T:T,A:A,A:A,G:G,A:G,T:T,C:G,C:C,T:T,C:C,G:G
IESV91079DL,?,?,?,?,?,?,?,?,?,?,?,?,?,?,?,?,?,?,?,?,?,?,?,?,?,?,?,?,?,?,?,?,?,?,?,?,?,?,G:G,?,?,?,?,?,?,?,?,?,?,?,?,?,?,?,?,?,?,G:G,?,?,?,?,?,?,?,?,?
IESV91082DL,T:T,C:C,T:T,G:G,A:A,C:C,A:A,C:C,A:A,T:T,G:G,T:T,A:A,A:A,G:G,C:C,C:C,C:C,?,T:T,T:T,G:G,G:G,C:C,?,?,?,?,?,?,?,?,?,?,?,G:G,?,?,G:G,T:C,T:T,T:T,T:T,G:G,?,A:A,A:A,A:A,G:G,C:C,A:A,C:C,T:T,C:C,C:C,A:A,T:T,A:A,A:A,G:G,A:G,C:C,C:G,C:C,T:T,C:C,G:G
IESV91083DL,?,?,?,?,?,?,?,?,?,?,?,?,?,?,?,?,?,?,?,?,?,?,?,?,?,?,?,?,?,?,?,?,?,?,?,?,?,?,G:G,?,?,?,?,?,?,?,?,?,?,?,?,?,?,?,?,?,?,G:G,?,?,?,?,?,?,?,?,?
IESV91084DL,C:C,C:C,T:T,G:G,A:A,C:C,A:A,G:G,A:A,T:T,G:G,T:T,A:A,A:A,A:A,G:G,C:C,C:C,?,T:T,T:T,G:G,G:G,C:C,?,?,?,?,?,?,?,?,C:C,C:T,G:G,?,?,?,C:C,T:C,T:T,T:T,T:T,G:G,?,A:A,A:A,A:A,G:G,C:C,A:A,C:C,T:T,C:C,T:T,A:A,T:T,A:A,A:A,G:G,A:A,C:C,C:G,C:C,T:T,C:C,G:G
IESV91085DL,T:T,C:C,T:T,G:G,A:A,C:C,A:A,C:C,A:A,T:T,G:G,T:T,A:A,A:A,G:G,C:C,C:C,C:C,?,T:T,T:T,G:G,G:G,C:C,?,?,?,A:A,A:A,A:A,T:T,C:C,?,C:T,?,?,?,?,C:C,T:C,T:T,T:T,T:T,G:G,?,A:A,A:A,A:A,G:G,C:C,A:A,C:C,T:T,C:C,C:C,A:A,T:T,A:A,A:A,G:G,A:A,C:C,C:G,C:C,T:T,C:C,G:G
IESV91086DL,T:C,C:C,T:T,G:G,A:A,C:C,A:A,C:C,A:A,T:T,G:G,T:T,A:A,A:A,A:A,G:G,C:C,C:C,?,T:T,T:T,G:G,A:A,C:C,C:C,G:G,T:T,A:A,A:A,A:A,T:T,C:C,C:C,C:T,G:G,G:G,T:T,C:C,G:G,T:C,T:T,T:T,T:T,G:G,G:G,A:A,A:A,A:A,G:G,C:C,G:G,C:C,T:T,C:C,T:T,A:A,T:T,A:A,A:A,G:G,A:A,C:C,C:G,C:C,T:T,A:A,G:G
IESV91090DL,C:C,C:C,T:T,G:G,A:A,C:C,A:A,G:G,A:A,T:T,G:G,T:T,A:A,A:A,G:G,G:G,C:C,C:C,G:G,T:T,T:T,G:G,G:G,C:C,C:C,G:G,?,?,A:A,A:A,T:T,C:C,C:C,C:T,G:G,G:G,T:T,T:T,C:C,T:C,T:T,T:T,T:T,G:G,?,A:A,A:A,A:A,G:G,C:C,G:G,C:C,T:T,C:C,T:T,A:A,T:T,A:A,A:A,G:G,A:G,T:T,C:G,C:C,T:T,C:C,G:G
IESV91091DL,T:T,C:C,T:T,G:G,A:A,C:C,A:A,G:G,A:A,T:T,G:G,T:T,A:A,A:A,G:G,G:G,C:C,C:C,?,T:T,T:T,G:G,G:G,C:C,?,?,?,?,A:A,A:A,T:T,C:C,G:G,C:T,G:G,G:G,?,?,C:G,T:C,T:T,T:T,T:T,G:G,?,A:A,A:A,A:A,G:G,C:C,A:A,C:C,T:T,C:C,T:T,A:A,T:T,A:A,A:A,G:G,A:A,C:T,C:G,C:C,T:T,C:C,G:G
IESV91096DL,T:T,C:C,T:T,G:G,A:A,C:C,A:A,G:G,A:A,T:T,G:G,T:T,A:A,?,?,C:C,C:C,C:C,?,T:T,T:T,G:G,G:G,C:C,?,?,?,?,?,?,?,?,?,?,?,?,?,?,G:G,?,?,?,?,?,G:G,A:A,A:A,A:A,G:G,C:C,G:G,C:C,T:T,C:C,T:T,A:A,T:T,A:A,A:A,G:G,A:A,C:C,C:G,C:C,T:T,C:C,G:G
IESV91098DL,?,?,?,?,?,?,?,?,?,?,?,?,?,?,?,?,?,?,?,?,?,?,?,?,?,?,?,?,?,?,?,?,?,?,?,?,?,?,G:G,?,?,?,?,?,?,?,?,?,?,?,?,?,?,?,?,?,?,G:G,?,?,?,?,?,?,?,?,?
IESV91099DL,C:C,C:C,T:T,G:G,A:A,C:C,A:A,G:G,A:A,T:T,G:G,T:T,A:A,A:A,A:A,G:G,C:C,C:C,?,T:T,T:T,G:G,G:G,C:C,?,?,?,?,?,?,?,?,?,?,?,?,?,?,G:G,?,T:T,T:T,T:T,G:G,?,A:A,A:A,A:A,G:G,C:C,G:G,C:C,T:T,C:C,C:C,G:G,T:T,A:A,A:A,G:G,A:A,C:C,C:G,C:C,T:T,C:C,G:G
IESV91101DL,C:C,C:C,T:T,G:G,A:A,C:C,A:A,G:G,A:A,T:T,G:G,T:T,A:A,A:A,A:A,G:G,C:C,C:C,?,T:T,T:T,G:G,G:G,C:C,?,?,?,A:A,?,?,?,?,?,?,?,?,?,T:T,G:G,?,?,?,T:T,G:G,?,A:A,A:A,A:A,G:G,C:C,G:G,C:C,T:T,C:C,C:C,G:G,T:T,A:A,A:A,G:G,A:A,C:C,C:G,C:C,T:T,C:C,G:G
IESV91104DL,C:C,C:C,T:T,G:G,A:A,C:C,A:A,G:G,G:G,T:T,G:G,T:T,A:A,A:A,A:A,G:G,A:A,T:T,?,T:T,T:T,T:T,G:G,C:C,?,?,?,?,A:A,A:A,T:T,C:C,C:C,C:T,?,G:G,?,?,G:G,T:C,T:T,T:T,T:T,G:G,G:G,A:A,A:A,G:G,G:G,C:C,G:G,C:C,A:A,C:C,T:T,G:G,T:T,A:A,G:G,G:G,A:A,C:C,C:G,C:C,C:C,C:C,G:G
IESV91105DL,?,C:C,T:T,G:G,A:A,C:C,A:A,C:C,A:A,T:T,G:G,T:T,A:A,A:A,A:A,G:G,C:C,C:C,?,T:T,T:T,G:G,A:A,C:C,?,?,?,?,?,?,?,?,?,C:T,?,?,?,?,G:G,T:C,T:T,T:T,T:T,G:G,G:G,A:A,A:A,A:A,G:G,C:C,A:A,C:C,T:T,C:C,T:T,A:A,T:T,A:A,A:A,G:G,A:A,C:C,C:G,C:C,T:T,C:C,G:G
IESV91108DL,?,C:C,T:T,G:G,A:A,C:C,A:A,C:C,A:A,T:T,G:G,T:T,A:A,A:A,A:A,G:G,C:C,C:C,?,T:T,T:T,G:G,G:G,C:C,?,G:G,?,?,?,?,?,C:C,?,?,?,?,?,?,G:G,T:C,T:T,T:T,T:T,G:G,?,A:A,A:A,A:A,G:G,C:C,A:A,C:C,?,C:C,T:T,A:A,T:T,A:A,A:A,G:G,A:A,C:C,C:G,C:C,T:T,C:C,G:G
IESV91108LT,?,C:C,T:T,G:G,A:A,C:C,A:A,C:C,A:A,T:T,G:G,T:T,A:A,A:A,A:A,G:G,C:C,C:C,G:G,T:T,T:T,G:G,G:G,C:C,?,?,?,?,?,?,?,?,C:C,C:T,?,?,?,?,G:G,T:C,T:T,T:T,T:T,G:G,?,A:A,A:A,A:A,G:G,C:C,A:A,C:C,T:T,C:C,T:T,A:A,T:T,A:A,A:A,G:G,A:A,C:C,C:G,C:C,T:T,C:C,G:G
IESV91110DL,?,?,?,?,?,?,?,?,?,?,?,?,?,?,?,?,?,?,?,?,?,?,?,?,?,?,?,?,?,?,?,?,?,?,?,?,?,?,G:G,?,?,?,?,?,?,?,?,?,?,?,?,?,?,?,?,?,?,G:G,?,?,?,?,?,?,?,?,?
IESV91111DL,?,?,?,?,?,?,?,?,?,?,?,?,?,?,?,?,?,?,?,?,?,?,?,?,?,?,?,?,?,?,?,?,?,?,?,?,?,?,G:G,?,?,?,?,?,?,?,?,?,?,?,?,?,?,?,?,?,?,G:G,?,?,?,?,?,?,?,?,?
IESV91112DL,?,C:C,T:T,G:G,A:A,C:C,A:A,C:C,A:A,T:T,G:G,T:T,A:A,A:A,A:A,G:G,C:C,C:C,G:G,T:T,T:T,G:G,G:G,C:C,?,?,?,?,?,?,?,?,?,?,?,?,?,?,G:G,?,?,?,?,?,G:G,A:A,A:A,A:A,G:G,C:C,G:G,C:C,T:T,C:C,T:T,A:A,T:T,A:A,A:A,G:G,A:A,C:C,C:G,C:C,T:T,A:A,G:G
IESV91112SH,T:T,C:C,T:T,G:G,A:A,C:C,A:A,C:C,A:A,T:T,G:G,T:T,A:A,A:A,G:G,G:G,C:C,C:C,?,T:T,T:T,G:G,G:G,C:C,?,?,?,?,?,?,?,?,C:C,?,?,?,?,?,G:G,?,?,T:T,T:T,G:G,G:G,A:A,A:A,A:A,G:G,C:C,G:G,C:C,T:T,C:C,T:T,G:G,T:T,A:A,A:A,G:G,A:G,T:T,C:G,C:C,T:T,C:C,G:G
IESV91113DL,C:C,C:C,T:T,G:G,A:A,C:C,A:A,C:C,A:A,T:T,G:G,T:T,A:A,A:A,A:A,G:G,C:C,C:C,?,T:T,T:T,T:T,A:A,C:C,C:C,G:G,?,?,A:A,A:A,T:T,A:A,C:C,C:T,G:G,G:G,?,?,G:G,T:C,T:T,T:T,T:T,G:G,G:G,A:A,A:A,A:A,G:G,C:C,A:A,C:C,T:T,C:C,T:T,A:A,T:T,A:A,A:A,G:G,A:G,C:C,C:G,C:C,T:T,C:C,G:G
IESV91115_3SH,C:C,C:C,T:T,G:G,A:A,C:C,A:A,G:G,A:A,T:T,G:G,T:T,A:A,A:A,G:G,G:G,C:C,C:C,?,T:T,T:T,G:G,G:G,C:C,?,?,?,?,A:A,A:A,?,C:C,?,?,G:G,?,?,?,C:C,T:C,T:T,T:T,T:T,G:G,?,A:A,A:A,A:A,G:G,C:C,A:A,C:C,T:T,C:C,C:C,A:A,T:T,A:A,A:A,G:G,A:G,T:T,C:G,C:C,T:T,C:C,G:G
IESV91119DL,?,C:C,T:T,G:G,A:A,C:C,A:A,C:C,A:A,T:T,G:G,T:T,A:A,A:A,A:A,G:G,C:C,C:C,?,T:T,T:T,G:G,A:A,C:C,?,?,?,?,?,?,T:T,?,C:C,C:T,?,?,?,?,G:G,?,T:T,T:T,T:T,G:G,?,A:A,A:A,A:A,G:G,C:C,A:A,C:C,T:T,C:C,T:T,A:A,T:T,G:G,A:A,G:G,A:A,C:C,C:G,C:C,T:T,A:A,G:G
IESV91120DL,?,C:C,T:T,G:G,A:A,C:C,A:A,C:C,A:A,T:T,G:G,T:T,A:A,A:A,A:A,G:G,C:C,C:C,?,T:T,T:T,G:G,G:G,C:C,?,?,?,?,?,?,?,?,?,?,?,?,?,?,G:G,T:C,T:T,T:T,T:T,G:G,?,A:A,A:A,A:A,G:G,C:C,A:A,C:C,T:T,C:C,T:T,A:A,T:T,G:G,A:A,G:G,A:A,C:C,C:G,C:C,T:T,C:C,G:G
IESV91121DL,?,?,T:T,G:G,A:A,C:C,A:A,C:C,A:A,T:T,G:G,T:T,?,?,?,?,C:C,?,?,?,?,?,G:G,C:C,?,?,?,?,?,?,?,?,?,?,?,?,?,?,G:G,?,?,?,?,?,G:G,A:A,A:A,A:A,G:G,C:C,A:A,C:C,?,C:C,T:T,A:A,T:T,G:G,?,G:G,A:A,C:C,C:G,C:C,T:T,A:A,G:G
IESV91123DL,?,?,?,?,?,?,?,?,?,?,?,?,?,?,?,?,?,?,?,?,?,?,?,?,?,?,?,?,?,?,?,?,?,?,?,?,?,?,G:G,?,?,?,?,?,?,?,?,?,?,?,?,?,?,?,?,?,?,G:G,?,?,?,?,?,?,?,?,?
IESV91124SH,C:C,C:C,T:T,G:G,A:A,C:C,A:A,G:G,A:A,T:T,G:G,T:T,?,A:A,G:G,G:G,C:C,C:C,G:G,T:T,T:T,G:G,G:G,C:C,?,?,?,?,?,?,?,?,?,?,?,?,?,?,G:G,?,?,?,?,?,?,A:A,A:A,A:A,G:G,C:C,A:A,C:C,T:T,C:C,C:C,G:G,T:T,A:A,A:A,G:G,A:G,T:T,C:G,C:C,T:T,C:C,G:G
IESV91125DL,?,C:C,T:T,G:G,A:A,C:C,A:A,C:C,A:A,T:T,G:G,T:T,A:A,A:A,A:A,G:G,C:C,C:C,G:G,T:T,T:T,G:G,A:A,C:C,?,?,?,?,?,?,?,?,?,?,?,?,?,?,G:G,T:C,T:T,T:T,T:T,G:G,G:G,A:A,A:A,A:A,G:G,C:C,G:G,C:C,T:T,C:C,T:T,A:A,T:T,G:G,A:A,G:G,A:A,C:C,C:G,C:C,T:T,A:A,G:G
IESV91126DL,?,?,?,?,?,?,?,?,?,?,?,?,?,?,?,?,?,?,?,?,?,?,?,?,?,?,?,?,?,?,?,?,?,?,?,?,?,?,G:G,?,?,?,?,?,?,?,?,?,?,?,?,?,?,?,?,?,?,G:G,?,?,?,?,?,?,?,?,?
IESV91127DL,T:T,?,T:T,G:G,?,C:C,A:A,C:C,?,?,G:G,?,?,?,?,?,?,?,?,?,?,?,?,C:C,?,?,?,?,?,?,?,C:C,?,?,?,?,?,?,G:G,T:C,T:T,T:T,T:T,?,?,A:G,?,A:A,?,C:C,?,?,?,?,?,G:G,?,Uncallable,?,?,?,?,?,?,?,?,?
IESV91128DL,?,?,?,?,?,?,?,?,?,?,?,?,?,?,?,?,?,?,?,?,?,?,?,C:C,?,?,?,?,?,?,?,?,?,?,?,?,?,?,G:G,?,?,?,?,?,?,?,?,?,?,?,?,?,?,?,?,?,?,G:G,?,?,?,?,?,?,?,?,?
IESV91129DL,?,?,?,?,?,?,?,?,?,?,?,?,?,?,?,?,?,?,?,?,?,?,?,?,?,C:C,?,?,?,?,?,?,?,?,?,?,?,?,G:G,?,?,?,?,?,?,?,?,?,?,?,?,?,?,?,?,?,?,G:G,?,?,?,?,?,?,?,?,?
IESV91130DL,?,?,?,?,?,?,?,?,?,?,?,?,?,?,?,?,?,?,?,?,?,?,?,?,?,?,?,?,?,?,?,?,?,?,?,?,?,?,G:G,?,?,?,?,?,?,?,?,?,?,?,?,?,?,?,?,?,?,G:G,?,?,?,?,?,?,?,?,?
IESV91131DL,?,?,?,?,?,?,?,?,?,?,?,?,?,?,?,?,?,?,?,?,?,?,?,?,?,?,?,?,?,?,?,?,?,?,?,?,?,?,G:G,?,?,?,?,?,?,?,?,?,?,?,?,?,?,?,?,?,?,G:G,?,?,?,?,?,?,?,?,?
IESV91137DL,?,?,?,?,?,?,?,?,?,?,?,?,?,?,?,?,?,?,?,?,?,?,?,?,?,?,?,?,?,?,?,?,?,?,?,?,?,?,G:G,?,?,?,?,?,?,?,?,?,?,?,?,?,?,?,?,?,?,G:G,?,?,?,?,?,?,?,?,?
IESV91138DL,?,?,?,?,?,?,?,?,?,?,?,?,?,?,?,?,?,?,?,?,?,?,?,?,?,?,?,?,?,?,?,?,?,?,?,?,?,?,G:G,?,?,?,?,?,?,?,?,?,?,?,?,?,?,?,?,?,?,G:G,?,?,?,?,?,?,?,?,?
IESV91139DL,?,?,?,?,?,?,?,?,?,?,?,?,?,?,?,?,?,?,?,?,?,?,?,G:G,?,?,?,?,?,?,?,?,?,?,?,?,?,?,G:G,?,?,?,?,?,?,?,?,?,?,?,?,?,?,?,?,?,?,G:G,?,?,?,?,?,?,?,?,?
IESV91141DL,?,?,?,?,?,?,?,?,?,?,?,?,?,?,?,?,?,?,?,?,?,?,?,G:G,?,?,?,?,?,?,?,?,?,?,?,?,?,?,G:G,?,?,?,?,?,?,?,?,?,?,?,?,?,?,?,?,?,?,G:G,?,?,?,?,?,?,?,?,?
IESV91142DL,?,?,?,?,?,?,?,?,?,?,?,?,?,?,?,?,?,?,?,?,?,?,?,C:C,?,?,?,?,?,?,?,?,?,?,?,?,?,?,G:G,?,?,?,?,?,?,?,?,?,?,?,?,?,?,?,?,?,?,G:G,?,?,?,?,?,?,?,?,?
IESV92001DL,?,?,?,?,?,?,?,?,?,?,?,?,?,?,?,?,?,?,?,?,?,?,?,?,?,?,?,?,?,?,?,?,?,?,?,?,?,?,G:G,?,?,?,?,?,?,?,?,?,?,?,?,?,?,?,?,?,?,G:G,?,?,?,?,?,?,?,?,?
IESV92002DL,?,?,?,?,?,?,?,?,?,?,?,?,?,?,?,?,?,?,?,?,?,?,?,?,?,?,?,?,?,?,?,?,?,?,?,?,?,?,G:G,?,?,?,?,?,?,?,?,?,?,?,?,?,?,?,?,?,?,G:G,?,?,?,?,?,?,?,?,?
IESV92003DL,?,?,?,?,?,?,?,?,?,?,?,?,?,?,?,?,?,?,?,?,?,?,?,G:G,?,?,?,?,?,?,?,?,?,?,?,?,?,?,G:G,?,?,?,?,?,?,?,?,?,?,?,?,?,?,?,?,?,?,G:G,?,?,?,?,?,?,?,?,?
IESV92004DL,C:C,C:C,T:T,G:G,A:A,C:C,A:A,G:C,A:A,T:T,G:G,T:T,A:A,A:A,G:G,G:G,C:C,C:C,?,T:T,T:T,G:G,A:A,C:C,?,?,?,?,A:A,?,?,?,?,?,?,?,?,?,G:G,?,T:T,T:T,T:T,G:G,?,G:G,A:A,A:A,G:G,C:C,A:A,C:C,T:T,C:C,T:T,A:A,T:T,A:A,A:A,G:G,A:A,T:T,C:G,C:C,C:C,C:C,G:G
IESV92005DL,C:C,C:C,T:T,G:G,A:A,C:C,A:A,C:C,A:A,T:T,G:G,T:T,A:A,A:A,A:A,G:G,C:C,C:C,?,T:T,T:T,G:G,G:G,C:C,?,?,?,?,A:A,?,?,?,?,?,G:G,?,?,?,G:G,T:C,T:T,T:T,T:T,?,G:G,A:A,A:A,A:A,G:G,C:C,A:A,C:C,T:T,C:C,C:T,A:G,T:T,A:A,A:A,G:G,A:A,C:C,C:G,C:C,T:T,C:C,G:G
IESV92007DL,?,?,T:T,C:C,?,?,A:A,C:C,A:A,T:T,G:G,T:T,?,?,?,?,?,?,?,?,?,G:G,G:G,G:G,?,?,?,?,?,?,?,?,?,?,?,?,?,?,G:G,?,?,?,?,?,G:G,Uncallable,?,G:A,G:G,C:C,G:G,C:C,?,?,?,G:G,T:T,Uncallable,?,?,A:G,?,C:G,C:C,?,?,?
IESV92006DL,?,?,?,?,?,?,?,?,?,?,?,?,?,?,?,?,?,?,?,?,?,?,?,?,?,?,?,?,?,?,?,?,?,?,?,?,?,?,G:G,?,?,?,?,?,?,?,?,?,?,?,?,?,?,?,?,?,?,G:G,?,?,?,?,?,?,?,?,?
IESV92008DL,?,?,?,?,?,?,?,?,?,?,?,?,?,?,?,?,?,?,?,?,?,?,?,?,?,?,?,?,?,?,?,?,?,?,?,?,?,?,G:G,?,?,?,?,?,?,?,?,?,?,?,?,?,?,?,?,?,?,G:G,?,?,?,?,?,?,?,?,?
IESV92009DL,?,?,?,?,?,?,?,?,?,?,?,?,?,?,?,?,?,?,?,?,?,?,?,?,?,?,?,?,?,?,?,?,?,?,?,?,?,?,G:G,?,?,?,?,?,?,?,?,?,?,?,?,?,?,?,?,?,?,G:G,?,?,?,?,?,?,?,?,?
IESV92009SH,?,?,?,?,?,?,?,?,?,?,?,?,?,?,?,?,?,?,?,?,?,?,?,C:C,?,?,?,?,?,?,?,?,?,?,?,?,?,?,G:G,?,?,?,?,?,?,?,?,?,?,?,?,?,?,?,?,?,?,G:G,?,?,?,?,?,?,?,?,?
IESV92010_2SH,?,?,?,?,?,?,?,?,?,?,?,?,?,?,?,?,?,?,?,?,?,?,?,C:C,?,?,?,?,?,?,?,?,?,?,?,?,?,?,G:G,?,?,?,?,?,?,?,?,?,?,?,?,?,?,?,?,?,?,G:G,?,?,?,?,?,?,?,?,?
IESV92011DL,?,?,?,?,?,?,?,?,?,?,?,?,?,?,?,?,?,?,?,?,?,?,?,C:C,?,?,?,?,?,?,?,?,?,?,?,?,?,?,G:G,?,?,?,?,?,?,?,?,?,?,?,?,?,?,?,?,?,?,G:G,?,?,?,?,?,?,?,?,?
IESV92012DL,?,?,?,?,?,?,?,?,?,?,?,G:G,?,?,?,?,?,?,?,?,?,?,?,C:C,?,?,?,?,?,?,?,?,?,?,?,?,?,?,G:G,Uncallable,Uncallable,?,?,?,?,?,?,?,?,?,?,?,?,?,?,?,?,G:G,?,?,?,?,?,?,?,?,?
IESV92014DL,?,?,?,?,?,?,?,?,?,?,?,?,?,?,?,?,?,?,?,?,?,?,?,C:C,?,?,?,?,?,?,?,?,?,?,?,?,?,?,G:G,?,?,T:C,?,?,?,?,?,?,?,?,?,?,?,?,?,?,?,G:G,?,?,?,?,?,?,?,?,?
IESV92016DL,?,?,?,?,?,?,?,?,?,?,?,?,?,?,?,?,?,?,?,?,?,?,?,G:G,?,?,?,?,?,?,?,?,?,?,?,?,?,?,G:G,?,?,?,?,?,?,?,?,?,?,?,?,?,?,?,?,?,?,G:G,?,?,?,?,?,?,?,?,?
IESV92018DL,?,C:C,T:T,G:G,A:A,C:C,A:A,C:C,A:A,T:T,G:G,T:T,?,?,?,?,C:C,?,?,?,?,T:T,G:G,C:C,?,?,?,?,?,?,?,?,?,?,?,?,?,?,G:G,?,?,?,?,?,?,G:G,?,A:A,G:G,C:C,A:A,C:C,?,?,T:T,A:A,T:T,Uncallable,?,G:G,A:A,C:C,C:G,C:C,?,?,G:G
IESV92020DL,?,?,?,?,?,?,?,?,?,?,?,?,?,?,?,?,?,?,?,?,?,?,?,?,?,?,?,?,?,?,?,?,?,?,?,?,?,?,G:G,?,?,?,?,?,?,?,?,?,?,?,?,?,?,?,?,?,?,G:G,?,?,?,?,?,?,?,?,?
IESV92021DL,C:C,C:C,T:T,G:G,A:A,C:C,A:A,G:G,G:G,T:T,G:G,T:T,A:A,A:A,G:G,G:G,C:C,C:C,G:G,T:T,T:T,G:G,G:G,C:C,?,?,?,?,?,?,?,?,C:C,?,?,?,?,?,G:G,?,T:T,T:T,T:T,G:G,G:G,A:G,A:A,A:A,G:G,C:C,A:A,C:C,T:T,C:C,C:T,Uncallable,T:T,A:A,A:A,G:G,A:A,C:C,C:G,C:C,T:T,C:C,G:G
IESV92024DL,?,?,?,?,?,?,?,?,?,?,?,?,?,?,?,?,?,?,?,?,?,?,?,?,?,?,?,?,?,?,?,?,?,?,?,?,?,?,G:G,?,?,?,?,?,?,?,?,?,?,?,?,?,?,?,?,?,?,G:G,?,?,?,?,?,?,?,?,?
IESV92025DL,?,?,T:T,G:G,A:A,C:C,A:A,C:C,G:G,T:T,G:G,T:T,?,?,?,?,C:C,?,?,T:T,T:T,T:T,A:A,C:C,?,?,?,?,?,?,?,?,?,?,?,?,?,?,G:G,?,?,?,?,G:G,G:G,A:A,A:A,A:A,G:G,C:C,A:A,C:C,?,C:C,T:T,A:A,?,A:A,A:A,G:G,A:G,C:C,C:G,C:C,T:T,C:C,G:G
IESV92028DL,?,?,?,?,?,?,?,?,?,?,?,?,?,?,?,?,?,?,?,?,?,?,?,C:C,?,?,?,?,?,?,?,?,?,?,?,?,?,?,G:G,?,?,?,?,?,?,?,?,?,?,?,?,?,?,?,?,?,?,G:G,?,?,?,?,?,?,?,?,?
IESV92030SH,C:C,C:C,T:T,G:G,A:A,C:C,A:A,G:C,A:A,T:T,G:G,T:T,A:A,A:A,G:G,G:G,C:C,C:C,?,T:T,T:T,T:T,G:G,C:C,?,?,T:T,A:A,?,?,?,?,?,?,?,G:G,T:T,C:C,G:G,?,T:T,T:T,T:T,G:G,?,A:A,A:A,G:G,G:G,C:C,A:A,C:C,T:T,C:C,T:T,G:G,C:C,A:A,A:A,G:G,A:G,C:C,C:G,C:C,T:T,C:C,A:A
IESV92031DL,?,?,?,?,?,?,?,?,?,?,?,?,?,?,?,?,?,?,?,?,?,?,?,C:C,?,?,?,?,?,?,?,?,?,?,?,?,?,?,G:G,?,?,?,?,?,?,G:G,?,?,?,?,?,?,?,?,?,?,?,G:G,?,?,?,?,?,?,?,?,?
IESV92031SH,?,?,?,?,?,?,?,?,?,?,?,?,?,?,?,?,?,?,?,?,?,?,?,?,?,?,?,?,?,?,?,?,?,?,?,?,?,?,G:G,?,?,?,?,?,?,?,?,?,?,?,?,?,?,?,?,?,?,G:G,?,?,?,?,?,?,?,?,?
IESV92032DL,?,?,?,?,?,?,?,?,?,?,?,?,?,?,?,?,?,?,?,?,?,?,?,C:C,?,?,?,?,?,?,?,?,?,?,?,?,?,?,G:G,?,?,?,?,?,?,?,?,?,?,?,?,?,?,?,?,?,?,G:G,?,?,?,?,?,?,?,?,?
IESV92033SH,C:C,C:C,T:T,G:G,A:A,C:C,A:A,C:C,A:A,T:T,G:G,T:T,A:A,A:A,G:G,G:G,C:C,C:C,?,T:T,T:T,T:T,A:A,C:C,?,?,?,?,?,?,?,?,?,?,G:G,G:G,?,?,G:G,?,?,?,T:T,G:G,G:G,A:A,A:A,G:G,G:G,C:C,A:A,C:C,T:T,C:C,T:T,A:A,Uncallable,A:A,A:A,G:G,A:G,C:C,C:G,C:C,T:T,C:C,G:G
IESV92036SH,C:C,C:C,T:T,G:G,A:A,C:C,A:A,C:C,A:A,T:T,G:G,T:T,A:A,A:A,G:G,G:G,C:C,C:C,G:G,T:T,T:T,T:T,A:A,C:C,?,?,?,?,?,?,?,C:C,?,?,?,?,?,?,G:G,T:C,T:T,T:T,T:T,G:G,G:G,A:A,A:A,G:G,G:G,C:C,A:A,C:C,T:T,C:C,T:T,A:A,C:C,A:A,A:A,G:G,A:G,C:C,C:G,C:C,T:T,C:C,G:G
IESV92037DL,T:C,C:C,T:T,G:G,A:A,C:C,A:A,G:C,G:G,T:T,G:G,T:T,A:A,A:A,A:G,G:G,C:C,C:C,A:A,Uncallable,T:C,T:G,A:G,Uncallable,?,Uncallable,?,?,?,A:A,?,?,?,?,?,?,?,?,C:G,Uncallable,T:T,T:C,T:T,?,G:G,A:G,A:A,Uncallable,G:G,C:C,Uncallable,C:C,T:T,C:C,C:C,A:G,T:T,A:A,A:A,G:G,A:A,Uncallable,C:G,C:C,T:T,A:A,A:G
IESV92037SH,C:C,C:C,T:T,G:G,A:A,C:C,A:A,C:C,A:A,T:T,G:G,T:T,A:A,A:A,A:A,G:G,C:C,C:C,Uncallable,T:T,T:T,T:T,G:G,C:C,?,?,?,?,?,?,?,?,C:C,?,G:G,G:G,?,?,G:G,?,?,?,T:T,G:G,G:G,A:A,A:A,G:G,G:G,C:C,A:A,C:C,T:T,C:C,T:T,A:A,C:C,A:A,A:A,G:G,A:G,C:C,C:G,C:C,T:T,C:C,G:G
IESV92038DL,?,?,T:T,G:G,A:A,C:C,A:A,G:C,G:G,T:T,G:G,T:T,?,?,?,?,C:C,?,?,?,?,T:T,A:A,C:C,?,?,?,?,?,?,?,?,?,?,?,?,?,?,G:G,?,?,?,?,?,G:G,A:A,?,A:A,G:G,C:C,A:A,C:C,?,?,T:T,A:A,?,A:A,?,G:G,?,C:C,C:G,C:C,T:T,?,G:G
IESV92038_2SH,C:C,C:C,T:T,G:G,A:A,C:C,A:A,G:G,G:G,T:T,G:G,T:T,A:A,A:A,A:A,G:G,C:C,C:C,G:G,T:T,T:T,T:T,A:A,C:C,?,G:G,?,?,?,?,?,?,?,?,?,?,?,?,G:G,T:C,T:T,T:T,T:T,G:G,G:G,A:A,A:A,A:A,G:G,C:C,A:A,C:C,T:T,C:C,T:T,A:A,Uncallable,A:A,A:A,G:G,A:G,C:C,C:G,C:C,T:T,C:C,G:G
IESV92040_3SH,?,?,?,G:G,?,?,?,?,?,?,G:G,T:T,?,?,?,?,?,?,?,?,?,?,?,C:C,?,?,?,?,?,?,?,?,?,?,?,?,?,?,G:G,?,?,?,?,?,?,?,?,?,?,?,A:A,C:C,?,?,?,G:G,?,Uncallable,?,?,?,?,?,?,?,?,?
IESV92041_1SH,?,?,?,?,?,?,?,?,?,?,?,?,?,?,?,?,?,?,?,?,?,?,?,C:C,?,?,?,?,?,?,?,?,?,?,?,?,?,?,G:G,?,?,?,?,?,?,?,?,?,?,?,?,?,?,?,?,?,?,G:G,?,?,?,?,?,?,?,?,?
IESV92042DL,?,?,?,Uncallable,?,?,?,?,?,?,?,?,?,?,?,?,?,?,?,?,?,?,?,C:C,?,?,?,?,?,?,?,?,?,?,?,?,?,?,G:G,?,?,?,?,?,?,?,?,?,?,?,?,?,?,?,?,?,?,G:G,?,?,?,?,?,?,?,?,?
IESV92042SH,C:C,C:C,T:T,G:G,A:A,C:C,A:A,G:G,G:G,T:T,G:G,T:T,A:A,A:A,G:G,G:G,C:C,C:C,?,T:T,T:T,G:G,A:A,C:C,?,?,?,?,A:A,A:A,T:T,C:C,C:C,C:T,?,G:G,?,?,G:G,T:C,T:T,T:T,T:T,G:G,G:G,G:G,A:A,G:G,G:G,C:C,A:A,C:C,T:T,C:C,C:C,A:A,Uncallable,A:A,A:A,G:G,A:G,C:C,C:G,C:C,T:T,C:C,G:G
IESV92047DL,?,?,?,?,?,?,?,?,?,?,?,?,?,?,?,?,?,?,?,?,?,?,?,C:C,?,?,?,?,?,?,?,?,?,?,?,?,?,?,G:G,?,?,?,?,?,?,?,?,?,?,?,?,?,?,?,?,?,?,G:G,?,?,?,?,?,?,?,?,?
IESV92048DL,?,?,?,C:C,?,?,?,?,?,?,?,?,?,?,?,?,?,?,?,?,?,?,?,G:G,?,?,?,?,?,?,?,?,?,?,?,?,?,?,G:G,?,?,?,?,?,?,?,?,?,?,?,?,?,?,?,?,?,?,G:G,?,?,?,?,?,?,?,?,?
IESV92050DL,?,C:C,T:T,G:G,A:A,C:C,A:A,G:G,Uncallable,T:T,G:G,T:T,?,?,?,?,C:C,C:C,?,T:T,T:T,T:T,G:G,C:C,?,?,?,?,?,?,?,?,?,?,?,?,?,?,G:G,?,T:T,?,?,?,G:G,A:G,A:A,A:A,G:G,C:C,G:G,C:C,T:T,?,C:T,A:A,T:T,A:A,A:A,G:G,A:G,C:C,C:G,C:C,T:T,A:A,G:G
IESV92051DL,C:C,C:C,T:T,G:G,A:A,C:C,A:A,G:G,G:G,T:T,G:G,T:T,A:A,A:A,A:A,G:G,C:C,C:C,G:G,T:T,T:T,T:T,G:G,C:C,?,G:G,?,?,?,?,T:T,?,?,?,?,?,?,?,G:G,?,T:T,T:T,T:T,G:G,?,G:G,A:A,A:A,G:G,C:C,G:G,C:C,T:T,C:C,T:T,G:G,C:C,A:A,A:A,G:G,A:A,C:C,C:G,C:C,T:T,A:A,G:G
IESV92052DL,?,?,?,?,?,?,?,?,?,?,?,?,?,?,?,?,?,?,?,?,?,?,?,C:C,?,?,?,?,?,?,?,?,?,?,?,?,?,?,G:G,?,?,?,?,?,?,?,?,?,?,?,?,?,?,?,?,?,?,G:G,?,?,?,?,?,?,?,?,?
IESV92053DL,?,?,?,?,?,?,?,?,?,?,?,?,?,?,?,?,?,?,?,?,?,?,?,?,?,?,?,?,?,?,?,?,?,?,?,?,?,?,G:G,?,?,?,?,?,?,?,?,?,?,?,?,?,?,?,?,?,?,G:G,?,?,?,?,?,?,?,?,?
IESV92055_3SH,?,?,T:T,G:G,A:A,C:C,A:A,C:C,A:A,T:T,G:G,?,?,?,?,?,A:A,C:C,?,T:T,T:T,G:G,A:A,G:G,?,?,?,?,?,?,?,?,?,?,?,?,?,?,G:G,?,?,?,?,?,G:G,A:A,A:A,?,C:C,C:C,G:G,C:C,A:A,C:C,T:T,G:G,T:T,A:A,A:A,G:G,A:G,T:T,C:G,C:C,T:T,C:C,G:G
IESV92057DL,?,?,?,G:G,?,C:C,?,?,?,?,?,?,?,?,?,?,?,?,?,?,?,?,?,G:G,?,?,?,?,?,?,?,?,?,?,?,?,?,?,G:G,?,?,?,?,?,?,?,?,A:A,?,?,A:A,?,?,?,?,?,?,Uncallable,?,?,?,?,?,?,?,?,?
IESV92059DL,C:C,C:C,T:T,G:G,A:A,C:C,A:A,G:G,G:G,T:T,G:G,T:T,A:A,A:A,A:A,G:G,C:C,C:C,G:A,T:T,T:T,G:G,A:A,C:C,?,G:G,T:T,?,?,A:A,?,?,C:C,?,?,?,?,?,C:C,T:C,T:T,T:T,T:T,G:G,?,G:G,A:A,G:G,G:G,C:C,A:A,C:C,T:T,C:C,C:C,G:G,T:T,A:A,A:A,G:G,A:G,C:C,C:G,C:C,T:T,A:A,G:G
IESV92061DL,C:C,C:C,T:T,G:G,A:A,C:C,A:A,G:G,Uncallable,T:T,G:G,T:T,?,?,A:A,G:G,C:C,C:C,?,T:T,T:T,G:G,A:A,C:C,C:C,?,?,?,?,?,T:T,?,C:C,C:T,?,G:G,?,?,G:G,?,?,?,?,?,G:G,Uncallable,A:A,G:A,G:G,C:C,A:A,C:C,T:T,C:C,Uncallable,G:G,T:T,A:A,A:A,G:G,Uncallable,C:C,C:G,C:C,T:T,A:A,G:G
IESV92064DL,?,?,T:T,G:G,A:A,C:C,A:A,C:C,A:A,T:T,G:G,T:T,?,?,?,?,C:C,C:C,A:A,C:C,T:T,G:G,G:G,C:C,?,G:G,?,?,?,?,?,?,?,?,?,?,?,?,G:G,?,?,?,?,G:G,G:G,A:A,A:A,A:A,G:G,C:C,A:A,C:C,?,C:C,T:T,G:G,T:T,A:A,A:A,G:G,A:A,C:C,C:G,C:C,T:T,C:C,G:G
IESV92066DL,?,G:G,T:T,G:G,A:A,C:C,A:A,C:C,A:A,T:T,G:G,T:T,A:A,A:A,A:A,G:G,C:C,C:C,A:A,C:C,C:C,G:G,G:G,C:C,?,?,?,?,?,?,T:T,C:C,?,?,G:G,?,?,?,G:G,?,T:T,T:T,T:T,G:G,G:G,A:A,A:A,A:A,G:G,C:C,G:G,C:C,A:A,C:C,T:T,G:G,T:T,A:A,G:G,G:G,A:A,C:C,C:G,C:C,C:C,C:C,G:G
IESV92067DL,?,?,T:T,G:G,A:A,C:C,A:A,C:C,A:A,T:T,G:G,T:T,?,?,?,?,C:C,?,A:A,C:C,C:C,G:G,G:G,C:C,C:C,?,?,?,?,?,T:T,?,?,?,?,?,T:T,?,G:G,?,?,?,?,G:G,G:G,A:A,?,A:A,G:G,C:C,A:A,C:C,A:A,C:C,T:T,G:G,T:T,A:A,?,G:G,A:A,C:C,C:G,C:C,T:T,?,G:G
IESV92072DL,?,?,?,?,?,?,?,?,?,?,?,?,?,?,?,?,?,?,?,?,?,?,?,G:G,?,?,?,?,?,?,?,?,?,?,?,?,?,?,G:G,?,?,?,?,?,?,?,?,?,?,?,?,?,?,?,?,?,?,G:G,?,?,?,?,?,?,?,?,?
IESV92073DL,?,?,?,?,?,?,?,?,?,?,?,?,?,?,?,?,?,?,?,?,?,?,?,C:C,?,?,?,?,?,?,?,?,?,?,?,?,?,?,G:G,?,?,?,?,?,?,?,?,?,?,?,?,?,?,?,?,?,?,G:G,?,?,?,?,?,?,?,?,?
IESV92074DL,T:C,G:G,T:T,G:G,A:A,C:C,A:A,C:C,A:A,T:T,G:G,T:T,A:A,A:A,A:A,G:G,C:C,C:C,G:G,C:C,C:C,G:G,G:G,C:C,?,?,?,?,?,?,?,?,?,?,?,?,?,?,G:G,?,?,?,T:T,G:G,G:G,A:A,A:A,A:A,G:G,C:C,G:G,C:C,A:A,C:C,T:T,G:G,T:T,A:A,A:A,G:G,A:A,C:C,C:G,C:C,T:T,C:C,G:G
IESV92074_1SH,?,?,G:G,G:G,?,?,?,?,?,?,G:G,?,?,?,?,?,?,?,?,?,?,?,?,G:G,?,?,?,?,?,?,?,?,?,?,?,?,?,?,G:G,?,?,?,?,?,?,?,?,?,?,?,?,?,?,?,?,?,?,Uncallable,?,?,?,?,?,?,?,?,?
IESV92075DL,?,?,?,?,?,?,?,?,?,?,G:G,?,?,?,?,?,?,?,?,?,?,?,?,C:C,?,G:G,?,?,?,?,T:T,?,?,?,?,?,?,?,G:G,?,?,?,?,?,?,?,?,?,?,?,?,?,?,?,?,?,?,G:G,?,?,?,?,?,?,?,?,?
IESV92075_3SH,?,G:C,G:G,G:G,A:A,C:C,A:A,C:C,A:A,T:T,G:G,T:T,?,?,?,?,C:C,?,A:A,C:C,C:C,G:G,G:G,C:C,?,?,?,?,?,?,?,?,?,?,?,?,?,?,G:G,?,?,?,?,?,G:G,A:A,?,A:A,G:G,C:C,A:A,C:C,?,?,T:T,G:G,T:T,A:A,?,G:G,A:A,C:C,?,C:C,?,?,G:G
IESV92076DL,T:T,G:G,T:T,G:G,A:A,C:C,A:A,G:G,A:A,T:T,G:G,T:T,A:A,A:A,A:A,G:G,C:C,C:C,A:A,T:C,T:T,T:T,A:A,G:G,?,?,?,?,?,A:A,?,?,?,?,G:G,?,T:T,?,G:G,C:C,T:T,T:C,T:T,G:G,G:G,A:A,A:A,A:A,G:G,C:C,A:A,C:C,T:T,C:C,T:T,A:G,T:T,A:A,A:A,G:G,A:A,C:C,C:G,C:C,T:T,C:C,Uncallable
IESV92081DL,?,?,T:T,G:G,A:A,C:C,A:A,C:C,A:A,T:T,G:G,T:T,?,?,?,?,C:C,?,A:A,?,C:C,G:G,G:G,C:C,?,?,?,?,?,?,?,?,?,?,?,?,?,?,G:G,?,Uncallable,?,?,G:G,G:G,A:A,A:A,A:A,G:G,C:C,A:A,C:C,?,C:C,T:T,A:A,T:T,A:A,A:A,G:G,A:A,C:C,C:G,C:C,T:T,C:C,G:G
IESV92085DL,?,?,?,?,?,?,?,?,?,?,?,?,?,?,?,?,?,?,?,?,?,?,?,?,?,?,?,?,?,?,?,?,?,?,?,?,?,?,G:G,?,?,?,?,?,?,?,?,?,?,?,?,?,?,?,?,?,?,G:G,?,?,?,?,?,?,?,?,?
IESV92090DL,?,?,?,?,?,?,?,?,?,?,?,?,?,?,?,?,?,?,?,?,?,?,?,?,?,?,?,?,?,?,?,?,?,?,?,?,?,?,G:G,Uncallable,?,?,?,?,?,?,?,?,?,?,?,?,?,?,?,?,?,G:G,?,?,?,?,?,?,?,?,?
IESV92088DL,?,?,T:T,G:G,A:A,C:C,A:A,C:C,A:A,T:T,G:G,T:T,?,?,?,?,C:C,?,?,?,?,G:G,?,G:G,?,?,?,?,?,?,?,?,?,?,?,?,?,?,G:G,?,?,?,?,?,G:G,Uncallable,?,A:A,G:G,C:C,A:A,C:C,?,?,?,A:A,?,Uncallable,?,?,?,?,C:G,?,?,?,?
IESV92091DL,T:T,C:C,T:T,G:G,A:A,C:C,A:A,C:C,A:A,T:T,G:G,T:T,A:A,?,?,?,C:C,C:C,A:A,C:C,C:C,G:G,G:G,C:C,?,?,?,?,?,?,?,?,?,?,?,?,?,?,G:G,?,?,T:T,T:T,?,G:G,A:A,A:A,A:A,G:G,C:C,G:G,C:C,A:A,C:C,T:T,A:A,T:T,A:A,G:G,G:G,A:A,C:C,C:G,C:C,C:C,C:C,G:G
IESV92092DL,C:C,C:C,T:T,G:G,A:A,C:C,A:A,C:C,A:A,T:T,G:G,T:T,A:A,A:A,A:A,G:G,C:C,C:C,A:A,C:C,C:C,G:G,G:G,C:C,?,?,?,?,?,A:A,T:T,?,?,?,?,?,?,?,G:G,T:C,T:T,T:T,T:T,G:G,G:G,A:A,A:A,A:A,G:G,C:C,A:A,C:C,T:T,C:C,C:T,A:G,T:T,A:A,A:A,G:G,A:A,C:C,C:G,C:C,C:C,C:C,G:G
IESV92098DL,C:C,C:C,T:T,G:G,A:A,C:C,A:A,C:C,A:A,T:T,G:G,T:T,A:A,A:A,A:A,G:G,C:C,C:C,A:A,C:C,C:C,G:G,G:G,C:C,?,?,?,?,A:A,A:A,?,?,?,?,?,?,?,?,G:G,T:C,T:T,T:T,T:T,G:G,G:G,A:A,A:A,A:A,G:G,C:C,A:A,C:C,T:T,C:C,T:T,A:A,T:T,A:A,G:G,G:G,A:A,C:C,C:G,C:C,C:C,C:C,G:G
IESV92109DL,?,C:C,T:T,G:G,A:A,C:C,A:A,G:G,A:A,T:T,G:G,T:T,A:A,A:A,A:A,G:G,C:C,C:C,?,T:T,T:T,G:G,G:G,C:C,?,?,?,?,A:A,G:G,G:G,C:C,C:C,C:C,G:G,G:G,?,?,G:G,T:C,T:T,T:T,T:T,G:G,?,A:A,A:A,A:A,G:G,C:C,A:A,C:C,T:T,C:C,T:T,A:A,T:T,G:G,A:A,G:G,A:A,C:C,C:G,C:C,T:T,A:A,G:G
IESV92136DL,?,?,?,?,?,?,?,?,?,?,?,?,?,?,?,?,?,?,?,?,?,?,?,G:G,?,?,?,?,?,?,?,?,?,?,?,?,?,?,G:G,?,?,?,?,?,?,?,?,?,?,?,?,?,?,?,?,?,?,G:G,?,?,?,?,?,?,?,?,?
IESV92144DL,?,?,?,?,?,?,?,?,?,?,?,?,?,?,?,?,?,?,?,?,?,?,?,C:C,?,?,?,?,?,?,?,?,?,?,?,?,?,?,G:G,?,?,?,?,?,?,?,?,?,?,?,?,?,?,?,?,?,?,G:G,?,?,?,?,?,?,?,?,?
IESV92147DL,T:T,C:C,T:G,C:C,G:G,Uncallable,A:A,C:C,G:G,T:T,G:G,T:G,C:C,G:G,G:G,C:C,C:C,C:C,?,C:C,T:T,T:T,G:G,G:G,?,?,?,?,?,?,?,?,G:G,C:T,?,?,?,?,G:G,Uncallable,T:T,Uncallable,T:T,G:G,G:G,G:G,A:A,?,C:C,Uncallable,G:G,C:C,T:T,C:C,C:C,G:G,C:C,G:G,G:G,G:G,A:G,T:T,C:G,C:C,C:C,C:C,A:A
IESV92151DL,?,?,G:G,G:G,?,?,A:A,C:C,?,?,G:G,T:T,?,?,?,?,?,?,?,?,?,?,?,C:C,?,?,?,?,?,?,?,?,?,?,?,?,?,?,G:G,?,?,?,?,?,?,?,?,A:A,G:G,C:C,A:A,?,?,?,?,?,?,Uncallable,?,?,?,?,?,?,?,?,?
IESV92152DL,T:C,C:C,Uncallable,G:G,A:A,C:C,A:A,C:C,Uncallable,T:T,G:G,Uncallable,A:A,A:A,G:G,G:G,C:C,C:C,A:A,C:C,C:C,G:G,Uncallable,C:C,?,G:G,?,?,?,?,T:T,?,?,C:T,?,?,?,?,G:G,T:C,T:T,T:T,T:T,G:G,G:G,A:A,A:A,A:A,G:G,C:C,A:A,C:C,T:T,C:C,T:T,G:G,T:T,A:A,A:A,G:G,A:G,T:T,C:G,C:C,T:C,C:C,G:G
IESV92155DL,C:C,C:C,T:T,G:G,A:A,C:C,A:A,C:C,Uncallable,T:T,G:G,T:T,A:A,A:A,G:G,G:G,C:C,C:C,A:A,C:C,C:C,G:G,G:G,C:C,?,?,?,?,?,?,?,C:C,?,?,?,?,?,?,G:G,?,T:T,T:T,T:T,G:G,G:G,A:A,A:A,A:A,G:G,C:C,A:A,C:C,T:T,C:C,T:T,G:G,T:T,A:A,A:A,G:G,A:G,T:T,C:G,C:C,C:C,C:C,G:G
IESV92156DL,C:C,C:C,T:T,G:G,A:A,C:C,A:A,C:C,G:G,T:T,G:G,T:T,A:A,A:A,G:G,G:G,C:C,C:C,G:G,T:T,T:T,G:G,A:A,G:G,?,?,?,?,?,?,?,?,?,?,G:G,?,?,?,G:G,?,T:T,T:T,T:T,G:G,G:G,A:A,A:A,A:A,G:G,C:C,A:A,C:C,T:T,C:C,T:T,G:G,T:T,A:A,A:A,G:G,A:G,T:T,C:G,C:C,C:C,C:C,G:G
IESV92160DL,C:C,C:C,T:T,G:G,A:A,C:C,A:A,C:C,A:A,T:T,G:G,T:T,A:A,A:A,G:G,G:G,C:C,C:C,A:A,C:C,C:C,G:G,A:A,G:G,G:G,C:C,?,?,?,?,T:T,?,?,C:T,?,?,?,?,G:G,T:C,T:T,T:T,T:T,G:G,G:G,A:A,A:A,A:A,G:G,C:C,A:A,T:T,T:T,C:C,T:T,A:A,T:T,A:A,A:A,G:G,A:G,T:T,C:G,C:C,C:C,C:C,G:G
IESV92162DL,?,?,G:G,G:G,A:A,C:C,A:A,C:C,A:A,T:T,G:G,T:T,?,?,?,?,C:C,?,A:A,?,C:C,G:G,G:G,C:C,G:G,G:G,?,?,?,?,?,?,?,?,?,?,?,?,G:G,?,?,?,?,?,G:G,A:A,A:A,A:A,G:G,C:C,A:A,C:C,?,?,T:T,A:A,T:T,A:A,?,G:G,A:G,?,C:G,C:C,T:T,?,G:G
IESV92163DL,?,?,?,?,?,?,?,?,?,?,?,?,?,?,?,?,?,?,?,?,?,?,?,?,?,C:C,?,?,?,?,?,?,?,?,?,?,?,?,G:G,?,?,?,?,?,?,?,?,?,?,?,?,?,?,?,?,?,?,G:G,?,?,?,?,?,?,?,?,?
IESV92164DL,C:C,C:C,G:G,G:G,A:A,C:C,A:A,C:C,A:A,T:T,G:G,T:T,A:A,A:A,A:A,G:G,C:C,C:C,?,T:T,T:T,G:G,A:A,G:G,?,?,?,?,?,?,?,?,?,?,?,G:G,?,?,G:G,?,?,T:T,T:T,G:G,G:G,A:A,A:A,A:A,G:G,C:C,?,C:C,T:T,C:C,T:T,A:A,T:T,A:A,A:A,G:G,A:G,T:T,C:G,C:C,C:C,C:C,G:G
IESV92165DL,C:C,C:C,G:G,G:G,A:A,C:C,A:A,C:C,A:A,T:T,G:G,T:T,A:A,A:A,G:G,G:G,C:C,C:C,?,T:T,C:C,G:G,A:A,G:G,?,C:C,?,?,?,A:A,?,?,?,?,?,?,T:T,?,G:G,T:C,T:T,T:T,T:T,G:G,G:G,A:A,A:A,A:A,G:G,C:C,A:A,C:C,T:T,C:C,T:T,G:G,T:T,A:A,A:A,G:G,A:G,T:T,C:G,C:C,C:C,C:C,G:G
IESV92170DL,T:C,C:C,G:G,G:G,A:A,C:C,A:A,C:C,A:A,T:T,G:G,T:T,A:A,A:A,A:A,G:G,C:C,C:C,A:A,C:C,C:C,G:G,Uncallable,C:C,?,?,?,?,A:A,A:A,?,?,?,?,G:G,?,?,?,G:G,T:C,T:T,T:T,T:T,G:G,G:G,A:A,A:A,A:A,G:G,C:C,A:A,C:C,T:T,C:C,T:T,A:A,T:T,A:A,A:A,G:G,A:A,C:C,C:G,C:C,C:C,A:A,G:G
IESV92171DL,C:C,G:G,T:T,G:G,A:A,C:C,A:A,C:C,G:G,T:T,G:G,T:T,A:A,A:A,G:G,G:G,C:C,C:C,A:A,C:C,T:T,T:T,G:G,C:C,?,?,?,?,?,?,?,?,?,?,G:G,?,?,?,G:G,T:C,T:T,T:T,T:T,G:G,?,G:G,A:A,A:A,G:G,C:C,A:A,T:T,T:T,?,T:T,G:G,T:T,A:A,A:A,G:G,A:A,C:C,C:G,C:C,T:C,A:A,G:G
IESV92172DL,C:C,C:C,T:T,G:G,A:A,C:C,A:A,C:C,G:G,T:T,G:G,T:T,A:A,A:A,G:G,G:G,C:C,C:C,A:A,C:C,C:C,G:G,G:G,C:C,?,?,?,?,?,?,G:G,?,C:C,?,?,?,?,?,G:G,?,T:T,T:T,T:T,G:G,G:G,A:A,A:A,A:A,G:G,C:C,A:A,C:C,T:T,C:C,T:T,G:G,T:T,A:A,A:A,G:G,A:G,T:T,C:G,C:C,T:T,C:C,G:G
IESV92180DL,C:C,C:C,T:T,G:G,A:A,C:C,A:A,C:C,G:G,T:T,G:G,T:T,A:A,A:A,G:G,G:G,C:C,C:C,A:A,C:C,C:C,G:G,G:G,C:C,?,G:G,?,?,?,?,?,?,?,?,G:G,?,?,?,G:G,T:C,T:T,T:T,T:T,G:G,G:G,A:A,A:A,A:A,G:G,C:C,A:A,C:C,T:T,C:C,T:T,G:G,T:T,A:A,A:A,G:G,A:G,T:T,C:G,C:C,C:C,C:C,G:G
IESV92181DL,?,?,?,?,?,?,?,?,?,?,?,?,?,?,?,?,?,?,?,?,?,?,?,?,?,?,?,?,?,?,?,?,?,?,?,?,?,?,G:G,?,?,?,?,?,?,?,?,?,?,?,?,?,?,?,?,?,?,G:G,?,?,?,?,?,?,?,?,?
IESV92188DL,?,?,T:T,G:G,A:A,C:C,A:A,C:C,A:A,T:T,G:G,T:G,?,?,?,?,C:C,?,A:A,?,?,G:G,G:G,C:C,?,?,?,?,?,?,?,?,?,?,?,?,?,?,G:G,?,?,?,?,?,G:G,A:A,A:A,A:A,G:G,C:C,A:A,T:T,?,C:C,T:T,G:G,T:T,A:A,A:A,G:G,A:G,T:T,C:G,C:C,C:C,?,G:G
IESV92193DL,C:C,C:C,T:T,G:G,A:A,C:C,A:A,G:G,A:A,T:T,G:G,T:T,?,?,A:A,G:G,A:A,C:C,?,T:T,T:T,G:G,G:G,C:C,?,?,?,?,?,?,?,?,?,?,?,?,?,?,G:G,?,?,?,?,?,G:G,A:A,A:A,A:A,G:G,C:C,G:G,C:C,?,C:C,C:C,G:G,T:T,A:A,A:A,G:G,A:A,C:C,C:G,C:C,T:T,C:C,G:G
IESV92201DL,?,G:G,G:G,G:G,A:A,C:C,A:A,C:C,G:G,T:T,G:G,T:T,A:A,A:A,A:A,G:G,C:C,C:C,G:A,C:C,C:C,G:G,G:G,G:G,?,?,?,?,A:A,A:A,G:G,C:C,?,?,?,?,?,?,G:G,Uncallable,T:T,T:C,T:T,G:G,G:G,A:A,A:A,A:A,G:G,C:C,A:A,C:C,T:T,C:C,T:T,A:A,T:T,A:A,A:A,G:G,A:A,C:C,C:G,C:C,T:T,A:A,G:G
IESV92203DL,C:C,C:C,T:T,C:C,G:G,T:T,A:A,C:C,A:A,T:T,G:G,T:T,A:A,A:A,A:A,G:G,C:C,C:C,G:G,T:T,T:T,G:G,A:A,C:C,?,G:G,?,?,?,?,?,?,?,?,?,?,?,?,G:G,T:C,T:T,T:T,T:T,G:G,G:G,A:A,A:A,A:A,G:G,C:C,A:A,T:T,T:T,C:C,C:C,G:G,T:T,A:A,A:A,G:G,A:A,C:C,C:G,C:C,C:C,A:A,A:A
IESV92205DL,C:C,C:C,T:T,C:C,G:G,?,A:A,C:C,A:A,T:T,G:G,T:T,A:A,A:A,A:A,G:G,C:C,C:C,G:A,T:T,T:T,G:G,A:A,C:C,?,?,?,?,?,?,?,?,?,?,?,?,?,?,G:G,?,T:T,T:T,T:T,G:G,G:G,A:A,A:A,A:A,G:G,C:C,A:A,T:T,?,C:C,C:C,G:G,T:T,A:A,A:A,G:G,A:A,C:C,C:G,C:C,C:C,A:A,A:A
IESV91051DL,?,?,T:T,G:G,A:A,C:C,A:A,C:C,A:A,T:T,G:G,T:T,?,?,?,?,A:A,?,?,T:T,T:T,G:G,A:A,C:C,?,?,?,?,?,?,?,?,?,?,?,?,?,?,G:G,?,?,?,?,?,G:G,A:A,A:A,G:G,G:G,C:C,G:G,C:C,?,C:C,C:C,G:G,T:T,A:A,G:G,G:G,A:A,C:C,C:G,C:C,T:T,C:C,G:G
IESV95015SH,?,G:G,T:T,G:G,A:A,C:C,A:A,C:C,G:G,T:T,G:G,T:T,Uncallable,A:A,G:G,G:G,A:A,C:C,G:G,T:T,C:C,T:T,A:A,C:C,C:C,G:G,A:A,G:G,A:A,A:A,G:G,C:C,G:G,C:T,G:G,G:G,?,C:C,C:C,Uncallable,T:T,Uncallable,T:T,G:G,?,G:G,A:A,G:A,G:G,C:C,G:G,T:T,T:T,?,C:C,G:G,C:C,A:A,Uncallable,G:G,A:G,C:C,C:G,C:C,T:T,A:A,G:G
IESV95015_1_1SH,C:C,G:G,T:T,G:G,A:A,C:C,A:A,C:C,G:G,T:T,G:G,T:T,C:C,A:A,G:G,G:G,A:A,C:C,G:G,T:T,C:C,T:T,A:A,C:C,C:C,G:G,T:T,Uncallable,A:A,A:A,T:T,C:C,G:G,C:T,G:G,G:G,T:T,C:C,C:C,Uncallable,T:T,T:T,T:T,G:G,?,?,A:A,A:A,G:G,C:C,G:G,C:C,T:T,?,C:C,A:A,T:T,A:A,A:A,G:G,A:G,C:C,C:G,C:C,C:C,A:A,G:G
IESV95015_2_1SH,C:C,C:C,T:T,G:G,A:A,C:C,A:A,C:C,G:G,T:T,G:G,T:T,A:A,A:A,G:G,G:G,A:A,C:C,G:G,C:C,T:T,G:G,G:G,C:C,C:C,G:G,T:T,G:A,A:A,G:G,G:G,A:A,G:G,C:T,?,G:G,T:T,C:C,G:G,Uncallable,T:T,T:T,T:T,G:G,?,G:G,A:A,A:A,C:C,C:C,G:G,C:C,A:A,?,T:T,A:A,T:T,G:G,A:A,G:G,A:G,C:C,C:G,C:C,C:C,A:A,G:G
IESV96008SH,C:C,C:C,T:T,G:G,A:A,C:C,A:A,C:C,G:G,T:T,G:G,T:T,A:A,A:A,G:G,G:G,A:A,C:C,?,C:C,T:T,G:G,G:G,C:C,?,?,?,?,A:A,G:G,G:G,A:A,G:G,C:T,?,G:G,?,?,G:G,Uncallable,T:T,T:T,T:T,Uncallable,?,G:G,A:A,A:A,C:C,C:C,G:G,C:C,A:A,?,T:T,A:A,T:T,G:G,A:A,G:G,A:G,C:C,C:G,C:C,C:C,A:A,G:G
IESV96012_1SH,C:C,C:C,T:T,G:G,A:A,C:C,A:A,C:C,G:G,T:T,G:G,T:T,A:A,A:A,A:A,G:G,C:C,C:C,?,T:T,T:T,G:G,A:A,C:C,C:C,G:G,T:T,G:G,A:A,A:A,G:G,C:C,C:C,C:T,G:G,G:G,?,?,C:C,Uncallable,T:T,Uncallable,T:T,G:G,?,G:G,A:A,A:A,G:G,C:C,A:A,C:C,T:T,C:C,C:C,A:A,C:C,G:G,A:A,G:G,A:G,C:C,C:G,C:C,T:T,C:C,G:G
IESV96013_1SH,?,G:G,T:T,G:G,A:A,C:C,A:A,G:G,G:G,T:T,G:G,T:T,A:A,A:A,A:A,G:G,A:A,C:C,G:G,T:T,T:T,T:T,A:A,G:G,?,?,?,?,A:A,G:G,G:G,A:A,G:G,C:T,?,G:G,?,?,G:G,T:C,T:C,C:C,T:T,G:G,G:G,A:A,A:A,A:A,C:C,C:C,G:G,C:C,A:A,C:C,T:T,G:G,T:T,A:A,G:G,G:G,A:A,Uncallable,C:G,?,T:T,A:A,G:G
IESV96013_2_1SH,?,G:G,T:T,G:G,A:A,C:C,A:A,G:G,G:G,T:T,G:G,T:T,A:A,A:A,A:A,G:G,C:C,C:C,G:G,T:T,C:C,G:G,A:A,G:G,?,?,?,?,A:A,G:G,G:G,C:C,C:C,C:T,G:G,G:G,?,?,C:C,T:C,T:T,T:C,T:T,G:G,G:G,G:G,A:A,?,C:C,C:C,G:G,C:C,T:T,C:C,C:C,G:G,C:C,A:A,A:A,G:G,A:G,C:C,C:G,C:C,T:T,A:A,G:G
IESV96013_2_2SH,C:C,C:C,T:T,C:C,G:G,C:C,A:A,G:G,A:A,T:T,G:G,T:T,A:A,A:A,A:A,C:C,C:C,C:C,G:G,T:T,T:T,T:T,A:A,C:C,?,?,?,?,A:A,A:A,T:T,A:A,?,C:T,?,?,?,?,C:C,Uncallable,T:T,T:C,T:T,Uncallable,G:G,G:G,A:A,G:G,C:C,C:C,G:G,C:C,T:T,?,C:C,G:G,C:C,A:A,A:A,G:G,A:G,C:C,C:G,C:C,T:T,C:C,G:G
IESV96014SH,T:T,C:C,T:T,G:G,A:A,C:C,A:A,C:C,G:G,T:T,G:G,T:T,C:C,A:A,G:G,G:G,A:A,C:C,G:G,T:T,T:T,T:T,A:A,C:C,C:C,G:G,T:T,G:G,A:A,G:G,G:G,C:C,G:G,C:T,G:G,G:G,T:T,C:C,C:C,Uncallable,T:T,T:T,T:T,G:G,?,G:G,A:A,A:A,G:G,C:C,G:G,C:C,T:T,C:C,T:T,A:A,T:T,A:A,A:A,G:G,A:G,T:T,C:G,C:C,T:T,A:A,G:G
IESV96022SH,T:C,C:C,?,Uncallable,A:A,Uncallable,A:A,C:C,G:G,T:T,G:G,T:T,A:A,Uncallable,Uncallable,G:G,C:C,C:C,?,T:T,T:T,T:T,A:A,C:C,C:C,G:G,T:T,G:G,A:A,G:G,T:T,C:C,C:C,C:T,G:G,G:G,T:T,T:C,Uncallable,T:C,T:T,T:T,T:T,G:G,G:G,G:G,A:A,G:A,G:G,C:C,G:G,C:C,T:T,C:C,C:T,A:G,C:C,A:A,Uncallable,Uncallable,A:A,C:C,C:G,C:C,Uncallable,A:A,G:G
IESV96028SH,C:C,C:C,T:T,G:G,A:A,C:C,A:A,C:C,A:A,T:T,G:G,T:T,A:A,A:A,G:G,G:G,A:A,C:C,G:G,T:T,T:T,T:T,A:A,C:C,C:C,G:G,T:T,A:A,A:A,A:A,G:G,C:C,C:C,C:T,G:G,G:G,T:T,C:C,C:C,Uncallable,T:T,T:T,T:T,G:G,?,G:G,A:A,G:G,G:G,C:C,G:G,C:C,A:A,?,T:T,G:G,C:C,A:A,G:G,G:G,A:G,C:C,C:G,C:C,T:T,C:C,G:G
IESV96044_2SH,C:C,C:C,T:T,G:G,A:A,C:C,A:A,C:C,A:A,T:T,G:G,T:T,A:A,A:A,A:A,C:C,C:C,C:C,?,T:T,C:C,G:G,A:A,C:C,C:C,G:G,A:A,G:G,A:A,A:A,G:G,C:C,C:C,C:T,G:G,G:G,T:T,C:C,C:C,T:C,T:T,T:T,T:T,G:G,G:G,G:G,A:A,?,G:G,C:C,G:G,C:C,T:T,C:C,T:T,A:A,T:T,A:A,A:A,G:G,A:A,C:C,C:G,C:C,T:T,A:A,G:G
IESV96051SH,C:C,G:G,T:T,G:G,A:A,C:C,A:A,C:C,A:A,T:T,G:G,T:T,A:A,A:A,G:G,G:G,C:C,C:C,?,T:T,C:C,T:T,G:G,C:C,C:C,G:G,T:T,A:A,A:A,A:A,T:T,C:C,C:C,C:T,G:G,G:G,T:T,C:C,G:G,T:C,T:T,T:T,T:T,G:G,G:G,A:A,A:A,A:A,G:G,C:C,A:A,C:C,T:T,?,C:C,A:A,T:T,A:A,A:A,G:G,A:G,T:T,C:G,C:C,T:T,C:C,G:G
IESV99003DL,C:C,G:G,G:G,G:G,A:A,C:C,A:A,C:C,A:A,T:T,G:G,T:T,A:A,A:A,A:A,G:G,C:C,C:C,?,T:T,T:T,G:G,G:G,G:G,G:G,C:C,T:T,G:G,A:A,A:A,T:T,C:C,C:C,C:T,G:G,G:G,T:T,C:C,G:G,C:C,T:T,T:C,T:T,G:G,G:G,A:A,A:A,A:A,G:G,C:C,A:A,C:C,Uncallable,C:C,C:C,A:A,T:T,G:G,A:A,G:G,A:A,C:C,C:G,C:C,T:T,C:C,G:G
IESV99005DL,Uncallable,G:C,T:T,G:G,A:A,C:C,A:A,C:C,Uncallable,T:T,G:G,T:T,C:A,A:A,A:G,G:G,A:C,C:C,?,T:T,T:T,T:G,A:G,C:C,C:C,G:G,T:T,G:G,A:A,G:A,G:T,C:C,C:G,C:T,G:G,C:G,T:T,C:C,C:G,T:C,T:T,T:T,T:T,G:G,G:G,G:G,A:A,A:A,G:G,C:C,G:G,C:C,T:T,C:C,C:T,A:G,T:T,A:A,A:A,G:G,A:A,C:C,C:G,C:C,T:T,A:A,G:G
IESV99007DL,C:C,G:G,G:G,G:G,A:A,C:C,A:A,C:C,A:A,T:T,G:G,T:T,A:A,A:A,A:A,G:G,C:C,C:C,G:G,T:T,T:T,G:G,G:G,G:G,G:G,C:C,?,?,A:A,A:A,T:T,C:C,C:C,C:T,G:G,G:G,?,?,G:G,C:C,T:T,T:C,T:T,G:G,G:G,A:G,A:A,A:A,G:G,C:C,A:A,C:C,T:T,C:C,C:C,A:A,T:T,G:G,A:A,G:G,A:A,C:C,C:G,C:C,T:T,C:C,G:G
IESV99008DL,T:T,C:C,T:T,G:G,A:A,C:C,A:A,G:G,A:A,T:T,G:G,T:T,A:A,A:A,G:G,G:G,C:C,C:C,?,T:T,T:T,G:G,G:G,C:C,?,?,?,?,A:A,A:A,T:T,C:C,C:C,C:T,G:G,G:G,?,?,C:C,T:C,T:T,T:T,T:T,G:G,?,A:A,A:A,A:A,G:G,C:C,G:G,C:C,T:T,?,C:C,A:A,T:T,A:A,A:A,G:G,A:G,T:T,C:G,C:C,T:T,C:C,G:G
IESV99010DL,T:T,C:C,T:T,G:G,A:A,C:C,A:A,G:G,A:A,T:T,G:G,T:T,A:A,A:A,A:A,G:G,C:C,C:C,?,T:T,T:T,G:G,A:A,G:G,G:G,C:C,T:T,A:A,A:A,A:A,T:T,C:C,G:G,C:T,G:G,G:G,T:T,C:C,G:G,C:C,T:T,T:C,T:T,G:G,?,A:A,A:A,A:A,G:G,C:C,G:G,C:C,T:T,C:C,T:T,A:A,T:T,A:A,A:A,G:G,A:A,T:T,C:G,C:C,T:T,C:C,G:G
IESV99011DL,T:T,C:C,T:T,G:G,A:A,C:C,A:A,G:G,A:A,T:T,G:G,T:T,A:A,A:A,A:A,G:G,C:C,C:C,?,T:T,T:T,G:G,A:A,G:G,G:G,C:C,T:T,A:A,A:A,A:A,T:T,C:C,G:G,C:T,G:G,G:G,T:T,C:C,G:G,C:C,T:T,T:C,T:T,G:G,?,A:A,A:A,A:A,G:G,C:C,G:G,C:C,Uncallable,C:C,T:T,A:A,T:T,A:A,A:A,G:G,A:A,T:T,C:G,C:C,T:T,C:C,G:G
IESV99012DL,T:T,?,T:T,G:G,A:A,C:C,A:A,G:G,A:A,T:T,G:G,T:T,A:A,A:A,A:A,G:G,C:C,C:C,G:G,T:T,T:T,G:G,A:A,G:G,G:G,C:C,T:T,A:A,A:A,A:A,T:T,C:C,G:G,C:T,G:G,G:G,T:T,C:C,G:G,C:C,T:T,T:C,T:T,G:G,?,A:A,A:A,A:A,G:G,C:C,G:G,C:C,T:T,C:C,T:T,A:A,T:T,A:A,A:A,G:G,A:A,T:T,C:G,C:C,T:T,C:C,G:G
IESV99013DL,T:T,C:C,G:G,G:G,A:A,C:C,A:A,C:C,A:A,T:T,G:G,T:T,A:A,A:A,A:A,G:G,C:C,C:C,A:A,C:C,C:C,G:G,G:G,C:C,C:C,G:G,T:T,G:G,A:A,A:A,T:T,C:C,C:C,C:T,G:G,G:G,T:T,C:C,G:G,T:C,T:T,T:T,T:T,G:G,G:G,A:A,A:A,A:A,G:G,C:C,A:A,C:C,T:T,C:C,T:T,A:A,T:T,A:A,A:A,G:G,A:A,C:C,C:G,C:C,C:C,A:A,G:G
IESV99014DL,T:T,C:C,G:G,G:G,A:A,C:C,A:A,C:C,A:A,T:T,G:G,T:T,A:A,A:A,A:A,G:G,C:C,C:C,A:A,C:C,C:C,G:G,G:G,C:C,C:C,G:G,T:T,G:G,A:A,A:A,T:T,C:C,C:C,C:T,G:G,G:G,T:T,C:C,G:G,T:C,T:T,T:T,T:T,G:G,G:G,A:A,A:A,A:A,G:G,C:C,A:A,C:C,T:T,C:C,T:T,A:A,T:T,A:A,A:A,G:G,A:A,C:C,C:G,C:C,C:C,A:A,G:G
IESV99015DL,T:T,C:C,G:G,G:G,A:A,C:C,A:A,C:C,A:A,T:T,G:G,T:T,A:A,A:A,A:A,G:G,C:C,C:C,A:A,C:C,C:C,G:G,G:G,C:C,C:C,G:G,T:T,G:A,A:A,A:A,T:T,C:C,C:C,C:T,G:G,G:G,T:T,C:C,G:G,T:C,T:T,T:T,T:T,G:G,G:G,A:A,A:A,A:A,G:G,C:C,A:A,C:C,T:T,C:C,T:T,A:A,T:T,A:A,A:A,G:G,A:A,C:C,C:G,C:C,C:C,A:A,G:G
IESV99016DL,T:T,C:C,T:T,G:G,A:A,C:C,A:A,C:C,G:G,T:T,G:G,T:T,A:A,A:A,G:G,G:G,C:C,C:C,A:A,C:C,C:C,G:G,G:G,G:G,G:G,C:C,?,?,A:A,A:A,G:G,A:A,C:C,C:C,G:G,G:G,T:T,?,G:G,C:C,T:T,T:C,T:T,A:A,?,G:G,A:A,A:A,G:G,C:C,G:G,C:C,T:T,C:C,C:C,G:G,T:T,A:A,A:A,G:G,A:G,T:T,C:G,C:C,T:T,C:C,A:A
IESV99017DL,T:T,C:C,G:G,G:G,A:A,C:C,A:A,C:C,A:A,T:T,G:G,T:T,?,?,?,?,C:C,C:C,A:A,C:C,C:C,G:G,G:G,C:C,?,?,?,?,?,?,?,?,?,?,?,?,?,?,G:G,?,?,?,?,?,G:G,A:A,A:A,A:A,G:G,C:C,A:A,C:C,T:T,C:C,T:T,A:A,T:T,A:A,A:A,G:G,A:A,C:C,C:G,C:C,C:C,A:A,G:G
IESV99018DL,T:T,C:C,G:G,G:G,A:A,C:C,A:A,C:C,A:A,T:T,G:G,T:T,A:A,A:A,G:G,G:G,C:C,C:C,A:A,C:C,C:C,G:G,G:G,C:C,C:C,G:G,T:T,A:A,A:A,A:A,T:T,C:C,C:C,C:T,G:G,G:G,T:T,C:C,G:G,T:C,T:T,T:T,T:T,G:G,G:G,A:A,A:A,A:A,G:G,C:C,A:A,C:C,T:T,C:C,T:T,A:A,T:T,A:A,A:A,G:G,A:G,T:T,C:G,C:C,C:C,A:A,G:G
IESV99019DL,T:T,C:C,G:G,G:G,A:A,C:C,A:A,C:C,A:A,T:T,G:G,T:T,A:A,A:A,A:A,G:G,C:C,C:C,A:A,C:C,C:C,G:G,G:G,C:C,C:C,G:G,T:T,G:G,A:A,A:A,T:T,C:C,C:C,C:T,G:G,C:G,T:T,C:C,G:G,T:C,T:T,T:T,T:T,G:G,G:G,A:A,A:A,A:A,G:G,C:C,A:A,C:C,T:T,C:C,T:T,A:A,T:T,A:A,A:A,G:G,A:A,C:C,C:G,C:C,C:C,A:A,G:G
IESV99021DL,T:T,C:C,G:G,G:G,A:A,C:C,A:A,C:C,A:A,T:T,G:G,T:T,A:A,A:A,A:A,G:G,C:C,C:C,A:A,C:C,C:C,G:G,G:G,C:C,C:C,G:G,T:T,G:A,A:A,A:A,T:T,C:C,C:C,C:T,G:G,C:C,T:T,C:C,G:G,T:C,T:T,T:T,T:T,G:G,G:G,A:A,A:A,A:A,G:G,C:C,A:A,C:C,T:T,C:C,T:T,A:A,T:T,A:A,A:A,G:G,A:A,C:C,C:G,C:C,C:C,A:A,G:G
IESV99022DL,T:T,C:C,T:T,G:G,A:A,C:C,A:A,C:C,A:A,T:T,G:G,T:T,A:A,A:A,A:A,G:G,C:C,C:C,G:G,T:T,T:T,T:T,G:G,G:G,G:G,C:C,T:T,A:A,A:A,G:G,G:G,C:C,C:C,C:T,G:G,G:G,T:T,C:C,C:C,C:C,T:T,T:C,T:T,G:G,?,A:A,A:A,A:A,G:G,C:C,G:G,C:C,T:T,C:C,C:C,G:G,T:T,A:A,A:A,G:G,A:A,C:C,C:G,C:C,T:T,C:C,G:G
IESV99024DL,C:C,C:C,T:T,G:G,A:A,C:C,A:A,C:C,A:A,T:T,G:G,T:T,A:A,A:A,A:A,G:G,C:C,C:C,?,T:T,T:T,T:T,G:G,G:G,G:G,C:C,T:T,A:A,A:A,G:G,G:G,C:C,C:C,C:T,G:G,G:G,T:T,C:C,C:C,Uncallable,T:T,T:C,T:T,G:G,G:G,G:G,A:A,A:A,G:G,C:C,A:A,C:C,T:T,C:C,C:C,A:G,T:T,A:A,A:A,G:G,A:A,C:C,C:G,C:C,T:T,C:C,G:G
IESV99035DL,C:C,C:C,T:T,G:G,A:A,C:C,A:A,G:G,A:A,T:T,G:G,T:T,A:A,A:A,G:G,G:G,A:A,T:T,G:G,T:T,T:T,G:G,A:A,C:C,C:C,G:G,T:T,G:A,A:A,A:A,G:G,C:C,C:C,C:T,G:G,G:G,T:T,C:C,G:G,T:C,T:T,T:T,T:T,G:G,G:G,A:A,A:A,G:G,G:G,C:C,G:G,C:C,T:T,C:C,T:T,G:G,T:T,A:A,G:G,G:G,A:A,T:T,C:G,C:C,C:C,C:C,G:G
IESV99039DL,C:C,C:C,T:T,G:G,A:A,C:C,A:A,C:C,G:G,T:T,G:G,T:T,A:A,A:A,G:G,G:G,C:C,C:C,G:G,T:T,T:T,T:T,A:A,C:C,C:C,G:G,T:T,A:A,A:A,A:A,T:T,C:C,C:C,C:T,G:G,G:G,T:T,C:C,G:G,Uncallable,T:T,T:T,T:T,G:G,G:G,A:A,A:A,G:G,G:G,C:C,A:A,C:C,T:T,?,C:C,A:A,T:T,A:A,A:A,G:G,A:G,C:C,C:G,C:C,T:T,C:C,G:G
IESV99043DL,T:T,C:C,G:G,G:G,A:A,C:C,A:A,C:C,G:G,T:T,G:G,T:T,A:A,A:A,A:A,G:G,C:C,C:C,?,T:T,C:C,G:G,G:G,C:C,?,G:G,?,?,A:A,A:A,?,?,C:C,?,?,?,?,?,G:G,T:C,T:T,T:T,T:T,G:G,G:G,A:A,A:A,A:A,G:G,C:C,A:A,C:C,T:T,C:C,T:T,G:G,T:T,A:A,A:A,G:G,A:A,C:C,C:G,C:C,T:T,C:C,G:G
IESV99044DL,C:C,C:C,T:T,G:G,A:A,C:C,A:A,G:G,A:A,T:T,G:G,T:T,A:A,A:A,G:G,G:G,A:A,T:T,G:G,T:T,T:T,G:G,A:A,C:C,C:C,G:G,T:T,G:A,A:A,A:A,G:G,C:C,G:G,C:T,G:G,G:G,T:T,C:C,G:G,T:C,T:T,T:T,T:T,G:G,?,G:G,A:A,G:G,G:G,C:C,G:G,C:C,T:T,C:C,T:T,G:G,T:T,A:A,G:G,G:G,A:A,T:T,C:G,C:C,C:C,C:C,G:G
IESV99045DL,C:C,C:C,T:T,G:G,A:A,C:C,A:A,G:G,A:A,T:T,G:G,T:T,A:A,A:A,G:G,G:G,A:A,T:T,?,T:T,T:T,G:G,A:A,C:C,C:C,G:G,T:T,G:A,A:A,A:A,G:G,C:C,G:G,C:T,G:G,G:G,T:T,C:C,G:G,T:C,T:T,T:T,T:T,G:G,?,G:G,A:A,G:G,G:G,C:C,G:G,C:C,T:T,C:C,T:T,G:G,T:T,A:A,G:G,G:G,A:A,T:T,C:G,C:C,C:C,C:C,G:G
IESV99046DL,T:T,C:C,G:G,G:G,A:A,C:C,A:A,C:C,A:A,T:T,G:G,T:T,A:A,A:A,A:A,G:G,C:C,C:C,A:A,C:C,C:C,G:G,G:G,C:C,C:C,G:G,T:T,G:G,A:A,A:A,T:T,C:C,C:C,C:T,G:G,C:C,T:T,C:C,G:G,T:C,T:T,T:T,T:T,G:G,G:G,A:A,A:A,A:A,G:G,C:C,A:A,C:C,T:T,C:C,T:T,A:A,T:T,A:A,A:A,G:G,A:A,C:C,C:G,C:C,C:C,A:A,G:G
IESV99048DL,T:T,G:G,T:T,C:C,G:G,T:T,A:A,C:C,A:A,T:T,G:G,T:T,A:A,A:A,G:G,G:G,C:C,C:C,A:A,C:C,C:C,T:T,A:A,G:G,G:G,C:C,T:T,A:A,A:A,A:A,T:T,C:C,C:C,C:T,G:G,G:G,T:T,T:T,G:G,C:C,T:T,T:C,T:T,G:G,G:G,G:G,A:A,G:G,C:C,C:C,G:G,C:C,T:T,C:C,C:C,A:A,T:T,A:A,A:A,G:G,A:A,T:T,C:G,C:C,T:T,C:C,A:A
IESV99049DL,T:T,G:G,Uncallable,C:C,G:G,T:T,A:A,C:C,A:A,T:T,G:G,T:T,Uncallable,A:A,Uncallable,G:G,C:C,C:C,A:A,C:C,C:C,Uncallable,Uncallable,G:G,G:G,C:C,T:T,A:A,A:A,A:A,T:T,C:C,Uncallable,C:T,G:G,G:G,Uncallable,T:T,G:G,Uncallable,T:T,T:C,T:T,G:G,G:G,G:G,A:A,G:A,G:G,C:C,G:G,C:C,A:A,C:C,C:C,A:G,T:T,A:A,A:A,G:G,A:A,T:T,C:G,C:C,T:C,A:A,A:A
IESV99050DL,T:T,G:G,T:T,C:C,Uncallable,T:C,A:A,C:C,Uncallable,T:T,G:G,T:T,Uncallable,A:A,G:G,G:G,C:C,C:C,A:A,C:C,C:C,T:T,A:A,G:G,G:G,C:C,T:T,A:A,A:A,A:A,T:T,C:C,Uncallable,C:T,G:G,G:G,T:T,T:T,G:G,C:C,T:T,T:C,T:T,G:G,G:G,G:G,A:A,Uncallable,G:G,C:C,Uncallable,C:C,A:A,C:C,C:T,A:A,T:T,A:A,A:A,G:G,A:A,C:T,C:G,C:C,T:T,C:C,A:A
IESV99051DL,T:T,G:G,T:T,G:G,A:A,C:C,A:A,C:C,G:G,T:T,G:G,T:T,A:A,A:A,G:G,C:C,C:C,C:C,A:A,C:C,C:C,T:T,A:A,G:G,?,C:C,?,?,A:A,G:G,T:T,C:C,G:G,C:T,G:G,G:G,?,?,G:G,C:C,T:T,T:C,T:T,A:A,G:G,G:G,A:A,G:G,C:C,T:C,A:A,C:C,T:T,C:C,T:T,A:A,T:T,A:A,A:A,G:G,A:G,T:T,C:G,C:C,C:C,C:C,A:A
IESV99052DL,T:T,G:G,T:T,C:C,G:G,T:T,A:A,C:C,A:A,T:T,G:G,T:T,A:A,A:A,G:G,G:G,C:C,C:C,A:A,C:C,C:C,T:T,A:A,G:G,G:G,C:C,T:T,A:A,A:A,A:A,T:T,C:C,C:C,C:T,G:G,G:G,?,?,G:G,C:C,T:T,T:C,T:T,G:G,G:G,G:G,A:A,G:G,C:C,C:C,G:G,C:C,T:T,C:C,C:C,A:A,T:T,A:A,A:A,G:G,A:A,T:T,C:G,C:C,T:T,C:C,A:A
IESV99053DL,T:T,G:G,T:T,G:G,A:A,C:C,A:A,C:C,G:G,T:T,G:G,T:T,C:C,A:A,G:G,G:G,C:C,C:C,A:A,C:C,C:C,T:T,A:A,G:G,G:G,C:C,?,G:A,A:A,G:G,T:T,C:C,G:G,C:T,G:G,G:G,T:T,C:C,G:G,C:C,T:T,T:C,T:T,G:G,G:G,A:A,A:A,A:A,G:G,C:C,A:A,C:C,A:A,C:C,T:T,A:A,T:T,A:A,A:A,G:G,A:A,C:C,C:G,C:C,T:T,C:C,A:A
IESV99056DL,Uncallable,G:G,T:T,Uncallable,G:A,C:C,A:A,C:C,G:G,T:T,G:G,T:T,C:C,A:A,G:G,C:G,C:C,C:C,A:A,C:C,C:C,T:T,A:A,G:G,G:G,C:C,?,A:A,A:A,G:G,T:T,C:C,G:G,C:T,G:G,G:G,T:T,C:C,G:G,C:C,T:T,T:C,T:T,A:A,G:G,A:A,A:A,A:A,G:G,C:C,A:A,C:C,A:A,C:C,T:T,A:A,T:T,A:A,A:A,G:G,A:A,C:C,C:G,C:C,T:C,C:C,A:A
IESV99057DL,T:T,G:G,T:T,G:G,A:A,C:C,A:A,C:C,G:G,T:T,G:G,T:T,C:C,A:A,G:G,G:G,C:C,C:C,A:A,C:C,C:C,T:T,A:A,G:G,G:G,C:C,?,G:A,A:A,G:G,T:T,C:C,G:G,T:T,G:G,G:G,T:T,C:C,G:G,C:C,T:T,T:C,T:T,G:G,G:G,A:A,A:A,A:A,G:G,C:C,A:A,C:C,A:A,C:C,T:T,A:A,T:T,A:A,A:A,G:G,A:A,C:C,C:G,C:C,T:T,C:C,A:A
IESV99059DL,T:T,C:C,T:T,G:G,A:A,C:C,A:A,C:C,G:G,T:T,G:G,T:T,A:A,A:A,G:G,G:G,C:C,C:C,A:A,C:C,C:C,G:G,G:G,G:G,G:G,C:C,T:T,A:A,A:A,A:A,G:G,A:A,C:C,C:C,G:G,G:G,T:T,C:C,G:G,Uncallable,T:T,T:C,T:T,A:A,G:G,A:G,A:A,A:A,G:G,C:C,G:G,C:C,T:T,C:C,C:C,G:G,T:T,A:A,A:A,G:G,A:G,T:T,C:G,C:C,T:T,C:C,A:A
IESV99060DL,?,G:G,G:G,C:C,G:G,T:T,A:A,C:C,A:A,T:T,G:G,T:T,C:C,A:A,A:A,G:G,C:C,C:C,A:A,C:C,C:C,Uncallable,G:G,G:G,G:G,C:C,T:T,A:A,A:A,A:A,T:T,C:C,G:G,T:T,G:G,G:G,C:C,C:C,G:G,Uncallable,T:T,T:C,T:T,A:A,G:G,G:G,A:A,A:A,G:G,C:C,G:G,C:C,A:A,C:C,C:C,G:G,T:T,A:A,A:A,G:G,A:G,T:T,?,C:C,C:C,A:A,A:A
IESV99061DL,?,G:G,G:G,C:C,G:G,T:T,A:A,C:C,A:A,T:T,G:G,T:T,C:C,A:A,A:A,G:G,C:C,C:C,A:A,C:C,C:C,G:G,G:G,G:G,G:G,C:C,T:T,A:A,A:A,A:A,T:T,C:C,G:G,T:T,G:G,G:G,C:C,C:C,G:G,Uncallable,T:T,T:C,T:T,A:A,G:G,G:G,A:A,A:A,G:G,C:C,G:G,C:C,A:A,C:C,C:C,G:G,T:T,A:A,A:A,G:G,A:G,T:T,C:G,C:C,C:C,A:A,A:A
IESV99065DL,?,G:G,G:G,C:C,G:G,T:T,A:A,C:C,A:A,T:T,G:G,T:T,A:A,A:A,A:A,G:G,C:C,C:C,A:A,C:C,C:C,G:G,G:G,G:G,?,?,?,?,A:A,A:A,T:T,C:C,?,C:T,G:G,?,?,?,G:G,C:C,T:T,T:C,T:T,A:A,G:G,A:A,A:A,A:A,G:G,C:C,G:G,C:C,A:A,C:C,C:C,G:G,T:T,A:A,A:A,G:G,A:G,T:T,C:G,C:C,C:C,A:A,A:A
IESV99066DL,?,G:G,G:G,C:C,G:G,T:T,A:A,C:C,A:A,T:T,G:G,T:T,A:A,A:A,A:A,G:G,C:C,C:C,A:A,C:C,C:C,G:G,G:G,G:G,?,?,?,?,A:A,A:A,T:T,C:C,G:G,C:T,G:G,G:G,?,?,G:G,Uncallable,T:T,T:C,T:T,A:A,G:G,A:A,A:A,A:A,G:G,C:C,G:G,C:C,A:A,C:C,C:C,G:G,T:T,A:A,A:A,G:G,A:G,T:T,C:G,C:C,C:C,A:A,A:A
IESV99069DL,?,G:G,T:T,G:G,A:A,C:C,A:A,G:G,A:A,T:T,G:G,T:T,A:A,A:A,A:A,G:G,C:C,C:C,G:G,C:C,C:C,T:T,A:A,G:G,G:G,C:C,T:T,A:A,A:A,A:A,T:T,C:C,C:C,C:T,G:G,G:G,T:T,C:C,G:G,C:C,T:T,T:C,T:T,G:G,G:G,A:A,A:A,A:A,G:G,C:C,G:G,C:C,T:T,?,C:C,A:G,T:T,A:A,A:A,G:G,A:A,C:C,C:G,C:C,T:T,C:C,A:A
IESV99072DL,T:T,C:C,T:T,G:G,A:A,C:C,A:A,C:C,G:G,T:T,G:G,T:T,A:A,A:A,G:G,G:G,C:C,C:C,A:A,C:C,C:C,G:G,G:G,G:G,G:G,C:C,T:T,A:A,A:A,A:A,G:G,A:A,C:C,C:C,G:G,G:G,T:T,C:C,G:G,Uncallable,T:T,T:C,T:T,A:A,?,G:G,A:A,A:A,G:G,C:C,G:G,C:C,Uncallable,C:C,C:C,G:G,T:T,A:A,A:A,G:G,A:G,T:T,C:G,C:C,T:T,C:C,A:A
IESV99073DL,T:T,C:C,T:T,G:G,A:A,C:C,A:A,C:C,G:G,T:T,G:G,T:T,A:A,A:A,G:G,G:G,C:C,C:C,G:A,C:C,C:C,G:G,G:G,G:G,G:G,C:C,T:T,A:A,A:A,A:A,G:G,A:A,C:C,C:C,G:G,G:G,T:T,C:C,G:G,Uncallable,T:T,T:C,T:T,A:A,?,G:G,A:A,A:A,G:G,C:C,G:G,C:C,T:T,C:C,C:C,G:G,T:T,A:A,A:A,G:G,A:G,T:T,C:G,C:C,T:T,C:C,A:A
IESV99075DL,T:T,C:C,T:T,G:G,A:A,C:C,A:A,C:C,G:G,T:T,G:G,T:T,A:A,A:A,G:G,G:G,C:C,C:C,A:A,C:C,C:C,G:G,G:G,G:G,G:G,C:C,T:T,A:A,A:A,A:A,G:G,A:A,C:C,C:C,G:G,G:G,T:T,C:C,G:G,Uncallable,T:T,T:C,T:T,A:A,G:G,A:A,A:A,A:A,G:G,C:C,G:G,C:C,T:T,C:C,C:C,G:G,T:T,A:A,A:A,G:G,A:G,T:T,C:G,C:C,T:T,C:C,A:A
IESV99074DL,T:T,C:C,T:T,G:G,A:A,C:C,A:A,C:C,G:G,T:T,G:G,T:T,A:A,A:A,G:G,G:G,C:C,C:C,A:A,C:C,C:C,G:G,G:G,G:G,G:G,C:C,T:T,A:A,A:A,A:A,G:G,A:A,C:C,C:C,G:G,G:G,T:T,C:C,G:G,Uncallable,T:T,T:C,T:T,A:A,G:G,A:A,A:A,A:A,G:G,C:C,G:G,C:C,T:T,C:C,C:C,G:G,T:T,A:A,A:A,G:G,A:G,T:T,C:G,C:C,T:T,C:C,A:A
IESV99077DL,T:T,C:C,T:T,G:G,A:A,C:C,A:A,C:C,Uncallable,T:T,G:G,T:T,A:A,A:A,G:G,G:G,C:C,C:C,A:A,C:C,C:C,G:G,G:G,G:G,G:G,C:C,T:T,A:A,A:A,A:A,G:G,Uncallable,C:C,C:C,G:G,G:G,T:T,Uncallable,G:G,Uncallable,T:T,T:C,T:T,Uncallable,G:G,A:A,A:A,A:A,G:G,C:C,G:G,C:C,T:T,C:C,Uncallable,G:G,T:T,A:A,A:A,G:G,Uncallable,C:T,C:G,C:C,T:T,C:C,Uncallable
IESV99078DL,T:T,C:C,T:T,G:G,A:A,C:C,A:A,C:C,G:G,T:T,G:G,T:T,A:A,A:A,G:G,G:G,C:C,C:C,A:A,C:C,C:C,G:G,G:G,G:G,?,?,?,?,A:A,A:A,G:G,A:A,C:C,C:C,?,G:G,?,?,G:G,Uncallable,T:T,T:C,T:T,A:A,G:G,A:A,A:A,A:A,G:G,C:C,G:G,C:C,T:T,C:C,C:C,G:G,T:T,A:A,A:A,G:G,A:G,T:T,C:G,C:C,T:T,C:C,A:A
IESV99079DL,T:T,C:C,T:T,G:G,A:A,C:C,A:A,C:C,G:G,T:T,G:G,T:T,A:A,A:A,G:G,G:G,C:C,C:C,A:A,C:C,C:C,G:G,G:G,G:G,G:G,C:C,?,A:A,A:A,A:A,G:G,A:A,C:C,C:C,G:G,G:G,?,?,G:G,Uncallable,T:T,T:C,T:T,A:A,G:G,A:A,A:A,A:A,G:G,C:C,G:G,C:C,T:T,C:C,C:C,G:G,T:T,A:A,A:A,G:G,A:G,T:T,C:G,C:C,T:T,C:C,A:A
IESV99080DL,T:T,C:C,T:T,G:G,A:A,C:C,A:A,C:C,G:G,T:T,G:G,T:T,A:A,A:A,G:G,G:G,C:C,C:C,A:A,C:C,C:C,G:G,G:G,G:G,G:G,C:C,T:T,A:A,A:A,A:A,G:G,A:A,C:C,C:C,G:G,G:G,T:T,C:C,G:G,Uncallable,T:T,T:C,T:T,A:A,?,G:G,A:A,A:A,G:G,C:C,G:G,C:C,T:T,C:C,C:C,G:G,T:T,A:A,A:A,G:G,A:G,T:T,C:G,C:C,T:T,C:C,A:A
IESV99081DL,T:T,C:C,T:T,G:G,A:A,C:C,A:A,C:C,G:G,T:T,G:G,T:T,A:A,A:A,G:G,G:G,C:C,C:C,G:G,C:C,C:C,G:G,G:G,G:G,G:G,C:C,T:T,A:A,A:A,A:A,G:G,A:A,C:C,C:C,G:G,G:G,T:T,C:C,G:G,Uncallable,T:T,T:C,T:T,A:A,G:G,A:A,A:A,A:A,G:G,C:C,G:G,C:C,T:T,C:C,C:C,G:G,T:T,A:A,A:A,G:G,A:G,T:T,C:G,C:C,T:T,C:C,A:A
IESV99082DL,T:T,C:C,T:T,C:C,G:G,T:T,A:A,C:C,G:G,T:T,G:G,T:T,A:A,A:A,G:G,C:C,A:A,C:C,G:A,T:T,C:C,G:G,G:G,G:G,G:G,C:C,T:T,A:A,A:A,G:G,T:T,C:C,G:G,C:T,G:G,G:G,T:T,C:C,C:C,C:C,T:T,T:C,T:T,G:G,G:G,A:A,A:A,?,C:C,C:C,G:G,C:C,T:T,?,T:T,G:G,T:T,A:A,A:A,G:G,A:G,C:C,C:G,G:C,C:C,C:C,G:G
IESV99087DL,T:T,C:C,T:T,C:C,G:G,T:T,A:A,G:G,A:A,T:T,G:G,T:T,A:A,A:A,A:A,G:G,C:C,C:C,G:A,C:C,C:C,G:G,G:G,C:C,C:C,G:G,T:T,A:A,A:A,A:A,G:G,A:A,C:C,C:T,G:G,G:G,T:T,C:C,G:G,T:C,T:T,T:T,T:T,A:A,?,G:G,A:A,A:A,G:G,C:C,G:G,C:C,T:T,C:C,C:C,A:A,T:T,A:A,A:A,G:G,A:A,C:C,C:G,C:C,C:C,C:C,A:A
IESV99088DL,T:T,C:C,T:T,C:C,G:G,T:T,A:A,G:G,A:A,T:T,G:G,T:T,A:A,A:A,A:A,G:G,C:C,C:C,A:A,C:C,C:C,G:G,G:G,C:C,C:C,G:G,T:T,A:A,A:A,A:A,G:G,A:A,C:C,C:T,G:G,G:G,T:T,C:C,G:G,T:C,T:T,T:T,T:T,A:A,G:G,A:A,A:A,A:A,G:G,C:C,G:G,C:C,T:T,C:C,C:C,A:A,T:T,A:A,A:A,G:G,A:A,C:C,C:G,C:C,C:C,C:C,A:A
IESV99090DL,T:T,C:C,T:T,C:C,G:G,T:T,A:A,G:G,A:A,T:T,G:G,T:T,A:A,A:A,A:A,G:G,C:C,C:C,A:A,C:C,C:C,G:G,G:G,C:C,C:C,G:G,T:T,A:A,A:A,A:A,T:T,A:A,C:C,C:T,G:G,G:G,T:T,C:C,G:G,T:C,T:T,T:T,T:T,G:G,?,G:G,A:A,A:A,G:G,C:C,G:G,C:C,T:T,C:C,C:C,A:A,T:T,A:A,A:A,G:G,A:A,C:C,C:G,C:C,C:C,C:C,A:A
IESV99091DL,T:T,C:C,T:T,G:G,A:A,C:C,A:A,C:C,A:A,T:T,G:G,T:T,A:A,A:A,G:G,G:G,C:C,C:C,A:A,C:C,C:C,G:G,G:G,G:G,G:G,C:C,?,?,A:A,A:A,?,A:A,?,?,G:G,?,?,?,G:G,C:C,T:T,T:C,T:T,G:G,?,A:A,A:A,A:A,G:G,C:C,G:G,C:C,T:T,?,C:C,G:G,T:T,A:A,A:A,G:G,A:G,T:T,C:G,C:C,T:T,C:C,A:A
IESV99092DL,T:T,C:C,T:T,G:G,A:A,C:C,A:A,C:C,A:A,T:T,G:G,T:T,A:A,A:A,G:G,G:G,C:C,C:C,A:A,C:C,C:C,G:G,G:G,G:G,?,?,?,?,A:A,A:A,T:T,A:A,C:C,C:T,?,G:G,?,?,G:G,Uncallable,T:T,T:C,T:T,G:G,?,A:A,A:A,A:A,G:G,C:C,G:G,C:C,T:T,?,C:C,G:G,T:T,A:A,A:A,G:G,A:G,T:T,C:G,C:C,T:T,C:C,A:A
IESV99096DL,T:T,C:C,T:T,C:C,G:G,T:T,A:A,C:C,G:G,T:T,G:G,T:T,A:A,A:A,G:G,C:C,A:A,C:C,G:A,T:T,C:C,G:G,G:G,G:G,G:G,C:C,T:T,A:A,A:A,G:G,T:T,C:C,G:G,C:T,G:G,G:G,T:T,C:C,C:C,C:C,T:T,T:C,T:T,G:G,G:G,A:A,A:A,?,C:C,C:C,G:G,C:C,T:T,?,T:T,G:G,T:T,A:A,A:A,G:G,A:G,C:C,C:G,G:C,C:C,C:C,G:G
IESV99101LT,T:C,C:C,T:T,C:C,G:G,T:T,A:A,C:C,G:G,T:T,G:G,T:T,A:A,A:A,G:G,C:C,A:A,C:C,G:G,T:T,T:T,G:G,G:G,G:G,G:G,C:C,T:T,A:A,A:A,G:G,T:T,C:C,G:G,C:T,G:G,G:G,T:T,C:C,C:C,C:C,T:T,T:C,T:T,G:G,G:G,A:A,A:A,?,C:C,C:C,G:G,C:C,T:T,?,T:T,G:G,T:T,A:A,A:A,G:G,A:G,C:C,C:G,G:C,C:C,C:C,G:G
IESV99102LT,?,C:C,T:T,C:C,G:G,T:T,A:A,C:C,G:G,T:T,G:G,T:T,A:A,A:A,G:G,C:C,A:A,C:C,G:G,T:T,T:T,G:G,G:G,G:G,G:G,C:C,T:T,A:A,A:A,G:G,T:T,C:C,G:G,C:T,G:G,G:G,T:T,C:C,C:C,C:C,T:T,T:C,T:T,G:G,G:G,A:A,A:A,?,C:C,C:C,G:G,C:C,T:T,?,T:T,G:G,T:T,A:A,A:A,G:G,A:G,C:C,C:G,G:C,C:C,A:A,G:G
IESV99103LT,T:T,C:C,T:T,C:C,G:G,T:T,A:A,C:C,G:G,T:T,G:G,T:T,A:A,A:A,G:G,C:C,A:A,C:C,G:A,T:T,C:C,G:G,G:G,G:G,G:G,C:C,T:T,A:A,A:A,G:G,T:T,C:C,G:G,C:T,G:G,G:G,T:T,C:C,C:C,C:C,T:T,T:C,T:T,G:G,G:G,A:A,A:A,?,C:C,C:C,G:G,C:C,T:T,?,T:T,G:G,T:T,A:A,A:A,G:G,A:G,C:C,C:G,G:C,C:C,C:C,G:G
IESV99105LT,T:T,C:C,T:T,C:C,G:G,T:T,A:A,C:C,G:G,T:T,G:G,T:T,A:A,A:A,G:G,C:C,A:A,C:C,G:G,T:T,C:C,G:G,G:G,G:G,G:G,C:C,T:T,A:A,A:A,G:G,T:T,C:C,G:G,C:T,G:G,G:G,T:T,C:C,C:C,C:C,T:T,T:C,T:T,G:G,G:G,A:A,A:A,?,C:C,C:C,G:G,C:C,T:T,?,T:T,G:G,T:T,A:A,A:A,G:G,A:G,C:C,C:G,G:C,C:C,C:C,G:G
IESV99107LT,T:T,C:C,T:T,C:C,G:G,T:T,A:A,C:C,G:G,T:T,G:G,T:T,A:A,A:A,G:G,C:C,A:A,C:C,G:G,T:T,C:C,G:G,G:G,G:G,G:G,C:C,T:T,A:A,A:A,G:G,T:T,C:C,G:G,C:T,G:G,G:G,T:T,C:C,C:C,C:C,T:T,T:C,T:T,G:G,G:G,A:A,A:A,?,C:C,C:C,G:G,C:C,T:T,?,T:T,G:G,T:T,A:A,A:A,G:G,A:G,C:C,C:G,G:C,C:C,C:C,G:G
IESV99109LT,T:T,C:C,T:T,C:C,G:G,T:T,A:A,C:C,G:G,T:T,G:G,T:T,A:A,A:A,G:G,C:C,A:A,C:C,G:G,T:T,C:C,G:G,G:G,G:G,?,C:C,?,?,A:A,G:G,?,?,?,?,?,?,?,?,C:C,C:C,T:T,T:C,T:T,G:G,G:G,A:A,A:A,?,C:C,C:C,G:G,C:C,T:T,?,T:T,G:G,T:T,A:A,A:A,G:G,A:G,C:C,C:G,G:C,C:C,C:C,G:G
IESV99111LT,T:T,C:C,T:T,C:C,G:G,T:T,A:A,C:C,G:G,T:T,G:G,T:T,A:A,A:A,G:G,C:C,A:A,C:C,Uncallable,T:T,T:T,G:G,G:G,G:G,G:G,?,?,?,A:A,G:G,G:G,C:C,G:G,C:T,?,?,T:T,?,C:C,C:C,T:T,T:C,T:T,G:G,G:G,A:A,A:A,?,C:C,C:C,G:G,C:C,T:T,?,T:T,G:G,T:T,A:A,A:A,G:G,A:G,C:C,C:G,Uncallable,C:C,C:C,G:G
IKINYARUKA,C:C,C:C,G:G,C:C,G:G,T:T,A:A,G:G,A:A,T:T,G:G,T:T,C:C,A:A,G:G,G:G,C:C,C:C,G:G,T:T,T:T,T:T,G:G,G:G,G:G,C:C,T:T,A:A,A:A,G:G,G:G,C:C,C:C,C:T,?,C:C,T:T,T:T,G:G,T:T,T:T,T:C,T:T,G:G,G:G,G:G,A:A,G:G,C:C,T:T,G:G,C:C,?,C:C,T:T,G:G,T:T,A:A,A:A,G:G,A:G,T:T,G:G,G:G,C:C,A:A,G:G
IS11167,T:T,G:G,T:T,C:C,G:G,C:C,A:A,C:C,G:G,T:T,G:G,T:G,C:C,G:G,G:G,C:C,C:C,C:C,A:A,C:C,C:C,T:T,A:A,G:G,G:G,C:C,T:T,A:A,A:A,Uncallable,G:G,C:C,G:G,C:T,G:G,C:C,Uncallable,T:T,G:G,Uncallable,T:T,Uncallable,T:T,G:G,G:G,G:G,A:A,G:G,G:G,T:T,A:A,T:T,A:A,C:C,C:C,G:G,T:T,A:A,A:A,G:G,A:G,T:T,Uncallable,?,C:C,C:C,A:A
IS12695,C:C,G:C,T:T,C:C,G:G,T:C,A:A,G:G,A:A,T:T,G:G,T:G,C:A,A:A,Uncallable,Uncallable,C:C,C:C,Uncallable,T:T,T:T,Uncallable,Uncallable,C:C,C:C,G:G,A:T,A:A,A:A,A:A,G:T,C:C,C:C,C:T,G:G,G:G,T:T,C:C,Uncallable,T:C,T:T,T:T,T:T,G:G,G:G,G:G,A:A,A:A,C:C,C:C,Uncallable,C:C,T:T,?,C:T,G:G,T:T,A:A,G:A,G:G,A:G,C:T,C:G,C:C,T:C,C:C,A:G
IS17589,C:C,C:C,T:T,G:G,A:A,C:C,A:A,G:G,G:G,T:T,G:G,T:T,A:A,A:A,G:G,G:G,A:A,C:C,G:G,C:C,T:T,T:T,A:A,G:G,G:G,C:C,T:T,A:A,A:A,G:G,G:G,A:A,G:G,C:T,?,G:G,T:T,T:T,G:G,T:C,T:C,C:C,T:T,G:G,G:G,A:A,A:A,A:A,C:C,C:C,G:G,C:C,A:A,?,C:C,G:G,T:T,G:G,A:A,A:A,A:G,C:C,C:G,?,C:C,A:A,G:G
IS19476,C:C,C:C,T:T,G:G,A:A,C:C,A:A,G:G,G:G,T:T,G:G,T:T,A:A,A:A,G:G,G:G,A:A,C:C,?,C:C,T:T,T:T,A:A,G:G,G:G,C:C,T:T,A:A,A:A,G:G,G:G,A:A,G:G,C:T,?,G:G,T:T,T:T,G:G,T:C,T:C,C:C,T:T,G:G,G:G,G:G,A:A,A:A,C:C,C:C,G:G,C:C,A:A,?,C:C,G:G,T:T,G:G,A:A,A:A,A:G,C:C,C:G,?,C:C,A:A,G:G
IS19512,T:T,C:C,T:T,G:G,A:A,C:C,A:A,C:C,A:A,T:T,G:G,T:G,C:A,A:A,G:G,C:C,A:A,C:C,G:G,T:T,T:T,T:T,G:G,G:G,G:G,C:C,T:T,A:A,G:G,G:G,G:G,C:C,G:G,T:T,G:G,G:G,C:C,T:T,G:G,T:T,T:T,T:C,T:T,G:G,G:G,G:G,A:A,?,C:C,T:T,G:G,C:C,T:T,?,T:T,G:G,T:T,A:A,A:A,G:G,A:G,C:C,C:G,C:C,T:T,?,G:G
IS21000,C:C,C:C,T:T,G:G,A:A,C:C,A:A,C:C,A:A,T:T,G:G,T:T,A:A,A:A,G:G,C:C,A:A,C:C,G:G,T:T,T:T,T:T,A:A,C:C,?,?,?,?,G:G,G:G,G:G,C:C,C:C,C:T,G:G,?,?,?,G:G,C:C,T:T,T:T,T:T,G:G,G:G,G:G,A:A,?,C:C,C:C,G:G,C:C,T:T,?,T:T,G:G,T:T,A:A,A:A,G:G,A:G,T:T,C:G,C:C,C:C,A:A,G:G
IS21055,C:C,C:C,T:T,C:C,G:G,C:C,A:A,G:G,A:A,T:T,G:G,T:T,A:A,A:A,A:A,C:C,C:C,C:C,G:G,T:T,T:T,T:T,A:A,C:C,?,?,?,?,A:A,A:A,T:T,A:A,C:C,C:T,?,?,?,?,C:C,T:C,T:T,T:T,T:T,G:G,G:G,G:G,A:A,G:G,C:C,C:C,G:G,C:C,T:T,?,C:C,G:G,C:C,A:A,A:A,G:G,A:G,C:C,C:G,C:C,T:T,C:C,G:G
IS21185,C:C,C:C,T:T,C:C,G:G,C:C,A:A,C:C,G:G,T:T,A:A,T:T,A:A,A:A,A:A,C:C,C:C,C:C,G:A,T:T,C:C,G:G,G:G,C:C,C:C,G:G,?,G:G,A:A,A:A,T:T,C:C,C:C,C:T,G:G,G:G,?,?,G:G,T:C,T:T,T:T,T:T,G:G,?,A:A,A:A,A:A,G:G,C:C,A:A,T:T,T:T,C:C,T:T,A:A,T:T,A:A,A:A,G:G,A:A,C:C,G:G,G:G,C:C,C:C,A:A
IS21887,T:T,C:C,T:T,C:C,G:G,C:C,A:A,C:C,G:G,T:T,G:G,T:T,C:C,A:A,G:G,G:G,C:C,C:C,G:G,T:T,T:T,T:T,G:G,G:G,G:G,C:C,T:T,A:A,A:A,G:G,T:T,C:C,C:C,C:T,G:G,C:C,T:T,C:C,G:G,C:C,T:T,T:C,T:T,G:G,G:G,G:G,A:A,G:G,C:C,C:C,A:A,C:C,A:A,C:C,T:T,A:A,T:T,G:G,A:A,G:G,A:G,C:C,C:G,C:C,T:T,C:C,A:A
IS2262,C:C,G:G,T:T,C:C,G:G,C:C,A:A,G:G,G:G,T:T,G:G,T:T,C:C,A:A,G:G,C:C,C:C,C:C,G:G,T:T,C:C,T:T,G:G,G:G,G:G,C:C,?,A:A,A:A,A:A,G:G,A:A,G:G,C:T,?,G:G,T:T,C:C,G:G,C:C,T:T,T:C,T:T,G:G,?,G:G,A:A,?,C:C,C:C,G:G,T:T,T:T,?,T:T,G:G,T:T,A:A,G:G,A:A,A:G,T:T,G:G,?,C:C,C:C,G:G
IS23765,T:T,G:G,T:T,G:G,A:A,C:C,A:A,C:C,G:G,T:T,G:G,T:G,C:C,G:G,G:G,C:C,C:C,C:C,A:A,T:T,C:C,G:G,G:G,G:G,G:G,C:C,?,A:A,A:A,A:A,G:G,A:A,G:G,T:T,G:G,G:G,T:T,C:C,G:G,Uncallable,T:T,Uncallable,T:T,G:G,G:G,G:G,A:A,G:G,C:C,C:C,G:G,T:T,T:T,C:C,T:T,G:G,T:T,A:A,A:A,A:A,A:G,C:C,Uncallable,?,T:T,C:C,A:A
IS23789,T:T,G:G,T:T,G:G,A:A,C:C,A:A,C:C,G:G,T:T,G:G,T:G,C:C,G:G,G:G,C:C,C:C,C:C,A:A,T:T,C:C,G:G,G:G,G:G,G:G,C:C,?,A:A,A:A,A:A,G:G,A:A,G:G,T:T,G:G,G:G,T:T,C:C,G:G,Uncallable,T:T,Uncallable,T:T,G:G,G:G,G:G,A:A,G:G,C:C,C:C,G:G,T:T,T:T,C:C,T:T,G:G,T:T,A:A,A:A,A:A,A:G,C:C,Uncallable,?,T:T,C:C,A:A
IS23985,C:C,G:G,G:G,C:C,G:G,C:C,A:A,G:G,A:A,C:C,G:G,T:G,C:C,A:A,G:G,C:C,C:C,C:C,G:G,C:C,C:C,T:T,A:A,G:G,G:G,C:C,T:T,A:A,A:A,G:G,G:G,C:C,C:C,C:T,G:G,C:C,Uncallable,T:T,G:G,T:T,T:T,T:C,T:T,G:G,?,G:G,A:A,A:A,C:C,T:T,G:G,C:C,A:A,C:C,C:C,G:G,T:T,A:A,A:A,G:G,A:G,T:T,C:C,C:C,T:T,C:C,G:G
IS24484,?,?,G:G,C:C,G:G,C:C,A:A,C:C,G:G,T:T,G:G,T:T,?,?,?,?,C:C,C:C,A:A,C:C,T:T,G:G,A:A,G:G,?,?,?,?,?,?,?,?,?,?,?,?,?,?,G:G,?,?,?,?,?,G:G,A:A,A:A,G:G,?,T:T,A:A,T:T,A:A,C:C,T:T,G:G,T:T,A:A,A:A,G:G,A:G,T:T,?,C:C,C:C,C:C,A:A
IS26794,C:C,G:G,G:G,C:C,G:G,C:C,A:A,G:G,G:G,T:T,?,T:T,A:A,G:G,G:G,C:C,C:C,C:C,?,C:C,T:T,G:G,A:A,G:G,G:G,C:C,A:A,A:A,A:A,A:A,G:G,C:C,G:G,T:T,G:G,C:C,C:C,C:C,G:G,Uncallable,T:T,Uncallable,T:T,A:A,G:G,A:A,A:A,A:A,?,T:T,A:A,C:C,A:A,?,T:T,G:G,T:T,A:A,G:G,A:A,A:G,T:T,?,C:C,C:C,C:C,G:G
IS28203,T:C,G:G,G:G,C:C,G:G,T:C,C:C,G:G,G:G,Uncallable,G:G,T:G,C:A,Uncallable,G:G,G:G,C:C,C:C,G:G,C:C,C:C,G:G,A:A,G:G,G:G,C:C,T:T,A:A,A:A,G:G,T:T,C:C,Uncallable,C:T,G:G,Uncallable,C:C,T:T,G:G,T:C,T:T,T:C,T:T,G:G,G:G,Uncallable,A:A,A:A,G:G,T:T,G:G,T:C,A:A,C:C,C:T,G:G,T:T,A:A,A:A,A:G,A:G,T:T,Uncallable,Uncallable,T:C,C:C,G:G
IS2853,C:C,G:G,G:G,C:C,G:G,C:C,C:C,C:C,G:G,T:T,G:G,T:T,A:A,G:G,G:G,G:G,C:C,C:C,?,C:C,C:C,G:G,A:A,G:G,G:G,C:C,?,A:A,A:A,G:G,G:G,C:C,G:G,C:T,G:G,G:G,Uncallable,T:T,G:G,Uncallable,T:T,Uncallable,T:T,A:A,G:G,A:A,A:A,A:A,C:C,T:T,A:A,T:T,T:T,?,T:T,G:G,?,A:A,A:A,A:A,A:G,T:T,C:G,C:C,C:C,C:C,G:G
IS29111,T:T,C:C,G:G,C:C,G:G,T:T,A:A,G:G,G:G,C:C,G:G,T:G,C:C,A:A,G:G,C:C,C:C,C:C,G:G,C:C,C:C,T:T,A:A,G:G,G:G,C:C,T:T,A:A,A:A,G:G,G:G,C:C,C:C,C:T,?,C:C,Uncallable,T:T,G:G,T:T,T:T,T:C,T:T,A:A,G:G,G:G,A:A,A:A,C:C,T:T,G:G,C:C,T:T,C:C,C:C,G:G,T:T,A:A,A:A,G:G,A:G,T:T,G:G,G:G,T:T,C:C,G:G
IS3461,C:C,C:C,T:T,G:G,A:A,C:C,A:A,G:G,G:G,T:T,G:G,T:T,A:A,A:A,G:G,G:G,A:A,C:C,G:G,C:C,T:T,T:T,A:A,G:G,G:G,C:C,T:T,A:A,A:A,G:G,G:G,A:A,G:G,C:T,?,G:G,T:T,T:T,G:G,T:C,T:C,C:C,T:T,G:G,G:G,G:G,A:A,A:A,C:C,C:C,G:G,C:C,A:A,?,C:C,G:G,T:T,G:G,A:A,A:A,A:G,C:C,C:G,?,C:C,A:A,G:G
IS35,T:T,G:G,T:T,C:C,G:G,T:T,C:C,G:G,A:A,T:T,G:G,T:T,A:A,A:A,G:G,G:G,C:C,C:C,G:A,T:T,C:C,G:G,G:G,G:G,G:G,C:C,?,?,A:A,G:G,T:T,C:C,G:G,C:T,?,C:C,?,?,G:G,T:T,T:T,T:C,T:T,G:G,G:G,G:G,A:A,G:G,C:C,C:C,A:A,C:C,Uncallable,C:C,T:T,G:G,T:T,G:G,G:G,G:G,A:G,T:T,?,?,T:T,C:C,G:G
IS 8613,T:T,C:C,T:T,C:C,G:G,C:C,A:A,G:G,G:G,T:T,G:G,T:T,A:A,A:A,A:A,C:C,A:A,C:C,?,T:T,T:T,G:G,A:A,G:G,?,?,?,?,A:A,A:A,G:G,C:C,G:G,C:T,G:G,G:G,?,?,G:G,C:C,T:T,T:C,T:T,G:G,G:G,G:G,A:A,?,C:C,C:C,G:G,C:C,A:A,C:C,T:T,G:G,T:T,A:A,Uncallable,G:G,A:G,T:T,C:G,C:C,T:T,C:C,G:G
IS 8884,C:C,C:C,T:T,G:G,A:A,C:C,A:A,C:C,G:G,T:T,?,T:T,?,A:A,?,?,C:C,C:C,?,?,?,T:T,A:A,C:C,C:C,G:G,?,A:A,G:G,?,G:G,C:C,?,?,G:G,?,?,?,G:G,Uncallable,T:T,T:T,T:T,G:G,G:G,G:G,?,?,G:G,C:C,G:G,C:C,?,?,?,G:G,T:T,A:A,?,A:A,A:G,?,C:G,?,?,?,?
IS 8887,C:C,C:C,T:T,G:G,A:A,C:C,A:A,C:C,G:G,T:T,G:G,T:T,C:C,A:A,G:G,G:G,C:C,C:C,Uncallable,T:T,T:T,T:T,A:A,C:C,C:C,G:G,A:A,A:A,G:G,A:A,G:G,C:C,G:G,T:T,G:G,G:G,T:T,T:T,G:G,T:C,T:T,T:T,T:T,G:G,G:G,G:G,A:A,?,G:G,C:C,G:G,C:C,T:T,?,C:C,G:G,T:T,A:A,A:A,A:A,A:G,T:T,C:G,?,C:C,C:C,A:A
IS 8891,C:C,C:C,T:T,G:G,A:A,C:C,A:A,C:C,G:G,T:T,G:G,T:T,C:C,A:A,G:G,G:G,C:C,C:C,?,T:T,T:T,T:T,A:A,C:C,C:C,G:G,A:A,A:A,G:G,A:A,G:G,C:C,G:G,T:T,G:G,G:G,T:T,T:T,G:G,Uncallable,T:T,T:T,T:T,G:G,G:G,G:G,A:A,?,G:G,C:C,G:G,C:C,T:T,?,C:C,G:G,T:T,A:A,A:A,A:A,A:G,T:T,C:G,?,C:C,C:C,A:A
KAGURU,C:C,G:G,T:T,C:C,G:G,C:C,A:A,G:G,A:A,T:T,G:G,T:T,C:C,A:A,G:G,C:C,C:C,C:C,?,T:T,C:C,G:G,A:A,G:G,G:G,C:C,T:T,A:A,A:A,A:A,G:G,A:A,G:G,C:T,G:G,C:C,C:C,C:C,G:G,C:C,T:T,T:C,T:T,G:G,G:G,G:G,A:A,A:A,C:C,C:C,G:G,C:C,A:A,C:C,T:T,G:G,T:T,G:G,A:A,G:G,A:G,T:T,C:C,C:C,C:C,C:C,A:A
KAT 487,C:C,C:C,T:T,G:G,A:A,C:C,A:A,C:C,A:A,T:T,G:G,T:T,A:A,A:A,A:A,G:G,C:C,C:C,?,T:T,T:T,G:G,G:G,C:C,C:C,G:G,T:T,A:A,A:A,A:A,T:T,C:C,C:C,C:T,G:G,G:G,T:T,C:C,G:G,T:C,T:T,T:T,T:T,G:G,G:G,A:A,A:A,A:A,G:G,C:C,A:A,C:C,T:T,C:C,T:T,A:A,T:T,A:A,A:A,G:G,A:A,C:C,C:G,C:C,T:T,C:C,G:G
Kiboko local 1,C:C,G:G,T:T,G:G,A:A,C:C,A:A,G:G,A:A,T:T,G:G,T:G,A:A,A:A,G:G,G:G,C:C,C:C,?,T:T,T:T,G:G,A:A,G:G,G:G,C:C,T:T,G:A,A:A,A:A,T:T,C:C,C:C,C:T,G:G,G:G,?,?,G:G,T:C,T:T,T:T,T:T,G:G,?,G:G,A:A,A:A,C:C,T:T,A:A,C:C,T:T,C:C,T:T,G:G,T:T,A:A,G:G,G:G,A:G,T:T,C:G,C:C,C:C,C:C,G:G
Kiboko local 2,?,C:C,T:T,G:G,A:A,C:C,A:A,C:C,G:G,T:T,G:G,T:T,A:A,A:A,A:A,G:G,C:C,C:C,G:G,T:T,T:T,G:G,A:A,C:C,?,?,?,?,A:A,A:A,T:T,C:C,G:G,C:T,G:G,G:G,?,?,C:C,Uncallable,T:T,Uncallable,T:T,G:G,A:G,A:A,A:A,A:A,C:C,C:C,G:G,C:C,T:T,C:C,C:C,G:G,T:T,A:A,G:G,G:G,A:A,T:T,C:G,C:C,T:T,C:C,G:G
LARSVYT 19,C:C,C:C,T:T,G:G,A:A,C:C,A:A,C:C,G:G,T:T,G:G,T:T,A:A,A:A,A:A,G:G,C:C,C:C,A:A,C:C,C:C,G:G,G:G,C:C,C:C,G:G,T:T,G:A,A:A,A:A,T:T,C:C,C:C,C:T,G:G,G:G,T:T,T:T,G:G,T:C,T:T,T:T,T:T,G:G,G:G,G:G,A:A,A:A,G:G,C:C,A:A,T:T,A:A,C:C,T:T,A:A,T:T,A:A,A:A,G:G,A:A,C:C,G:G,G:G,T:T,A:A,G:G
M 36121,?,G:G,T:T,G:G,A:A,C:C,A:A,G:G,A:A,T:T,G:G,T:T,A:A,A:A,A:A,G:G,C:C,C:C,G:A,T:T,T:T,T:T,A:A,G:G,G:G,C:C,T:T,G:G,G:G,A:A,T:T,C:C,G:G,C:T,G:G,G:G,T:T,C:C,G:G,C:C,T:T,T:C,T:T,G:G,G:G,A:A,A:A,A:A,G:G,C:C,A:A,C:C,T:T,C:C,T:T,A:A,T:T,A:A,A:A,G:G,A:A,C:C,C:G,C:C,T:T,C:C,A:A
Mahube,?,G:G,G:G,C:C,G:G,C:C,A:A,C:C,G:G,T:T,G:G,T:T,A:A,A:A,G:G,G:G,C:C,C:C,A:A,C:C,C:C,G:G,G:G,G:G,G:G,C:C,T:T,A:A,A:A,G:G,T:T,C:C,G:G,C:C,?,G:G,T:T,T:T,G:G,C:C,C:C,C:C,Uncallable,A:A,G:G,G:G,A:A,A:A,C:C,T:T,G:G,T:T,A:A,?,T:T,G:G,T:T,A:A,A:A,G:G,A:G,T:T,G:G,G:G,T:T,C:C,A:A
Makueni Local,C:C,C:C,T:T,G:G,A:A,C:C,A:A,C:C,G:G,T:T,G:G,T:T,A:A,A:A,A:A,G:G,C:C,C:C,?,T:T,T:T,T:T,A:A,G:G,G:G,C:C,T:T,A:A,A:A,G:G,G:G,C:C,G:G,C:T,G:G,G:G,T:T,C:C,G:G,T:C,T:T,T:T,T:T,G:G,G:G,G:G,A:A,A:A,C:C,C:C,G:G,C:C,T:T,C:C,C:C,G:G,T:T,A:A,A:A,G:G,A:G,C:C,C:G,C:C,T:T,A:A,G:G
Mbeere 81-3,?,C:C,T:T,G:G,A:A,C:C,A:A,G:G,A:A,T:T,G:G,T:T,A:A,A:A,G:G,G:G,C:C,C:C,?,T:T,T:T,G:G,G:G,C:C,C:C,G:G,A:A,A:A,A:A,A:A,G:G,C:C,C:C,C:C,G:G,G:G,T:T,C:C,G:G,Uncallable,T:T,T:T,T:T,G:G,?,A:A,A:A,A:A,G:G,C:C,G:G,C:C,T:T,?,C:C,G:G,T:T,A:A,A:A,G:G,A:G,T:T,G:G,G:G,T:T,C:C,A:A
MR 17,C:C,C:C,T:T,G:G,A:A,C:C,A:A,C:C,G:G,T:T,G:G,T:T,A:A,A:A,A:A,G:G,C:C,C:C,?,T:T,T:T,T:T,A:A,C:C,C:C,G:G,T:T,G:G,A:A,G:G,G:G,C:C,G:G,C:T,G:G,G:G,T:T,C:C,G:G,T:C,T:T,T:T,T:T,G:G,G:G,G:G,A:A,A:A,G:G,C:C,G:G,C:C,T:T,C:C,C:C,G:G,?,G:G,A:A,G:G,A:G,C:C,C:G,C:C,T:T,A:A,G:G
Mugana,C:C,G:G,G:G,C:C,G:G,C:C,A:A,Uncallable,G:G,T:T,G:G,T:G,A:A,G:G,G:G,C:C,C:C,C:C,G:G,T:T,C:C,Uncallable,Uncallable,G:G,G:G,C:C,A:T,A:A,A:A,A:A,G:G,C:C,C:C,C:C,G:G,Uncallable,C:C,T:T,G:G,C:C,T:T,T:C,T:T,G:G,G:G,G:G,A:A,G:G,C:C,Uncallable,G:G,T:C,A:A,?,T:T,G:G,T:T,A:A,G:A,G:G,A:G,T:T,C:G,C:C,C:C,C:C,G:G
Mugeta,?,C:C,T:T,G:G,A:A,C:C,A:A,G:G,A:A,T:T,G:G,T:T,A:A,A:A,G:G,G:G,C:C,C:C,?,T:T,T:T,G:G,G:G,C:C,?,G:G,?,?,A:A,G:G,G:G,C:C,C:C,C:C,?,G:G,?,?,C:C,Uncallable,T:T,Uncallable,T:T,G:G,?,A:A,A:A,A:A,G:G,C:C,G:G,C:C,T:T,C:C,C:C,A:A,T:T,G:G,A:A,G:G,A:A,C:C,C:G,C:C,T:T,C:C,A:A
Muthiriku,C:C,G:G,T:T,G:G,A:A,C:C,A:A,C:C,G:G,T:T,G:G,T:G,A:A,G:G,G:G,C:C,C:C,C:C,G:G,T:T,C:C,T:T,G:G,G:G,G:G,C:C,T:T,A:A,A:A,A:A,G:G,C:C,C:C,C:C,?,G:G,C:C,T:T,G:G,C:C,T:T,T:C,T:T,G:G,G:G,G:G,A:A,G:G,C:C,C:C,G:G,C:C,A:A,?,C:C,G:G,C:C,A:A,A:A,G:G,G:G,T:T,C:C,C:C,C:C,C:C,A:A
Nguugu,T:T,G:G,G:G,C:C,G:G,C:C,A:A,G:G,G:G,T:T,G:G,T:G,A:A,G:G,G:G,C:C,A:A,C:C,?,T:T,C:C,T:T,A:A,G:G,G:G,C:C,T:T,A:A,A:A,G:G,G:G,C:C,C:C,C:T,?,G:G,Uncallable,T:T,G:G,Uncallable,T:T,T:C,T:T,G:G,G:G,G:G,A:A,G:G,C:C,C:C,G:G,T:T,A:A,?,T:T,G:G,C:C,A:A,A:A,G:G,A:G,T:T,C:C,C:C,C:C,C:C,A:A
NTJ2,?,G:G,T:T,G:G,A:A,C:C,A:A,C:C,G:G,T:T,G:G,T:T,A:A,A:A,A:A,G:G,A:A,C:C,?,T:T,T:T,G:G,A:A,C:C,C:C,G:G,T:T,G:A,A:A,A:A,T:T,C:C,C:C,C:T,G:G,G:G,T:T,C:C,G:G,T:C,T:T,T:T,T:T,G:G,?,A:A,A:A,A:A,G:G,C:C,A:A,C:C,A:A,C:C,T:T,A:A,T:T,A:A,G:G,G:G,A:A,C:C,C:G,C:C,C:C,A:A,G:G
PATO,C:C,C:C,T:T,G:G,A:A,C:C,A:A,G:G,A:A,T:T,G:G,T:T,A:A,A:A,G:G,G:G,A:A,T:T,G:G,T:T,T:T,G:G,A:A,C:C,C:C,G:G,T:T,G:G,A:A,A:A,G:G,C:C,G:G,C:T,G:G,G:G,T:T,C:C,G:G,T:C,T:T,T:T,T:T,G:G,?,G:G,A:A,G:G,G:G,C:C,G:G,C:C,T:T,C:C,T:T,G:G,T:T,A:A,G:G,G:G,A:A,T:T,C:G,C:C,C:C,C:C,G:G
PIRIRA-1,C:C,C:C,T:T,C:C,G:G,T:T,A:A,C:C,A:A,T:T,G:G,T:T,A:A,A:A,A:A,G:G,C:C,C:C,A:A,C:C,C:C,G:G,G:G,G:G,G:G,C:C,T:T,A:A,A:A,A:A,T:T,C:C,C:C,C:T,G:G,G:G,T:T,C:C,G:G,Uncallable,T:T,T:C,T:T,A:A,G:G,A:A,A:A,A:A,G:G,C:C,G:G,C:C,T:T,C:C,C:C,A:A,T:T,A:A,A:A,G:G,A:A,C:C,C:G,C:C,C:C,A:A,A:A
PIRIRA-2,?,G:G,G:G,G:G,A:A,C:C,A:A,C:C,G:G,T:T,G:G,T:T,A:A,A:A,A:A,G:G,C:C,C:C,A:A,C:C,C:C,G:G,G:G,G:G,G:G,C:C,T:T,G:A,A:A,A:A,G:G,C:C,C:C,C:T,G:G,G:G,T:T,C:C,G:G,Uncallable,T:T,T:C,T:T,G:G,G:G,A:A,A:A,A:A,G:G,C:C,A:A,T:T,T:T,C:C,T:T,A:A,T:T,A:A,A:A,G:G,A:A,C:C,C:G,C:C,C:C,A:A,G:G
PLOT # 142 SUDAN,C:C,C:C,T:T,C:C,G:G,T:T,A:A,C:C,A:A,T:T,G:G,T:T,A:A,A:A,A:A,G:G,A:A,T:T,A:A,C:C,C:C,G:G,G:G,C:C,C:C,G:G,T:T,A:A,A:A,G:G,T:T,C:C,C:C,C:T,G:G,G:G,T:T,C:C,G:G,T:C,T:T,T:T,T:T,G:G,G:G,A:A,A:A,A:A,G:G,C:C,A:A,T:T,T:T,C:C,T:T,G:G,T:T,A:A,A:A,G:G,A:A,C:C,C:G,C:C,C:C,A:A,A:A
Pop Sorghum,C:C,G:G,T:T,C:C,G:G,T:T,A:A,C:C,G:G,T:T,G:G,T:G,C:C,A:A,A:A,C:C,C:C,C:C,G:A,T:T,C:C,G:G,A:A,G:G,G:G,C:C,?,?,A:A,A:A,G:G,A:A,G:G,T:T,?,G:G,?,?,G:G,C:C,T:T,T:C,T:T,G:G,G:G,A:A,A:A,?,C:C,C:C,G:G,T:T,T:T,?,T:T,G:G,T:T,A:A,G:G,G:G,A:G,T:T,C:G,?,T:T,C:C,A:A
R- 8602,C:C,C:C,T:T,G:G,A:A,C:C,A:A,G:G,A:A,T:T,G:G,T:T,A:A,A:A,G:G,G:G,C:C,C:C,G:A,T:T,C:C,T:T,A:A,G:G,G:G,C:C,A:A,A:A,A:A,A:A,G:G,C:C,C:C,C:C,G:G,G:G,T:T,C:C,G:G,T:C,T:T,T:T,T:T,G:G,G:G,G:G,A:A,A:A,C:C,C:C,A:A,C:C,T:T,C:C,C:C,G:G,Uncallable,A:A,A:A,G:G,A:G,T:T,C:G,C:C,T:T,C:C,G:G
S 35,T:C,G:G,T:T,G:G,A:A,C:C,A:A,G:G,A:A,T:T,G:G,T:T,A:A,A:A,A:A,G:G,C:C,C:C,G:A,T:T,T:T,T:T,A:A,G:G,G:G,C:C,T:T,G:A,G:G,A:A,T:T,C:C,G:G,C:T,G:G,G:G,T:T,C:C,G:G,C:C,T:T,T:C,T:T,G:G,G:G,A:A,A:A,A:A,G:G,C:C,A:A,C:C,T:T,C:C,T:T,A:A,T:T,A:A,A:A,G:G,A:A,C:C,C:G,C:C,T:T,C:C,A:A
SDSL 90162,?,G:G,T:T,G:G,A:A,C:C,A:A,G:G,G:G,T:T,G:G,T:T,A:A,A:A,A:A,C:C,C:C,C:C,G:G,T:T,T:T,G:G,A:A,G:G,G:G,C:C,T:T,G:G,G:G,A:A,G:G,C:C,Uncallable,C:T,G:G,G:G,T:T,C:C,G:G,C:C,T:T,T:C,T:T,G:G,?,A:A,A:A,A:A,G:G,C:C,G:G,C:C,T:T,C:C,T:T,G:G,T:T,A:A,A:A,G:G,A:A,C:C,C:G,C:C,C:C,A:A,A:A
SDSL 96018,C:C,C:C,T:T,G:G,A:A,C:C,A:A,C:C,G:G,T:T,G:G,T:G,A:A,A:A,G:G,G:G,C:C,C:C,?,T:T,T:T,G:G,G:G,G:G,G:G,C:C,T:T,A:A,A:A,G:G,T:T,C:C,C:C,C:T,G:G,G:G,T:T,C:C,G:G,T:T,T:T,T:C,T:T,G:G,G:G,A:A,A:A,A:A,G:G,C:C,G:G,C:C,T:T,?,T:T,G:G,T:T,A:A,G:G,A:A,A:G,T:T,C:G,C:C,T:T,A:A,G:G
SDSL 96028,T:T,C:C,T:T,G:G,A:A,C:C,A:A,C:C,G:G,T:T,G:G,T:T,A:A,A:A,G:G,G:G,C:C,C:C,A:A,C:C,C:C,T:T,G:G,G:G,G:G,C:C,A:A,A:A,A:A,A:A,T:T,C:C,C:C,C:T,G:G,C:C,T:T,C:C,G:G,T:T,T:T,T:C,T:T,G:G,G:G,A:A,A:A,A:A,G:G,T:T,G:G,C:C,A:A,?,T:T,A:A,T:T,A:A,A:A,G:G,A:G,T:T,C:G,C:C,T:T,A:A,G:G
SDSL 96031,?,C:C,T:T,G:G,A:A,C:C,A:A,C:C,G:G,T:T,G:G,T:T,A:A,A:A,G:G,G:G,C:C,C:C,A:A,C:C,C:C,T:T,G:G,G:G,G:G,C:C,A:A,A:A,A:A,A:A,T:T,C:C,C:C,C:T,G:G,C:C,T:T,C:C,G:G,Uncallable,T:T,T:C,T:T,G:G,G:G,A:A,A:A,A:A,G:G,T:T,G:G,C:C,A:A,?,T:T,A:A,T:T,A:A,A:A,G:G,A:G,T:T,C:G,C:C,T:T,A:A,G:G
SDSL 96036,?,C:C,T:T,G:G,A:A,C:C,A:A,C:C,Uncallable,T:T,G:G,T:G,A:A,A:A,G:G,G:G,C:C,C:C,A:A,C:C,C:C,G:G,G:G,G:G,?,?,?,?,A:A,A:A,T:T,C:C,C:C,C:T,G:G,G:G,?,?,G:G,Uncallable,T:T,T:C,T:T,G:G,G:G,A:A,A:A,A:A,G:G,C:C,G:G,C:C,T:T,?,Uncallable,G:G,T:T,A:A,A:A,A:A,A:G,T:T,C:G,C:C,T:T,A:A,G:G
SDSL 96040,?,?,?,?,?,?,?,?,?,?,?,?,?,?,?,?,?,?,?,?,?,?,?,C:C,?,?,?,?,?,?,?,?,?,?,?,?,?,?,G:G,?,?,?,?,?,?,?,?,?,?,?,?,?,?,?,?,?,?,G:G,?,?,?,?,?,?,?,?,?
SDSL 96048,C:C,C:C,T:T,G:G,A:A,C:C,A:A,C:C,G:G,T:T,G:G,T:G,A:A,A:A,G:G,G:G,C:C,C:C,A:A,C:C,C:C,G:G,G:G,G:G,G:G,C:C,T:T,A:A,A:A,G:G,T:T,C:C,C:C,C:T,G:G,G:G,T:T,C:C,G:G,T:T,T:T,T:C,T:T,G:G,G:G,A:A,A:A,A:A,G:G,C:C,G:G,C:C,T:T,?,T:T,G:G,T:T,G:G,G:G,A:A,A:G,T:T,C:G,C:C,T:T,A:A,G:G
SDSL 96063,?,C:C,T:T,G:G,A:A,C:C,A:A,C:C,G:G,T:T,G:G,T:G,A:A,A:A,A:A,G:G,A:A,C:C,G:G,T:T,T:T,T:T,G:G,G:G,G:G,C:C,T:T,A:A,A:A,G:G,T:T,C:C,G:G,C:T,G:G,C:C,T:T,C:C,G:G,T:T,T:T,T:C,T:T,G:G,G:G,A:A,A:A,A:A,G:G,T:T,G:G,C:C,T:T,?,T:T,A:A,T:T,G:G,G:G,A:A,A:G,T:T,C:G,C:C,T:T,A:A,G:G
SDSL 97010,C:C,C:C,T:T,G:G,A:A,C:C,A:A,C:C,G:G,T:T,G:G,T:G,A:A,A:A,A:A,G:G,C:C,C:C,?,C:C,T:T,T:T,G:G,C:C,C:C,G:G,T:T,A:A,A:A,G:G,T:T,C:C,C:C,C:T,G:G,G:G,T:T,T:T,G:G,T:C,T:T,T:T,T:T,G:G,G:G,G:G,A:A,A:A,G:G,C:C,A:A,T:T,A:A,C:C,T:T,A:A,T:T,A:A,G:G,G:G,A:A,C:C,C:G,C:C,T:T,A:A,G:G
SDSL 98004,T:C,G:G,G:G,C:C,G:G,C:C,A:A,C:C,Uncallable,T:T,G:G,T:T,A:A,A:A,G:G,Uncallable,C:C,C:C,G:G,C:C,C:C,T:T,A:A,C:C,C:C,G:G,A:A,G:G,A:A,G:G,T:T,C:C,G:G,C:C,G:G,C:C,T:T,T:T,G:G,T:C,T:T,T:T,T:T,G:G,G:G,G:G,A:A,A:A,G:G,C:C,G:G,C:C,T:T,C:C,C:C,G:G,T:T,Uncallable,G:G,G:G,A:A,C:C,G:G,?,T:C,C:C,A:G
SDSL 98007-1,C:C,G:G,Uncallable,G:G,A:A,C:C,A:A,C:C,G:G,T:T,G:G,T:T,A:A,A:A,G:G,G:G,C:C,C:C,A:A,C:C,C:C,T:T,Uncallable,C:C,C:C,G:G,A:A,A:A,A:A,G:G,T:T,C:C,C:C,C:T,G:G,G:G,T:T,C:C,G:G,T:C,T:T,T:T,T:T,A:A,?,G:G,A:A,A:A,G:G,T:T,Uncallable,T:C,T:T,C:C,T:T,G:G,T:T,A:A,A:A,G:G,A:G,C:C,G:G,?,C:C,A:A,G:G
SDSL 98009,C:C,G:C,T:G,G:G,A:A,C:C,A:A,C:C,G:G,T:T,G:G,Uncallable,A:A,A:A,G:G,G:G,C:C,C:C,A:A,C:C,Uncallable,T:G,G:G,C:C,C:C,G:G,T:T,A:A,A:A,G:G,Uncallable,C:C,C:C,C:T,G:G,G:G,T:T,C:C,G:G,T:C,T:T,Uncallable,T:T,G:G,G:G,A:G,A:A,A:A,G:G,C:C,G:G,T:C,T:T,?,T:T,G:G,T:T,A:A,G:A,A:G,A:A,C:C,C:G,C:C,T:C,A:A,G:G
SDSL 98009-1,T:T,G:G,G:G,G:G,A:A,C:C,A:A,C:C,G:G,T:T,G:G,T:T,A:A,A:A,G:G,G:G,C:C,C:C,A:A,C:C,C:C,G:G,A:A,G:G,G:G,C:C,A:A,G:A,A:A,G:G,T:T,C:C,C:C,C:T,G:G,C:G,T:T,C:C,G:G,Uncallable,T:T,T:T,T:T,G:G,?,G:G,A:A,A:A,G:G,C:C,G:G,C:C,T:T,?,T:T,G:G,T:T,A:A,A:A,G:G,A:A,C:C,C:G,C:C,C:C,A:A,G:G
SDSL 98010,?,?,?,?,?,?,?,?,?,?,?,?,?,?,?,?,?,?,?,?,?,?,?,G:G,?,C:C,?,?,?,?,?,?,?,?,?,?,?,?,G:G,?,?,?,?,?,?,?,?,?,?,?,?,?,?,?,?,?,?,G:G,?,?,?,?,?,?,?,?,?
SDSL 98010-1,?,G:G,T:T,G:G,A:A,C:C,A:A,C:C,G:G,T:T,G:G,T:T,A:A,A:A,G:G,G:G,C:C,C:C,A:A,C:C,C:C,G:G,G:G,C:C,C:C,G:G,A:A,A:A,A:A,G:G,T:T,C:C,C:C,C:T,G:G,C:C,T:T,C:C,G:G,T:C,T:T,T:T,T:T,A:A,G:G,G:G,A:A,A:A,G:G,Uncallable,G:G,C:C,T:T,?,T:T,A:A,T:T,A:A,A:A,G:G,A:A,C:C,C:G,C:C,T:C,A:A,G:G
SDSL 98011-3,?,G:G,G:G,G:G,A:A,C:C,A:A,G:G,A:A,T:T,G:G,T:T,A:A,A:A,G:G,G:G,C:C,C:C,A:A,C:C,C:C,G:G,A:A,C:C,C:C,G:G,T:T,G:G,A:A,A:A,T:T,C:C,C:C,C:C,?,G:G,T:T,C:C,G:G,T:C,T:T,T:T,T:T,A:A,G:G,G:G,A:A,A:A,C:C,Uncallable,G:G,Uncallable,T:T,C:C,C:T,A:A,T:T,G:G,G:G,G:G,A:A,C:C,C:G,Uncallable,C:C,C:C,G:G
SDSL 98013-1,C:C,G:G,G:G,G:G,A:A,C:C,A:A,C:C,G:G,T:T,G:G,T:T,A:A,A:A,G:G,G:G,C:C,C:C,A:A,C:C,C:C,G:G,G:G,G:G,G:G,C:C,A:A,G:A,A:A,A:A,G:G,C:C,C:C,C:C,G:G,G:G,T:T,T:T,G:G,Uncallable,T:T,T:C,T:T,G:G,G:G,G:G,A:A,A:A,G:G,C:C,A:A,T:T,T:T,C:C,T:T,A:A,T:T,A:A,A:A,G:G,A:A,C:C,G:G,?,C:C,C:C,G:G
SDSL 98014,T:T,G:G,T:T,G:G,A:A,C:C,A:A,C:C,G:G,T:T,G:G,T:T,A:A,A:A,A:A,?,C:C,C:C,A:A,C:C,C:C,G:G,A:A,C:C,C:C,G:G,T:T,?,A:A,A:A,T:T,C:C,C:C,C:T,G:G,G:G,C:C,?,G:G,T:C,T:T,T:T,T:T,A:A,G:G,A:G,A:A,A:A,G:G,C:C,A:A,T:T,?,C:C,T:T,G:G,T:T,A:A,G:G,G:G,A:G,T:T,C:G,C:C,T:T,C:C,G:G
SDSL 98014-2,?,G:G,T:T,G:G,A:A,C:C,A:A,C:C,Uncallable,T:T,G:G,T:T,A:A,A:A,A:A,C:C,C:C,C:C,A:A,C:C,C:C,G:G,Uncallable,Uncallable,G:G,C:C,T:T,G:A,A:A,G:G,G:T,C:C,C:C,C:T,G:G,G:G,T:T,C:C,G:G,Uncallable,T:T,T:C,T:T,G:G,G:G,A:G,A:A,A:A,G:G,C:C,A:A,T:T,A:A,C:C,T:T,G:G,T:T,A:A,G:G,G:G,A:A,C:C,C:G,C:C,T:T,C:C,G:G
SDSL 98015,T:T,G:G,T:T,C:C,G:G,T:T,A:A,G:G,A:A,T:T,G:G,T:G,A:A,A:A,G:G,G:G,C:C,C:C,G:G,C:C,C:C,G:G,A:A,C:C,C:C,G:G,T:T,G:A,A:A,A:A,G:G,C:C,C:C,C:T,G:G,G:G,T:T,C:C,G:G,T:C,T:T,T:T,T:T,G:G,G:G,A:A,A:A,A:A,C:C,T:T,A:A,C:C,T:T,C:C,T:T,A:A,T:T,G:G,A:A,G:G,A:A,C:C,C:G,C:C,C:C,C:C,G:G
SDSL 98016,T:T,G:G,T:T,C:C,G:G,T:T,A:A,G:G,A:A,T:T,G:G,T:G,A:A,A:A,G:G,G:G,C:C,C:C,A:A,C:C,C:C,G:G,A:A,C:C,C:C,G:G,T:T,G:G,A:A,A:A,G:G,C:C,C:C,C:T,G:G,G:G,T:T,C:C,G:G,T:C,T:T,T:T,T:T,G:G,G:G,A:A,A:A,A:A,G:G,T:T,A:A,T:C,T:T,C:C,T:T,A:A,T:T,G:G,A:A,G:G,A:A,C:C,C:G,C:C,C:C,C:C,G:G
SDSL 98020,T:T,G:G,T:T,C:C,G:G,T:T,A:A,G:G,A:A,T:T,G:G,T:G,A:A,A:A,G:G,G:G,C:C,C:C,A:A,C:C,C:C,G:G,A:A,C:C,?,?,?,?,?,A:A,?,?,C:C,C:T,?,?,?,?,G:G,Uncallable,T:T,T:T,T:T,G:G,G:G,A:A,A:A,A:A,G:G,C:C,A:A,C:C,T:T,C:C,T:T,A:A,T:T,G:G,A:A,G:G,A:A,C:C,C:G,C:C,C:C,C:C,G:G
SDSL 98021,C:C,C:C,T:T,G:G,A:A,C:C,A:A,C:C,G:G,T:T,G:G,T:T,A:A,A:A,A:A,G:G,A:A,T:T,G:G,T:T,T:T,G:G,A:A,C:C,?,?,?,?,A:A,A:A,?,C:C,?,?,G:G,?,?,?,G:G,T:C,T:T,T:T,T:T,G:G,G:G,A:A,A:A,A:A,C:C,C:C,G:G,C:C,A:A,C:C,T:T,A:A,T:T,A:A,A:A,G:G,A:A,C:C,C:G,C:C,C:C,C:C,G:G
SDSL 98025,C:C,C:C,T:T,G:G,A:A,C:C,A:A,C:C,G:G,T:T,G:G,T:T,A:A,A:A,A:A,G:G,A:A,T:T,G:A,T:T,T:T,G:G,A:A,C:C,C:C,G:G,T:T,A:A,A:A,G:G,T:T,C:C,G:G,C:T,G:G,G:G,T:T,C:C,G:G,T:C,T:T,T:T,T:T,G:G,G:G,A:A,A:A,A:A,G:G,C:C,G:G,C:C,A:A,C:C,T:T,A:A,T:T,A:A,A:A,G:G,A:A,C:C,C:G,C:C,C:C,C:C,G:G
SDSL 98027,C:C,C:C,T:T,G:G,A:A,C:C,A:A,C:C,G:G,T:T,G:G,T:T,A:A,A:A,A:A,G:G,A:A,T:T,G:A,T:T,T:T,G:G,A:A,C:C,C:C,G:G,T:T,A:A,A:A,G:G,T:T,C:C,G:G,C:T,G:G,G:G,T:T,C:C,G:G,T:C,T:T,T:T,T:T,G:G,G:G,A:A,A:A,A:A,C:C,C:C,G:G,C:C,A:A,C:C,T:T,A:A,T:T,A:A,A:A,G:G,A:A,C:C,C:G,C:C,C:C,C:C,G:G
SDSR 91007,?,G:G,T:T,C:C,G:G,C:C,A:A,C:C,G:G,T:T,G:G,T:T,A:A,A:A,G:G,C:C,C:C,C:C,A:A,C:C,C:C,T:T,G:G,C:C,C:C,G:G,T:T,A:A,A:A,G:G,T:T,C:C,C:C,C:T,G:G,G:G,T:T,T:T,G:G,T:C,T:T,T:T,T:T,G:G,G:G,G:G,A:A,?,G:G,C:C,G:G,C:C,T:T,C:C,T:T,A:A,T:T,G:G,G:G,G:G,A:G,T:T,G:G,G:G,T:T,C:C,A:A
SDSR 91013,T:C,G:G,G:G,C:C,G:G,C:C,A:A,C:C,G:G,T:T,A:A,T:T,A:A,A:A,A:A,C:C,C:C,C:C,A:A,C:C,C:C,G:G,A:A,G:G,G:G,C:C,T:T,A:A,A:A,G:G,T:T,C:C,G:G,C:C,G:G,C:C,C:C,C:C,G:G,Uncallable,T:T,Uncallable,T:T,A:A,G:G,G:G,A:A,A:A,G:G,C:C,A:A,T:T,A:A,C:C,C:C,G:G,T:T,A:A,A:A,A:A,A:A,C:C,G:G,G:G,C:C,C:C,A:A
SDSR 91020,T:T,G:G,G:G,C:C,G:G,C:C,A:A,G:G,G:G,T:T,A:A,T:T,A:A,A:A,A:A,C:C,C:C,C:C,A:A,C:C,C:C,G:G,A:A,G:G,G:G,C:C,A:A,A:A,A:A,G:G,T:T,C:C,G:G,C:C,G:G,C:C,C:T,C:C,G:G,Uncallable,T:T,Uncallable,T:T,A:A,G:G,G:G,A:A,A:A,G:G,C:C,A:A,T:T,A:A,C:C,C:C,G:G,T:T,A:A,A:A,A:A,A:A,C:C,G:G,G:G,C:C,C:C,A:A
SDSR 91050,C:C,C:C,T:T,G:G,A:A,C:C,A:A,C:C,G:G,T:T,G:G,T:T,A:A,A:A,A:A,G:G,C:C,C:C,A:A,C:C,C:C,G:G,A:A,G:G,G:G,C:C,T:T,G:A,A:A,A:A,T:T,C:C,C:C,C:C,G:G,G:G,T:T,T:T,G:G,C:C,T:T,Uncallable,T:T,G:G,G:G,G:G,A:A,A:A,G:G,C:C,A:A,T:T,A:A,C:C,T:T,A:A,T:T,A:A,A:A,G:G,A:A,C:C,G:G,G:G,T:T,A:A,G:G
Seso 3,T:T,C:C,T:T,G:G,A:A,C:C,A:A,G:G,G:G,T:T,G:G,T:T,A:A,A:A,G:G,G:G,C:C,C:C,G:G,T:T,T:T,T:T,A:A,C:C,?,?,?,?,A:A,G:G,G:G,C:C,?,C:T,G:G,?,?,?,C:G,Uncallable,T:T,T:T,T:T,G:G,G:G,G:G,A:A,G:A,G:G,T:C,G:G,C:C,T:T,?,C:C,G:G,Uncallable,A:A,A:A,G:G,A:G,C:C,C:G,C:C,T:T,A:A,Uncallable
Siaya # 6-1,T:C,C:C,T:T,G:G,A:A,C:C,A:A,G:G,G:G,T:T,G:G,T:T,C:C,A:A,A:A,C:C,A:A,C:C,Uncallable,T:T,T:T,G:G,G:G,G:G,?,?,?,?,A:A,A:A,G:G,C:C,?,?,?,?,?,?,G:G,Uncallable,T:T,T:T,T:T,G:G,A:G,G:G,A:A,A:A,C:C,C:C,G:G,C:C,T:T,C:C,C:C,G:G,T:T,A:A,A:A,G:G,A:G,C:C,C:G,C:C,T:T,A:A,G:G
SILA,C:C,C:C,T:T,G:G,A:A,C:C,A:A,C:C,G:G,T:T,G:G,T:T,A:A,A:A,G:G,G:G,A:A,T:T,G:A,T:T,T:T,G:G,A:A,C:C,C:C,G:G,T:T,A:A,A:A,A:A,T:T,C:C,C:G,C:T,G:G,G:G,T:T,C:C,G:G,T:C,T:T,T:T,T:T,G:G,G:G,A:A,A:A,A:A,C:C,C:C,G:G,C:C,A:A,C:C,T:T,A:A,T:T,A:A,A:A,G:G,A:A,C:C,C:G,C:C,C:C,C:C,G:G
SIMA,T:C,C:C,T:T,G:G,A:A,C:C,A:A,G:G,A:A,T:T,G:G,T:T,A:A,A:A,A:A,G:G,A:A,T:T,?,T:T,T:T,T:T,G:G,C:C,C:C,G:G,T:T,A:A,A:A,A:A,T:T,C:C,C:C,C:T,G:G,G:G,T:T,C:C,G:G,T:C,T:T,T:T,T:T,G:G,?,A:A,A:A,A:A,G:G,C:C,G:G,C:C,A:A,C:C,C:C,G:G,T:T,A:A,G:G,G:G,A:G,C:C,C:G,C:C,C:C,C:C,G:G
Singida local,C:C,C:C,T:T,G:G,A:A,C:C,A:A,G:G,G:G,T:T,G:G,T:T,C:C,A:A,G:G,G:G,A:A,C:C,?,T:T,T:T,T:T,A:A,C:C,C:C,G:G,A:A,A:A,A:A,A:A,G:G,C:C,G:G,C:C,G:G,C:C,T:T,?,C:C,T:C,T:T,T:T,T:T,G:G,G:G,G:G,A:A,?,C:C,C:C,G:G,C:C,T:T,C:C,C:C,G:G,T:T,A:A,G:G,G:G,A:G,T:T,C:G,C:C,T:T,C:C,G:G
SPV 422,?,G:G,T:T,G:G,A:A,C:C,A:A,C:C,A:A,T:T,G:G,T:T,A:A,A:A,A:A,G:G,A:A,T:T,G:G,T:T,T:T,G:G,G:G,C:C,C:C,G:G,T:T,G:G,A:A,G:G,T:T,C:C,C:C,C:T,G:G,G:G,T:T,C:C,G:G,T:C,T:T,T:T,T:T,G:G,?,A:A,A:A,A:A,G:G,C:C,G:G,C:C,A:A,C:C,T:T,A:A,T:T,A:A,G:G,G:G,A:A,C:C,?,C:C,T:T,C:C,G:G
SV 3,C:C,C:C,T:T,G:G,A:A,C:C,A:A,C:C,A:A,T:T,G:G,T:T,A:A,A:A,A:A,C:C,C:C,C:C,Uncallable,T:T,T:T,G:G,G:G,C:C,C:C,G:G,T:T,A:A,A:A,A:A,T:T,C:C,C:C,C:T,G:G,G:G,T:T,C:C,G:G,T:C,T:T,T:T,T:T,G:G,G:G,A:A,A:A,A:A,G:G,C:C,G:G,C:C,T:T,C:C,C:C,A:A,T:T,A:A,A:A,G:G,A:A,C:C,C:G,C:C,T:T,C:C,G:G
SV 4,C:C,C:C,T:T,C:C,G:G,T:T,A:A,G:G,G:G,T:T,G:G,T:T,A:A,A:A,A:A,G:G,C:C,C:C,G:A,T:T,T:T,G:G,A:A,C:C,C:C,G:G,T:T,A:A,A:A,A:A,T:T,C:C,G:G,T:T,G:G,G:G,T:T,C:C,G:G,T:C,T:T,T:T,T:T,G:G,G:G,Uncallable,A:A,A:A,G:G,C:C,G:G,T:C,T:T,?,T:T,A:A,T:T,A:A,A:A,G:G,A:A,C:C,C:G,C:C,C:C,C:C,G:G
TABAT,T:T,G:G,T:T,G:G,A:A,C:C,A:A,G:G,A:A,T:T,G:G,T:T,A:A,A:A,A:A,G:G,C:C,C:C,G:A,T:T,C:C,T:T,G:G,G:G,?,?,?,?,A:A,G:G,G:G,C:C,G:G,C:C,G:G,G:G,?,?,G:G,C:C,T:T,T:C,T:T,G:G,?,A:A,A:A,G:G,G:G,C:C,G:G,C:C,T:T,C:C,C:C,G:G,T:T,G:G,G:G,G:G,A:G,T:T,C:G,C:C,T:T,A:A,A:A
TEGEMEO,T:T,C:C,T:T,G:G,A:A,C:C,A:A,C:C,A:A,T:T,G:G,T:T,A:A,A:A,A:A,G:G,C:C,C:C,Uncallable,T:T,T:T,T:T,A:A,C:C,C:C,G:G,?,?,A:A,G:G,T:T,C:C,C:C,C:C,G:G,G:G,?,?,G:G,T:C,T:T,T:T,T:T,G:G,G:G,A:A,A:A,A:A,G:G,C:C,G:G,C:C,T:T,C:C,C:C,A:A,T:T,A:A,A:A,G:G,A:A,C:C,C:G,C:C,T:T,C:C,A:A
WMPYT 89_90 #1615,T:T,G:G,G:G,C:C,G:G,T:T,A:A,C:C,G:G,T:T,G:G,T:T,A:A,A:A,G:G,G:G,C:C,C:C,A:A,C:C,C:C,G:G,G:G,G:G,G:G,C:C,T:T,G:G,G:G,A:A,T:T,C:C,C:C,C:T,G:G,G:G,T:T,C:C,G:G,Uncallable,T:T,T:C,T:T,A:A,G:G,A:A,A:A,A:A,G:G,C:C,G:G,C:C,T:T,C:C,T:T,A:A,T:T,A:A,A:A,G:G,A:A,C:C,C:G,C:C,C:C,A:A,A:A
ZSV 3,C:C,G:G,T:T,G:G,A:A,C:C,A:A,G:G,A:A,T:T,G:G,T:G,A:A,A:A,G:G,C:C,C:C,C:C,?,T:T,C:C,G:G,G:G,G:G,G:G,C:C,A:A,G:G,A:A,G:G,T:T,C:C,C:C,C:T,G:G,G:G,T:T,T:T,G:G,Uncallable,T:T,T:T,T:T,G:G,G:G,G:G,A:A,G:G,C:C,C:C,A:A,C:C,T:T,C:C,C:C,A:A,T:T,A:A,A:A,G:G,A:G,T:T,C:C,?,T:T,A:A,G:G
ZZ # 229,?,G:G,T:T,G:G,A:A,C:C,A:A,C:C,G:G,T:T,G:G,T:G,A:A,A:A,G:G,G:G,C:C,C:C,G:G,T:T,T:T,T:T,A:A,G:G,G:G,C:C,T:T,A:A,G:G,G:G,T:T,C:C,G:G,C:T,G:G,G:G,C:T,C:C,G:G,C:C,T:T,T:C,T:T,G:G,G:G,G:G,A:A,A:A,G:G,C:C,A:A,C:C,A:A,C:C,T:T,G:G,T:T,A:A,G:G,G:G,A:G,T:T,G:G,G:G,C:C,C:C,G:G
ICSR 108,C:C,C:C,T:T,G:G,A:A,C:C,A:A,C:C,A:A,T:T,G:G,T:T,A:A,A:A,A:A,G:G,C:C,C:C,A:A,T:C,T:C,G:G,Uncallable,C:C,C:C,G:G,T:T,A:A,A:A,A:A,T:T,C:C,C:G,C:T,G:G,Uncallable,T:T,C:C,G:G,T:C,T:T,T:T,T:T,G:G,G:G,A:A,A:A,A:A,G:G,C:C,A:A,Uncallable,A:A,C:C,T:T,A:G,T:T,A:A,A:A,G:G,A:A,C:C,C:G,C:C,T:C,C:C,G:G
ICSR 153,C:C,G:C,G:G,G:G,A:A,C:C,A:A,C:C,Uncallable,T:T,G:G,T:T,A:A,G:G,A:G,G:G,C:C,C:C,A:A,C:C,C:C,G:G,A:A,G:G,G:G,C:C,T:T,A:A,A:A,A:A,T:T,C:C,C:C,C:T,G:G,G:G,T:T,C:C,G:G,C:C,C:C,C:C,Uncallable,G:G,G:G,A:A,A:A,A:A,G:G,T:C,A:A,T:T,A:A,C:C,C:C,A:A,T:T,A:A,A:A,A:A,A:G,T:T,G:G,G:G,C:C,C:C,G:G
ICSR 162,C:C,C:C,T:T,G:G,A:A,C:C,A:A,C:C,G:G,T:T,G:G,T:T,A:A,A:A,A:A,G:G,C:C,C:C,A:A,C:C,C:C,G:G,G:G,C:C,C:C,G:G,T:T,A:A,A:A,A:A,T:T,C:C,C:C,C:T,G:G,G:G,Uncallable,C:C,G:G,T:C,T:T,T:T,T:T,A:A,G:G,A:A,A:A,G:G,G:G,C:C,G:G,T:T,T:T,C:C,C:C,A:A,T:T,A:A,A:A,G:G,A:A,C:C,C:G,C:C,C:C,C:C,G:G
ICSR 172,?,G:G,T:T,G:G,A:A,C:C,A:A,G:G,G:G,T:T,G:G,T:T,A:A,A:A,A:A,G:G,C:C,C:C,A:A,C:C,C:C,G:G,G:G,G:G,?,?,?,?,A:A,A:A,T:T,C:C,?,?,?,?,?,?,G:G,C:C,T:T,T:C,T:T,G:G,G:G,A:A,A:A,A:A,G:G,C:C,A:A,C:C,T:T,C:C,T:T,A:A,T:T,A:A,A:A,G:G,A:A,C:C,C:G,C:C,T:T,C:C,G:G
ICSR 24001,T:T,G:G,T:T,G:G,A:A,C:C,A:A,C:C,A:A,T:T,G:G,T:T,A:A,A:A,G:G,C:C,A:A,T:T,A:A,C:C,C:C,G:G,G:G,C:C,C:C,G:G,T:T,A:A,A:A,A:A,T:T,C:C,C:C,T:T,G:G,G:G,?,?,G:G,T:C,T:T,T:T,T:T,G:G,?,A:A,A:A,A:A,G:G,C:C,G:G,C:C,A:A,C:C,T:T,A:A,T:T,A:A,A:A,G:G,A:A,C:C,C:G,C:C,T:T,C:C,G:G
ICSR 24008,?,G:G,T:T,G:G,A:A,C:C,A:A,C:C,G:G,T:T,G:G,T:T,A:A,A:A,A:A,G:G,C:C,C:C,G:A,T:T,T:T,T:T,A:A,C:C,C:C,G:G,T:T,G:A,A:A,A:A,T:T,C:C,C:C,C:T,G:G,C:C,T:T,C:C,G:G,T:C,T:T,T:T,T:T,G:G,G:G,A:A,A:A,A:A,C:C,C:C,G:G,C:C,T:T,?,T:T,G:G,T:T,A:A,A:A,G:G,A:A,C:C,C:G,C:C,C:C,C:C,G:G
ICSR 24010,T:T,G:G,G:G,C:C,G:G,T:T,A:A,C:C,G:G,C:C,G:G,T:T,A:A,A:A,G:G,G:G,C:C,C:C,A:A,C:C,C:C,T:T,A:A,G:G,G:G,C:C,T:T,A:A,A:A,A:A,T:T,C:C,G:G,T:T,G:G,G:G,T:T,T:T,G:G,T:T,T:T,T:C,T:T,Uncallable,G:G,G:G,A:A,A:A,G:G,C:C,A:A,C:C,A:A,C:C,T:T,A:A,T:T,A:A,A:A,G:G,A:A,C:C,Uncallable,G:C,T:T,C:C,G:G
ICSR 37,?,G:G,G:G,G:G,A:A,C:C,A:A,C:C,A:A,T:T,G:G,T:T,A:A,A:A,A:A,G:G,C:C,C:C,G:G,T:T,T:T,G:G,A:A,G:G,G:G,C:C,T:T,G:A,A:A,A:A,T:T,C:C,C:C,C:T,G:G,G:G,T:T,C:C,G:G,Uncallable,T:T,T:C,T:T,G:G,G:G,A:A,A:A,A:A,G:G,C:C,A:A,T:T,A:A,C:C,T:T,A:A,T:T,A:A,A:A,G:G,A:A,C:C,C:G,C:C,C:C,C:C,G:G
ICSR 56,C:C,C:C,T:T,G:G,A:A,C:C,A:A,C:C,G:G,T:T,G:G,T:T,A:A,A:A,A:A,G:G,C:C,C:C,G:G,T:T,C:C,G:G,G:G,C:C,C:C,G:G,A:A,G:G,A:A,A:A,T:T,C:C,C:C,T:T,G:G,G:G,T:T,C:C,G:G,T:C,T:T,T:T,T:T,G:G,G:G,A:A,A:A,A:A,C:C,C:C,A:A,T:T,T:T,C:C,C:C,A:A,T:T,A:A,A:A,G:G,A:A,C:C,G:G,G:G,C:C,A:A,A:A
ICSR 89001,C:C,G:G,T:T,C:C,G:G,T:T,A:A,C:C,A:A,T:T,G:G,T:T,A:A,A:A,A:A,G:G,C:C,C:C,A:A,C:C,C:C,G:G,G:G,C:C,C:C,G:G,T:T,G:A,A:A,A:A,T:T,C:C,C:C,C:T,G:G,G:G,T:T,C:C,G:G,T:C,T:T,T:T,T:T,A:A,G:G,A:G,A:A,A:A,G:G,C:C,A:A,C:C,A:A,C:C,T:T,G:G,T:T,A:A,A:A,G:G,A:A,C:C,Uncallable,G:C,C:C,C:C,G:G
ICSR 89058,C:C,C:C,T:T,C:C,G:G,T:T,A:A,C:C,A:A,T:T,G:G,T:T,A:A,A:A,A:A,G:G,C:C,C:C,A:A,C:C,C:C,G:G,G:G,G:G,G:G,C:C,T:T,A:A,A:A,A:A,T:T,C:C,C:C,T:T,G:G,G:G,T:T,C:C,G:G,Uncallable,T:T,T:C,T:T,A:A,G:G,A:A,A:A,A:A,G:G,C:C,G:G,C:C,T:T,C:C,C:C,A:A,T:T,A:A,A:A,G:G,A:A,C:C,C:G,C:C,C:C,A:A,A:A
ICSR 89059,C:C,G:C,T:T,Uncallable,Uncallable,T:C,A:A,G:C,Uncallable,T:C,G:G,T:T,A:A,A:A,G:G,G:G,C:C,C:C,A:A,C:C,C:C,G:G,G:G,G:G,?,?,?,?,A:A,Uncallable,Uncallable,C:C,?,?,?,?,?,?,G:G,C:C,T:T,T:C,T:T,G:G,G:G,G:G,A:A,A:A,C:C,T:T,A:A,T:T,A:A,C:C,T:T,A:A,T:T,A:A,Uncallable,A:G,A:G,T:T,C:G,Uncallable,T:C,A:A,A:A
ICSR 92003,C:C,C:C,T:T,G:G,A:A,C:C,A:A,C:C,G:G,T:T,G:G,T:T,A:A,A:A,A:A,G:G,C:C,C:C,G:G,T:T,T:T,T:T,G:G,C:C,C:C,G:G,T:T,G:A,A:A,A:A,T:T,C:C,C:C,C:T,G:G,G:G,T:T,C:C,G:G,T:C,T:T,T:T,T:T,G:G,G:G,A:A,A:A,A:A,G:G,C:C,G:G,C:C,T:T,?,T:T,A:A,T:T,A:A,A:A,G:G,A:A,C:C,C:G,C:C,T:T,C:C,G:G
ICSR 93001,C:C,C:C,T:T,G:G,A:A,C:C,A:A,C:C,G:G,T:T,G:G,T:T,A:A,A:A,A:A,G:G,C:C,C:C,G:A,T:T,T:T,T:T,G:G,C:C,C:C,G:G,T:T,G:G,A:A,A:A,T:T,C:C,C:C,C:T,G:G,G:G,T:T,C:C,G:G,T:C,T:T,T:T,T:T,G:G,G:G,A:A,A:A,A:A,G:G,C:C,G:G,C:C,T:T,?,T:T,A:A,T:T,A:A,A:A,G:G,A:A,C:C,C:G,C:C,T:T,C:C,G:G
ICSR 93034,?,G:G,T:T,G:G,A:A,C:C,A:A,C:C,A:A,T:T,G:G,T:T,A:A,A:A,A:A,G:G,C:C,C:C,G:G,T:T,T:T,G:G,G:G,C:C,C:C,G:G,T:T,A:A,A:A,A:A,T:T,C:C,C:C,C:T,G:G,G:G,T:T,C:C,G:G,T:C,T:T,T:T,T:T,G:G,G:G,A:A,A:A,A:A,G:G,C:C,A:A,C:C,A:A,C:C,T:T,G:G,T:T,A:A,G:G,G:G,A:A,C:C,C:G,C:C,T:T,C:C,G:G
ICSV  95022,T:T,C:C,T:T,G:G,A:A,C:C,A:A,C:C,G:G,T:T,G:G,T:T,A:A,A:A,A:A,G:G,C:C,C:C,A:A,C:C,C:C,G:G,A:A,G:G,G:G,C:C,T:T,A:A,A:A,A:A,G:G,C:C,C:C,C:T,G:G,C:C,C:T,?,C:C,Uncallable,T:T,T:T,T:T,G:G,?,A:A,A:A,A:A,G:G,C:C,A:A,T:T,T:T,C:C,C:C,A:A,T:T,A:A,A:A,G:G,A:A,C:C,G:G,G:G,T:T,A:A,G:G
ICSV 189,T:T,G:G,T:T,G:G,A:A,C:C,A:A,C:C,G:G,T:T,G:G,T:T,A:A,A:A,A:A,G:G,C:C,C:C,G:G,T:T,T:T,T:T,A:A,C:C,C:C,G:G,T:T,G:A,A:A,A:A,T:T,C:C,C:C,C:T,G:G,G:G,T:T,C:C,G:G,T:C,T:T,T:T,T:T,G:G,G:G,A:A,A:A,A:A,C:C,C:C,G:G,C:C,T:T,?,T:T,A:G,T:T,A:A,A:A,G:G,A:A,C:C,C:G,Uncallable,C:C,C:C,G:G
ZZ#126,C:C,C:C,T:T,G:G,A:A,C:C,A:A,C:C,G:G,T:T,G:G,T:T,A:A,A:A,A:A,C:C,A:A,T:T,G:A,T:T,T:T,G:G,A:A,G:G,G:G,C:C,A:A,G:A,A:A,A:A,T:T,C:C,C:C,C:T,G:G,G:G,T:T,C:C,G:G,Uncallable,T:T,T:C,T:T,G:G,G:G,A:A,A:A,A:A,G:G,C:C,G:G,C:C,T:T,C:C,C:C,A:A,T:T,A:A,A:A,G:G,A:A,C:C,C:G,C:C,T:T,C:C,G:G
IESV 92165 DL,T:T,C:C,G:G,G:G,A:A,C:C,A:A,C:C,A:A,T:T,G:G,T:T,A:A,A:A,A:A,G:G,C:C,C:C,A:A,C:C,C:C,G:G,G:G,C:C,C:C,G:G,T:T,G:A,A:A,A:A,T:T,C:C,C:C,C:T,G:G,C:C,T:T,C:C,G:G,T:C,T:T,T:T,T:T,G:G,G:G,A:A,A:A,A:A,G:G,C:C,A:A,C:C,Uncallable,C:C,T:T,A:A,T:T,A:A,A:A,G:G,A:A,C:C,C:G,C:C,C:C,A:A,G:G
Maijankai,C:C,G:G,T:T,G:G,A:A,C:C,A:A,G:G,A:A,T:T,G:G,T:G,C:C,A:A,G:G,C:C,C:C,?,G:G,T:T,C:C,G:G,G:G,G:G,G:G,C:C,T:T,Uncallable,A:A,A:A,G:G,C:C,G:G,C:T,G:G,G:G,?,?,C:C,T:T,T:T,T:T,T:T,G:G,?,G:G,A:A,G:G,C:C,C:C,A:A,C:C,T:T,C:C,T:T,A:A,T:T,Uncallable,A:A,G:G,?,C:C,C:G,C:C,C:C,A:A,G:G
IESV 92008 DL,T:C,C:C,T:T,G:G,A:A,C:C,A:A,C:C,A:A,T:T,G:G,T:T,A:A,A:A,A:A,G:G,A:A,T:T,?,T:T,T:T,G:G,G:G,C:C,C:C,G:G,T:T,A:A,A:A,A:A,T:T,C:C,C:C,C:T,G:G,G:G,?,C:C,G:G,T:C,T:T,T:T,T:T,G:G,G:G,G:G,A:A,A:A,G:G,C:C,G:G,C:C,A:A,C:C,T:T,A:A,T:T,A:A,G:G,G:G,A:A,T:T,C:G,C:C,T:T,C:C,G:G
ICSV 93046-ML,T:T,C:C,T:T,C:C,G:G,T:T,A:A,G:G,G:G,C:C,A:A,T:T,A:A,A:A,G:G,C:C,C:C,C:C,A:A,C:C,C:C,G:G,G:G,G:G,G:G,C:C,A:A,A:A,A:A,G:G,G:G,C:C,C:C,C:T,G:G,G:G,Uncallable,T:T,G:G,Uncallable,T:T,T:C,T:T,G:G,G:G,G:G,A:A,A:A,C:C,T:T,G:G,C:C,T:A,C:C,T:T,A:A,T:T,A:A,A:A,G:G,A:G,T:T,C:C,C:C,C:C,C:C,A:A
IESV 91104 DL,T:C,G:C,T:T,G:C,G:A,C:C,A:A,G:C,G:G,T:T,G:G,Uncallable,A:A,A:A,A:G,C:G,A:C,T:C,G:G,T:T,T:T,T:T,G:G,Uncallable,C:C,G:G,T:T,A:A,A:A,A:A,G:T,C:C,C:C,C:T,G:G,C:G,T:T,T:T,G:G,Uncallable,T:T,T:C,T:T,G:G,G:G,A:G,A:A,Uncallable,G:G,C:C,G:G,C:C,A:A,C:C,T:T,G:G,T:T,A:A,G:A,G:G,A:A,Uncallable,C:G,C:C,T:C,C:C,G:G
ICSV 94046-NB,C:C,G:G,T:T,G:G,A:A,C:C,A:A,C:C,A:A,T:T,G:G,T:G,C:C,A:A,G:G,?,C:C,C:C,G:A,T:T,C:C,T:T,G:G,G:G,G:G,C:C,A:A,A:A,A:A,A:A,G:G,C:C,G:G,C:C,G:G,G:G,T:T,T:T,G:G,C:C,T:T,T:C,T:T,G:G,G:G,G:G,A:A,G:G,C:C,C:C,G:G,C:C,A:A,?,T:T,G:G,T:T,A:A,G:G,A:A,A:G,T:T,G:G,G:G,T:T,A:A,G:G
IS 2331,C:C,G:G,T:T,G:G,A:A,C:C,A:A,C:C,A:A,T:T,G:G,T:T,A:A,A:A,A:A,C:C,C:C,C:C,G:A,T:T,T:T,G:G,G:G,C:C,C:C,G:G,T:T,A:A,A:A,A:A,T:T,C:C,G:G,C:T,G:G,G:G,T:T,C:C,G:G,T:C,T:T,T:T,T:T,G:G,?,A:A,A:A,A:A,C:C,C:C,A:A,C:C,A:A,C:C,C:C,A:A,T:T,A:A,A:A,G:G,A:A,C:C,C:G,C:C,T:T,A:A,A:A
F5.3 SSM10-13_6-1,T:T,G:G,T:T,G:G,A:A,C:C,A:A,C:C,A:A,T:T,G:G,T:T,A:A,A:A,A:A,C:C,C:C,C:C,G:G,T:T,T:T,G:G,G:G,C:C,C:C,G:G,T:T,A:A,A:A,A:A,T:T,C:C,G:G,C:T,G:G,G:G,?,?,G:G,T:C,T:T,T:T,T:T,G:G,?,A:A,A:A,A:A,C:C,C:C,A:A,C:C,A:A,C:C,C:C,A:A,T:T,A:A,A:A,G:G,A:A,C:C,C:G,C:C,T:T,A:A,A:A
