DNA \ Assay,snpCA00171,snpCA00177,snpCA00178,snpCA00181,snpCA00184,snpCA00188,snpCA00192,snpCA00193,snpCA00197,snpCA00203,snpCA00206,snpCA00207,snpCA00209,snpCA00216
ICCX 191050:24,T:T,G:A,A:G,T:T,C:C,G:G,A:A,A:A,G:G,A:G,G:G,G:C,T:C,A:C
ICCX 191050:36,T:T,G:A,A:G,T:T,C:C,G:G,A:A,A:A,G:G,A:G,G:G,G:C,T:C,A:C
ICCX 191050:48,A:T,G:A,A:G,T:T,C:C,G:G,A:A,A:A,G:G,A:G,G:G,G:C,T:C,A:C
ICCX 191051:22,T:T,G:G,A:G,C:T,T:T,A:G,A:A,G:A,A:G,A:A,A:G,G:C,C:C,A:C
ICCX 191051:34,T:T,G:G,G:G,T:T,T:T,G:G,A:A,G:G,G:G,A:A,G:G,C:C,C:C,C:C
ICCX 191051:46,T:T,G:G,G:G,C:T,T:T,A:G,A:A,G:A,A:G,A:A,A:G,G:C,C:C,A:C
ICCX 191051:58,T:T,G:G,G:G,C:T,T:T,A:G,A:A,G:A,A:G,A:A,A:G,G:C,C:C,A:C
ICCX 191052:22,T:T,G:G,G:G,C:T,T:T,A:G,A:A,G:A,G:G,A:G,G:G,G:C,C:C,C:C
ICCX 191050:25,T:T,G:A,A:G,T:T,C:C,G:G,A:A,A:A,G:G,A:G,G:G,G:C,T:C,A:C
ICCX 191050:37,A:T,G:A,A:G,T:T,C:C,G:G,A:A,A:A,G:G,A:G,G:G,G:C,T:C,A:C
ICCX 191050:49,T:T,G:A,A:G,T:T,C:C,G:G,A:A,A:A,G:G,A:G,G:G,G:C,T:C,A:C
ICCX 191051:23,T:T,G:G,G:G,C:T,T:T,A:G,A:A,G:A,A:G,A:G,A:G,G:C,C:C,A:C
ICCX 191051:35,T:T,G:G,G:G,C:T,T:T,A:G,A:A,G:A,A:G,A:G,A:G,G:C,C:C,A:C
ICCX 191051:47,T:T,G:G,G:G,C:T,T:T,A:G,A:A,G:A,A:G,A:G,A:G,G:C,C:C,A:C
ICCX 191051:59,T:T,G:G,G:G,T:T,T:T,G:G,A:A,G:G,G:G,A:A,G:G,C:C,C:C,C:C
ICCX 191052:23,T:T,G:G,G:G,C:T,T:T,A:G,A:A,G:A,G:G,A:G,G:G,G:C,C:C,C:C
ICCX 191050:26,T:T,G:A,A:G,T:T,C:C,G:G,A:A,A:A,G:G,A:G,G:G,G:C,T:C,A:C
ICCX 191050:38,T:T,G:A,A:G,T:T,C:C,G:G,A:A,A:A,G:G,A:G,G:G,G:C,T:C,A:C
ICCX 191050:50,A:A,G:G,G:G,T:T,C:C,G:G,A:A,A:A,G:G,G:G,G:G,G:G,C:C,C:C
ICCX 191051:24,T:T,G:G,G:G,C:T,T:T,A:G,A:A,G:A,A:G,A:A,A:G,G:C,C:C,A:C
ICCX 191051:36,T:T,G:G,G:G,C:T,T:T,A:G,A:A,G:A,A:G,A:G,A:G,G:C,C:C,A:C
ICCX 191051:48,T:T,G:G,G:G,T:T,T:T,G:G,A:A,G:G,G:G,A:A,G:G,C:C,C:C,C:C
ICCX 191051:60,T:T,G:G,G:G,T:T,T:T,G:G,A:A,G:G,G:G,A:A,G:G,C:C,C:C,C:C
ICCX 191052:24,T:T,G:G,G:G,T:T,C:C,G:G,A:A,G:G,G:G,A:A,G:G,C:C,C:C,C:C
ICCX 191050:27,A:T,G:A,A:G,T:T,C:C,G:G,A:A,A:A,G:G,A:G,G:G,G:C,T:C,A:C
ICCX 191050:39,T:T,G:A,A:G,T:T,C:C,G:G,A:A,A:A,G:G,A:G,G:G,G:C,T:C,A:C
ICCV 181602:17,T:T,G:G,G:G,T:T,T:T,G:G,A:A,G:G,G:G,Uncallable,G:G,C:C,C:C,C:C
ICCX 191051:25,T:T,G:G,G:G,C:T,T:T,A:G,A:A,G:A,A:G,A:A,A:G,G:C,C:C,A:C
ICCX 191051:37,T:T,G:G,G:G,T:T,T:T,G:G,A:A,G:G,G:G,A:A,G:G,C:C,C:C,C:C
ICCX 191051:49,T:T,G:G,G:G,C:T,T:T,A:G,A:A,G:A,A:G,A:G,A:G,G:C,C:C,A:C
ICCV 181605:17,T:T,G:G,G:G,C:C,T:T,A:A,A:A,A:A,A:A,A:A,A:A,G:G,C:C,A:A
ICCX 191052:25,T:T,G:G,G:G,C:T,T:T,A:G,A:A,G:A,G:G,A:G,G:G,G:C,C:C,C:C
ICCX 191050:28,T:T,G:G,G:G,T:T,C:C,G:G,A:A,A:A,G:G,G:G,G:G,G:G,C:C,C:C
ICCX 191050:40,T:T,G:A,A:G,T:T,C:C,G:G,A:A,A:A,G:G,A:G,G:G,G:C,T:C,A:C
ICCV 181602:18,T:T,G:G,G:G,T:T,T:T,G:G,A:A,G:G,G:G,A:A,G:G,C:C,C:C,C:C
ICCX 191051:26,T:T,G:G,G:G,C:T,T:T,A:G,A:A,G:A,A:G,A:G,A:G,G:C,C:C,A:C
ICCX 191051:38,T:T,G:G,G:G,C:T,T:T,A:G,A:A,G:A,A:G,A:G,A:G,G:C,C:C,A:C
ICCX 191051:50,T:T,G:G,G:G,T:T,T:T,G:G,A:A,G:G,G:G,A:A,G:G,C:C,C:C,C:C
ICCV 181605:18,T:T,G:G,G:G,C:C,T:T,A:A,A:A,A:A,A:A,A:A,A:A,G:G,C:C,A:A
ICCX 191052:26,T:T,G:G,G:G,T:T,T:T,G:G,A:A,G:G,G:G,A:A,G:G,C:C,C:C,C:C
ICCX 191050:29,A:A,G:G,G:G,T:T,T:T,G:G,A:A,G:A,G:G,A:G,G:G,G:G,C:C,C:C
ICCX 191050:41,T:T,G:A,A:G,T:T,C:C,G:G,A:A,A:A,G:G,A:G,G:G,G:C,T:C,A:C
ICCV 181602:19,T:T,G:G,G:G,T:T,T:T,G:G,A:A,G:G,G:G,A:A,G:G,C:C,C:C,C:C
ICCX 191051:27,T:T,G:G,G:G,C:T,T:T,A:G,A:A,G:A,A:G,A:A,A:G,G:C,C:C,A:C
ICCX 191051:39,T:T,G:G,G:G,C:T,T:T,A:G,A:A,G:A,A:G,A:G,A:G,G:C,C:C,A:C
ICCX 191051:51,T:T,G:G,G:G,C:T,T:T,A:G,A:A,G:A,A:G,A:A,A:G,G:C,C:C,A:C
ICCV 181605:19,T:T,G:G,G:G,C:C,T:T,A:A,A:A,A:A,A:A,A:A,A:A,G:G,C:C,A:A
ICCX 191052:27,T:T,G:G,G:G,T:T,T:T,G:G,A:A,G:G,G:G,A:A,G:G,C:C,C:C,C:C
ICCX 191050:30,T:T,G:A,A:G,T:T,C:C,A:G,A:A,A:A,G:G,A:G,G:G,G:C,T:C,A:C
ICCX 191050:42,T:T,G:A,A:G,T:T,C:C,G:G,A:A,A:A,G:G,A:G,G:G,G:C,T:C,A:C
ICCV 181602:20,T:T,G:G,G:G,T:T,C:C,G:G,A:A,G:G,G:G,A:A,G:G,C:C,C:C,C:C
ICCX 191051:28,T:T,G:G,G:G,C:T,T:T,A:G,A:A,G:A,A:G,A:G,A:G,G:C,C:C,A:C
ICCX 191051:40,T:T,G:G,G:G,C:T,T:T,A:G,A:A,G:A,A:G,A:G,A:G,G:C,C:C,A:C
ICCX 191051:52,T:T,G:G,G:G,C:T,T:T,A:G,A:A,G:A,A:G,A:G,A:G,G:C,C:C,A:C
ICCV 181605:20,T:T,G:G,G:G,C:C,T:T,A:A,A:A,A:A,A:A,A:A,A:A,G:G,C:C,A:A
ICCX 191052:28,T:T,G:G,G:G,C:T,T:T,A:G,A:A,G:A,G:G,A:G,G:G,G:C,C:C,C:C
ICCX 191050:31,A:T,G:A,A:G,T:T,C:C,A:G,A:A,A:A,G:G,A:G,G:G,G:C,T:C,A:C
ICCX 191050:43,A:T,G:A,A:G,T:T,C:C,A:G,A:A,A:A,G:G,A:G,G:G,G:C,T:C,A:C
ICCV 181602:21,T:T,G:G,G:G,T:T,T:T,G:G,A:A,G:G,G:G,A:A,G:G,C:C,C:C,C:C
ICCX 191051:29,T:T,G:G,G:G,C:T,T:T,A:G,A:A,G:A,A:G,A:G,A:G,G:C,C:C,A:C
ICCX 191051:41,T:T,G:G,G:G,C:T,T:T,A:G,A:A,G:A,A:G,A:G,A:G,G:C,C:C,A:C
ICCX 191051:53,T:T,G:G,G:G,C:T,T:T,A:G,A:A,G:A,A:G,A:G,A:G,G:C,C:C,A:C
ICCV 181605:21,T:T,G:G,G:G,C:C,T:T,A:A,A:A,A:A,A:A,G:G,A:A,G:G,C:C,A:A
ICCX 191052:29,T:T,G:G,G:G,C:T,T:T,A:G,A:A,G:A,G:G,A:G,G:G,G:C,C:C,C:C
ICCX 191050:32,A:T,G:A,A:G,T:T,T:T,G:G,A:A,A:A,G:G,A:G,G:G,G:C,T:C,A:C
ICCX 191050:44,T:T,G:A,A:G,T:T,Uncallable,A:G,A:A,A:A,G:G,A:G,G:G,G:C,T:C,A:C
ICCV 181602:22,T:T,G:G,G:G,T:T,C:C,G:G,A:A,G:G,G:G,A:A,G:G,C:C,C:C,C:C
ICCX 191051:30,T:T,G:G,G:G,C:T,T:T,A:G,A:A,G:A,A:G,A:G,A:G,G:C,C:C,A:C
ICCX 191051:42,T:T,G:G,G:G,C:T,T:T,A:G,A:A,G:A,A:G,A:G,A:G,G:C,C:C,A:C
ICCX 191051:54,T:T,G:G,G:G,T:T,T:T,G:G,A:A,G:G,G:G,A:A,G:G,C:C,C:C,C:C
ICCV 181605:22,T:T,G:G,G:G,C:C,T:T,A:A,A:A,A:A,A:A,A:A,A:A,G:G,C:C,A:A
ICCX 191052:30,T:T,G:G,G:G,T:T,T:T,G:G,A:A,G:G,G:G,A:A,G:G,C:C,C:C,C:C
ICCX 191050:33,T:T,G:A,A:G,T:T,C:C,A:G,A:A,A:A,G:G,A:G,G:G,G:C,T:C,A:C
ICCX 191050:45,T:T,G:A,A:G,T:T,C:C,A:G,A:A,A:A,G:G,A:G,G:G,G:C,T:C,A:C
ICCV 181602:23,T:T,G:G,G:G,T:T,T:T,G:G,A:A,G:G,G:G,A:A,G:G,C:C,C:C,C:C
ICCX 191051:31,T:T,G:G,G:G,T:T,T:T,G:G,A:A,G:G,G:G,A:A,G:G,C:C,C:C,C:C
ICCX 191051:43,T:T,G:G,G:G,C:T,T:T,A:G,A:A,G:A,A:G,A:A,A:G,G:C,C:C,A:C
ICCX 191051:55,T:T,G:G,G:G,T:T,T:T,G:G,A:A,G:G,G:G,A:A,G:G,C:C,C:C,C:C
ICCV 181605:23,T:T,G:G,G:G,C:C,T:T,A:A,A:A,A:A,A:A,G:G,A:A,G:G,C:C,A:A
ICCX 191052:31,T:T,G:G,G:G,C:T,T:T,A:G,A:A,G:A,G:G,A:G,G:G,G:C,C:C,C:C
ICCX 191050:34,T:T,G:A,A:G,T:T,C:C,G:G,A:A,A:A,G:G,A:G,G:G,G:C,T:C,A:C
ICCX 191050:46,T:T,G:A,A:G,T:T,C:C,G:G,A:A,A:A,G:G,A:G,G:G,G:C,T:C,A:C
ICCV 181602:24,T:T,G:G,G:G,T:T,C:C,G:G,A:A,G:G,G:G,A:A,G:G,C:C,C:C,C:C
ICCX 191051:32,T:T,G:G,G:G,C:T,T:T,A:G,A:A,G:A,A:G,A:G,A:G,G:C,C:C,A:C
ICCX 191051:44,T:T,G:G,G:G,C:T,T:T,A:G,A:A,G:A,A:G,A:G,A:G,G:C,C:C,A:C
ICCX 191051:56,T:T,G:G,G:G,C:T,T:T,A:G,A:A,G:A,A:G,A:G,A:G,G:C,C:C,A:C
ICCV 181605:24,?,G:G,G:G,C:C,T:T,A:A,A:A,A:A,A:A,A:A,A:A,G:G,C:C,A:A
ICCX 191050:35,A:T,G:A,A:G,T:T,C:C,G:G,A:A,A:A,G:G,A:G,G:G,G:C,T:C,A:C
ICCX 191050:47,T:T,G:A,A:G,T:T,C:C,G:G,A:A,A:A,G:G,A:G,G:G,G:C,T:C,A:C
ICCX 191051:21,T:T,G:G,G:G,T:T,T:T,G:G,A:A,G:G,G:G,A:A,G:G,C:C,C:C,C:C
ICCX 191051:33,T:T,G:G,G:G,C:T,T:T,A:G,A:A,G:A,A:G,A:A,A:G,G:C,C:C,A:C
ICCX 191051:45,T:T,G:G,G:G,C:T,T:T,A:G,A:A,G:A,A:G,A:G,A:G,G:C,C:C,A:C
ICCX 191051:57,T:T,G:G,G:G,C:T,T:T,A:G,A:A,G:A,A:G,A:G,A:G,G:C,C:C,A:C
ICCX 191052:21,T:T,G:G,G:G,C:T,T:T,A:G,A:A,G:A,G:G,A:G,G:G,G:C,C:C,C:C
ICCX 191052:32,T:T,G:G,G:G,C:T,T:T,A:G,A:A,G:A,G:G,A:G,G:G,G:C,C:C,C:C
ICCX 191052:44,T:T,G:G,G:G,C:T,T:T,A:G,A:A,G:A,G:G,A:G,G:G,G:C,C:C,C:C
ICCX 191053:22,T:T,G:G,G:G,C:T,T:C,A:G,A:A,G:A,G:G,A:G,A:G,G:C,C:C,C:C
ICCX 191053:34,T:T,G:G,G:G,C:T,T:T,A:G,A:A,G:A,G:G,A:G,A:G,G:C,C:C,C:C
ICCX 191053:46,T:T,G:G,G:G,C:T,T:C,A:G,A:A,G:A,G:G,A:G,A:G,G:C,C:C,C:C
ICCV 181610:11,T:T,G:G,G:G,C:C,C:C,A:A,A:A,A:A,G:G,G:G,A:A,G:G,C:C,C:C
ICCX 191054:27,T:T,G:G,A:G,T:T,T:T,G:G,A:A,G:G,G:G,A:G,G:G,C:C,C:C,A:C
ICCX 191054:39,T:T,G:G,A:G,T:T,T:T,G:G,A:A,G:G,G:G,A:G,G:G,C:C,C:C,A:C
ICCX 191052:33,T:T,G:G,G:G,T:T,T:T,G:G,A:A,G:G,G:G,A:A,G:G,C:C,C:C,C:C
ICCX 191052:45,T:T,G:G,G:G,C:T,T:T,A:G,A:A,G:A,G:G,A:G,G:G,G:C,C:C,C:C
ICCX 191053:23,T:T,G:G,G:G,T:T,T:T,G:G,A:A,G:G,G:G,A:A,G:G,C:C,C:C,C:C
ICCX 191053:35,T:T,G:G,G:G,C:T,T:C,A:G,A:A,G:A,G:G,A:G,A:G,G:C,C:C,C:C
ICCX 191053:47,T:T,G:A,G:G,T:T,T:T,A:G,A:A,G:A,A:G,A:G,G:G,C:C,C:C,C:C
ICCV 181610:12,T:T,G:G,G:G,C:C,C:C,A:A,A:A,A:A,G:G,G:G,A:A,G:G,C:C,C:C
ICCX 191054:28,T:T,G:G,A:G,T:T,T:T,G:G,A:A,G:G,G:G,A:G,G:G,C:C,C:C,A:C
ICCX 191054:40,T:T,G:G,G:G,T:T,T:T,G:G,A:A,?,G:G,A:A,G:G,C:C,C:C,C:C
ICCX 191052:34,T:T,G:G,G:G,T:T,T:T,G:G,A:A,G:G,G:G,A:A,G:G,C:C,T:C,C:C
ICCX 191052:46,T:T,G:G,G:G,C:T,T:T,A:G,A:A,G:A,G:G,A:G,G:G,G:C,C:C,C:C
ICCX 191053:24,T:T,G:G,G:G,C:T,T:C,A:G,A:A,G:A,G:G,A:G,A:G,G:C,C:C,C:C
ICCX 191053:36,T:T,G:A,G:G,T:T,T:T,A:G,A:A,G:A,A:G,A:G,G:G,C:C,C:C,C:C
ICCX 191053:48,T:T,G:G,G:G,C:T,T:C,A:G,A:A,G:A,G:G,A:G,A:G,G:C,C:C,C:C
ICCV 181610:13,T:T,G:G,G:G,C:C,C:C,A:A,A:A,A:A,G:G,G:G,A:A,G:G,C:C,C:C
ICCX 191054:29,T:T,G:G,A:G,T:T,T:T,G:G,A:A,G:G,G:G,A:G,G:G,C:C,C:C,A:C
ICCX 191054:41,T:T,G:G,A:G,T:T,T:T,G:G,A:A,G:G,G:G,A:G,G:G,C:C,C:C,A:C
ICCX 191052:35,T:T,G:G,G:G,C:T,T:T,A:G,A:A,G:A,G:G,A:G,G:G,G:C,C:C,C:C
ICCV 181609:9,T:T,G:G,G:G,C:C,T:T,A:A,A:A,A:A,G:G,G:G,G:G,G:G,C:C,C:C
ICCX 191053:25,T:T,G:G,G:G,C:T,T:C,A:G,A:A,G:A,G:G,A:G,A:G,G:C,C:C,C:C
ICCX 191053:37,T:T,G:G,G:G,T:T,T:T,G:G,A:A,G:G,G:G,A:A,G:G,C:C,C:C,C:C
ICCX 191053:49,T:T,G:G,G:G,T:T,T:T,G:G,A:A,G:G,G:G,A:A,G:G,C:C,C:C,C:C
ICCV 181610:14,T:T,G:G,G:G,C:C,C:C,A:A,A:A,A:A,G:G,G:G,A:A,G:G,C:C,C:C
ICCX 191054:30,T:T,G:G,A:G,T:T,T:T,G:G,A:A,G:G,G:G,A:G,G:G,C:C,C:C,A:C
ICCX 191054:42,T:T,G:G,G:G,T:T,T:T,G:G,A:A,G:G,G:G,A:A,G:G,C:C,C:C,C:C
ICCX 191052:36,T:T,G:G,G:G,C:T,T:T,A:G,A:A,G:A,G:G,A:G,G:G,G:C,C:C,C:C
ICCV 181609:10,T:T,G:G,G:G,C:C,T:T,A:A,A:A,A:A,G:G,G:G,G:G,G:G,C:C,C:C
ICCX 191053:26,T:T,G:G,G:G,C:T,T:C,A:G,A:A,G:A,G:G,A:G,A:G,G:C,C:C,C:C
ICCX 191053:38,T:T,G:A,G:G,T:T,T:T,G:G,A:A,G:A,A:G,A:G,G:G,C:C,C:C,C:C
ICCX 191053:50,T:T,G:G,G:G,T:T,T:T,G:G,A:A,G:G,G:G,A:A,G:G,C:C,C:C,C:C
ICCV 181610:15,T:T,G:G,G:G,C:C,C:C,A:A,A:A,A:A,G:G,G:G,A:A,G:G,C:C,C:C
ICCX 191054:31,T:T,G:G,A:G,T:T,T:T,G:G,A:A,G:G,G:G,A:G,G:G,C:C,C:C,A:C
ICCX 191054:43,T:T,G:G,G:G,T:T,T:T,G:G,A:A,G:G,G:G,A:A,G:G,C:C,C:C,C:C
ICCX 191052:37,T:T,G:G,G:G,C:T,T:T,A:G,A:A,G:A,G:G,A:G,G:G,G:C,C:C,C:C
ICCV 181609:11,T:T,G:G,G:G,C:C,T:T,A:A,A:A,A:A,G:G,G:G,G:G,G:G,C:C,C:C
ICCX 191053:27,T:T,G:G,G:G,C:T,T:C,A:G,A:A,G:A,G:G,A:G,A:G,G:C,C:C,C:C
ICCX 191053:39,T:T,G:G,G:G,C:T,T:T,A:G,A:A,G:A,G:G,A:G,A:G,G:C,C:C,C:C
ICCX 191053:51,T:T,G:G,G:G,C:T,T:C,A:G,A:A,G:A,G:G,A:G,A:G,G:C,C:C,C:C
ICCV 181610:16,T:T,G:G,G:G,C:C,C:C,A:A,A:A,A:A,G:G,G:G,A:A,G:G,C:C,C:C
ICCX 191054:32,T:T,G:G,G:G,T:T,T:T,G:G,A:A,G:G,G:G,A:A,G:G,C:C,C:C,C:C
ICCX 191054:44,T:T,G:G,A:G,T:T,T:T,G:G,A:A,G:G,G:G,A:G,G:G,C:C,C:C,A:C
ICCX 191052:38,T:T,G:G,G:G,C:T,T:T,?,A:A,G:A,G:G,A:G,G:G,G:C,C:C,C:C
ICCV 181609:12,T:T,G:G,G:G,C:C,T:T,A:A,A:A,A:A,G:G,G:G,G:G,G:G,C:C,C:C
ICCX 191053:28,T:T,G:G,G:G,T:T,T:T,G:G,A:A,G:G,G:G,A:A,G:G,C:C,C:C,C:C
ICCX 191053:40,T:T,G:G,G:G,C:T,T:T,A:G,A:A,G:A,G:G,A:G,A:G,G:C,C:C,C:C
ICCX 191053:52,T:T,G:G,G:G,T:T,T:T,G:G,A:A,G:G,G:G,A:A,G:G,C:C,C:C,C:C
ICCX 191054:21,T:T,G:G,A:G,T:T,T:T,G:G,A:A,G:G,G:G,A:G,G:G,C:C,C:C,A:C
ICCX 191054:33,T:T,G:G,A:G,T:T,T:T,G:G,A:A,G:G,G:G,A:G,G:G,C:C,C:C,A:C
ICCX 191054:45,T:T,G:G,A:G,T:T,T:T,G:G,A:A,G:G,G:G,A:G,G:G,C:C,C:C,A:C
ICCX 191052:39,T:T,G:G,G:G,C:T,T:T,A:G,A:A,G:A,G:G,A:G,G:G,G:C,C:C,C:C
ICCV 181609:13,T:T,G:G,G:G,C:C,T:T,Uncallable,A:A,A:A,G:G,G:G,G:G,G:G,C:C,C:C
ICCX 191053:29,T:T,G:G,G:G,C:T,T:C,A:G,A:A,G:A,G:G,A:G,A:G,G:C,?,C:C
ICCX 191053:41,T:T,G:G,G:G,T:T,T:T,G:G,A:A,G:G,G:G,A:A,G:G,C:C,C:C,C:C
ICCX 191053:53,T:T,G:G,G:G,T:T,T:T,G:G,A:A,G:G,G:G,A:A,G:G,C:C,C:C,C:C
ICCX 191054:22,T:T,G:G,A:G,T:T,T:T,G:G,A:A,G:G,G:G,A:G,G:G,C:C,C:C,A:C
ICCX 191054:34,T:T,G:G,A:G,T:T,T:T,G:G,A:A,G:G,G:G,A:G,G:G,C:C,C:C,A:C
ICCX 191054:46,T:T,G:G,G:G,T:T,T:T,G:G,A:A,G:G,G:G,A:A,G:G,C:C,C:C,C:C
ICCX 191052:40,T:T,G:G,G:G,C:T,T:T,A:G,A:A,G:A,G:G,A:G,G:G,G:C,C:C,C:C
ICCV 181609:14,T:T,G:G,G:G,C:C,T:T,A:A,A:A,A:A,G:G,G:G,G:G,G:G,C:C,C:C
ICCX 191053:30,T:T,G:G,G:G,C:T,T:T,A:G,A:A,G:A,G:G,A:G,A:G,G:C,C:C,C:C
ICCX 191053:42,T:T,G:G,G:G,C:T,T:T,A:G,A:A,G:A,G:G,A:G,A:G,G:C,C:C,C:C
ICCX 191053:54,T:T,G:G,G:G,C:T,T:C,A:G,A:A,G:A,G:G,A:G,A:G,G:C,C:C,C:C
ICCX 191054:23,T:T,G:G,G:G,T:T,T:T,G:G,A:A,G:G,G:G,A:A,G:G,C:C,C:C,C:C
ICCX 191054:35,T:T,G:G,G:G,T:T,T:T,G:G,A:A,G:G,G:G,A:A,G:G,C:C,C:C,C:C
ICCX 191054:47,T:T,G:G,A:G,T:T,T:T,G:G,A:A,G:G,G:G,A:G,G:G,C:C,C:C,A:C
ICCX 191052:41,T:T,G:G,G:G,C:T,T:T,A:G,A:A,G:A,G:G,A:G,G:G,G:C,C:C,C:C
ICCV 181609:15,T:T,G:G,G:G,C:C,T:T,A:A,A:A,A:A,G:G,G:G,G:G,G:G,C:C,C:C
ICCX 191053:31,T:T,G:G,G:G,C:T,T:C,A:G,A:A,G:A,G:G,A:G,A:G,G:C,C:C,C:C
ICCX 191053:43,T:T,G:G,G:G,C:T,T:C,A:G,A:A,G:A,G:G,A:G,A:G,G:C,C:C,C:C
ICCX 191053:55,T:T,G:G,G:G,C:T,T:C,A:G,A:A,G:A,G:G,A:G,A:G,G:C,C:C,C:C
ICCX 191054:24,T:T,G:G,A:G,T:T,T:T,G:G,A:A,G:G,G:G,A:G,G:G,C:C,C:C,A:C
ICCX 191054:36,T:T,G:G,G:G,T:T,T:T,G:G,A:A,G:G,G:G,A:A,G:G,C:C,C:C,C:C
ICCX 191054:48,T:T,G:G,G:G,T:T,T:T,G:G,A:A,G:G,G:G,A:A,G:G,C:C,C:C,C:C
ICCX 191052:42,T:T,G:G,G:G,C:T,T:T,A:G,A:A,G:A,G:G,A:G,G:G,G:C,C:C,C:C
ICCV 181609:16,T:T,G:G,G:G,C:C,T:T,A:A,A:A,A:A,G:G,G:G,G:G,G:G,C:C,C:C
ICCX 191053:32,T:T,G:G,G:G,C:T,T:T,A:G,A:A,G:A,G:G,A:G,A:G,G:C,C:C,C:C
ICCX 191053:44,T:T,G:G,G:G,C:T,T:C,A:G,A:A,G:A,G:G,A:G,A:G,G:C,C:C,C:C
ICCV 181610:9,T:T,G:G,G:G,C:C,C:C,A:A,A:A,A:A,G:G,G:G,A:A,G:G,C:C,C:C
ICCX 191054:25,T:T,G:G,G:G,T:T,T:T,G:G,A:A,G:G,G:G,A:A,G:G,C:C,C:C,C:C
ICCX 191054:37,T:T,G:G,A:G,T:T,T:T,G:G,A:A,G:G,G:G,A:G,G:G,C:C,C:C,A:C
ICCX 191052:43,T:T,G:G,?,C:T,T:T,A:G,A:A,G:A,G:G,A:G,G:G,G:C,C:C,C:C
ICCX 191053:21,T:T,G:G,G:G,C:T,T:T,A:G,A:A,G:A,G:G,A:G,A:G,G:C,C:C,C:C
ICCX 191053:33,T:T,G:G,G:G,C:T,T:C,A:G,A:A,G:A,A:G,A:G,A:G,G:C,C:C,C:C
ICCX 191053:45,T:T,G:G,G:G,C:T,T:T,A:G,A:A,G:A,G:G,A:G,A:G,G:C,C:C,C:C
ICCV 181610:10,T:T,G:G,G:G,C:C,C:C,A:A,A:A,A:A,G:G,G:G,A:A,G:G,C:C,C:C
ICCX 191054:26,T:T,G:G,G:G,T:T,T:T,G:G,A:A,G:G,G:G,A:A,G:G,C:C,C:C,C:C
ICCX 191054:38,T:T,G:G,A:G,T:T,T:T,G:G,A:A,G:G,G:G,A:G,G:G,C:C,C:C,A:C
ICCX 191054:49,T:T,G:G,A:G,T:T,T:T,G:G,A:A,G:G,G:G,A:G,G:G,C:C,C:C,A:C
ICCV 181613:9,T:T,G:G,A:A,T:T,T:T,G:G,A:A,G:G,G:G,G:G,G:G,C:C,C:C,A:A
ICCV 181602:29,T:T,G:G,G:G,T:T,T:T,G:G,A:A,G:G,G:G,A:A,G:G,C:C,C:C,C:C
ICCX 191055:29,T:T,G:G,G:G,T:T,T:T,A:G,A:A,G:A,G:G,A:A,A:G,G:C,C:C,C:C
ICCX 191055:41,T:T,G:G,G:G,T:T,T:T,G:G,A:A,G:G,G:G,A:A,G:G,C:C,C:C,C:C
ICCX 191055:53,T:T,G:G,G:G,C:T,T:T,G:G,A:A,G:A,G:G,A:A,A:G,G:C,C:C,C:C
ICCV 181608:10,T:T,G:G,G:G,T:T,T:T,A:A,A:A,A:A,G:G,A:A,G:G,G:G,T:T,C:C
ICCX 191056:26,T:T,G:G,G:G,C:T,T:T,A:A,A:A,A:A,Uncallable,A:G,A:G,G:G,T:C,A:C
ICCX 191054:50,T:T,G:G,A:G,T:T,T:T,G:G,A:A,G:G,G:G,A:G,G:G,C:C,C:C,A:C
ICCV 181613:10,T:T,G:G,A:A,T:T,T:T,G:G,A:A,G:G,G:G,G:G,G:G,C:C,C:C,A:A
ICCV 181602:30,T:T,G:G,G:G,T:T,T:T,G:G,A:A,G:G,G:G,A:A,G:G,C:C,C:C,C:C
ICCX 191055:30,T:T,G:G,G:G,T:T,T:T,G:G,A:A,G:G,G:G,A:A,G:G,C:C,C:C,C:C
ICCX 191055:42,T:T,G:G,G:G,C:T,T:T,G:G,A:A,G:A,G:G,A:A,A:G,G:C,C:C,C:C
ICCX 191055:54,T:T,G:G,G:G,T:T,T:T,A:G,A:A,G:A,G:G,A:A,A:G,G:C,C:C,C:C
ICCV 181608:11,T:T,G:G,G:G,T:T,T:T,A:A,A:A,A:A,G:G,A:A,G:G,G:G,T:T,C:C
ICCX 191056:27,T:T,G:G,G:G,C:T,T:T,A:A,A:A,A:A,A:G,A:A,A:G,G:G,T:C,A:C
ICCX 191054:51,T:T,G:G,A:G,T:T,T:T,G:G,A:A,G:G,G:G,A:G,G:G,C:C,C:C,A:C
ICCV 181613:11,T:T,G:G,A:A,T:T,T:T,G:G,A:A,G:G,G:G,G:G,G:G,C:C,C:C,A:A
ICCV 181602:31,T:T,G:G,G:G,T:T,T:T,G:G,A:A,G:G,G:G,A:A,G:G,C:C,C:C,C:C
ICCX 191055:31,T:T,G:G,G:G,T:T,T:T,G:G,A:A,G:G,G:G,A:A,G:G,C:C,C:C,C:C
ICCX 191055:43,T:T,G:G,G:G,C:T,T:T,G:G,A:A,G:A,G:G,A:A,A:G,G:C,C:C,C:C
ICCX 191055:55,T:T,G:G,G:G,T:T,T:T,G:G,A:A,G:G,G:G,A:A,G:G,C:C,C:C,C:C
ICCV 181608:12,T:T,G:G,G:G,T:T,T:T,A:A,A:A,A:A,G:G,A:A,G:G,G:G,T:T,C:C
ICCX 191056:28,T:T,G:G,G:G,C:T,T:T,A:A,A:A,A:A,A:G,A:G,A:G,G:G,T:C,A:C
ICCX 191054:52,T:T,G:G,G:G,T:T,T:T,G:G,A:A,G:G,G:G,A:A,G:G,C:C,C:C,C:C
ICCV 181613:12,T:T,G:G,A:A,T:T,T:T,G:G,A:A,G:G,G:G,G:G,G:G,C:C,C:C,A:A
ICCV 181602:32,T:T,G:G,G:G,T:T,T:T,G:G,A:A,G:G,G:G,A:A,G:G,C:C,C:C,C:C
ICCX 191055:32,T:T,G:G,G:G,T:T,T:T,A:G,A:A,G:A,G:G,A:A,A:G,G:C,C:C,C:C
ICCX 191055:44,T:T,G:G,G:G,T:T,T:T,A:G,A:A,G:A,G:G,A:A,A:G,G:C,C:C,C:C
ICCV 181664:9,T:T,G:G,G:G,T:T,T:T,G:G,A:A,A:A,G:G,A:A,A:A,G:G,C:C,C:C
ICCV 181608:13,T:T,G:G,G:G,T:T,T:T,A:A,A:A,A:A,G:G,A:A,G:G,G:G,T:T,C:C
ICCX 191056:29,T:T,G:G,G:G,T:T,T:T,A:A,A:A,A:A,G:G,A:A,G:G,G:G,T:T,C:C
ICCX 191054:53,T:T,G:G,A:G,T:T,T:T,G:G,A:A,G:G,G:G,A:G,G:G,C:C,C:C,A:C
ICCV 181613:13,T:T,G:G,A:A,T:T,T:T,G:G,A:A,G:G,G:G,G:G,G:G,C:C,C:C,A:A
ICCX 191055:21,T:T,G:G,G:G,T:T,T:T,G:G,A:A,G:G,G:G,A:A,G:G,C:C,C:C,C:C
ICCX 191055:33,T:T,G:G,G:G,T:T,T:T,G:G,A:A,G:A,G:G,A:A,A:G,G:C,C:C,C:C
ICCX 191055:45,T:T,G:G,G:G,T:T,T:T,A:G,A:A,G:A,G:G,A:A,A:G,G:C,C:C,C:C
ICCV 181664:10,T:T,G:G,G:G,C:C,T:T,G:G,A:A,A:A,G:G,A:A,A:A,G:G,C:C,C:C
ICCV 181608:14,T:T,G:G,G:G,T:T,T:T,A:A,A:A,A:A,G:G,A:A,G:G,G:G,T:T,C:C
ICCX 191056:30,T:T,G:G,G:G,T:T,T:T,A:A,A:A,A:A,G:G,A:A,G:G,G:G,T:T,C:C
ICCX 191054:54,T:T,G:G,A:G,T:T,T:T,G:G,A:A,G:G,G:G,A:G,G:G,C:C,C:C,A:C
ICCV 181613:14,T:T,G:G,A:A,T:T,T:T,G:G,A:A,G:G,G:G,G:G,G:G,C:C,C:C,A:A
ICCX 191055:22,T:T,G:G,G:G,T:T,T:T,G:G,A:A,G:G,G:G,A:A,G:G,C:C,C:C,C:C
ICCX 191055:34,T:T,G:G,G:G,T:T,T:T,A:G,A:A,G:A,G:G,A:A,A:G,G:C,C:C,C:C
ICCX 191055:46,T:T,G:G,G:G,T:T,T:T,A:G,A:A,G:A,G:G,A:A,A:G,G:C,C:C,C:C
ICCV 181664:11,T:T,G:G,G:G,T:T,T:T,G:G,A:A,A:A,G:G,A:A,A:A,G:G,C:C,C:C
ICCV 181608:15,T:T,G:G,G:G,T:T,T:T,A:A,A:A,A:A,G:G,A:A,G:G,G:G,T:T,C:C
ICCX 191056:31,T:T,G:G,G:G,C:T,T:T,A:A,A:A,A:A,A:G,A:G,A:G,G:G,T:C,A:C
ICCX 191054:55,T:T,G:G,A:G,T:T,T:T,G:G,A:A,G:G,G:G,A:G,G:G,C:C,C:C,A:C
ICCV 181613:15,T:T,G:G,A:A,T:T,T:T,G:G,A:A,G:G,G:G,G:G,G:G,C:C,C:C,A:A
ICCX 191055:23,T:T,G:G,G:G,T:T,T:T,G:G,A:A,G:G,G:G,A:A,G:G,C:C,C:C,C:C
ICCX 191055:35,T:T,G:G,G:G,T:T,T:T,A:G,A:A,G:A,G:G,A:A,A:G,G:C,C:C,C:C
ICCX 191055:47,T:T,G:G,G:G,T:T,T:T,G:G,A:A,G:A,G:G,A:A,A:G,G:C,C:C,C:C
ICCV 181664:12,T:T,G:G,G:G,C:C,T:T,G:G,A:A,A:A,G:G,A:A,A:A,G:G,C:C,C:C
ICCV 181608:16,T:T,G:G,G:G,T:T,T:T,A:A,A:A,A:A,G:G,A:A,G:G,G:G,T:T,C:C
ICCX 191056:32,T:T,G:G,G:G,C:T,T:T,A:A,A:A,A:A,A:G,A:G,A:G,G:G,T:C,A:C
ICCX 191054:56,T:T,G:G,A:G,T:T,T:T,G:G,A:A,G:G,G:G,A:G,G:G,C:C,C:C,A:C
ICCV 181613:16,T:T,G:G,A:A,T:T,T:T,G:G,A:A,G:G,G:G,G:G,G:G,C:C,C:C,A:A
ICCX 191055:24,T:T,G:G,G:G,C:T,T:T,G:G,A:A,G:A,G:G,A:A,A:G,G:C,C:C,C:C
ICCX 191055:36,T:T,G:G,G:G,C:T,T:T,G:G,A:A,G:A,G:G,A:A,A:G,G:C,C:C,C:C
ICCX 191055:48,T:T,G:G,G:G,T:T,T:T,A:G,A:A,G:A,G:G,A:A,A:G,G:C,C:C,C:C
ICCV 181664:13,T:T,G:G,G:G,C:C,T:T,G:G,A:A,A:A,G:G,A:A,A:A,G:G,C:C,C:C
ICCX 191056:21,T:T,G:G,G:G,T:T,T:T,A:A,A:A,A:A,G:G,A:A,G:G,G:G,T:T,C:C
ICCX 191056:33,T:T,G:G,G:G,T:T,T:T,A:A,A:A,A:A,G:G,A:A,G:G,G:G,T:T,C:C
ICCX 191054:57,T:T,G:G,A:G,T:T,T:T,G:G,A:A,G:G,G:G,A:G,G:G,C:C,C:C,A:C
ICCV 181602:25,T:T,G:G,G:G,T:T,T:T,G:G,A:A,G:G,G:G,A:A,G:G,C:C,C:C,C:C
ICCX 191055:25,T:T,G:G,G:G,T:T,T:T,A:G,A:A,G:A,G:G,A:A,A:G,G:C,C:C,C:C
ICCX 191055:37,T:T,G:G,G:G,C:T,T:T,G:G,A:A,G:A,G:G,A:A,A:G,G:C,C:C,C:C
ICCX 191055:49,T:T,G:G,G:G,C:T,T:T,G:G,A:A,G:A,G:G,A:A,A:G,G:C,C:C,C:C
ICCV 181664:14,T:T,G:G,G:G,T:T,T:T,G:G,A:A,A:A,G:G,A:A,A:A,G:G,C:C,C:C
ICCX 191056:22,T:T,G:G,G:G,C:T,T:T,A:A,A:A,A:A,A:G,A:A,A:G,G:G,T:C,A:C
ICCX 191056:34,T:T,G:G,G:G,T:T,T:T,A:A,A:A,A:A,G:G,A:A,G:G,G:G,T:T,C:C
ICCX 191054:58,T:T,G:G,A:G,T:T,T:T,G:G,A:A,G:G,G:G,A:G,G:G,C:C,C:C,A:C
ICCV 181602:26,T:T,G:G,G:G,T:T,T:T,G:G,A:A,G:G,G:G,A:A,G:G,C:C,C:C,C:C
ICCX 191055:26,T:T,G:G,G:G,T:T,T:T,G:G,A:A,G:G,G:G,A:A,G:G,C:C,C:C,C:C
ICCX 191055:38,T:T,G:G,G:G,T:T,T:T,G:G,A:A,G:A,G:G,A:A,A:G,G:C,C:C,C:C
ICCX 191055:50,T:T,G:G,G:G,T:T,T:T,A:G,A:A,G:A,G:G,A:A,A:G,G:C,C:C,C:C
ICCV 181664:15,T:T,G:G,G:G,C:C,T:T,G:G,A:A,A:A,G:G,A:A,A:A,G:G,C:C,C:C
ICCX 191056:23,T:T,G:G,G:G,C:T,T:T,A:A,A:A,A:A,A:G,A:G,A:G,G:G,T:C,A:C
ICCX 191056:35,T:T,G:G,G:G,C:T,T:T,A:A,A:A,A:A,A:G,A:G,A:G,G:G,T:C,A:C
ICCX 191054:59,T:T,G:G,A:G,T:T,T:T,G:G,A:A,G:G,G:G,A:G,G:G,C:C,C:C,A:C
ICCV 181602:27,T:T,G:G,G:G,T:T,Uncallable,G:G,A:A,G:G,G:G,A:A,G:G,C:C,C:C,C:C
ICCX 191055:27,T:T,G:G,G:G,C:T,T:T,G:G,A:A,G:A,G:G,A:A,A:G,G:C,C:C,C:C
ICCX 191055:39,T:T,G:G,G:G,T:T,T:T,G:G,A:A,G:A,G:G,A:A,A:G,G:C,C:C,C:C
ICCX 191055:51,T:T,G:G,G:G,C:T,T:T,G:G,A:A,G:A,G:G,A:A,A:G,G:C,C:C,C:C
ICCV 181664:16,T:T,G:G,G:G,T:T,T:T,A:A,A:A,A:A,G:G,A:A,A:A,G:G,C:C,C:C
ICCX 191056:24,T:T,G:G,G:G,C:T,T:T,A:A,A:A,A:A,A:G,A:G,A:G,G:G,T:C,A:C
ICCX 191054:60,T:T,G:G,G:G,T:T,T:T,G:G,A:A,G:G,G:G,A:A,G:G,C:C,C:C,C:C
ICCV 181602:28,T:T,G:G,G:G,T:T,C:C,G:G,A:A,G:G,G:G,A:A,G:G,C:C,C:C,C:C
ICCX 191055:28,T:T,G:G,G:G,T:T,T:T,A:G,A:A,G:A,G:G,A:A,A:G,G:C,C:C,C:C
ICCX 191055:40,T:T,G:G,G:G,T:T,T:T,G:G,A:A,G:G,G:G,A:A,G:G,C:C,C:C,C:C
ICCX 191055:52,T:T,G:G,G:G,T:T,T:T,G:G,A:A,G:G,G:G,A:A,G:G,C:C,C:C,C:C
ICCV 181608:9,T:T,G:G,G:G,T:T,T:T,A:A,A:A,A:A,G:G,A:A,G:G,G:G,T:T,C:C
ICCX 191056:25,T:T,G:G,G:G,C:T,T:T,A:A,A:A,A:A,A:G,A:A,A:G,G:G,T:C,A:C
ICCX 191056:36,T:T,G:G,G:G,T:T,T:T,A:A,A:A,A:A,G:G,A:A,G:G,G:G,T:T,C:C
ICCX 191056:48,T:T,G:G,G:G,C:T,T:T,A:A,A:A,A:A,A:G,A:A,A:G,G:G,T:C,A:C
ICCX 191056:60,T:T,G:G,G:G,C:T,T:T,A:A,A:A,A:A,A:G,A:G,A:G,G:G,T:C,A:C
ICCX 191057:24,T:T,G:G,G:G,C:T,T:T,A:A,A:A,A:A,G:G,A:G,G:G,G:G,T:C,C:C
ICCX 191057:36,T:T,G:G,G:G,C:T,T:C,A:A,A:A,A:A,G:G,A:G,G:G,G:G,T:C,C:C
ICCX 191057:48,T:T,G:G,G:G,C:T,T:T,A:A,A:A,A:A,G:G,A:G,G:G,G:G,T:C,C:C
ICCX 191058:30,T:T,G:G,G:G,C:T,T:C,A:G,A:A,A:A,G:G,A:G,A:G,G:G,T:C,C:C
ICCX 191058:42,T:T,G:G,G:G,C:T,T:C,A:A,A:A,A:A,G:G,A:G,A:G,G:G,T:C,C:C
ICCX 191056:37,T:T,G:G,G:G,C:T,T:T,A:A,A:A,A:A,A:G,A:G,A:G,G:G,T:C,A:C
ICCX 191056:49,T:T,G:G,G:G,C:T,T:T,A:A,A:A,A:A,A:G,A:G,A:G,G:G,T:C,A:C
ICCV 181605:25,T:T,G:G,G:G,C:C,T:T,A:A,A:A,A:A,A:A,A:A,A:A,G:G,C:C,A:A
ICCX 191057:25,T:T,G:G,G:G,T:T,T:T,A:A,A:A,A:A,G:G,A:A,G:G,G:G,T:T,C:C
ICCX 191057:37,T:T,G:G,G:G,C:T,T:T,A:A,A:A,A:A,G:G,A:G,G:G,G:G,T:C,C:C
ICCX 191057:49,T:T,G:G,G:G,C:T,T:T,A:A,A:A,A:A,G:G,A:G,G:G,G:G,T:C,C:C
ICCX 191058:31,T:T,G:G,G:G,T:T,T:T,A:A,A:A,A:A,G:G,A:A,G:G,G:G,T:T,C:C
ICCX 191058:43,T:T,G:G,G:G,C:T,T:C,A:A,A:A,A:A,G:G,A:G,A:G,G:G,T:C,C:C
ICCX 191056:38,T:T,G:G,G:G,C:T,T:T,A:A,A:A,A:A,A:G,A:G,A:G,G:G,T:C,A:C
ICCX 191056:50,T:T,G:G,G:G,C:T,T:T,A:A,A:A,A:A,A:G,A:G,A:G,G:G,T:C,A:C
ICCV 181605:26,T:T,G:G,?,C:C,T:T,A:A,A:A,A:A,A:A,G:G,A:A,G:G,C:C,A:A
ICCX 191057:26,T:T,G:G,G:G,C:T,T:T,A:A,A:A,A:A,G:G,A:G,G:G,G:G,T:C,C:C
ICCX 191057:38,T:T,G:G,G:G,C:C,T:C,A:G,A:A,A:A,G:G,G:G,A:G,G:G,C:C,C:C
ICCX 191057:50,T:T,G:G,G:G,C:T,T:T,A:A,A:A,A:A,G:G,A:G,G:G,G:G,T:C,C:C
ICCX 191058:32,T:T,G:G,G:G,C:T,T:C,A:A,A:A,A:A,G:G,A:G,A:G,G:G,T:C,C:C
ICCX 191058:44,T:T,G:G,G:G,C:T,T:C,A:A,A:A,A:A,G:G,A:G,A:G,G:G,T:C,C:C
ICCX 191056:39,T:T,G:G,G:G,C:T,T:T,A:A,A:A,A:A,A:G,A:A,A:G,G:G,T:C,A:C
ICCX 191056:51,T:T,G:G,G:G,C:T,T:T,A:A,A:A,A:A,A:G,A:G,A:G,G:G,T:C,A:C
ICCV 181605:27,T:T,G:G,G:G,C:C,T:T,A:A,A:A,A:A,A:A,A:A,A:A,G:G,C:C,A:A
ICCX 191057:27,T:T,G:G,G:G,C:T,T:T,A:A,A:A,A:A,G:G,A:G,G:G,G:G,T:C,C:C
ICCX 191057:39,T:T,G:G,G:G,C:T,T:C,A:G,A:A,A:A,G:G,A:A,G:G,G:G,T:C,C:C
ICCX 191058:21,T:T,G:G,G:G,C:T,T:C,A:A,A:A,A:A,G:G,A:G,A:G,G:G,T:C,C:C
ICCX 191058:33,T:T,G:G,G:G,C:T,T:C,A:A,A:A,A:A,G:G,A:G,A:G,G:G,T:C,C:C
ICCX 191058:45,?,Uncallable,G:G,C:T,T:C,A:A,A:A,A:A,G:G,A:G,A:G,G:G,T:C,C:C
ICCX 191056:40,T:T,G:G,G:G,C:T,T:T,A:A,A:A,A:A,A:G,A:A,A:G,G:G,T:C,A:C
ICCX 191056:52,T:T,G:G,G:G,C:T,T:T,A:A,A:A,A:A,A:G,A:G,A:G,G:G,T:C,A:C
ICCV 181605:28,T:T,G:G,G:G,C:C,T:T,A:A,A:A,A:A,A:A,A:A,A:A,G:G,C:C,A:A
ICCX 191057:28,T:T,G:G,G:G,C:T,T:T,A:A,A:A,A:A,G:G,A:G,G:G,G:G,T:C,C:C
ICCX 191057:40,T:T,G:G,G:G,T:T,T:T,A:A,A:A,A:A,G:G,A:A,G:G,G:G,T:T,C:C
ICCX 191058:22,T:T,G:G,G:G,C:T,T:C,A:A,A:A,A:A,G:G,A:G,A:G,G:G,T:C,C:C
ICCX 191058:34,T:T,G:G,G:G,C:T,T:C,A:A,A:A,A:A,G:G,A:G,A:G,G:G,T:C,C:C
ICCX 191058:46,T:T,G:G,G:G,C:T,T:C,A:A,A:A,A:A,G:G,A:G,A:G,G:G,T:C,C:C
ICCX 191056:41,T:T,G:G,G:G,C:T,T:T,A:A,A:A,A:A,A:G,A:G,A:G,G:G,T:C,A:C
ICCX 191056:53,T:T,G:G,G:G,C:T,T:T,A:A,A:A,A:A,A:G,A:G,A:G,G:G,T:C,A:C
ICCV 181605:29,T:T,G:G,G:G,C:C,T:T,A:A,A:A,A:A,A:A,A:A,A:A,G:G,C:C,A:A
ICCX 191057:29,T:T,G:G,G:G,C:T,T:C,A:G,A:A,A:A,G:G,A:A,G:G,G:G,T:C,C:C
ICCX 191057:41,T:T,G:G,G:G,T:T,T:T,A:A,A:A,A:A,G:G,A:A,G:G,G:G,T:T,C:C
ICCX 191058:23,T:T,G:G,G:G,C:T,T:C,A:A,A:A,A:A,G:G,A:G,A:G,G:G,T:C,C:C
ICCX 191058:35,T:T,G:G,G:G,C:T,T:C,A:A,A:A,A:A,G:G,A:G,A:G,G:G,T:C,C:C
ICCX 191058:47,T:T,G:G,G:G,C:T,T:C,A:A,A:A,A:A,G:G,A:G,A:G,G:G,T:C,C:C
ICCX 191056:42,T:T,G:G,G:G,C:T,T:T,A:A,A:A,A:A,A:G,A:G,A:G,G:G,T:C,A:C
ICCX 191056:54,T:T,G:G,G:G,C:T,T:T,A:A,A:A,A:A,A:G,A:A,A:G,G:G,T:C,A:C
ICCV 181605:30,T:T,G:G,G:G,C:C,T:T,A:A,A:A,A:A,A:A,A:A,A:A,G:G,C:C,A:A
ICCX 191057:30,T:T,G:G,G:G,C:T,T:T,A:A,A:A,A:A,G:G,A:G,G:G,G:G,T:C,C:C
ICCX 191057:42,T:T,G:G,G:G,C:C,C:C,G:G,A:A,A:A,G:G,G:G,A:A,G:G,C:C,C:C
ICCX 191058:24,T:T,G:G,G:G,C:T,T:C,A:A,A:A,A:A,G:G,A:G,A:G,G:G,T:C,C:C
ICCX 191058:36,T:T,G:G,G:G,C:T,T:C,A:A,A:A,A:A,G:G,A:G,A:G,G:G,T:C,C:C
ICCX 191058:48,T:T,G:G,G:G,C:T,T:C,A:A,A:A,A:A,G:G,A:G,A:G,G:G,T:C,C:C
ICCX 191056:43,T:T,G:G,G:G,C:T,T:T,A:A,A:A,A:A,A:G,A:A,A:G,G:G,T:C,A:C
ICCX 191056:55,T:T,G:G,G:G,T:T,T:T,A:A,A:A,A:A,G:G,A:A,G:G,G:G,T:T,C:C
ICCV 181605:31,T:T,G:G,G:G,C:C,T:T,A:A,A:A,A:A,A:A,G:G,A:A,G:G,C:C,A:A
ICCX 191057:31,T:T,G:G,G:G,C:T,T:T,A:A,A:A,A:A,G:G,A:G,G:G,G:G,T:C,C:C
ICCX 191057:43,T:T,G:G,G:G,C:T,T:T,A:A,A:A,A:A,G:G,A:G,G:G,G:G,T:C,C:C
ICCX 191058:25,T:T,G:G,G:G,C:T,T:C,A:A,A:A,A:A,G:G,A:G,A:G,G:G,T:C,C:C
ICCX 191058:37,T:T,G:G,G:G,C:T,T:C,A:A,A:A,A:A,G:G,A:G,A:G,G:G,T:C,C:C
ICCX 191058:49,T:T,G:G,G:G,C:T,T:C,A:A,A:A,A:A,G:G,A:G,A:G,G:G,T:C,C:C
ICCX 191056:44,T:T,G:G,G:G,C:T,T:T,A:A,A:A,A:A,A:G,A:G,A:G,G:G,T:C,A:C
ICCX 191056:56,T:T,G:G,G:G,T:T,T:T,A:A,A:A,A:A,G:G,A:A,G:G,G:G,T:T,C:C
ICCV 181605:32,T:T,G:G,G:G,C:C,T:T,A:A,A:A,A:A,A:A,A:A,A:A,G:G,C:C,A:A
ICCX 191057:32,T:T,G:G,G:G,C:T,T:T,A:A,A:A,A:A,G:G,A:G,G:G,G:G,T:C,C:C
ICCX 191057:44,T:T,G:G,G:G,C:T,T:T,A:A,A:A,A:A,G:G,A:G,G:G,G:G,T:C,C:C
ICCX 191058:26,T:T,G:G,G:G,C:T,T:C,A:A,A:A,A:A,G:G,A:G,A:G,G:G,T:C,C:C
ICCX 191058:38,T:T,G:G,G:G,C:T,T:C,A:A,A:A,A:A,G:G,A:G,A:G,G:G,T:C,C:C
ICCX 191058:50,T:T,G:G,G:G,C:T,T:C,A:A,A:A,A:A,G:G,A:G,A:G,G:G,T:C,C:C
ICCX 191056:45,T:T,G:G,G:G,T:T,T:T,A:A,A:A,A:A,G:G,A:A,G:G,G:G,T:C,C:C
ICCX 191056:57,T:T,G:G,G:G,C:T,T:T,A:A,A:A,A:A,A:G,A:G,A:G,G:G,T:C,A:C
ICCX 191057:21,T:T,G:G,G:G,C:T,T:T,A:A,A:A,A:A,G:G,A:G,G:G,G:G,T:C,C:C
ICCX 191057:33,T:T,G:G,G:G,C:T,T:T,A:A,A:A,A:A,G:G,A:G,G:G,G:G,T:C,C:C
ICCX 191057:45,T:T,G:G,G:G,C:T,T:T,A:A,A:A,A:A,G:G,A:G,G:G,G:G,T:C,C:C
ICCX 191058:27,T:T,G:G,G:G,C:T,T:C,A:A,A:A,A:A,G:G,A:G,A:G,G:G,T:C,C:C
ICCX 191058:39,T:T,G:G,G:G,C:T,T:C,A:A,A:A,A:A,G:G,A:G,A:G,G:G,T:C,C:C
ICCX 191058:51,T:T,G:G,G:G,C:T,T:C,A:A,A:A,A:A,G:G,A:G,A:G,G:G,T:C,C:C
ICCX 191056:46,T:T,G:G,G:G,T:T,T:T,A:A,A:A,A:A,G:G,A:A,G:G,G:G,T:T,C:C
ICCX 191056:58,T:T,G:G,G:G,T:T,T:T,A:A,A:A,A:A,G:G,A:A,G:G,G:G,T:T,C:C
ICCX 191057:22,T:T,G:G,G:G,T:T,T:T,A:A,A:A,A:A,G:G,A:A,G:G,G:G,T:T,C:C
ICCX 191057:34,T:T,G:G,A:G,T:T,T:T,A:G,A:A,G:A,G:G,A:G,G:G,G:C,T:C,A:C
ICCX 191057:46,T:T,G:G,G:G,T:T,T:T,A:A,A:A,A:A,G:G,A:A,G:G,G:G,T:T,C:C
ICCX 191058:28,T:T,G:G,G:G,C:T,T:C,A:A,A:A,A:A,G:G,A:G,A:G,G:G,T:C,C:C
ICCX 191058:40,T:T,G:G,G:G,C:T,T:C,A:A,A:A,A:A,G:G,A:G,A:G,G:G,T:C,C:C
ICCX 191056:47,T:T,G:G,G:G,T:T,T:T,A:A,A:A,A:A,G:G,A:A,G:G,G:G,T:T,C:C
ICCX 191056:59,T:T,G:G,G:G,C:T,T:T,A:A,A:A,A:A,A:G,A:G,A:G,G:G,T:C,A:C
ICCX 191057:23,T:T,G:G,G:G,C:T,T:T,A:A,A:A,A:A,G:G,A:G,G:G,G:G,T:C,C:C
ICCX 191057:35,T:T,G:G,G:G,C:T,T:T,A:A,A:A,A:A,G:G,A:G,G:G,G:G,T:C,C:C
ICCX 191057:47,T:T,G:G,G:G,T:T,T:T,A:G,A:A,G:A,G:G,A:A,G:G,G:C,T:C,C:C
ICCX 191058:29,T:T,G:G,G:G,C:T,T:C,A:A,A:A,A:A,G:G,A:G,A:G,G:G,T:C,C:C
ICCX 191058:41,T:T,G:G,G:G,T:T,T:T,A:A,A:A,A:A,G:G,A:A,G:G,G:G,T:T,C:C
ICCX 191058:52,T:T,G:G,G:G,C:T,T:C,A:A,A:A,A:A,G:G,A:G,A:G,G:G,T:C,C:C
ICCX 191059:24,T:T,G:G,A:G,T:T,T:T,A:G,A:A,G:A,G:G,A:G,G:G,G:C,T:C,A:C
ICCX 191059:36,T:T,G:G,G:G,T:T,T:T,A:A,A:A,A:A,G:G,A:A,G:G,G:G,T:T,C:C
ICCX 191060:26,T:T,G:G,G:G,C:T,T:T,A:A,A:A,A:A,G:G,A:A,A:G,G:G,T:C,C:C
ICCV 181310:10,A:A,A:A,G:G,C:C,T:T,A:A,A:A,G:G,A:A,G:G,G:G,G:G,C:C,C:C
ICCX 191061:17,A:A,A:A,G:G,C:C,T:T,A:A,A:A,G:G,A:A,G:G,G:G,G:G,C:C,C:C
ICCV 181301:15,A:A,G:G,G:G,C:C,T:T,G:G,A:A,A:A,G:G,G:G,A:A,G:G,C:C,C:C
ICCV 181306:9,A:A,G:G,G:G,C:C,T:T,G:G,A:A,A:A,A:A,G:G,G:G,G:G,C:C,C:C
ICCX 191058:53,T:T,G:G,G:G,C:T,T:C,A:A,A:A,A:A,G:G,A:G,A:G,G:G,T:C,C:C
ICCX 191059:25,T:T,G:G,A:G,T:T,T:T,A:G,A:A,G:A,G:G,A:G,G:G,G:C,T:C,A:C
ICCX 191059:37,T:T,G:G,G:G,T:T,T:T,A:A,A:A,A:A,G:G,A:A,G:G,G:G,T:T,C:C
ICCX 191060:27,T:T,G:G,G:G,T:T,T:T,A:G,A:A,A:A,G:G,A:A,A:G,G:G,T:C,C:C
ICCV 181310:11,A:A,G:G,G:G,C:C,T:T,A:A,A:A,G:G,A:A,G:G,G:G,G:G,C:C,C:C
ICCV 181301:16,A:A,G:G,G:G,C:C,T:T,A:A,A:A,G:G,G:G,G:G,G:G,G:G,C:C,C:C
ICCV 181306:10,A:A,G:G,G:G,C:C,T:T,G:G,A:A,A:A,A:A,G:G,G:G,G:G,C:C,C:C
ICCX 191058:54,T:T,G:G,G:G,C:T,T:C,A:A,A:A,A:A,G:G,A:G,A:G,G:G,T:C,C:C
ICCX 191059:26,T:T,G:G,G:G,T:T,T:T,A:A,A:A,A:A,G:G,A:A,G:G,G:G,T:T,C:C
ICCX 191059:38,T:T,G:G,A:G,T:T,T:T,A:G,A:A,G:A,G:G,A:G,G:G,G:C,T:C,A:C
ICCX 191060:28,T:T,G:G,G:G,T:T,T:T,A:A,A:A,A:A,G:G,A:A,A:G,G:G,T:C,C:C
ICCV 181310:12,A:A,G:G,G:G,C:C,T:T,A:A,A:A,G:G,A:A,G:G,G:G,G:G,C:C,C:C
ICCX 191061:19,A:A,G:A,A:G,C:T,T:C,A:A,A:A,G:G,A:G,G:G,A:G,G:G,C:C,C:C
ICCX 191062:11,A:A,G:A,G:G,C:C,T:T,A:G,A:A,G:A,A:A,G:G,G:G,G:G,C:C,C:C
ICCV 181306:11,A:A,G:G,G:G,C:C,T:T,G:G,A:A,A:A,A:A,G:G,G:G,G:G,C:C,C:C
ICCX 191058:55,T:T,G:G,G:G,C:T,T:C,A:A,A:A,A:A,G:G,A:G,A:G,G:G,T:C,C:C
ICCX 191059:27,T:T,G:G,G:G,T:T,T:T,A:A,A:A,A:A,G:G,A:A,G:G,G:G,T:T,C:C
ICCX 191059:39,T:T,G:G,G:G,T:T,T:T,A:A,A:A,A:A,G:G,A:A,G:G,G:G,T:T,C:C
ICCX 191060:29,T:T,G:G,G:G,T:T,T:T,A:A,A:A,A:A,G:G,A:A,A:G,G:G,T:C,C:C
ICCV 181310:13,A:A,G:G,G:G,C:C,T:T,A:A,A:A,G:G,A:A,G:G,G:G,G:G,C:C,C:C
ICCX 191061:20,A:A,G:A,G:G,C:C,T:T,A:G,A:A,G:A,A:G,G:G,A:G,G:G,C:C,C:C
ICCX 191062:12,A:A,G:G,G:G,C:C,T:T,A:A,A:A,G:G,A:A,G:G,G:G,G:G,C:C,C:C
ICCV 181306:12,A:A,G:G,G:G,C:C,T:T,G:G,A:A,A:A,A:A,G:G,G:G,G:G,C:C,C:C
ICCX 191058:56,T:T,G:G,G:G,C:T,T:C,A:A,A:A,A:A,G:G,A:G,A:G,G:G,T:C,C:C
ICCX 191059:28,T:T,G:G,A:G,T:T,T:T,A:G,A:A,G:A,G:G,A:G,G:G,G:C,T:C,A:C
ICCX 191059:40,T:T,G:G,A:G,T:T,T:T,A:G,A:A,G:A,G:G,A:G,G:G,G:C,T:C,A:C
ICCX 191060:30,T:T,G:G,G:G,T:T,T:T,A:G,A:A,A:A,G:G,A:A,A:G,G:G,T:C,C:C
ICCV 181310:14,A:A,A:A,G:G,C:C,T:T,A:A,A:A,G:G,A:A,G:G,G:G,G:G,C:C,C:C
ICCX 191061:21,A:A,G:A,A:G,C:T,T:C,A:A,A:A,G:G,A:G,G:G,A:G,G:G,C:C,C:C
ICCX 191062:13,A:A,G:G,G:G,C:C,T:T,A:A,A:A,G:G,A:A,G:G,G:G,G:G,C:C,C:C
ICCV 181306:13,A:A,G:G,G:G,C:C,T:T,G:G,A:A,A:A,A:A,G:G,G:G,G:G,C:C,C:C
ICCX 191058:57,T:T,G:G,G:G,C:T,T:C,A:A,A:A,A:A,G:G,A:G,A:G,G:G,T:C,C:C
ICCX 191059:29,T:T,G:G,A:G,T:T,T:T,A:G,A:A,G:A,G:G,A:G,G:G,G:C,T:C,A:C
ICCX 191060:19,T:T,G:G,G:G,T:T,T:T,A:G,A:A,G:A,G:G,A:A,G:G,G:G,T:C,C:C
ICCX 191060:31,T:T,G:G,G:G,T:T,T:T,A:A,A:A,A:A,G:G,A:A,G:G,G:G,T:T,C:C
ICCV 181310:15,A:A,A:A,G:G,C:C,T:T,A:A,A:A,G:G,A:A,G:G,G:G,G:G,C:C,C:C
ICCX 191061:22,A:A,G:A,G:G,C:C,T:C,A:A,A:A,G:G,A:G,G:G,G:G,G:G,C:C,C:C
ICCX 191062:14,A:A,G:G,G:G,C:C,T:T,A:G,A:A,G:A,A:A,G:G,G:G,G:G,C:C,C:C
ICCX 191063:12,A:A,A:A,G:G,C:C,T:T,A:A,A:A,G:G,A:A,G:G,G:G,G:G,C:C,C:C
ICCX 191058:58,T:T,G:G,G:G,C:T,T:C,A:A,A:A,A:A,G:G,A:G,A:G,G:G,T:C,C:C
ICCX 191059:30,T:T,G:G,G:G,T:T,T:T,A:A,A:A,A:A,G:G,A:A,G:G,G:G,T:T,C:C
ICCX 191060:20,T:T,G:G,G:G,C:T,T:T,A:A,A:A,A:A,G:G,A:A,A:G,G:G,T:C,C:C
ICCX 191060:32,T:T,G:G,G:G,T:T,T:T,A:G,A:A,A:A,G:G,A:A,A:G,G:G,T:C,C:C
ICCV 181310:16,A:A,A:A,G:G,C:C,T:T,A:A,A:A,G:G,A:A,G:G,G:G,G:G,Uncallable,C:C
ICCV 181301:9,A:A,G:G,G:G,C:C,T:T,A:A,A:A,G:G,G:G,G:G,G:G,G:G,C:C,C:C
ICCX 191062:15,A:A,A:A,G:G,C:C,T:T,A:A,A:A,G:G,A:A,G:G,G:G,G:G,C:C,C:C
ICCX 191063:13,A:A,A:A,G:G,C:C,T:T,A:A,A:A,G:G,A:A,G:G,G:G,G:G,C:C,C:C
ICCX 191058:59,T:T,G:G,G:G,C:T,T:C,A:A,A:A,A:A,G:G,A:G,A:G,G:G,T:C,C:C
ICCX 191059:31,T:T,G:G,A:G,T:T,T:T,A:G,A:A,G:A,G:G,A:G,G:G,G:C,T:C,A:C
ICCX 191060:21,T:T,G:G,G:G,T:T,T:T,A:G,A:A,A:A,G:G,A:A,A:G,G:G,T:C,C:C
ICCX 191060:33,T:T,G:G,G:G,T:T,T:T,A:A,A:A,A:A,G:G,A:A,A:G,G:G,T:C,C:C
ICCX 191061:12,A:A,G:A,G:G,C:C,T:T,A:A,A:A,G:G,A:G,G:G,A:G,G:G,C:C,C:C
ICCV 181301:10,A:A,G:G,G:G,C:C,T:T,A:A,A:A,G:G,G:G,G:G,A:A,G:G,C:C,C:C
ICCX 191062:16,A:A,G:G,G:G,C:C,T:T,A:G,A:A,G:A,A:A,G:G,G:G,G:G,C:C,C:C
ICCX 191063:14,A:A,G:A,G:G,C:T,T:C,A:A,A:A,G:A,A:A,G:G,G:G,G:G,C:C,C:C
ICCX 191058:60,T:T,G:G,G:G,C:T,T:C,A:A,A:A,A:A,G:G,A:G,A:G,G:G,T:C,C:C
ICCX 191059:32,T:T,G:G,G:G,T:T,T:T,A:A,A:A,A:A,G:G,A:A,G:G,G:G,T:T,C:C
ICCX 191060:22,T:T,G:G,G:G,T:T,T:T,A:G,A:A,A:A,G:G,A:A,A:G,G:G,T:C,C:C
ICCX 191060:34,T:T,G:G,G:G,T:T,T:T,A:A,A:A,A:A,G:G,A:A,A:G,G:G,T:C,C:C
ICCX 191061:13,A:A,G:A,A:G,C:T,T:C,A:A,A:A,G:G,A:G,G:G,A:G,G:G,C:C,C:C
ICCV 181301:11,A:A,G:G,G:G,C:C,C:C,A:A,A:A,G:G,G:G,G:G,G:G,G:G,C:C,C:C
ICCX 191062:17,A:A,G:A,G:G,C:C,T:T,A:G,A:A,G:A,A:A,G:G,G:G,G:G,C:C,C:C
ICCX 191063:15,A:A,G:G,G:G,C:T,T:C,A:A,A:A,G:A,A:A,G:G,G:G,G:G,C:C,C:C
ICCX 191059:21,T:T,G:G,A:G,T:T,T:T,A:G,A:A,G:A,G:G,A:G,G:G,G:C,T:C,A:C
ICCX 191059:33,T:T,G:G,A:G,T:T,T:T,A:G,A:A,G:A,G:G,A:G,G:G,G:C,T:C,A:C
ICCX 191060:23,T:T,G:G,G:G,C:T,T:T,A:A,A:A,A:A,G:G,A:A,A:G,G:G,T:C,C:C
ICCX 191060:35,T:T,G:G,G:G,T:T,T:T,A:A,A:A,A:A,G:G,A:A,G:G,G:G,T:T,C:C
ICCX 191061:14,A:A,G:G,G:G,C:C,T:T,A:A,A:A,G:G,A:A,G:G,G:G,G:G,C:C,C:C
ICCV 181301:12,A:A,A:A,G:G,C:C,T:T,A:A,A:A,G:G,G:G,G:G,G:G,G:G,C:C,C:C
ICCX 191062:18,A:A,G:G,G:G,C:C,T:T,A:G,A:A,G:A,A:A,G:G,G:G,G:G,C:C,C:C
ICCX 191063:16,A:A,G:A,G:G,C:T,T:C,A:A,A:A,G:A,A:A,G:G,G:G,G:G,C:C,C:C
ICCX 191059:22,T:T,G:G,A:G,T:T,T:T,A:G,A:A,G:A,G:G,A:G,G:G,G:C,T:C,A:C
ICCX 191059:34,T:T,G:G,A:G,T:T,T:T,A:G,A:A,G:A,G:G,A:G,G:G,G:C,T:C,A:C
ICCX 191060:24,T:T,G:G,G:G,C:T,T:T,A:G,A:A,A:A,G:G,A:A,A:G,G:G,T:C,C:C
ICCX 191060:36,T:T,G:G,G:G,T:T,T:T,A:G,A:A,A:A,G:G,A:A,A:G,G:G,T:C,C:C
ICCX 191061:15,A:A,G:A,A:G,C:T,T:C,A:A,A:A,G:G,A:G,G:G,A:G,G:G,C:C,C:C
ICCV 181301:13,A:A,A:A,G:G,C:C,T:T,A:A,A:A,G:G,G:G,G:G,G:G,G:G,C:C,C:C
ICCX 191062:19,A:A,G:A,G:G,C:C,T:T,A:G,A:A,G:A,A:A,G:G,G:G,G:G,C:C,C:C
ICCX 191059:23,T:T,G:G,A:G,T:T,T:T,A:G,A:A,G:A,G:G,A:G,G:G,G:C,T:C,A:C
ICCX 191059:35,T:T,G:G,A:G,T:T,T:T,A:G,A:A,G:A,G:G,A:G,G:G,G:C,T:C,A:C
ICCX 191060:25,T:T,G:G,G:G,T:T,T:T,A:A,A:A,A:A,G:G,A:A,G:G,G:G,T:T,C:C
ICCV 181310:9,A:A,A:A,G:G,C:C,T:T,A:A,A:A,G:G,A:A,G:G,G:G,G:G,C:C,C:C
ICCX 191061:16,A:A,A:A,G:G,C:C,T:T,A:A,A:A,G:G,A:G,G:G,G:G,G:G,C:C,C:C
ICCV 181301:14,A:A,G:G,G:G,C:C,C:C,A:A,A:A,G:G,G:G,G:G,G:G,G:G,C:C,C:C
ICCX 191062:20,A:A,G:G,G:G,C:C,T:T,A:G,A:A,G:A,A:A,G:G,G:G,G:G,C:C,C:C
ICCX 191063:17,A:A,G:A,G:G,C:T,T:C,A:A,A:A,G:A,A:A,G:G,G:G,G:G,C:C,C:C
ICCV 181309:13,A:A,G:G,G:G,T:T,C:C,A:A,A:A,A:A,A:A,G:G,G:G,G:G,C:C,C:C
ICCX 191064:19,A:A,A:A,G:G,C:C,T:T,A:A,A:A,G:G,A:A,G:G,G:G,G:G,C:C,C:C
ICCV 181317:11,A:A,G:G,G:G,T:T,C:C,G:G,A:A,A:A,A:A,G:G,G:G,C:C,T:T,A:A
ICCX 191065:15,A:A,G:G,G:G,C:T,T:T,G:G,A:A,A:A,A:A,G:G,A:G,G:C,T:C,A:C
ICCX 191065:27,A:A,G:G,G:G,C:T,T:T,G:G,A:A,A:A,A:A,G:G,A:G,G:C,T:C,A:C
ICCX 191066:15,A:A,G:G,G:G,T:T,C:C,G:G,A:A,A:A,A:A,G:G,G:G,C:C,T:T,A:A
ICCX 191066:27,A:A,G:A,G:G,C:T,C:C,G:G,A:A,G:A,A:G,G:G,A:G,G:C,T:C,A:C
ICCX 191063:18,A:A,G:A,G:G,C:T,T:C,A:A,A:A,G:A,A:A,G:G,G:G,G:G,C:C,C:C
ICCV 181309:14,A:A,G:G,G:G,T:T,C:C,A:A,A:A,A:A,A:A,G:G,G:G,G:G,C:C,C:C
ICCX 191064:20,A:A,G:A,G:G,C:C,T:T,A:A,A:A,G:G,A:G,G:G,G:G,G:G,C:C,C:C
ICCV 181317:12,A:A,G:G,G:G,T:T,C:C,G:G,A:A,A:A,A:A,G:G,G:G,C:C,T:T,A:A
ICCX 191065:16,A:A,G:G,G:G,T:T,C:C,G:G,A:A,A:A,A:A,G:G,G:G,C:C,T:T,A:A
ICCX 191065:28,A:A,G:A,G:G,C:T,C:C,G:G,A:A,A:A,A:A,G:G,A:G,G:C,T:C,A:C
ICCX 191066:16,A:A,G:A,G:G,C:T,C:C,G:G,A:A,G:A,A:A,G:G,A:G,G:C,T:C,A:C
ICCX 191066:28,A:A,G:A,G:G,C:T,C:C,G:G,A:A,G:A,A:G,G:G,?,G:C,T:C,A:C
ICCX 191063:19,A:A,G:G,G:G,C:T,T:C,A:A,A:A,G:A,A:A,G:G,G:G,G:G,C:C,C:C
ICCV 181309:15,A:A,G:G,G:G,T:T,C:C,A:A,A:A,A:A,A:A,G:G,G:G,G:G,C:C,C:C
ICCV 181318:9,A:A,G:G,G:G,C:C,T:T,A:A,A:A,G:G,G:G,G:G,G:G,G:G,C:C,C:C
ICCV 181317:13,A:A,G:G,G:G,T:T,?,G:G,A:A,A:A,A:A,G:G,G:G,C:C,T:T,A:A
ICCX 191065:17,A:A,G:G,G:G,T:T,T:C,G:G,A:A,A:A,A:A,G:G,G:G,C:C,T:T,A:A
ICCX 191065:29,A:A,G:G,G:G,C:T,T:T,G:G,A:A,G:A,A:A,G:G,A:G,G:C,T:C,A:C
ICCX 191066:17,A:A,G:A,G:G,C:T,C:C,G:G,A:A,G:A,A:G,G:G,A:G,G:C,T:C,A:C
ICCV 181312:9,A:A,A:A,G:G,C:C,C:C,G:G,A:A,G:G,G:G,G:G,A:A,G:G,C:C,C:C
ICCX 191063:20,A:A,A:A,G:G,C:C,T:T,A:A,A:A,G:G,A:A,G:G,G:G,G:G,C:C,C:C
ICCV 181309:16,A:A,G:G,G:G,T:T,C:C,A:A,A:A,A:A,A:A,G:G,G:G,G:G,C:C,C:C
ICCV 181318:10,A:A,G:G,G:G,C:C,T:T,A:A,A:A,G:G,G:G,G:G,G:G,G:G,C:C,C:C
ICCV 181317:14,A:A,G:G,G:G,T:T,C:C,G:G,A:A,A:A,A:A,G:G,G:G,C:C,T:T,A:A
ICCX 191065:18,A:A,G:A,G:G,C:T,C:C,G:G,A:A,A:A,A:A,G:G,A:G,G:C,T:C,A:C
ICCX 191065:30,A:A,G:A,G:G,C:T,C:C,G:G,A:A,A:A,A:A,G:G,A:G,G:C,T:C,A:C
ICCX 191066:18,A:A,G:A,G:G,C:T,C:C,A:G,A:A,G:A,A:A,G:G,A:G,G:C,T:C,A:C
ICCV 181312:10,A:A,?,G:G,C:C,C:C,G:G,A:A,G:G,G:G,G:G,A:A,G:G,C:C,C:C
ICCX 191063:21,A:A,G:A,G:G,C:T,T:C,A:A,A:A,G:A,A:A,G:G,G:G,G:G,C:C,C:C
ICCX 191064:11,A:A,G:A,G:G,C:C,T:T,A:A,A:A,G:G,A:G,G:G,G:G,G:G,C:C,C:C
ICCV 181318:11,A:A,G:G,G:G,C:C,T:T,A:A,A:A,G:G,G:G,G:G,G:G,G:G,C:C,C:C
ICCV 181317:15,A:A,G:G,G:G,T:T,?,G:G,A:A,A:A,A:A,?,G:G,C:C,T:T,A:A
ICCX 191065:19,A:A,G:A,G:G,C:T,C:C,G:G,A:A,A:A,A:A,G:G,A:G,G:C,T:C,A:C
ICCV 181311:9,A:A,A:A,G:G,C:C,C:C,G:G,A:A,A:A,A:A,G:G,A:A,G:G,C:C,C:C
ICCX 191066:19,A:A,G:G,G:G,T:T,C:C,G:G,A:A,A:A,A:A,G:G,G:G,C:C,T:T,A:A
ICCV 181312:11,A:A,A:A,G:G,C:C,C:C,G:G,A:A,G:G,A:A,G:G,A:A,G:G,C:C,C:C
ICCX 191063:22,A:A,G:A,G:G,C:T,T:C,A:A,A:A,G:A,A:A,G:G,G:G,G:G,C:C,C:C
ICCX 191064:12,A:A,G:A,G:G,C:C,T:T,A:A,A:A,G:G,A:G,G:G,G:G,G:G,C:C,C:C
ICCV 181318:12,A:A,G:G,G:G,C:C,T:T,A:A,A:A,G:G,G:G,G:G,G:G,G:G,C:C,C:C
ICCV 181317:16,A:A,G:G,G:G,T:T,C:C,G:G,A:A,A:A,A:A,G:G,G:G,C:C,T:T,A:A
ICCX 191065:20,A:A,G:A,G:G,C:T,C:C,G:G,A:A,A:A,A:A,G:G,A:G,G:C,T:C,A:C
ICCV 181311:10,A:A,A:A,G:G,C:C,C:C,G:G,A:A,A:A,A:A,G:G,A:A,G:G,C:C,C:C
ICCX 191066:20,A:A,G:G,G:G,T:T,C:C,G:G,A:A,A:A,A:A,G:G,G:G,C:C,T:T,A:A
ICCV 181312:12,A:A,A:A,G:G,C:C,C:C,G:G,A:A,G:G,G:G,G:G,A:A,G:G,C:C,C:C
ICCX 191063:23,A:A,G:G,G:G,C:T,T:C,A:A,A:A,G:A,A:A,G:G,G:G,G:G,C:C,C:C
ICCX 191064:13,A:A,G:G,G:G,C:C,T:T,A:A,A:A,G:G,A:A,G:G,G:G,G:G,C:C,C:C
ICCV 181318:13,A:A,G:G,G:G,C:C,T:T,A:A,A:A,G:G,G:G,G:G,G:G,G:G,C:C,C:C
ICCX 191065:9,A:A,G:G,?,T:T,C:C,G:G,A:A,A:A,A:A,G:G,G:G,C:C,T:T,A:A
ICCX 191065:21,A:A,G:G,G:G,T:T,C:C,G:G,A:A,A:A,A:A,G:G,G:G,C:C,T:T,A:A
ICCV 181311:11,A:A,A:A,G:G,C:C,C:C,G:G,A:A,G:G,A:A,G:G,A:A,G:G,C:C,C:C
ICCX 191066:21,A:A,G:G,G:G,T:T,C:C,G:G,A:A,A:A,A:A,G:G,G:G,C:C,T:T,A:A
ICCV 181312:13,A:A,A:A,G:G,C:C,C:C,G:G,A:A,G:G,G:G,G:G,A:A,G:G,C:C,C:C
ICCX 191063:24,A:A,G:G,G:G,C:T,T:C,A:A,A:A,G:A,A:A,G:G,G:G,G:G,C:C,C:C
ICCX 191064:14,A:T,G:A,?,C:T,T:T,A:A,A:A,G:A,A:G,A:G,G:G,G:C,T:C,A:C
ICCV 181318:14,A:A,G:G,G:G,C:C,T:T,A:A,A:A,G:G,G:G,G:G,G:G,G:G,C:C,C:C
ICCX 191065:10,A:A,G:A,G:G,C:T,C:C,G:G,A:A,G:A,A:A,G:G,A:G,G:C,T:C,A:C
ICCX 191065:22,A:A,G:G,G:G,C:T,T:T,G:G,A:A,A:A,A:A,G:G,A:G,G:C,T:C,A:C
ICCV 181311:12,A:A,A:A,G:G,C:C,C:C,G:G,A:A,A:A,A:A,G:G,A:A,G:G,C:C,C:C
ICCX 191066:22,A:A,G:A,G:G,C:T,C:C,G:G,A:A,G:A,A:G,G:G,A:G,G:C,T:C,A:C
ICCV 181312:14,A:A,A:A,G:G,C:C,C:C,G:G,A:A,G:G,G:G,G:G,A:A,G:G,C:C,C:C
ICCV 181309:9,A:A,G:G,G:G,T:T,C:C,A:A,A:A,A:A,A:A,G:G,G:G,G:G,C:C,C:C
ICCX 191064:15,A:A,G:A,G:G,C:C,T:T,A:A,A:A,G:G,A:G,G:G,G:G,G:G,C:C,C:C
ICCV 181318:15,A:A,G:G,G:G,C:C,T:T,A:A,A:A,G:G,G:G,G:G,G:G,G:G,C:C,C:C
ICCX 191065:11,A:A,G:G,G:G,C:T,T:T,G:G,A:A,G:A,A:A,G:G,A:G,G:C,T:C,A:C
ICCX 191065:23,A:A,G:A,G:G,C:T,T:T,G:G,A:A,A:A,A:A,G:G,A:G,G:C,T:C,A:C
ICCV 181311:13,A:A,A:A,G:G,C:C,C:C,G:G,A:A,A:A,A:A,G:G,A:A,G:G,C:C,C:C
ICCX 191066:23,A:A,G:A,G:G,C:T,C:C,G:G,A:A,G:A,A:G,G:G,A:G,G:C,T:C,A:C
ICCV 181312:15,A:A,A:A,G:G,C:C,C:C,G:G,A:A,G:G,A:A,G:G,A:A,G:G,C:C,C:C
ICCV 181309:10,A:A,G:G,G:G,T:T,C:C,A:A,A:A,A:A,A:A,G:G,G:G,G:G,C:C,C:C
ICCX 191064:16,A:A,G:A,G:G,C:C,T:T,A:A,A:A,G:G,A:G,G:G,G:G,G:G,C:C,C:C
ICCV 181318:16,A:A,G:G,G:G,C:C,T:T,A:A,A:A,G:G,G:G,G:G,G:G,G:G,C:C,C:C
ICCX 191065:12,A:A,G:G,G:G,T:T,C:C,G:G,A:A,A:A,A:A,G:G,G:G,C:C,T:T,A:A
ICCX 191065:24,A:A,G:G,G:G,C:T,T:T,G:G,A:A,G:A,A:A,G:G,A:G,G:C,T:C,A:C
ICCV 181311:14,A:A,A:A,G:G,C:C,C:C,G:G,A:A,A:A,A:A,G:G,A:A,G:G,C:C,C:C
ICCX 191066:24,A:A,G:A,G:G,C:T,C:C,A:G,A:A,G:A,A:A,G:G,A:G,G:C,T:C,A:C
ICCV 181312:16,A:A,A:A,G:G,C:C,C:C,G:G,A:A,G:G,A:A,G:G,A:A,G:G,C:C,C:C
ICCV 181309:11,A:A,G:G,G:G,T:T,C:C,A:A,A:A,?,A:A,G:G,G:G,G:G,C:C,C:C
ICCX 191064:17,A:A,G:A,G:G,C:C,T:T,A:A,A:A,G:G,A:G,G:G,G:G,G:G,C:C,C:C
ICCV 181317:9,A:A,G:G,G:G,T:T,T:T,G:G,A:A,A:A,A:A,G:G,G:G,C:C,T:T,A:A
ICCX 191065:13,A:A,G:G,G:G,C:T,T:T,G:G,A:A,G:A,A:A,G:G,A:G,G:C,T:C,A:C
ICCX 191065:25,A:A,G:A,G:G,C:T,C:C,G:G,A:A,A:A,A:A,G:G,A:G,G:C,T:C,A:C
ICCV 181311:15,A:A,A:A,G:G,C:C,C:C,G:G,A:A,G:G,A:A,G:G,A:A,G:G,C:C,C:C
ICCX 191066:25,A:A,G:A,G:G,C:T,C:C,G:G,A:A,G:A,A:G,G:G,A:G,G:C,T:C,A:C
ICCV 181309:12,A:A,G:G,G:G,T:T,C:C,A:A,A:A,A:A,A:A,G:G,G:G,G:G,C:C,C:C
ICCX 191064:18,A:A,G:A,G:G,C:C,T:T,A:A,A:A,G:G,A:G,G:G,G:G,G:G,C:C,C:C
ICCV 181317:10,A:A,G:G,G:G,T:T,T:C,G:G,A:A,A:A,A:A,G:G,G:G,C:C,T:T,A:A
ICCX 191065:14,A:A,G:A,G:G,C:T,T:T,G:G,A:A,A:A,A:A,G:G,A:G,G:C,T:C,A:C
ICCX 191065:26,A:A,G:A,G:G,C:T,T:T,G:G,A:A,A:A,A:A,G:G,A:G,G:C,T:C,A:C
ICCV 181311:16,A:A,A:A,G:G,C:C,C:C,G:G,A:A,A:A,A:A,G:G,A:A,G:G,C:C,C:C
ICCX 191066:26,A:A,G:G,G:G,T:T,C:C,G:G,A:A,A:A,A:A,G:G,G:G,C:C,T:T,A:A
ICCX 191067:21,A:A,G:G,G:G,C:T,T:T,A:G,A:A,G:A,A:G,G:G,G:G,G:C,T:C,A:C
ICCX 191067:33,A:A,G:G,G:G,C:T,T:T,A:G,A:A,G:A,A:G,G:G,G:G,G:C,T:C,A:C
ICCV 181316:11,A:A,G:G,G:G,C:C,T:T,A:A,A:A,G:G,G:G,G:G,G:G,G:G,C:C,C:C
ICCX 191068:26,A:A,G:G,G:G,C:T,T:T,A:G,A:A,G:A,A:G,G:G,G:G,G:C,T:C,A:C
ICCX 191068:38,A:A,G:G,G:G,C:T,T:T,A:G,A:A,G:A,A:G,G:G,G:G,G:C,T:C,A:C
ICCX 191081:24,A:A,A:A,G:G,T:T,C:C,G:G,A:A,A:A,A:A,G:G,G:G,G:G,C:C,C:C
ICCX 191081:36,A:A,G:A,A:G,C:T,C:C,G:G,G:A,G:A,A:G,G:G,G:G,G:G,C:C,C:C
ICCX 191081:48,A:A,G:A,A:G,C:T,C:C,G:G,G:A,G:A,A:G,G:G,G:G,G:G,C:C,C:C
ICCX 191067:22,A:A,G:G,G:G,C:T,T:T,A:G,A:A,G:A,A:G,G:G,G:G,G:C,T:C,A:C
ICCX 191067:34,A:A,G:G,G:G,T:T,C:C,G:G,A:A,A:A,A:A,G:G,G:G,C:C,T:T,A:A
ICCV 181316:12,A:A,G:G,G:G,C:C,T:T,A:A,A:A,G:G,G:G,G:G,G:G,G:G,C:C,C:C
ICCV 92311:18,A:A,G:G,G:G,T:T,C:C,G:G,A:A,A:A,A:A,G:G,G:G,G:G,C:C,C:C
ICCX 191081:25,A:A,G:A,A:G,C:T,C:C,G:G,G:A,G:A,A:G,G:G,G:G,G:G,C:C,C:C
ICCX 191081:37,A:A,G:A,A:G,C:C,C:C,A:G,G:A,G:G,G:G,G:G,A:G,G:G,C:C,C:C
ICCX 191081:49,A:A,G:A,A:G,C:T,C:C,G:G,G:A,G:A,A:G,G:G,G:G,G:G,C:C,C:C
ICCX 191067:23,A:A,G:G,G:G,C:T,T:T,A:G,A:A,G:A,A:G,G:G,G:G,G:C,T:C,A:C
ICCX 191067:35,A:A,G:G,G:G,C:T,T:T,A:G,A:A,G:A,A:G,G:G,G:G,G:C,T:C,A:C
ICCV 181316:13,A:A,G:G,G:G,C:C,T:T,A:A,A:A,G:G,G:G,G:G,G:G,G:G,C:C,C:C
ICCX 191068:28,A:A,G:G,G:G,C:T,T:T,A:G,A:A,G:A,A:G,G:G,G:G,G:C,T:C,A:C
ICCV 92311:19,A:A,A:A,G:G,T:T,C:C,G:G,A:A,A:A,A:A,G:G,G:G,G:G,C:C,C:C
ICCX 191081:26,A:A,G:A,A:G,C:T,C:C,G:G,G:A,G:A,A:G,G:G,G:G,G:C,T:C,A:C
ICCX 191081:38,A:A,A:A,A:G,C:T,C:C,G:G,G:A,G:A,A:G,G:G,G:G,G:G,C:C,C:C
ICCX 191081:50,A:A,G:A,A:G,C:T,C:C,G:G,G:A,G:A,A:G,G:G,G:G,G:C,T:C,A:C
ICCX 191067:24,A:A,G:G,G:G,C:T,T:T,A:G,A:A,G:A,A:G,G:G,G:G,G:C,T:C,A:C
ICCX 191067:36,A:A,G:G,G:G,T:T,C:C,G:G,A:A,A:A,A:A,G:G,G:G,C:C,T:T,A:A
ICCV 181316:14,A:A,G:G,G:G,C:C,T:T,A:A,A:A,G:G,G:G,G:G,G:G,G:G,C:C,C:C
ICCX 191068:29,A:A,G:G,G:G,T:T,C:C,G:G,A:A,A:A,A:A,G:G,G:G,C:C,T:T,A:A
ICCV 92311:20,A:A,G:G,G:G,T:T,C:C,G:G,A:A,A:A,A:A,G:G,G:G,G:G,T:T,A:A
ICCX 191081:27,A:A,G:A,A:G,C:T,C:C,G:G,G:A,G:A,A:G,G:G,G:G,G:G,T:C,A:C
ICCX 191081:39,A:A,G:G,G:G,T:T,C:C,G:G,A:A,A:A,A:A,G:G,G:G,G:G,C:C,C:C
ICCX 191081:51,A:A,G:A,A:G,C:T,C:C,G:G,G:A,G:A,A:G,G:G,G:G,G:G,C:C,C:C
ICCX 191067:25,A:A,G:G,G:G,T:T,C:C,G:G,A:A,A:A,A:A,G:G,G:G,C:C,T:T,A:A
ICCX 191067:37,A:A,G:G,G:G,C:T,T:T,A:G,A:A,G:A,A:G,G:G,G:G,G:C,T:C,A:C
ICCV 181316:15,A:A,G:G,G:G,C:C,T:T,A:A,A:A,G:G,G:G,G:G,G:G,G:G,C:C,C:C
ICCX 191068:30,A:A,G:G,G:G,C:T,T:T,A:G,A:A,G:A,A:G,G:G,G:G,G:C,T:C,A:C
ICCV 92311:21,A:A,A:A,G:G,C:C,C:C,A:A,A:A,G:G,A:A,G:G,A:A,G:G,C:C,C:C
ICCX 191081:28,A:A,G:A,A:G,C:T,C:C,G:G,G:A,G:A,A:G,G:G,G:G,G:G,C:C,C:C
ICCX 191081:40,A:A,G:A,A:G,C:T,C:C,G:G,G:G,G:A,A:G,G:G,G:G,G:G,C:C,C:C
ICCX 191081:52,A:A,G:A,A:G,C:C,C:C,A:G,G:A,G:G,G:G,G:G,A:G,G:G,C:C,C:C
ICCX 191067:26,A:A,G:G,G:G,C:T,T:T,A:G,A:A,G:A,A:G,G:G,G:G,G:C,T:C,A:C
ICCX 191067:38,A:A,G:G,G:G,C:T,T:T,A:G,A:A,G:A,A:G,G:G,G:G,G:C,T:C,A:C
ICCV 181316:16,A:A,G:G,G:G,C:C,T:T,A:A,A:A,G:G,G:G,G:G,G:G,G:G,C:C,C:C
ICCX 191068:31,A:A,G:G,G:G,T:T,C:C,G:G,A:A,A:A,A:A,G:G,G:G,C:C,T:T,A:A
ICCV 92311:22,A:A,G:G,G:G,T:T,C:C,G:G,A:A,A:A,A:A,G:G,G:G,G:G,C:C,C:C
ICCX 191081:29,A:A,G:A,A:G,C:C,C:C,A:G,G:A,G:G,G:G,G:G,A:G,G:G,C:C,C:C
ICCX 191081:41,A:A,G:A,A:G,C:T,C:C,G:G,G:A,G:A,A:G,G:G,G:G,G:G,T:C,A:C
ICCX 191081:53,A:A,?,A:G,C:T,C:C,G:G,G:A,G:A,A:G,G:G,G:G,G:G,T:C,A:C
ICCX 191067:27,A:A,G:G,G:G,C:T,T:T,A:G,A:A,G:A,A:G,G:G,G:G,G:C,T:C,A:C
ICCX 191067:39,A:A,G:G,G:G,T:T,C:C,G:G,A:A,A:A,A:A,G:G,G:G,C:C,T:T,A:A
ICCX 191068:20,A:A,G:G,G:G,C:T,T:T,A:G,A:A,G:A,A:G,G:G,G:G,G:C,T:C,A:C
ICCX 191068:32,A:A,G:G,G:G,T:T,C:C,G:G,A:A,A:A,A:A,G:G,G:G,C:C,T:T,A:A
ICCV 92311:23,A:A,G:G,G:G,T:T,C:C,G:G,A:A,A:A,A:A,G:G,G:G,G:G,C:C,C:C
ICCX 191081:30,A:A,G:A,A:G,C:C,C:C,A:G,G:A,G:G,G:G,G:G,A:G,G:G,C:C,C:C
ICCX 191081:42,A:A,G:A,A:G,C:T,C:C,G:G,G:G,G:A,A:G,G:G,G:G,G:G,C:C,C:C
ICCX 191081:54,A:A,G:A,A:G,C:T,C:C,G:G,G:A,G:A,A:G,G:G,G:G,G:G,T:C,A:C
ICCX 191067:28,A:A,G:G,G:G,C:T,T:T,A:G,A:A,G:A,A:G,G:G,G:G,G:C,T:C,A:C
ICCX 191067:40,A:A,G:G,G:G,C:T,T:T,A:G,A:A,G:A,A:G,G:G,G:G,G:C,T:C,A:C
ICCX 191068:21,A:A,G:G,G:G,C:T,T:T,A:G,A:A,G:A,A:G,G:G,G:G,G:C,T:C,A:C
ICCX 191068:33,A:A,G:G,G:G,T:T,T:C,G:G,A:A,A:A,A:A,G:G,G:G,C:C,T:T,A:A
ICCV 92311:24,A:A,G:G,G:G,T:T,C:C,G:G,A:A,A:A,A:A,G:G,G:G,G:G,C:C,C:C
ICCX 191081:31,A:A,G:A,A:G,C:T,C:C,G:G,G:A,G:A,A:G,G:G,G:G,G:G,C:C,C:C
ICCX 191081:43,A:A,G:G,G:G,C:C,C:C,A:A,A:A,G:G,G:G,G:G,A:A,G:G,C:C,C:C
ICCX 191081:55,A:A,G:A,A:G,C:T,C:C,G:G,G:A,G:A,A:G,G:G,G:G,G:G,T:C,A:C
ICCX 191067:29,A:A,G:G,G:G,C:T,T:T,A:G,A:A,G:A,A:G,G:G,G:G,G:C,T:C,A:C
ICCX 191067:41,A:A,G:G,G:G,C:T,?,A:G,A:A,G:A,A:G,G:G,G:G,G:C,T:C,A:C
ICCX 191068:22,A:A,G:G,G:G,C:T,T:T,A:G,A:A,G:A,A:G,G:G,G:G,G:C,T:C,A:C
ICCX 191068:34,A:A,G:G,G:G,C:T,T:T,A:G,A:A,G:A,A:G,G:G,G:G,G:C,T:C,A:C
ICCV 92311:25,A:A,G:G,G:G,T:T,C:C,G:G,A:A,A:A,A:A,G:G,G:G,G:G,C:C,C:C
ICCX 191081:32,A:A,G:A,A:G,C:T,C:C,G:G,G:A,G:A,A:G,G:G,G:G,G:G,T:C,A:C
ICCX 191081:44,A:A,G:A,A:G,C:T,C:C,G:G,G:A,G:A,A:G,G:G,G:G,G:G,C:C,C:C
ICCX 191081:56,A:A,G:A,A:G,C:T,C:C,G:G,G:A,G:A,A:G,G:G,G:G,G:C,T:C,A:C
ICCX 191067:30,A:A,G:G,G:G,T:T,C:C,G:G,A:A,A:A,A:A,G:G,G:G,C:C,T:T,A:A
ICCX 191067:42,A:A,G:G,G:G,T:T,C:C,G:G,A:A,A:A,A:A,G:G,G:G,C:C,T:T,A:A
ICCX 191068:23,A:A,G:G,G:G,C:T,T:T,A:G,A:A,G:A,A:G,G:G,G:G,G:C,T:C,A:C
ICCX 191068:35,A:A,G:G,G:G,C:T,T:T,A:G,A:A,G:A,A:G,G:G,G:G,G:C,T:C,A:C
ICCX 191081:21,A:A,G:A,A:G,C:T,C:C,G:G,G:A,G:A,A:G,G:G,G:G,G:G,C:C,C:C
ICCX 191081:33,A:A,G:A,A:G,C:C,C:C,A:G,G:A,G:G,G:G,G:G,A:G,G:G,C:C,C:C
ICCX 191081:45,A:A,G:G,G:G,T:T,C:C,G:G,A:A,A:A,A:A,G:G,G:G,G:G,C:C,C:C
ICCX 191081:57,A:A,G:G,G:G,T:T,C:C,G:G,A:A,A:A,A:A,G:G,G:G,G:G,C:C,C:C
ICCX 191067:31,A:A,G:G,G:G,C:T,T:T,A:G,A:A,G:A,A:G,G:G,G:G,G:C,T:C,A:C
ICCV 181316:9,A:A,G:G,G:G,C:C,T:T,A:A,A:A,G:G,G:G,G:G,G:G,G:G,C:C,C:C
ICCX 191068:24,A:A,G:G,G:G,C:T,T:T,A:G,A:A,G:A,A:G,G:G,G:G,G:C,T:C,A:C
ICCX 191068:36,A:A,G:G,G:G,C:T,T:T,A:G,A:A,G:A,A:G,G:G,G:G,G:C,T:C,A:C
ICCX 191081:22,A:A,G:G,G:G,T:T,C:C,G:G,A:A,A:A,A:A,G:G,G:G,G:G,T:T,A:A
ICCX 191081:34,A:A,G:A,A:G,C:C,C:C,A:G,G:A,G:G,G:G,G:G,A:G,G:G,C:C,C:C
ICCX 191081:46,A:A,G:A,A:G,C:T,C:C,G:G,G:A,G:A,A:G,G:G,G:G,G:G,C:C,C:C
ICCX 191067:32,A:A,G:G,G:G,C:T,T:T,A:G,A:A,G:A,A:G,G:G,G:G,G:C,T:C,A:C
ICCV 181316:10,A:A,G:G,G:G,C:C,T:T,A:A,A:A,G:G,G:G,G:G,G:G,G:G,C:C,C:C
ICCX 191068:25,A:A,G:G,G:G,T:T,T:T,G:G,A:A,A:A,A:A,G:G,G:G,C:C,T:T,A:A
ICCX 191068:37,A:A,G:G,G:G,C:T,T:T,A:G,A:A,G:A,A:G,G:G,G:G,G:C,T:C,A:C
ICCX 191081:23,A:A,G:A,A:G,C:T,C:C,G:G,G:A,G:A,A:G,G:G,G:G,G:G,C:C,C:C
ICCX 191081:35,A:A,G:A,A:G,C:T,C:C,G:G,G:A,G:A,A:G,G:G,G:G,G:G,C:C,C:C
ICCX 191081:47,A:A,G:G,G:G,T:T,C:C,G:G,A:A,A:A,A:A,G:G,G:G,G:G,C:C,C:C
ICCX 191081:58,A:A,A:A,A:G,C:C,C:C,G:G,G:A,G:A,A:G,G:G,A:G,G:G,C:C,C:C
ICCX 191082:22,A:A,G:A,A:G,C:T,T:C,G:G,G:A,G:A,A:G,G:G,A:G,G:G,C:C,C:C
ICCX 191082:34,A:A,G:G,G:G,T:T,C:C,G:G,A:A,A:A,A:A,G:G,G:G,G:G,C:C,C:C
ICC 17455:10,A:A,A:A,A:A,C:C,T:T,G:G,G:G,G:G,G:G,G:G,A:A,C:C,C:C,C:C
ICCX 191083:25,A:A,A:A,A:G,C:T,T:C,G:G,G:A,G:A,A:G,G:G,A:G,G:G,C:C,A:C
ICCX 191083:37,A:A,G:A,?,C:C,T:C,A:G,G:A,G:G,A:G,G:G,A:A,G:G,C:C,A:C
ICCX 191083:49,A:A,A:A,G:G,T:T,C:C,G:G,A:A,A:A,A:A,G:G,G:G,G:G,C:C,C:C
ICC 8854:14,A:A,A:A,A:A,C:C,T:T,G:G,G:G,G:G,G:G,G:G,A:A,G:G,C:C,A:A
ICCX 191081:59,A:A,G:G,G:G,T:T,C:C,G:G,A:A,A:A,A:A,G:G,G:G,G:G,C:C,C:C
ICCX 191082:23,A:A,A:A,A:G,C:T,T:C,G:G,G:A,G:A,A:G,G:G,A:G,G:G,C:C,C:C
ICCX 191082:35,A:A,G:A,A:G,C:T,T:C,G:G,G:A,G:A,A:G,G:G,A:G,G:G,C:C,C:C
ICC 17455:11,A:A,A:A,A:A,C:C,T:T,G:G,G:G,G:G,G:G,G:G,A:A,G:G,C:C,C:C
ICCX 191083:26,A:A,A:A,A:G,C:T,T:C,G:G,G:A,G:A,A:G,G:G,A:G,G:G,C:C,A:C
ICCX 191083:38,A:A,G:G,G:G,T:T,C:C,G:G,A:A,A:A,A:A,G:G,G:G,G:G,C:C,C:C
ICCX 191083:50,A:A,A:A,A:G,C:T,T:C,G:G,G:A,G:A,A:G,G:G,A:G,G:G,C:C,A:C
ICC 8854:15,A:A,A:A,A:A,C:C,T:T,G:G,G:G,G:G,G:G,G:G,A:A,G:G,C:C,A:A
ICCX 191081:60,A:A,G:A,A:G,C:T,C:C,G:G,G:A,G:A,A:G,G:G,G:G,G:C,T:C,A:C
ICCX 191082:24,A:A,A:A,A:G,C:T,T:C,G:G,G:A,G:A,A:G,G:G,A:G,G:G,C:C,?
ICCX 191082:36,A:A,G:A,A:G,C:T,T:C,G:G,G:A,G:A,A:G,G:G,A:G,G:G,C:C,C:C
ICC 17455:12,A:A,A:A,A:A,C:C,T:T,G:G,G:G,G:G,G:G,G:G,A:A,G:G,C:C,C:C
ICCX 191083:27,A:A,G:A,A:G,C:T,T:T,G:G,G:A,G:A,A:G,G:G,A:G,G:C,T:C,A:A
ICCX 191083:39,A:T,G:A,A:G,C:C,T:T,A:G,G:A,G:G,A:G,G:G,A:A,G:G,C:C,A:C
ICCX 191083:51,A:A,A:A,G:G,C:C,C:C,A:A,A:A,G:G,G:G,G:G,A:A,G:G,C:C,C:C
ICC 8854:16,A:A,A:A,A:A,C:C,T:T,G:G,G:G,G:G,G:G,G:G,A:A,G:G,C:C,A:A
ICC 16346:9,A:A,A:A,A:A,C:C,C:C,G:G,G:G,G:G,G:G,G:G,G:G,G:G,C:C,C:C
ICCX 191082:25,A:A,G:A,A:G,C:T,T:C,G:G,G:A,G:A,A:G,G:G,A:G,G:G,C:C,C:C
ICCX 191082:37,A:A,G:A,A:G,C:T,T:C,G:G,G:A,G:A,A:G,G:G,A:G,G:G,C:C,C:C
ICC 17455:13,A:A,A:A,A:A,C:C,T:T,G:G,G:G,G:G,G:G,G:G,A:A,G:G,C:C,C:C
ICCX 191083:28,A:A,A:A,A:G,C:T,T:C,G:G,G:A,G:A,A:G,G:G,A:G,G:G,C:C,A:C
ICCX 191083:40,A:A,A:A,A:G,C:T,T:C,G:G,G:A,G:A,A:G,G:G,A:G,G:G,C:C,A:C
ICCX 191083:52,A:T,G:A,A:G,C:C,T:C,A:G,G:A,G:G,A:G,G:G,A:A,G:G,C:C,A:C
ICCX 191084:21,A:T,G:A,A:G,C:T,T:C,G:G,G:A,G:A,A:G,G:G,A:G,G:G,C:C,A:C
ICC 16346:10,A:A,A:A,A:A,C:C,C:C,G:G,G:G,G:G,G:G,G:G,G:G,G:G,C:C,C:C
ICCX 191082:26,A:A,G:A,A:G,C:T,T:C,G:G,G:A,G:A,A:G,G:G,A:G,G:G,C:C,C:C
ICCX 191082:38,A:A,G:G,G:G,T:T,C:C,G:G,A:A,A:A,A:A,G:G,G:G,G:G,C:C,C:C
ICC 17455:14,A:A,A:A,A:A,C:C,T:T,G:G,G:G,G:G,G:G,G:G,A:A,G:G,C:C,C:C
ICCX 191083:29,A:A,G:G,G:G,T:T,C:C,G:G,A:A,A:A,A:A,G:G,G:G,G:G,C:C,C:C
ICCX 191083:41,A:T,A:A,A:G,C:C,T:C,A:G,G:A,G:G,G:G,G:G,A:A,G:G,C:C,A:C
ICCX 191083:53,A:A,G:A,A:G,?,T:C,G:G,G:A,G:A,A:G,G:G,?,G:G,C:C,A:C
ICCX 191084:22,A:A,A:A,A:G,C:C,T:C,A:G,G:A,G:G,A:G,G:G,A:A,G:G,C:C,A:C
ICC 16346:11,A:A,A:A,A:A,C:C,C:C,G:G,G:G,G:G,G:G,G:G,G:G,G:G,C:C,C:C
ICCX 191082:27,A:A,G:G,G:G,T:T,C:C,G:G,A:A,A:A,A:A,G:G,G:G,G:G,C:C,C:C
ICCX 191082:39,A:A,G:A,A:G,C:T,T:C,G:G,G:A,G:A,A:G,G:G,A:G,G:G,C:C,C:C
ICC 17455:15,A:A,A:A,A:A,C:C,T:T,G:G,G:G,G:G,G:G,G:G,A:A,G:G,C:C,C:C
ICCX 191083:30,A:A,G:A,A:G,C:T,T:C,G:G,G:A,G:A,A:G,G:G,A:G,G:G,C:C,A:C
ICCX 191083:42,A:A,A:A,A:G,C:C,T:C,A:G,G:A,G:G,G:G,G:G,A:A,G:G,C:C,A:C
ICCX 191083:54,A:T,A:A,A:G,C:C,T:C,A:G,G:A,G:G,G:G,G:G,A:A,G:G,C:C,A:C
ICCX 191084:23,A:T,G:A,A:G,C:T,T:C,G:G,G:A,G:A,A:G,G:G,A:G,G:G,C:C,A:C
ICC 16346:12,A:A,A:A,A:A,C:C,C:C,G:G,G:G,G:G,G:G,G:G,G:G,G:G,C:C,C:C
ICCX 191082:28,A:A,G:G,G:G,T:T,C:C,G:G,A:A,A:A,A:A,G:G,G:G,G:G,C:C,C:C
ICCX 191082:40,A:A,G:A,A:G,C:T,T:C,G:G,G:A,G:A,A:G,G:G,A:G,G:G,C:C,C:C
ICC 17455:16,A:A,A:A,A:A,C:C,T:T,G:G,G:G,G:G,G:G,G:G,A:A,G:G,C:C,C:C
ICCX 191083:31,A:A,A:A,A:G,C:T,T:C,G:G,G:A,G:A,A:G,G:G,A:G,G:G,C:C,A:C
ICCX 191083:43,A:A,A:A,A:G,C:C,T:C,A:G,G:A,G:G,G:G,G:G,A:A,G:G,C:C,A:C
ICCX 191083:55,A:A,G:A,A:G,C:T,T:C,G:G,G:A,G:A,A:G,G:G,A:G,G:G,C:C,A:C
ICCX 191084:24,A:T,G:A,A:G,C:T,T:T,G:G,G:A,G:A,A:G,G:G,A:G,G:C,T:C,A:A
ICC 16346:13,A:A,A:A,A:A,C:C,C:C,G:G,G:G,G:G,G:G,G:G,G:G,G:G,C:C,C:C
ICCX 191082:29,A:A,G:A,A:G,C:T,T:C,G:G,G:A,G:A,A:G,G:G,A:G,G:G,C:C,C:C
ICCX 191082:41,A:A,G:G,G:G,T:T,C:C,G:G,A:A,A:A,A:A,G:G,G:G,G:G,C:C,C:C
ICC 17455:17,A:A,A:A,A:A,C:C,T:T,G:G,G:G,G:G,G:G,G:G,A:A,G:G,C:C,C:C
ICCX 191083:32,A:A,G:A,A:G,C:T,T:C,G:G,G:A,G:A,A:G,G:G,A:G,G:G,C:C,A:C
ICCX 191083:44,A:T,G:A,A:G,C:C,T:C,A:G,G:A,G:G,A:G,G:G,A:A,G:G,C:C,A:C
ICC 8854:9,A:A,A:A,A:A,C:C,T:T,G:G,G:G,A:A,G:G,G:G,A:A,G:G,C:C,A:A
ICCX 191084:25,A:A,G:A,A:G,C:T,T:C,G:G,G:A,G:A,A:G,G:G,A:G,G:G,C:C,A:C
ICC 16346:14,A:A,A:A,A:A,C:C,C:C,G:G,G:G,G:G,G:G,G:G,G:G,G:G,C:C,C:C
ICCX 191082:30,A:A,G:A,A:G,C:T,T:C,G:G,G:A,G:A,A:G,G:G,A:G,G:G,C:C,C:C
ICCX 191082:42,A:A,G:A,A:G,C:T,T:C,G:G,G:A,G:A,A:G,G:G,A:G,G:G,C:C,C:C
ICCX 191083:21,A:A,G:A,A:G,C:T,T:C,G:G,G:A,G:A,A:G,G:G,A:G,G:G,C:C,A:C
ICCX 191083:33,A:A,A:A,G:G,C:C,C:C,A:A,A:A,G:G,G:G,G:G,A:A,G:G,C:C,C:C
ICCX 191083:45,A:A,A:A,A:G,C:T,T:C,G:G,G:A,G:A,A:G,G:G,A:G,G:G,C:C,A:C
ICC 8854:10,A:A,A:A,A:A,C:C,T:T,G:G,G:G,G:G,G:G,G:G,A:A,G:G,C:C,A:A
ICCX 191084:26,A:T,A:A,A:G,C:C,T:C,A:G,G:A,G:G,A:G,G:G,A:A,G:G,C:C,A:C
ICC 16346:15,A:A,A:A,A:A,C:C,C:C,G:G,G:G,G:G,G:G,G:G,G:G,G:G,C:C,C:C
ICCX 191082:31,A:A,G:G,G:G,T:T,C:C,G:G,A:A,A:A,A:A,G:G,G:G,G:G,C:C,C:C
ICCX 191082:43,A:A,G:A,A:G,C:T,T:C,G:G,G:A,G:A,A:G,G:G,A:G,G:G,C:C,C:C
ICCX 191083:22,A:A,G:A,A:G,C:T,T:C,G:G,G:A,G:A,A:G,G:G,A:G,G:G,C:C,A:C
ICCX 191083:34,A:A,A:A,A:G,C:T,T:C,G:G,G:A,G:A,A:G,G:G,A:G,G:G,C:C,A:C
ICCX 191083:46,A:T,G:A,A:G,C:T,T:C,G:G,G:A,G:A,A:G,G:G,A:G,G:G,C:C,A:C
ICC 8854:11,A:A,A:A,A:A,C:C,T:T,G:G,G:G,G:G,G:G,G:G,A:A,G:G,C:C,A:A
ICCX 191084:27,A:T,A:A,A:G,C:T,T:C,G:G,G:A,G:A,A:G,G:G,A:G,G:G,C:C,A:C
ICC 16346:16,A:A,A:A,A:A,C:C,C:C,G:G,G:G,G:G,G:G,G:G,G:G,G:G,C:C,C:C
ICCX 191082:32,A:A,G:A,A:G,C:T,T:C,G:G,G:A,G:A,A:G,G:G,A:G,G:G,C:C,C:C
ICCX 191082:44,A:A,G:A,A:G,C:T,T:C,G:G,G:A,G:A,A:G,G:G,A:G,G:G,C:C,C:C
ICCX 191083:23,A:A,G:A,A:G,C:T,T:C,G:G,G:A,G:A,A:G,G:G,A:G,G:G,C:C,A:C
ICCX 191083:35,A:T,G:A,A:G,C:C,T:C,A:G,G:A,G:G,A:G,G:G,A:A,G:G,C:C,A:C
ICCX 191083:47,A:A,G:A,A:G,C:C,T:T,A:G,G:A,G:G,A:G,G:G,A:A,G:G,C:C,A:C
ICC 8854:12,A:A,A:A,A:A,C:C,T:T,G:G,G:G,A:A,G:G,G:G,A:A,G:G,C:C,A:A
ICCX 191082:21,A:A,G:G,G:G,T:T,C:C,G:G,A:A,A:A,A:A,G:G,G:G,G:G,C:C,C:C
ICCX 191082:33,A:A,A:A,A:G,C:T,T:C,G:G,G:A,G:A,A:G,G:G,A:G,G:G,C:C,C:C
ICCX 191082:45,A:A,G:A,A:G,C:T,T:C,G:G,G:A,G:A,A:G,G:G,A:G,G:G,C:C,C:C
ICCX 191083:24,A:A,G:A,A:G,C:T,T:C,G:G,G:A,G:A,A:G,G:G,A:G,G:G,C:C,A:C
ICCX 191083:36,A:A,G:A,A:G,C:T,T:C,G:G,G:A,G:A,A:G,G:G,A:G,G:G,C:C,A:C
ICCX 191083:48,A:T,G:A,A:G,C:C,T:C,A:G,G:A,G:G,A:G,G:G,A:A,G:G,C:C,A:C
ICC 8854:13,A:A,A:A,A:A,C:C,T:T,G:G,G:G,G:G,G:G,G:G,A:A,G:G,C:C,A:A
ICCX 191084:28,A:A,G:G,G:G,T:T,C:C,G:G,A:A,A:A,A:A,G:G,G:G,G:G,T:C,C:C
ICCX 191084:40,A:T,A:A,A:G,C:C,T:C,A:G,G:A,G:G,A:G,G:G,A:A,G:G,C:C,A:C
ICC 8898:15,A:A,A:A,A:A,C:C,T:T,G:G,G:G,G:G,G:G,G:G,A:A,G:G,C:C,A:A
ICCX 191085:31,A:A,G:A,A:G,C:T,T:T,G:G,G:A,G:A,A:G,G:G,?,G:G,T:C,A:A
ICCX 191085:43,A:A,G:A,A:G,C:T,T:C,G:G,G:A,G:A,A:G,G:G,A:G,G:G,C:C,A:C
ICCX 191086:20,A:A,A:A,A:G,T:T,C:C,G:G,G:A,G:A,A:G,G:G,G:G,G:C,C:C,A:C
ICCX 191086:32,A:A,G:A,A:G,T:T,C:C,G:G,G:A,G:A,A:G,G:G,G:G,G:C,C:C,A:C
NBeG 119:19,A:A,G:G,G:G,T:T,C:C,G:G,A:A,A:A,A:A,G:G,G:G,G:G,C:C,C:C
ICCX 191084:29,A:A,G:G,G:G,T:T,C:C,G:G,A:A,A:A,A:A,G:G,G:G,C:C,T:T,A:A
ICCX 191084:41,A:T,G:A,A:G,C:T,T:C,G:G,G:A,G:A,A:G,G:G,A:G,G:G,C:C,A:C
ICC 8898:16,A:A,A:A,A:A,C:C,T:T,G:G,G:G,G:G,G:G,G:G,A:A,G:G,C:C,A:A
ICCX 191085:32,A:A,A:A,G:G,T:T,C:C,G:G,A:A,A:A,A:A,G:G,G:G,G:G,C:C,C:C
ICCX 191085:44,A:A,G:A,A:G,C:T,T:C,G:G,G:A,G:A,A:G,G:G,A:G,G:G,C:C,A:C
ICCX 191086:21,A:A,G:G,G:G,T:T,C:C,G:G,A:A,A:A,A:A,G:G,G:G,G:G,C:C,C:C
ICCX 191086:33,A:A,A:A,A:G,T:T,C:C,G:G,G:A,G:A,A:G,G:G,G:G,G:C,C:C,A:C
NBeG 119:20,A:A,A:A,G:G,C:C,C:C,G:G,A:A,A:A,G:G,G:G,G:G,G:G,C:C,C:C
ICCX 191084:30,A:A,G:A,A:G,C:T,T:T,G:G,G:A,G:A,A:G,G:G,A:G,G:C,T:C,A:A
ICCX 191084:42,A:A,G:A,A:G,C:T,T:C,G:G,G:A,G:A,A:G,G:G,A:G,G:G,C:C,A:C
ICCX 191085:21,A:A,G:G,G:G,T:T,C:C,G:G,A:A,A:A,A:A,G:G,G:G,G:G,C:C,C:C
ICCX 191085:33,A:A,G:A,A:G,C:T,C:C,A:G,G:A,G:G,A:G,G:G,A:G,G:C,C:C,A:C
ICC 8916:9,A:A,A:A,A:A,C:C,T:T,G:G,G:G,G:G,G:G,G:G,A:A,G:G,C:C,A:A
ICCX 191086:22,A:A,G:G,G:G,T:T,C:C,G:G,A:A,A:A,A:A,G:G,G:G,G:G,C:C,C:C
ICCX 191086:34,A:A,A:A,A:G,T:T,C:C,G:G,G:A,G:A,A:G,G:G,G:G,G:C,C:C,A:C
NBeG 119:21,A:A,A:A,G:G,C:C,C:C,G:G,A:A,A:A,G:G,G:G,G:G,G:G,C:C,C:C
ICCX 191084:31,A:A,G:G,G:G,T:T,C:C,G:G,A:A,A:A,A:A,G:G,G:G,G:G,C:C,C:C
ICCX 191084:43,A:T,G:A,A:G,C:T,T:C,G:G,G:A,G:A,A:G,G:G,A:G,G:G,C:C,A:C
ICCX 191085:22,A:A,G:G,G:G,T:T,C:C,G:G,A:A,A:A,A:A,G:G,G:G,C:C,T:T,A:A
ICCX 191085:34,A:T,G:A,A:G,C:T,T:C,G:G,G:A,G:A,A:G,G:G,A:G,G:G,C:C,A:C
ICC 8916:10,T:T,A:A,A:A,C:C,T:T,G:G,G:G,G:G,G:G,G:G,A:A,G:G,C:C,A:A
ICCX 191086:23,A:A,A:A,A:G,T:T,C:C,G:G,G:A,G:A,A:G,G:G,G:G,G:C,C:C,A:C
ICC 8926:9,A:A,A:A,A:A,T:T,C:C,G:G,G:G,G:G,G:G,G:G,G:G,C:C,C:C,A:A
NBeG 119:22,A:A,G:G,G:G,T:T,C:C,G:G,A:A,A:A,A:A,G:G,G:G,G:G,C:C,C:C
ICCX 191084:32,A:T,G:A,A:G,C:T,T:C,G:G,G:A,G:A,A:G,G:G,A:G,G:G,C:C,A:C
ICCX 191084:44,A:T,A:A,A:G,C:C,T:C,A:G,G:A,G:G,A:G,G:G,A:A,G:G,C:C,A:C
ICCX 191085:23,A:A,G:G,G:G,C:C,C:C,A:A,A:A,G:G,A:A,G:G,A:A,G:G,C:C,C:C
ICCX 191085:35,A:A,G:A,A:G,C:T,T:T,G:G,G:A,G:A,A:G,G:G,A:G,G:G,T:C,A:A
ICC 8916:11,T:T,A:A,A:A,C:C,T:T,G:G,G:G,G:G,G:G,G:G,A:A,G:G,C:C,A:A
ICCX 191086:24,A:A,G:A,A:G,T:T,C:C,G:G,G:A,G:A,A:G,G:G,G:G,G:C,C:C,A:C
ICC 8926:10,A:A,A:A,A:A,T:T,C:C,G:G,G:G,G:G,G:G,G:G,G:G,C:C,C:C,A:A
NBeG 119:23,A:A,A:A,G:G,C:C,T:T,G:G,A:A,A:A,G:G,G:G,G:G,G:G,C:C,C:C
ICCX 191084:33,A:A,G:A,A:G,C:T,T:C,G:G,G:A,G:A,A:G,G:G,A:G,G:G,C:C,A:C
ICCX 191084:45,A:A,G:A,A:G,C:T,T:C,G:G,G:A,G:A,A:G,G:G,A:G,G:G,C:C,A:C
ICCX 191085:24,A:A,G:A,A:G,C:T,T:C,G:G,G:A,G:A,A:G,G:G,A:G,G:G,C:C,A:C
ICCX 191085:36,A:A,G:G,G:G,T:T,C:C,G:G,A:A,A:A,A:A,G:G,G:G,G:G,T:T,A:A
ICC 8916:12,T:T,A:A,A:A,C:C,T:T,G:G,G:G,G:G,G:G,G:G,A:A,G:G,C:C,A:A
ICCX 191086:25,A:A,G:A,A:G,T:T,C:C,G:G,G:A,G:A,A:G,G:G,G:G,G:C,C:C,A:C
ICC 8926:11,A:A,A:A,A:A,T:T,C:C,G:G,G:G,G:G,G:G,G:G,G:G,C:C,C:C,A:A
NBeG 119:24,A:A,G:G,G:G,T:T,C:C,G:G,A:A,A:A,A:A,G:G,G:G,G:G,C:C,C:C
ICCX 191084:34,A:T,A:A,A:G,C:C,T:C,A:G,G:A,G:G,A:G,G:G,A:A,G:G,C:C,A:C
ICC 8898:9,A:A,A:A,A:A,C:C,T:T,G:G,G:G,G:G,G:G,G:G,A:A,G:G,C:C,A:A
ICCX 191085:25,A:A,G:A,A:G,C:T,T:C,G:G,G:A,G:A,A:G,G:G,A:G,G:G,C:C,A:C
ICCX 191085:37,A:A,G:G,G:G,T:T,C:C,G:G,A:A,A:A,A:A,G:G,G:G,G:G,C:C,C:C
ICC 8916:13,T:T,A:A,A:A,C:C,T:T,G:G,G:G,G:G,G:G,G:G,A:A,G:G,C:C,A:A
ICCX 191086:26,A:A,G:A,A:G,T:T,C:C,G:G,G:A,G:A,A:G,G:G,A:G,G:C,C:C,A:C
ICC 8926:12,A:A,A:A,A:A,T:T,C:C,G:G,G:G,G:G,G:G,G:G,G:G,C:C,C:C,A:A
NBeG 119:25,A:A,A:A,G:G,C:C,C:C,G:G,A:A,A:A,G:G,G:G,G:G,G:G,C:C,C:C
ICCX 191084:35,A:A,A:A,A:G,C:T,T:C,G:G,G:A,G:A,A:G,G:G,A:G,G:G,C:C,A:C
ICC 8898:10,T:T,A:A,A:A,C:C,T:T,G:G,G:G,G:G,G:G,G:G,A:A,G:G,C:C,A:A
ICCX 191085:26,A:A,G:A,A:G,C:T,T:C,G:G,G:A,G:A,A:G,G:G,A:G,G:G,C:C,A:C
ICCX 191085:38,A:A,G:G,G:G,T:T,C:C,G:G,A:A,A:A,A:A,G:G,G:G,G:G,C:C,C:C
ICC 8916:14,T:T,A:A,A:A,C:C,T:T,G:G,G:G,G:G,G:G,G:G,A:A,G:G,C:C,A:A
ICCX 191086:27,A:A,G:A,A:G,T:T,C:C,G:G,G:A,G:A,A:G,G:G,G:G,G:C,C:C,A:C
ICC 8926:13,A:A,A:A,A:A,T:T,C:C,G:G,G:G,G:G,G:G,G:G,A:A,C:C,C:C,A:A
ICCX 191087:21,A:A,G:A,A:G,C:T,C:C,G:G,G:A,G:A,A:G,G:G,G:G,G:G,C:C,C:C
ICCX 191084:36,A:A,G:A,A:G,C:T,T:C,G:G,G:A,G:A,A:G,G:G,A:G,G:G,C:C,A:C
ICC 8898:11,A:A,A:A,A:A,C:C,T:T,G:G,G:G,G:G,G:G,G:G,A:A,G:G,C:C,A:A
ICCX 191085:27,A:A,A:A,A:G,C:T,T:C,G:G,G:A,G:A,A:G,G:G,A:G,G:G,C:C,A:C
ICCX 191085:39,A:A,G:G,G:G,T:T,C:C,G:G,A:A,A:A,A:A,G:G,G:G,G:G,C:C,C:C
ICC 8916:15,T:T,A:A,A:A,C:C,T:T,G:G,G:G,G:G,G:G,G:G,A:A,G:G,C:C,A:A
ICCX 191086:28,A:A,G:A,A:G,C:T,C:C,A:G,G:A,G:G,A:G,G:G,A:A,G:C,C:C,A:C
ICC 8926:14,A:A,A:A,A:A,T:T,C:C,G:G,G:G,G:G,G:G,G:G,A:A,C:C,C:C,A:A
ICCX 191087:22,A:A,G:A,A:G,C:T,C:C,G:G,G:A,G:A,A:G,G:G,G:G,G:G,C:C,C:C
ICCX 191084:37,A:T,G:A,A:G,C:T,T:C,G:G,G:A,G:A,A:G,G:G,A:G,G:G,C:C,A:C
ICC 8898:12,T:T,A:A,A:A,C:C,T:T,G:G,G:G,G:G,G:G,G:G,A:A,G:G,C:C,A:A
ICCX 191085:28,A:A,G:A,A:G,C:T,T:C,G:G,G:A,G:A,A:G,G:G,A:G,G:G,C:C,A:C
ICCX 191085:40,A:A,G:A,A:G,C:T,T:T,G:G,G:A,G:A,A:G,G:G,A:G,G:C,T:C,A:A
ICC 8916:16,A:A,A:A,A:A,C:C,T:T,G:G,G:G,G:G,G:G,G:G,A:A,G:G,C:C,A:A
ICCX 191086:29,A:A,G:A,A:G,T:T,C:C,G:G,G:A,G:A,A:G,G:G,G:G,G:C,C:C,A:C
ICC 8926:15,A:A,A:A,A:A,T:T,C:C,G:G,G:G,G:G,G:G,G:G,G:G,C:C,C:C,A:A
ICCX 191087:23,A:T,A:A,A:G,C:C,C:C,G:G,G:A,G:A,G:G,G:G,G:G,G:G,T:C,A:C
ICCX 191084:38,A:T,G:A,A:G,C:T,T:C,G:G,G:A,G:A,A:G,G:G,A:G,G:G,C:C,A:C
ICC 8898:13,A:A,A:A,A:A,C:C,T:T,G:G,G:G,G:G,G:G,G:G,A:A,G:G,C:C,A:A
ICCX 191085:29,A:A,G:A,A:G,C:T,T:T,G:G,G:A,G:A,A:G,G:G,A:G,G:G,T:C,A:A
ICCX 191085:41,A:A,G:A,A:G,C:T,T:C,G:G,G:A,G:A,A:G,G:G,A:G,G:G,C:C,A:C
ICCX 191086:18,A:A,A:A,A:G,T:T,C:C,G:G,G:A,G:A,A:G,G:G,G:G,G:C,C:C,A:C
ICCX 191086:30,A:A,A:A,A:G,T:T,C:C,G:G,G:A,G:A,A:G,G:G,G:G,G:C,C:C,A:C
ICC 8926:16,A:A,A:A,A:A,T:T,C:C,G:G,G:G,G:G,G:G,G:G,A:A,C:C,C:C,A:A
ICCX 191084:39,A:T,G:A,A:G,C:T,T:C,G:G,G:A,G:A,A:G,G:G,A:G,G:G,C:C,A:C
ICC 8898:14,A:A,A:A,A:A,C:C,T:T,G:G,G:G,G:G,G:G,G:G,A:A,G:G,C:C,A:A
ICCX 191085:30,A:A,G:A,A:G,C:C,T:C,A:G,G:A,G:G,A:G,G:G,A:A,G:G,C:C,A:C
ICCX 191085:42,A:A,G:A,A:G,C:T,T:C,G:G,G:A,G:A,A:G,G:G,A:G,G:G,C:C,A:C
ICCX 191086:19,A:A,A:A,A:G,T:T,C:C,G:G,G:A,G:A,A:G,G:G,G:G,G:C,C:C,A:C
ICCX 191086:31,A:A,G:G,G:G,T:T,C:C,G:G,A:A,A:A,A:A,G:G,G:G,G:G,C:C,C:C
NBeG 119:18,A:A,G:G,G:G,T:T,Uncallable,G:G,A:A,A:A,A:A,G:G,G:G,G:G,C:C,C:C
ICCX 191087:24,A:A,A:A,A:G,C:C,C:C,G:G,G:A,G:A,A:G,A:G,G:G,G:G,C:C,C:C
ICCX 191087:36,A:T,A:A,A:G,C:C,C:C,G:G,G:A,G:A,G:G,G:G,G:G,G:G,T:C,A:C
ICCX 191088:23,A:A,A:A,A:G,C:C,T:T,G:G,G:A,G:A,G:G,G:G,A:G,G:G,C:C,C:C
ICCX 191088:35,A:A,G:A,A:G,C:T,T:T,G:G,G:A,G:A,A:G,G:G,A:G,G:G,C:C,C:C
ICCX 191089:31,A:A,G:A,A:G,C:T,T:T,G:G,G:A,G:A,A:G,G:G,A:G,G:G,C:C,A:C
ICCX 191089:43,A:A,G:A,A:G,C:T,T:T,G:G,G:A,G:A,A:G,G:G,A:G,G:G,C:C,A:C
ICCX 191089:55,A:A,G:G,G:G,T:T,C:C,G:G,A:A,A:A,A:A,G:G,G:G,G:G,C:C,C:C
ICCX 191090:27,A:A,G:A,A:G,C:T,T:T,G:G,G:A,G:A,A:G,G:G,A:G,G:G,C:C,A:C
ICCX 191087:25,A:T,A:A,A:G,C:C,C:C,G:G,G:A,G:A,G:G,G:G,G:G,G:G,T:C,A:C
ICCX 191087:37,A:A,G:A,A:G,C:T,C:C,G:G,G:A,G:A,A:G,G:G,G:G,G:G,C:C,C:C
ICCX 191088:24,A:T,A:A,A:G,C:C,T:C,G:G,G:A,G:A,G:G,G:G,A:G,G:G,T:C,A:C
ICCX 191088:36,A:A,G:A,A:G,C:T,T:T,G:G,G:A,G:A,A:G,G:G,A:G,G:G,C:C,C:C
ICCX 191089:32,A:A,G:A,A:G,C:T,T:T,G:G,G:A,G:A,A:G,G:G,A:G,G:G,C:C,A:C
ICCX 191089:44,A:A,G:A,A:G,C:T,T:T,G:G,G:A,G:A,A:G,G:G,A:G,G:G,C:C,A:C
ICCX 191089:56,A:A,G:A,A:G,C:T,T:T,G:G,G:A,G:A,A:G,G:G,A:G,G:G,C:C,A:C
ICCX 191090:28,A:T,G:A,A:G,C:T,T:T,G:G,G:A,G:A,A:G,G:G,A:G,G:G,C:C,A:C
ICCX 191087:26,A:A,G:A,A:G,C:T,C:C,G:G,G:A,G:A,A:G,G:G,G:G,G:G,C:C,C:C
ICCX 191087:38,A:A,G:A,A:G,C:T,C:C,G:G,G:A,G:A,A:G,G:G,G:G,G:G,C:C,C:C
ICCX 191088:25,A:A,G:A,A:G,C:T,T:T,G:G,G:A,G:A,A:G,G:G,A:G,G:G,C:C,C:C
ICCX 191089:21,A:A,G:G,G:G,T:T,C:C,G:G,A:A,A:A,A:A,G:G,G:G,G:G,C:C,C:C
ICCX 191089:33,A:A,G:G,G:G,T:T,T:C,G:G,A:A,A:A,A:A,G:G,G:G,G:G,C:C,C:C
ICCX 191089:45,A:A,A:A,A:G,C:C,T:C,G:G,G:A,G:A,A:G,A:G,A:G,G:G,C:C,A:C
ICCX 191089:57,A:A,G:A,A:G,C:T,T:T,G:G,G:A,G:A,A:G,G:G,A:G,G:G,C:C,A:C
ICCX 191090:29,A:A,G:A,A:G,C:T,T:T,G:G,G:A,G:A,A:G,G:G,A:G,G:G,C:C,A:C
ICCX 191087:27,A:A,G:A,A:G,C:T,C:C,G:G,G:A,G:A,A:G,G:G,G:G,G:G,C:C,C:C
ICCX 191087:39,A:A,A:A,A:G,C:C,C:C,G:G,G:A,G:A,G:G,G:G,G:G,G:G,C:C,C:C
ICCX 191088:26,A:A,G:G,G:G,T:T,C:C,G:G,A:A,A:A,A:A,G:G,G:G,G:G,C:C,C:C
ICCX 191089:22,A:A,G:A,A:G,C:T,T:T,G:G,G:A,G:A,A:G,G:G,A:G,G:G,C:C,A:C
ICCX 191089:34,T:T,A:A,A:G,C:C,T:C,G:G,G:A,G:A,G:G,G:G,A:G,G:G,T:C,A:A
ICCX 191089:46,A:A,A:A,A:G,C:C,T:T,G:G,G:A,A:A,G:G,G:G,A:G,G:G,C:C,A:C
ICCX 191089:58,A:A,A:A,A:G,C:C,T:C,G:G,G:A,A:A,A:G,A:G,A:G,G:G,C:C,A:C
ICCX 191090:30,A:A,G:A,A:G,C:T,T:T,G:G,G:A,G:A,A:G,G:G,A:G,G:G,C:C,A:C
ICCX 191087:28,A:A,A:A,A:G,C:C,C:C,G:G,G:A,G:A,A:G,A:G,G:G,G:G,C:C,C:C
ICCX 191087:40,A:A,G:A,A:G,C:T,C:C,G:G,G:A,G:A,A:G,G:G,G:G,G:G,C:C,C:C
ICCX 191088:27,A:A,G:A,A:G,C:T,T:T,G:G,G:A,G:A,A:G,G:G,A:G,G:G,C:C,C:C
ICCX 191089:23,A:A,A:A,G:G,C:C,C:C,G:G,A:A,A:A,G:G,G:G,G:G,G:G,C:C,C:C
ICCX 191089:35,A:A,G:A,A:G,C:T,T:T,G:G,G:A,G:A,A:G,G:G,A:G,G:G,C:C,A:C
ICCX 191089:47,A:A,G:G,G:G,T:T,C:C,G:G,A:A,A:A,A:A,G:G,G:G,G:G,C:C,C:C
ICCX 191089:59,A:A,G:A,A:G,C:T,T:T,G:G,G:A,G:A,A:G,G:G,A:G,G:G,C:C,A:C
ICCX 191090:31,A:T,A:A,A:G,C:C,T:T,G:G,G:A,G:A,G:G,G:G,A:G,G:G,C:C,A:C
ICCX 191087:29,A:A,A:A,A:G,C:C,C:C,G:G,G:A,G:A,G:G,G:G,G:G,G:G,C:C,C:C
ICCX 191087:41,A:T,A:A,A:G,C:C,C:C,G:G,G:A,G:A,G:G,G:G,G:G,G:G,T:C,A:C
ICCX 191088:28,A:A,G:A,A:G,C:T,T:T,G:G,G:A,G:A,A:G,G:G,A:G,G:G,C:C,C:C
ICCX 191089:24,A:A,G:A,A:G,C:T,T:T,G:G,G:A,A:A,?,G:G,A:G,G:G,C:C,A:C
ICCX 191089:36,A:A,G:A,A:G,C:T,T:T,G:G,G:A,G:A,A:G,G:G,A:G,G:G,C:C,A:C
ICCX 191089:48,A:A,G:G,G:G,T:T,C:C,G:G,A:A,A:A,A:A,G:G,G:G,G:G,C:C,C:C
ICCX 191089:60,A:A,G:A,A:G,C:T,T:T,G:G,G:A,G:A,A:G,G:G,A:G,G:G,C:C,A:C
ICCX 191090:32,A:A,G:A,A:G,C:T,?,G:G,G:A,G:A,A:G,G:G,A:G,G:G,C:C,A:C
ICCX 191087:30,A:T,A:A,A:G,C:C,C:C,G:G,G:A,G:A,G:G,G:G,G:G,G:G,T:C,A:C
ICCX 191087:42,A:T,A:A,A:G,C:C,C:C,G:G,G:A,G:A,G:G,G:G,G:G,G:G,T:C,A:C
ICCX 191088:29,A:T,A:A,A:G,C:C,T:C,G:G,G:A,G:A,G:G,G:G,A:G,G:G,T:C,A:C
ICCX 191089:25,A:A,G:A,A:G,C:T,T:T,G:G,G:A,G:A,A:G,G:G,A:G,G:G,C:C,A:C
ICCX 191089:37,A:A,A:A,G:G,C:C,C:C,G:G,A:A,A:A,G:G,G:G,G:G,G:G,C:C,C:C
ICCX 191089:49,A:A,G:A,A:G,C:T,T:T,G:G,G:A,A:A,A:G,G:G,A:G,G:G,C:C,A:C
ICCX 191090:21,A:A,G:A,A:G,C:T,T:T,G:G,G:A,G:A,A:G,G:G,A:G,G:G,C:C,A:C
ICCX 191090:33,A:T,G:A,A:G,C:T,T:T,G:G,G:A,G:A,A:G,G:G,A:G,G:G,C:C,A:C
ICCX 191087:31,A:T,A:A,A:G,C:C,C:C,G:G,G:A,G:A,G:G,G:G,G:G,G:G,T:C,A:C
ICCX 191087:43,A:T,A:A,A:G,C:C,C:C,G:G,G:A,G:A,G:G,G:G,G:G,G:G,T:C,A:C
ICCX 191088:30,A:T,Uncallable,A:G,C:C,T:C,G:G,G:A,G:A,G:G,G:G,A:G,G:G,T:C,A:C
ICCX 191089:26,A:T,G:A,A:G,C:T,T:T,G:G,G:A,G:A,A:G,G:G,A:G,G:G,C:C,A:C
ICCX 191089:38,A:A,G:G,G:G,T:T,C:C,G:G,A:A,A:A,A:A,G:G,G:G,G:G,C:C,C:C
ICCX 191089:50,A:A,G:G,G:G,T:T,C:C,G:G,A:A,A:A,A:A,G:G,G:G,G:G,C:C,C:C
ICCX 191090:22,A:A,G:A,A:G,C:T,T:T,G:G,G:A,G:A,A:G,G:G,A:G,G:G,C:C,A:C
ICCX 191090:34,A:T,G:A,A:G,C:T,T:T,G:G,G:A,G:A,A:G,G:G,A:G,G:G,C:C,A:C
ICCX 191087:32,A:T,A:A,A:G,C:C,C:C,G:G,G:A,G:A,G:G,G:G,G:G,G:G,T:C,A:C
ICCX 191088:19,A:A,G:A,A:G,C:T,T:T,G:G,G:A,G:A,A:G,G:G,A:G,G:G,C:C,C:C
ICCX 191088:31,A:A,G:A,A:G,C:T,T:T,G:G,G:A,G:A,A:G,G:G,A:G,G:G,C:C,C:C
ICCX 191089:27,A:A,G:A,A:G,C:T,T:T,G:G,G:A,G:A,A:G,G:G,A:G,G:G,C:C,A:C
ICCX 191089:39,A:T,A:A,A:G,C:C,T:C,G:G,G:A,G:A,A:G,A:G,A:G,G:G,C:C,A:C
ICCX 191089:51,A:A,G:A,A:G,C:T,T:T,G:G,G:A,G:A,A:G,G:G,A:G,G:G,C:C,A:C
ICCX 191090:23,A:T,G:A,A:G,C:T,T:T,G:G,G:A,G:A,A:G,G:G,A:G,G:G,?,A:C
ICCX 191090:35,A:T,G:A,A:G,C:T,T:T,G:G,G:A,G:A,A:G,G:G,A:G,G:G,C:C,A:C
ICCX 191087:33,A:A,G:G,G:G,T:T,Uncallable,G:G,A:A,A:A,A:A,G:G,G:G,G:G,C:C,C:C
ICCX 191088:20,A:T,A:A,A:G,C:C,T:C,G:G,G:A,G:A,G:G,G:G,A:G,G:G,T:C,A:C
ICCX 191088:32,A:T,G:A,A:G,C:T,T:C,G:G,G:G,G:A,A:G,A:G,A:G,G:G,C:C,C:C
ICCX 191089:28,A:A,G:G,G:G,T:T,C:C,G:G,A:A,A:A,A:A,G:G,G:G,G:G,C:C,?
ICCX 191089:40,A:A,G:G,G:G,T:T,C:C,G:G,A:A,A:A,A:A,G:G,G:G,G:G,C:C,C:C
ICCX 191089:52,A:A,G:A,A:G,C:T,T:T,G:G,G:A,G:A,A:G,G:G,A:G,G:G,C:C,A:C
ICCX 191090:24,A:A,G:G,G:G,T:T,C:C,G:G,A:A,A:A,A:A,G:G,G:G,G:G,C:C,C:C
ICCX 191090:36,A:T,A:A,A:G,C:C,T:T,G:G,G:A,G:A,G:G,G:G,A:G,G:G,C:C,A:C
ICCX 191087:34,A:A,G:A,A:G,C:T,C:C,G:G,G:A,G:A,A:G,G:G,G:G,G:G,C:C,C:C
ICCX 191088:21,A:A,G:A,A:G,C:T,T:T,G:G,G:A,G:A,A:G,G:G,A:G,G:G,C:C,C:C
ICCX 191088:33,A:A,G:G,G:G,T:T,C:C,G:G,A:A,A:A,A:A,G:G,G:G,G:G,C:C,C:C
ICCX 191089:29,A:A,G:G,G:G,T:T,C:C,G:G,A:A,A:A,A:A,G:G,G:G,G:G,C:C,C:C
ICCX 191089:41,A:A,A:A,A:G,C:C,T:C,G:G,G:A,A:A,A:G,A:G,A:G,G:G,C:C,A:C
ICCX 191089:53,A:A,G:G,G:G,T:T,C:C,G:G,A:A,A:A,A:A,G:G,G:G,G:G,C:C,C:C
ICCX 191090:25,A:A,G:A,A:G,C:T,T:T,G:G,G:A,G:A,A:G,G:G,A:G,G:G,C:C,A:C
ICCX 191087:35,A:T,A:A,?,C:C,C:C,G:G,G:A,G:A,G:G,G:G,G:G,G:G,T:C,A:C
ICCX 191088:22,A:A,A:A,G:G,C:C,T:T,G:G,A:A,A:A,G:G,G:G,G:G,G:G,C:C,C:C
ICCX 191088:34,A:T,A:A,A:G,C:C,T:C,G:G,G:A,G:A,G:G,G:G,A:G,G:G,T:C,A:C
ICCX 191089:30,A:A,G:G,G:G,T:T,C:C,G:G,A:A,A:A,A:A,G:G,G:G,G:G,C:C,C:C
ICCX 191089:42,A:A,A:A,A:G,C:C,T:T,G:G,G:A,A:A,G:G,G:G,A:G,G:G,C:C,A:C
ICCX 191089:54,A:A,G:G,G:G,T:T,C:C,G:G,A:A,A:A,A:A,G:G,G:G,G:G,C:C,C:C
ICCX 191090:26,A:A,A:A,G:G,C:C,T:T,G:G,A:A,A:A,G:G,G:G,G:G,G:G,C:C,C:C
ICCX 191090:37,A:A,G:G,G:G,T:T,C:C,G:G,A:A,A:A,A:A,G:G,G:G,G:G,T:C,C:C
ICCX 191090:49,A:A,G:A,A:G,C:T,T:T,G:G,G:A,G:A,A:G,G:G,A:G,G:G,C:C,A:C
ICCX 191091:21,A:A,G:A,A:G,C:T,T:T,G:G,G:A,A:A,A:G,G:G,A:G,G:G,C:C,A:C
ICCX 191091:33,A:A,G:A,A:G,C:T,T:T,G:G,G:A,G:A,A:G,G:G,A:G,G:G,C:C,A:C
ICCX 191092:23,A:A,G:G,G:G,T:T,C:C,G:G,A:A,A:A,A:A,G:G,G:G,G:G,C:C,C:C
ICCX 191092:35,A:A,G:A,A:G,T:T,C:C,G:G,G:A,G:A,A:G,G:G,G:G,G:C,C:C,A:C
ICCX 191092:47,A:A,G:A,A:G,T:T,C:C,G:G,G:A,G:A,A:G,G:G,A:G,G:C,C:C,A:C
ICCX 191093:22,A:A,G:A,A:G,C:T,C:C,G:G,G:G,G:A,Uncallable,G:G,G:G,G:G,C:C,C:C
ICCX 191090:38,A:T,G:A,A:G,C:T,T:T,G:G,G:A,G:A,A:G,G:G,A:G,G:G,C:C,A:C
ICCX 191090:50,A:A,G:A,A:G,C:T,T:T,G:G,G:A,G:A,A:G,G:G,A:G,G:G,C:C,A:C
ICCX 191091:22,A:A,G:G,G:G,T:T,C:C,G:G,A:A,A:A,A:A,G:G,G:G,G:G,C:C,C:C
ICCX 191091:34,A:A,G:A,A:G,C:T,T:T,G:G,G:A,A:A,A:G,G:G,A:G,G:G,C:C,A:C
ICCX 191092:24,A:A,G:A,A:G,T:T,C:C,G:G,G:A,G:A,A:G,G:G,G:G,G:C,C:C,A:C
ICCX 191092:36,A:A,A:A,A:G,C:T,C:C,G:G,G:A,G:A,G:G,G:G,G:G,G:C,C:C,A:C
ICCX 191092:48,A:A,G:A,A:G,T:T,C:C,G:G,G:A,G:A,A:G,G:G,G:G,G:C,C:C,A:C
ICCX 191093:23,A:A,G:A,A:G,C:T,C:C,G:G,G:G,G:A,A:G,G:G,G:G,G:G,C:C,C:C
ICCX 191090:39,A:A,G:A,A:G,C:T,T:T,G:G,G:A,G:A,A:G,G:G,A:G,G:G,C:C,A:C
ICCX 191090:51,A:A,G:G,G:G,T:T,C:C,G:G,A:A,A:A,A:A,G:G,G:G,G:G,C:C,C:C
ICCX 191091:23,A:A,G:A,A:G,C:T,T:T,G:G,G:A,G:A,A:G,G:G,A:G,G:G,C:C,A:C
ICCX 191091:35,A:A,G:A,A:G,C:T,T:T,G:G,G:A,A:A,A:G,G:G,A:G,G:G,C:C,A:C
ICCX 191092:25,A:A,A:A,G:G,C:C,C:C,G:G,A:A,A:A,G:G,G:G,G:G,G:G,C:C,C:C
ICCX 191092:37,A:A,G:A,A:G,T:T,?,G:G,G:A,G:A,A:G,G:G,A:G,G:C,C:C,A:C
ICCX 191092:49,A:A,G:A,A:G,T:T,C:C,G:G,G:A,G:A,A:G,G:G,A:G,G:C,C:C,A:C
ICCX 191093:24,A:A,G:G,G:G,T:T,C:C,G:G,G:G,A:A,A:A,G:G,G:G,G:G,C:C,C:C
ICCX 191090:40,A:A,?,A:G,C:T,T:T,G:G,G:A,G:A,A:G,G:G,A:G,G:G,C:C,A:C
ICCX 191090:52,A:T,G:A,A:G,C:T,T:T,G:G,G:A,G:A,A:G,G:G,A:G,G:G,C:C,A:C
ICCX 191091:24,A:A,G:G,G:G,T:T,C:C,G:G,A:A,A:A,A:A,G:G,G:G,G:G,C:C,C:C
ICCX 191091:36,A:A,G:A,A:G,C:T,T:T,G:G,G:A,G:A,A:G,G:G,A:G,G:G,C:C,A:C
ICCX 191092:26,A:A,G:A,A:G,T:T,C:C,G:G,G:A,G:A,A:G,G:G,G:G,G:C,C:C,A:C
ICCX 191092:38,A:A,A:A,A:G,C:T,C:C,G:G,G:A,G:A,G:G,G:G,A:G,G:C,C:C,A:C
ICCV 95334:11,A:A,G:G,G:G,T:T,C:C,G:G,G:G,A:A,A:A,G:G,G:G,G:G,C:C,C:C
ICCX 191093:25,A:A,G:A,A:G,C:T,C:C,G:G,G:G,G:A,A:G,G:G,G:G,G:G,C:C,C:C
ICCX 191090:41,A:A,G:G,G:G,T:T,C:C,G:G,A:A,A:A,A:A,G:G,G:G,G:G,C:C,C:C
ICCX 191090:53,A:A,G:A,A:G,C:T,T:T,G:G,G:A,G:A,A:G,G:G,A:G,G:G,C:C,A:C
ICCX 191091:25,A:A,G:A,A:G,C:T,T:T,G:G,G:A,G:A,A:G,G:G,A:G,G:G,C:C,A:C
ICCX 191091:37,A:A,G:G,G:G,T:T,C:C,G:G,A:A,A:A,A:A,G:G,G:G,G:G,C:C,C:C
ICCX 191092:27,A:A,G:A,A:G,T:T,C:C,G:G,G:A,G:A,A:G,G:G,A:G,G:C,C:C,A:C
ICCX 191092:39,A:A,G:A,A:G,T:T,C:C,G:G,G:A,G:A,A:G,G:G,A:G,G:C,C:C,A:C
ICCV 95334:12,A:A,G:G,G:G,T:T,C:C,G:G,G:G,A:A,A:A,G:G,G:G,G:G,C:C,C:C
ICCX 191093:26,A:A,G:G,G:G,T:T,C:C,G:G,G:G,A:A,A:A,G:G,G:G,G:G,C:C,C:C
ICCX 191090:42,A:A,G:A,A:G,C:T,T:T,G:G,G:A,G:A,A:G,G:G,A:G,G:G,C:C,A:C
ICCX 191090:54,A:A,G:G,G:G,T:T,C:C,G:G,A:A,A:A,A:A,G:G,G:G,G:G,C:C,C:C
ICCX 191091:26,A:A,G:A,A:G,C:T,T:T,G:G,G:A,A:A,A:G,G:G,A:G,G:G,C:C,A:C
ICCX 191091:38,A:A,G:G,G:G,T:T,C:C,G:G,A:A,A:A,A:A,G:G,G:G,G:G,C:C,C:C
ICCX 191092:28,A:A,A:A,A:G,C:T,C:C,G:G,G:A,G:A,G:G,G:G,A:G,G:C,C:C,A:C
ICCX 191092:40,A:A,G:A,A:G,T:T,C:C,G:G,G:A,G:A,A:G,G:G,A:G,G:C,C:C,A:C
ICCV 95334:13,A:A,G:G,G:G,T:T,C:C,G:G,G:G,A:A,A:A,G:G,G:G,G:G,C:C,C:C
ICCX 191093:27,A:A,G:G,G:G,T:T,C:C,G:G,G:G,A:A,A:A,G:G,G:G,G:G,C:C,C:C
ICCX 191090:43,A:A,G:G,G:G,T:T,C:C,G:G,A:A,A:A,A:A,G:G,G:G,G:G,C:C,C:C
ICCX 191090:55,A:T,G:A,A:G,C:T,T:T,G:G,G:A,G:A,A:G,G:G,A:G,G:G,C:C,A:C
ICCX 191091:27,A:A,G:G,G:G,T:T,T:C,G:G,A:A,A:A,A:A,G:G,G:G,G:G,C:C,C:C
ICCX 191091:39,A:A,G:A,A:G,C:T,T:T,G:G,G:A,A:A,A:G,G:G,A:G,G:G,C:C,A:C
ICCX 191092:29,A:A,G:A,A:G,T:T,C:C,G:G,G:A,G:A,A:G,G:G,A:G,G:C,C:C,A:C
ICCX 191092:41,A:A,A:A,A:G,C:T,C:C,G:G,G:A,G:A,G:G,G:G,G:G,G:C,C:C,A:C
ICCV 95334:14,A:A,G:G,G:G,T:T,C:C,G:G,G:G,A:A,A:A,G:G,G:G,G:G,C:C,C:C
ICCX 191093:28,A:A,G:G,G:G,T:T,C:C,G:G,G:G,A:A,A:A,G:G,G:G,G:G,C:C,C:C
ICCX 191090:44,A:A,G:G,G:G,T:T,C:C,G:G,A:A,A:A,A:A,G:G,G:G,G:G,C:C,C:C
ICCX 191090:56,A:A,G:A,A:G,C:T,T:T,G:G,G:A,G:A,A:G,G:G,A:G,G:G,C:C,A:C
ICCX 191091:28,A:A,G:A,A:G,C:T,T:T,G:G,G:A,A:A,A:G,G:G,A:G,G:G,C:C,A:C
ICCX 191091:40,A:A,G:G,G:G,T:T,C:C,G:G,A:A,A:A,A:A,G:G,G:G,G:G,C:C,C:C
ICCX 191092:30,A:A,A:A,A:G,C:T,C:C,G:G,G:A,G:A,G:G,G:G,A:G,G:C,C:C,A:C
ICCX 191092:42,A:A,G:G,G:G,T:T,C:C,G:G,A:A,A:A,A:A,G:G,G:G,G:G,C:C,C:C
ICCV 95334:15,A:A,G:G,G:G,T:T,C:C,G:G,G:G,A:A,A:A,G:G,G:G,G:G,C:C,C:C
ICCX 191093:29,A:A,G:A,A:G,C:T,C:C,G:G,G:G,G:A,A:G,G:G,G:G,G:G,C:C,C:C
ICCX 191090:45,A:A,G:A,A:G,C:T,T:T,G:G,G:A,G:A,A:G,G:G,A:G,G:G,C:C,A:C
ICCX 191090:57,A:T,G:A,A:G,C:T,T:T,G:G,G:A,G:A,A:G,G:G,A:G,G:G,C:C,A:C
ICCX 191091:29,A:A,G:A,A:G,C:T,T:T,G:G,G:A,G:A,A:G,G:G,A:G,G:G,C:C,A:C
ICCX 191091:41,A:A,G:G,G:G,T:T,C:C,G:G,A:A,A:A,A:A,G:G,G:G,G:G,C:C,C:C
ICCX 191092:31,A:A,G:A,A:G,T:T,C:C,G:G,G:A,G:A,A:G,G:G,G:G,G:C,C:C,A:C
ICCX 191092:43,A:A,G:A,A:G,T:T,C:C,G:G,G:A,G:A,A:G,G:G,G:G,G:C,C:C,A:C
ICCV 95334:16,A:A,G:G,G:G,T:T,C:C,G:G,G:G,A:A,A:A,G:G,G:G,G:G,C:C,C:C
ICCX 191093:30,A:A,G:A,A:G,C:T,C:C,G:G,G:G,G:A,A:G,G:G,G:G,G:G,C:C,C:C
ICCX 191090:46,A:A,G:A,A:G,C:T,T:T,G:G,G:A,G:A,A:G,G:G,A:G,G:G,C:C,A:C
ICCX 191090:58,A:T,G:A,A:G,C:T,T:T,G:G,G:A,G:A,A:G,G:G,A:G,G:G,C:C,A:C
ICCX 191091:30,A:A,G:A,A:G,C:T,T:T,G:G,G:A,A:A,A:G,G:G,A:G,G:G,C:C,A:C
ICCX 191091:42,A:A,G:G,G:G,T:T,C:C,G:G,A:A,A:A,A:A,G:G,G:G,G:G,C:C,C:C
ICCX 191092:32,A:A,G:A,A:G,T:T,C:C,G:G,G:A,G:A,A:G,G:G,G:G,G:C,C:C,A:C
ICCX 191092:44,A:A,G:A,A:G,T:T,C:C,G:G,G:A,G:A,A:G,G:G,A:G,G:C,C:C,A:C
ICCV 95334:17,A:A,G:G,G:G,T:T,C:C,G:G,G:G,A:A,A:A,G:G,G:G,G:G,C:C,C:C
ICCX 191093:31,A:A,G:A,A:G,C:T,C:C,G:G,G:G,G:A,A:G,G:G,G:G,G:G,C:C,C:C
ICCX 191090:47,A:T,G:A,A:G,C:T,T:T,G:G,G:A,G:A,A:G,G:G,A:G,G:G,C:C,A:C
ICCX 191090:59,A:T,G:A,A:G,C:T,T:T,G:G,G:A,G:A,A:G,G:G,A:G,G:G,C:C,A:C
ICCX 191091:31,A:A,G:A,A:G,C:T,T:T,G:G,G:A,G:A,A:G,G:G,?,G:G,C:C,A:C
ICCX 191092:21,A:A,G:G,G:G,T:T,C:C,G:G,A:A,A:A,A:A,G:G,G:G,G:G,C:C,C:C
ICCX 191092:33,A:A,G:A,A:G,T:T,C:C,G:G,G:A,G:A,A:G,G:G,A:G,G:C,C:C,A:C
ICCX 191092:45,A:A,G:G,G:G,T:T,C:C,G:G,A:A,A:A,A:A,G:G,G:G,G:G,C:C,C:C
ICCV 95334:18,A:A,G:G,G:G,T:T,C:C,G:G,G:G,A:A,A:A,G:G,G:G,G:G,C:C,C:C
ICCX 191090:48,A:A,G:G,G:G,T:T,C:C,G:G,A:A,A:A,A:A,G:G,G:G,G:G,C:C,C:C
ICCX 191090:60,A:T,G:A,A:G,C:T,T:T,G:G,G:A,G:A,A:G,G:G,A:G,G:G,C:C,A:C
ICCX 191091:32,A:A,G:G,G:G,T:T,C:C,G:G,A:A,A:A,A:A,G:G,G:G,G:G,C:C,C:C
ICCX 191092:22,A:A,A:A,A:G,C:T,C:C,G:G,G:A,G:A,G:G,G:G,G:G,G:C,C:C,A:C
ICCX 191092:34,A:A,G:A,A:G,T:T,C:C,G:G,G:A,G:A,A:G,G:G,G:G,G:C,C:C,A:C
ICCX 191092:46,A:A,G:A,A:G,T:T,Uncallable,G:G,G:A,G:A,A:G,G:G,A:G,G:C,C:C,A:C
ICCX 191093:21,A:A,G:A,A:G,C:T,C:C,G:G,G:G,G:A,A:G,G:G,G:G,G:G,C:C,C:C
ICCX 191093:32,A:A,G:A,A:G,C:T,C:C,G:G,G:G,G:A,A:G,G:G,G:G,G:G,C:C,C:C
ICCX 191094:21,A:A,G:G,G:G,T:T,C:C,G:G,G:G,A:A,A:A,G:G,G:G,G:G,C:C,C:C
ICCX 191094:33,A:A,G:A,A:G,C:T,T:C,G:G,G:G,G:A,A:G,G:G,A:G,G:G,C:C,C:C
ICCX 191095:23,A:A,G:A,A:G,C:T,T:C,G:G,G:G,G:A,A:G,G:G,A:G,G:G,C:C,A:C
ICCX 191097:16,A:A,G:A,A:G,C:T,T:C,G:G,G:G,G:A,A:G,G:G,A:G,G:G,C:C,A:C
ICCX 191098:23,A:A,G:A,A:G,T:T,C:C,G:G,G:G,G:A,A:G,G:G,G:G,G:C,C:C,A:C
ICCX 191098:35,A:A,G:A,A:G,T:T,C:C,G:G,G:G,G:A,A:G,G:G,A:G,G:C,C:C,A:C
ICCX 191099:23,A:A,A:A,G:G,C:C,T:T,G:G,G:G,G:G,A:A,G:G,A:A,G:G,C:C,C:C
ICCX 191093:33,A:A,G:A,A:G,C:T,T:C,G:G,G:G,G:A,A:G,G:G,A:G,G:G,C:C,C:C
ICCX 191094:22,A:A,G:G,G:G,T:T,C:C,G:G,G:G,A:A,A:A,G:G,G:G,G:G,C:C,C:C
ICCX 191094:34,A:A,G:G,G:G,T:T,C:C,G:G,G:G,A:A,A:A,G:G,G:G,G:G,C:C,C:C
ICCX 191095:24,A:A,G:G,G:G,T:T,C:C,G:G,G:G,A:A,A:A,G:G,G:G,G:G,C:C,C:C
ICCX 191098:24,A:A,G:A,A:G,T:T,C:C,G:G,G:G,G:A,A:G,G:G,A:G,G:C,C:C,A:C
KRIPA:9,A:A,A:A,G:G,C:C,T:T,G:G,G:G,?,A:A,G:G,A:A,C:C,C:C,C:C
ICCX 191099:24,A:A,A:A,G:G,C:C,T:T,G:G,G:G,G:G,A:A,G:G,A:A,G:G,C:C,C:C
ICCX 191093:34,A:A,G:A,A:G,C:T,C:C,G:G,G:G,G:A,A:G,G:G,G:G,G:G,C:C,C:C
ICCX 191094:23,A:A,G:A,A:G,C:T,T:C,G:G,G:G,G:A,A:G,G:G,A:G,G:G,C:C,C:C
ICCX 191095:13,A:A,G:G,G:G,T:T,C:C,G:G,G:G,A:A,A:A,G:G,G:G,G:G,C:C,C:C
ICCX 191096:8,A:A,G:G,G:G,T:T,C:C,G:G,G:G,A:A,A:A,G:G,G:G,G:G,C:C,C:C
ICCX 191098:25,A:A,G:G,G:G,T:T,C:C,G:G,G:G,A:A,A:A,G:G,G:G,G:G,C:C,C:C
KRIPA:10,A:A,A:A,G:G,C:C,T:T,G:G,G:G,G:G,A:A,G:G,A:A,G:G,C:C,C:C
ICCX 191099:25,A:A,G:G,G:G,T:T,T:T,G:G,G:G,A:A,A:A,G:G,A:A,G:G,C:C,C:C
ICCX 191093:35,A:A,G:G,G:G,T:T,C:C,G:G,G:G,A:A,A:A,G:G,G:G,G:G,C:C,C:C
ICCX 191094:24,A:A,G:A,A:G,C:T,T:C,G:G,G:G,G:A,A:G,G:G,A:G,G:G,C:C,C:C
ICCX 191095:14,A:A,G:G,G:G,T:T,C:C,G:G,G:G,A:A,A:A,G:G,G:G,G:G,C:C,C:C
ICCX 191096:9,A:A,G:A,A:G,C:T,T:C,G:G,G:G,G:A,A:G,G:G,A:G,G:G,C:C,A:C
ICCX 191097:19,A:A,G:A,A:G,C:T,T:C,G:G,G:G,G:A,A:G,G:G,A:G,G:G,C:C,A:C
ICCX 191098:26,A:A,G:A,A:G,C:T,T:C,G:G,G:G,G:A,A:G,G:G,A:G,G:G,C:C,A:C
KRIPA:11,A:A,A:A,G:G,C:C,T:T,G:G,G:G,G:G,A:A,G:G,A:A,C:C,C:C,C:C
ICCX 191099:26,A:A,G:A,G:G,C:C,T:T,G:G,G:G,G:G,A:A,G:G,A:A,G:G,C:C,C:C
ICCX 191093:36,A:A,G:G,G:G,T:T,C:C,G:G,G:G,A:A,A:A,G:G,G:G,G:G,C:C,C:C
ICCX 191094:25,A:A,G:G,G:G,T:T,C:C,G:G,G:G,A:A,A:A,G:G,G:G,G:G,C:C,C:C
ICCX 191095:15,A:A,G:G,G:G,T:T,C:C,G:G,G:G,A:A,A:A,G:G,G:G,G:G,C:C,C:C
ICCX 191096:10,A:A,G:G,G:G,T:T,C:C,G:G,G:G,A:A,A:A,G:G,G:G,G:G,C:C,C:C
ICCX 191097:20,A:A,G:A,A:G,C:T,T:C,G:G,G:G,G:A,A:G,G:G,A:G,G:G,C:C,A:C
ICCX 191098:27,A:A,G:G,G:G,T:T,C:C,G:G,G:G,A:A,A:A,G:G,G:G,G:G,C:C,C:C
KRIPA:12,A:A,A:A,G:G,C:C,T:T,G:G,G:G,G:G,A:A,G:G,A:A,C:C,C:C,C:C
ICCX 191099:27,A:A,A:A,G:G,C:C,T:T,G:G,G:G,G:G,A:A,G:G,A:A,G:G,C:C,C:C
ICCX 191093:37,A:A,G:A,A:G,C:T,C:C,G:G,G:G,G:A,A:G,G:G,?,G:G,C:C,C:C
ICCX 191094:26,A:A,G:A,A:G,C:T,T:C,G:G,G:G,G:A,A:G,G:G,A:G,G:G,C:C,C:C
ICCX 191095:16,A:A,G:G,G:G,T:T,C:C,G:G,G:G,A:A,A:A,G:G,G:G,G:G,C:C,C:C
ICCX 191097:21,A:A,G:A,A:G,C:T,T:C,G:G,G:G,G:A,A:G,G:G,A:G,G:G,C:C,A:C
ICCX 191098:28,A:A,G:G,G:G,T:T,C:C,G:G,G:G,A:A,A:A,G:G,G:G,G:G,C:C,C:C
KRIPA:13,A:A,A:A,G:G,C:C,T:T,G:G,G:G,G:G,A:A,G:G,A:A,G:G,C:C,C:C
ICCX 191099:28,A:A,G:A,G:G,C:T,T:T,G:G,G:G,G:A,A:A,G:G,A:A,G:G,C:C,C:C
ICCX 191093:38,A:A,G:G,G:G,T:T,C:C,G:G,G:G,A:A,A:A,G:G,G:G,G:G,C:C,C:C
ICCX 191094:27,A:A,G:A,A:G,C:T,T:C,G:G,G:G,G:A,A:G,G:G,A:G,G:G,C:C,C:C
ICCX 191095:17,A:A,G:A,A:G,C:T,T:C,G:G,G:G,G:A,A:G,G:G,A:G,G:G,C:C,A:C
ICCX 191096:12,A:A,G:G,G:G,T:T,C:C,G:G,G:G,A:A,A:A,G:G,G:G,G:G,C:C,C:C
ICCX 191097:22,A:A,G:G,G:G,T:T,C:C,G:G,G:G,A:A,A:A,G:G,G:G,G:G,C:C,C:C
ICCX 191098:29,A:A,G:A,A:G,T:T,C:C,G:G,G:G,G:A,A:G,G:G,G:G,G:C,C:C,A:C
KRIPA:14,A:A,A:A,G:G,C:C,T:T,G:G,G:G,G:G,A:A,G:G,A:A,G:G,C:C,C:C
ICCX 191099:29,A:A,A:A,G:G,C:C,T:T,G:G,G:G,G:A,A:A,G:G,A:A,G:C,C:C,C:C
ICCX 191093:39,A:A,G:A,A:G,C:T,C:C,G:G,G:G,G:A,A:G,G:G,G:G,G:G,C:C,C:C
ICCX 191094:28,A:A,G:A,A:G,C:T,T:C,G:G,G:G,G:A,A:G,G:G,A:G,G:G,C:C,C:C
ICCX 191095:18,A:T,G:A,A:G,C:T,T:C,G:G,G:G,G:A,A:G,G:G,A:G,G:G,C:C,A:C
ICCX 191096:13,A:A,G:G,G:G,T:T,C:C,G:G,G:G,A:A,A:A,G:G,G:G,G:G,C:C,C:C
ICCX 191098:18,A:A,G:A,A:G,T:T,C:C,G:G,G:G,G:A,A:G,G:G,G:G,G:C,C:C,A:C
ICCX 191098:30,A:T,G:A,A:G,C:T,T:C,G:G,G:G,G:A,A:G,G:G,A:G,G:G,C:C,A:C
KRIPA:15,A:A,A:A,G:G,C:C,T:T,G:G,G:G,G:G,A:A,G:G,A:A,C:C,C:C,C:C
ICCX 191099:30,A:A,A:A,G:G,C:C,T:T,G:G,G:G,G:G,A:A,G:G,A:A,G:G,C:C,C:C
ICCX 191093:40,A:A,G:A,A:G,C:T,C:C,G:G,G:G,G:A,A:G,G:G,G:G,G:G,C:C,C:C
ICCX 191094:29,A:A,G:A,A:G,C:T,T:C,G:G,G:G,G:A,A:G,G:G,A:G,G:G,C:C,C:C
ICCX 191095:19,A:A,G:A,A:G,C:T,T:C,G:G,G:G,G:A,A:G,G:G,A:G,G:G,C:C,A:C
ICCX 191097:12,A:A,G:G,G:G,T:T,C:C,G:G,G:G,A:A,A:A,G:G,G:G,G:G,C:C,C:C
ICCX 191098:19,A:A,G:A,A:G,C:T,T:C,G:G,G:G,G:A,A:G,G:G,A:G,G:G,C:C,A:C
ICCX 191098:31,A:A,G:A,A:G,T:T,C:C,G:G,G:G,G:A,A:G,G:G,A:G,G:C,C:C,A:C
KRIPA:16,A:A,A:A,G:G,C:C,T:T,G:G,G:G,G:G,A:A,G:G,A:A,C:C,C:C,C:C
ICCX 191099:31,A:A,G:G,G:G,T:T,T:T,G:G,G:G,A:A,A:A,G:G,A:A,G:G,C:C,C:C
ICCX 191094:18,A:A,G:A,A:G,C:T,T:C,G:G,G:G,G:A,A:G,G:G,A:G,G:G,C:C,C:C
ICCX 191094:30,A:A,G:A,A:G,C:T,T:C,G:G,G:G,G:A,A:G,G:G,A:G,G:G,C:C,C:C
ICCX 191095:20,A:A,G:A,A:G,C:T,T:C,G:G,G:G,G:A,A:G,G:G,A:G,G:G,C:C,A:C
ICCX 191097:13,A:A,G:A,A:G,C:T,T:C,G:G,G:G,G:A,A:G,G:G,A:G,G:G,C:C,A:C
ICCX 191098:20,A:T,G:A,A:G,C:T,T:C,G:G,G:G,G:A,A:G,G:G,A:G,G:G,C:C,A:C
ICCX 191098:32,A:A,G:A,A:G,C:T,T:C,G:G,G:G,G:A,A:G,G:G,A:G,G:G,C:C,A:C
ICCX 191099:20,A:A,G:A,G:G,C:T,T:T,G:G,G:G,G:A,A:A,G:G,A:A,G:G,C:C,C:C
ICCX 191099:32,A:A,G:A,G:G,C:T,T:T,G:G,G:G,G:A,A:A,G:G,A:A,G:G,C:C,C:C
ICCX 191094:19,A:A,G:G,G:G,T:T,C:C,G:G,G:G,A:A,A:A,G:G,G:G,G:G,C:C,C:C
ICCX 191094:31,A:A,G:A,A:G,C:T,T:C,G:G,G:G,G:A,A:G,G:G,A:G,G:G,C:C,C:C
ICCX 191095:21,A:A,G:G,G:G,T:T,C:C,G:G,G:G,A:A,A:A,G:G,G:G,G:G,C:C,C:C
ICCX 191097:14,A:A,G:G,G:G,T:T,C:C,G:G,G:G,A:A,A:A,G:G,G:G,G:G,C:C,C:C
ICCX 191098:21,A:A,G:G,G:G,T:T,C:C,G:G,G:G,A:A,A:A,G:G,G:G,G:G,C:C,C:C
ICCX 191098:33,A:A,G:G,G:G,T:T,C:C,G:G,G:G,A:A,A:A,G:G,G:G,G:G,C:C,?
ICCX 191099:21,A:A,G:A,G:G,C:T,T:T,G:G,G:G,G:A,A:A,G:G,A:A,G:G,C:C,C:C
ICCX 191094:20,A:A,G:A,A:G,C:T,T:C,G:G,G:G,G:A,A:G,G:G,A:G,G:G,C:C,C:C
ICCX 191094:32,A:A,G:A,A:G,C:T,T:C,G:G,G:G,G:A,A:G,G:G,A:G,G:G,C:C,C:C
ICCX 191095:22,A:A,G:G,G:G,T:T,C:C,G:G,G:G,A:A,A:A,G:G,G:G,G:G,C:C,C:C
ICCX 191098:22,A:A,G:A,A:G,T:T,C:C,G:G,G:G,G:A,A:G,G:G,G:G,G:C,C:C,A:C
ICCX 191098:34,A:A,G:A,A:G,T:T,C:C,G:G,G:G,G:A,A:G,G:G,A:G,G:C,C:C,A:C
ICCX 191099:22,A:A,A:A,G:G,C:C,T:T,G:G,G:G,G:A,A:A,G:G,A:A,G:G,C:C,C:C
ICCX 191099:33,A:A,A:A,G:G,C:C,T:T,G:G,G:G,G:G,A:A,G:G,A:A,G:G,C:C,C:C
Jumbo:15,A:A,A:A,G:G,C:C,T:T,G:G,G:G,G:G,A:A,G:G,A:A,C:C,C:C,C:C
ICCX 191100:24,T:T,A:A,A:G,T:T,C:C,A:G,A:A,A:A,G:G,A:A,A:G,C:C,T:T,C:C
ICCX 191101:24,T:T,A:A,G:G,T:T,C:C,G:G,A:A,A:A,G:G,A:A,G:G,C:C,T:T,C:C
ICCV 96030:29,T:T,G:G,G:G,C:C,C:C,G:G,A:A,A:A,A:A,A:A,A:A,C:C,T:T,C:C
ICC 14189:9,A:A,A:A,A:A,T:T,C:C,G:G,G:G,G:G,A:A,G:G,A:A,G:G,C:C,A:A
ICCX 191103:25,A:A,A:A,A:A,T:T,C:C,G:G,G:G,G:G,A:A,G:G,A:A,G:G,C:C,A:A
ICCX 191103:37,A:A,A:A,A:A,T:T,C:C,G:G,G:G,G:G,A:A,G:G,A:A,G:G,C:C,A:A
ICCX 191099:34,A:A,A:A,G:G,C:C,T:T,G:G,G:G,G:G,A:A,G:G,A:A,G:G,C:C,C:C
Jumbo:16,A:A,A:A,G:G,C:C,T:T,G:G,G:G,G:G,A:A,G:G,A:A,G:G,C:C,C:C
ICCX 191100:25,T:T,A:A,G:G,T:T,C:C,G:G,A:A,A:A,G:G,A:A,G:G,C:C,T:T,C:C
ICCX 191101:25,T:T,A:A,G:G,T:T,C:C,A:G,G:A,G:A,G:G,A:G,G:G,G:C,T:T,A:C
ICCX 191102:12,T:T,G:A,A:G,C:T,C:C,A:G,G:A,A:A,A:G,A:A,A:A,C:C,T:T,C:C
ICC 14189:10,A:A,A:A,A:A,T:T,C:C,G:G,G:G,G:G,A:A,G:G,A:A,G:G,C:C,A:A
ICCX 191103:26,A:A,A:A,A:A,T:T,C:C,G:G,G:G,G:A,A:A,G:G,A:A,G:G,C:C,A:A
ICCX 191103:38,A:A,A:A,A:A,T:T,C:C,?,G:G,G:G,A:A,G:G,A:G,G:G,C:C,A:A
ICCX 191099:35,A:A,A:A,G:G,C:C,T:T,G:G,G:G,G:G,A:A,G:G,A:A,G:G,C:C,C:C
ICCX 191100:14,T:T,A:A,A:G,T:T,C:C,A:G,A:A,A:A,G:G,A:A,A:G,C:C,T:T,C:C
ICCX 191100:26,T:T,A:A,A:G,T:T,C:C,A:G,A:A,A:A,G:G,A:A,A:G,C:C,T:T,C:C
ICCX 191101:26,T:T,A:A,G:G,T:T,C:C,A:G,G:A,G:A,G:G,A:G,G:G,G:C,T:T,A:C
ICCX 191102:13,T:T,G:A,A:G,C:T,C:C,A:G,G:A,A:A,A:G,A:A,A:A,C:C,T:T,C:C
ICC 14189:11,A:A,A:A,A:A,T:T,C:C,G:G,G:G,G:G,A:A,G:G,A:A,G:G,C:C,A:A
ICCX 191103:27,A:A,A:A,A:A,T:T,C:C,G:G,G:G,G:G,A:A,G:G,A:A,G:G,C:C,A:A
ICCX 191103:39,A:A,A:A,A:A,T:T,C:C,G:G,G:G,G:G,A:A,G:G,A:A,G:G,C:C,A:A
ICCX 191099:36,A:A,A:A,G:G,C:C,T:T,G:G,G:G,G:G,A:A,G:G,A:A,G:G,C:C,C:C
ICCX 191100:15,T:T,A:A,A:G,T:T,C:C,A:G,A:A,A:A,G:G,A:A,A:G,C:C,T:T,C:C
ICCX 191101:15,A:T,A:A,G:G,T:T,C:C,G:G,A:A,A:A,A:G,A:A,G:G,C:C,T:C,A:C
ICCX 191101:27,T:T,A:A,G:G,T:T,C:C,A:G,G:A,G:A,G:G,A:G,G:G,G:C,T:T,A:C
ICCX 191102:14,T:T,G:A,A:G,C:T,C:C,A:G,G:A,A:A,A:G,A:G,A:A,C:C,T:C,C:C
ICC 14189:12,A:A,A:A,A:A,T:T,C:C,G:G,G:G,G:G,A:A,G:G,A:A,G:G,C:C,A:A
ICCX 191103:28,A:A,A:A,A:A,T:T,C:C,G:G,G:G,G:G,A:A,G:G,A:A,G:G,C:C,A:A
ICCX 191103:40,A:A,A:A,A:A,T:T,C:C,G:G,G:G,G:G,A:G,G:G,A:A,G:C,C:C,A:C
ICCX 191099:37,A:A,A:A,G:G,C:C,T:T,G:G,G:G,G:A,A:A,G:G,A:A,G:C,C:C,C:C
ICCX 191100:16,T:T,A:A,G:G,T:T,C:C,G:G,A:A,A:A,G:G,A:A,G:G,C:C,T:T,C:C
ICCX 191101:16,T:T,A:A,G:G,T:T,C:C,G:G,A:A,A:A,G:G,A:A,G:G,C:C,T:T,C:C
ICCX 191101:28,T:T,A:A,G:G,T:T,C:C,G:G,A:A,A:A,G:G,A:A,G:G,C:C,T:T,C:C
ICCX 191102:15,T:T,G:A,A:G,C:T,C:C,A:G,G:A,A:A,A:G,A:A,A:A,C:C,T:T,C:C
ICC 14189:13,A:A,A:A,A:A,T:T,C:C,G:G,G:G,G:G,A:A,G:G,A:A,G:G,C:C,A:A
ICCX 191103:29,A:A,A:A,A:A,T:T,C:C,G:G,G:G,G:G,A:G,G:G,A:A,G:C,C:C,A:C
ICCX 191103:41,A:A,A:A,A:A,T:T,C:C,G:G,G:G,G:G,A:G,G:G,A:A,G:C,C:C,A:C
ICCX 191099:38,A:A,G:A,G:G,C:T,T:T,G:G,G:G,G:A,A:A,G:G,A:A,G:G,C:C,C:C
ICCX 191100:17,T:T,A:A,A:G,T:T,C:C,A:G,A:A,A:A,G:G,A:A,A:G,C:C,T:T,C:C
ICCX 191101:17,T:T,A:A,G:G,T:T,C:C,A:G,G:A,G:A,G:G,A:G,G:G,G:C,T:T,A:C
ICCV 96030:22,T:T,G:G,G:G,C:C,C:C,G:G,A:A,A:A,A:A,A:A,A:A,C:C,T:T,C:C
ICCX 191102:16,T:T,G:G,G:G,C:C,C:C,G:G,A:A,A:A,A:A,A:A,A:A,C:C,T:T,C:C
ICC 14189:14,A:A,A:A,A:A,T:T,C:C,G:G,G:G,G:G,A:A,G:G,A:A,G:G,C:C,A:A
ICCX 191103:30,A:A,A:A,A:A,T:T,C:C,G:G,G:G,G:G,A:G,G:G,A:A,G:C,C:C,A:C
ICCX 191103:42,A:A,A:A,A:A,T:T,C:C,G:G,G:G,G:G,A:A,G:G,A:A,G:G,C:C,A:A
Jumbo:9,A:A,A:A,G:G,C:C,T:T,G:G,G:G,G:G,A:A,G:G,A:A,C:C,C:C,C:C
ICCX 191100:18,T:T,A:A,A:G,T:T,C:C,A:G,A:A,A:A,G:G,A:A,A:G,C:C,T:T,C:C
ICCX 191101:18,T:T,A:A,G:G,T:T,C:C,A:G,?,G:A,G:G,A:G,G:G,G:C,T:T,A:C
ICCV 96030:23,T:T,G:G,G:G,C:C,C:C,G:G,A:A,A:A,A:A,A:A,A:A,C:C,T:T,C:C
ICCX 191102:17,T:T,G:A,A:G,C:T,C:C,A:G,G:A,A:A,A:G,A:G,A:A,C:C,T:C,C:C
ICC 14189:15,A:A,A:A,A:A,T:T,C:C,G:G,G:G,G:G,A:A,G:G,A:A,G:G,C:C,A:A
ICCX 191103:31,A:A,A:A,A:A,T:T,C:C,G:G,G:G,G:G,A:G,G:G,A:A,G:C,C:C,A:C
ICCX 191103:43,A:A,A:A,A:A,T:T,C:C,G:G,G:G,G:G,A:G,G:G,A:A,G:C,C:C,A:C
Jumbo:10,A:A,A:A,G:G,C:C,T:T,G:G,G:G,G:G,A:A,G:G,A:A,G:G,C:C,C:C
ICCX 191100:19,T:T,A:A,A:G,T:T,C:C,A:G,A:A,A:A,G:G,A:A,A:G,C:C,T:T,C:C
ICCX 191101:19,T:T,A:A,G:G,T:T,C:C,A:G,G:A,G:A,G:G,A:G,G:G,G:C,T:T,A:C
ICCV 96030:24,T:T,G:G,G:G,C:C,C:C,G:G,A:A,A:A,A:A,A:A,A:A,C:C,T:T,C:C
ICCX 191102:18,T:T,G:A,A:G,C:T,C:C,A:G,G:A,A:A,A:G,A:G,A:A,C:C,T:T,C:C
ICC 14189:16,A:A,A:A,A:A,T:T,C:C,G:G,G:G,G:G,A:A,G:G,A:A,G:G,C:C,A:A
ICCX 191103:32,A:A,A:A,A:A,T:T,C:C,G:G,G:G,G:G,A:G,G:G,A:A,G:C,C:C,A:C
ICCX 191103:44,A:A,A:A,A:A,T:T,C:C,G:G,G:G,G:G,A:G,G:G,A:A,G:C,C:C,A:C
Jumbo:11,A:A,A:A,G:G,C:C,T:T,G:G,G:G,G:G,A:A,G:G,A:A,G:G,C:C,C:C
ICCX 191100:20,T:T,A:A,A:G,T:T,C:C,A:G,A:A,A:A,G:G,A:A,A:G,C:C,T:T,C:C
ICCX 191101:20,T:T,A:A,G:G,T:T,C:C,G:G,A:A,A:A,G:G,A:A,G:G,C:C,T:T,C:C
ICCV 96030:25,T:T,G:G,G:G,C:C,C:C,G:G,A:A,A:A,A:A,A:A,A:A,C:C,T:T,C:C
ICCX 191102:19,T:T,G:A,A:G,C:T,C:C,A:G,G:A,A:A,A:G,A:A,A:A,C:C,T:T,C:C
ICCX 191103:21,A:A,A:A,A:A,T:T,C:C,G:G,G:G,G:G,A:G,G:G,A:A,G:C,C:C,A:C
ICCX 191103:33,A:A,A:A,A:A,T:T,C:C,G:G,G:G,G:G,A:G,G:G,A:A,G:C,C:C,A:C
ICCX 191103:45,A:A,A:A,A:A,T:T,C:C,G:G,G:G,G:G,A:G,G:G,A:A,G:C,C:C,A:C
Jumbo:12,A:A,A:A,G:G,C:C,T:T,G:G,G:G,G:G,A:A,G:G,A:A,G:G,C:C,C:C
ICCX 191100:21,T:T,A:A,A:G,T:T,C:C,A:G,A:A,A:A,G:G,A:A,A:G,C:C,T:T,C:C
ICCX 191101:21,T:T,A:A,G:G,T:T,C:C,A:G,G:A,G:A,G:G,A:G,G:G,G:C,T:T,A:C
ICCV 96030:26,T:T,G:G,G:G,C:C,C:C,G:G,A:A,A:A,A:A,A:A,A:A,C:C,T:T,C:C
ICCX 191102:20,T:T,G:G,G:G,C:C,C:C,G:G,A:A,A:A,A:A,A:A,A:A,C:C,T:T,C:C
ICCX 191103:22,A:A,A:A,A:A,T:T,C:C,G:G,G:G,G:G,A:G,G:G,A:A,G:C,C:C,A:C
ICCX 191103:34,A:A,A:A,A:A,T:T,C:C,G:G,G:G,G:G,A:G,G:G,A:A,G:C,C:C,A:C
ICCX 191103:46,A:A,A:A,A:A,T:T,C:C,G:G,G:G,G:G,A:A,G:G,A:A,G:G,C:C,A:A
Jumbo:13,A:A,A:A,G:G,C:C,T:T,G:G,G:G,G:G,A:A,G:G,A:A,G:G,C:C,C:C
ICCX 191100:22,T:T,A:A,A:G,T:T,C:C,A:G,A:A,A:A,G:G,A:A,A:G,C:C,T:T,C:C
ICCX 191101:22,T:T,A:A,G:G,T:T,C:C,A:G,G:A,G:A,G:G,A:G,G:G,G:C,T:T,A:C
ICCV 96030:27,T:T,G:G,G:G,C:C,C:C,G:G,A:A,A:A,A:A,A:A,A:A,C:C,T:T,C:C
ICCX 191102:21,T:T,G:G,G:G,C:C,C:C,G:G,A:A,A:A,A:A,A:A,A:A,C:C,T:T,C:C
ICCX 191103:23,A:A,A:A,A:A,T:T,C:C,G:G,G:G,G:G,A:A,G:G,A:A,G:G,C:C,A:A
ICCX 191103:35,A:A,A:A,A:A,T:T,C:C,G:G,G:G,G:G,A:G,G:G,A:A,G:C,C:C,A:C
Jumbo:14,A:A,A:A,G:G,C:C,T:T,G:G,G:G,G:G,A:A,G:G,A:A,G:G,C:C,C:C
ICCX 191100:23,T:T,A:A,A:G,T:T,C:C,A:G,A:A,A:A,G:G,A:A,A:G,C:C,T:T,C:C
ICCX 191101:23,T:T,A:A,G:G,T:T,C:C,A:G,G:A,G:A,G:G,A:G,G:G,G:C,T:T,A:C
ICCV 96030:28,T:T,G:G,G:G,C:C,C:C,G:G,A:A,A:A,A:A,A:A,A:A,C:C,T:T,C:C
ICCX 191102:22,T:T,G:A,A:G,C:T,C:C,A:G,G:A,A:A,A:G,A:G,A:A,C:C,T:C,C:C
ICCX 191103:24,A:A,A:A,A:A,T:T,C:C,G:G,G:G,G:G,A:G,G:G,A:A,G:C,C:C,A:C
ICCX 191103:36,A:A,A:A,A:A,T:T,C:C,G:G,G:G,G:G,A:G,G:G,A:A,G:C,C:C,A:C
ICCX 191103:47,A:A,A:A,A:A,T:T,C:C,G:G,G:G,G:G,A:G,G:G,A:A,G:C,C:C,A:C
ICC 11142:13,A:A,A:A,A:A,T:T,C:C,G:G,G:G,G:G,G:G,G:G,A:A,C:C,C:C,C:C
ICCX 191104:28,T:T,G:A,G:G,C:T,C:C,A:G,A:A,A:A,A:A,A:A,A:G,C:C,T:C,A:C
ICCX 191104:40,T:T,G:G,G:G,C:C,C:C,G:G,A:A,A:A,A:A,A:A,A:A,C:C,T:T,C:C
ICCV 191123:11,T:T,A:A,G:G,T:T,?,A:A,A:A,A:A,A:A,A:A,G:G,C:C,C:C,A:A
ICCX 191105:27,T:T,G:A,G:G,C:T,C:C,A:G,A:A,A:A,A:G,A:A,A:G,C:C,T:C,A:C
ICCX 191105:39,T:T,G:A,G:G,C:T,C:C,A:G,A:A,A:A,A:G,A:A,A:G,C:C,T:C,A:C
ICCV 191127:20,T:T,A:A,G:G,T:T,C:C,A:A,A:A,A:A,G:G,A:A,G:G,C:C,C:C,A:A
ICCX 191103:48,A:A,A:A,A:A,T:T,C:C,G:G,G:G,G:G,A:G,G:G,A:A,G:C,C:C,A:C
ICC 11142:14,A:A,A:A,A:A,T:T,C:C,G:G,G:G,G:G,G:G,G:G,A:A,C:C,C:C,C:C
ICCX 191104:29,T:T,G:G,G:G,C:C,C:C,G:G,A:A,A:A,A:A,A:A,A:A,C:C,T:T,C:C
ICCX 191104:41,T:T,G:G,G:G,C:C,C:C,G:G,A:A,A:A,A:A,A:A,A:A,C:C,T:T,C:C
ICCV 191123:12,T:T,A:A,G:G,T:T,C:C,A:A,A:A,A:A,A:A,A:A,G:G,C:C,C:C,A:A
ICCX 191105:28,T:T,G:G,G:G,C:C,C:C,G:G,A:A,A:A,A:A,A:A,A:A,C:C,T:T,C:C
ICCX 191105:40,T:T,G:G,G:G,C:C,C:C,G:G,A:A,A:A,A:A,A:A,A:A,C:C,T:T,C:C
ICCX 191106:17,T:T,A:A,A:A,T:T,C:C,A:A,G:G,A:A,G:G,A:A,A:A,C:C,T:T,C:C
ICCX 191103:49,A:A,A:A,A:A,T:T,C:C,G:G,G:G,G:G,A:A,G:G,A:A,G:G,C:C,A:A
ICC 11142:15,A:A,A:A,A:A,T:T,C:C,G:G,G:G,G:G,G:G,G:G,A:A,C:C,C:C,C:C
ICCX 191104:30,T:T,G:G,G:G,C:C,C:C,G:G,A:A,A:A,A:A,A:A,A:A,C:C,T:T,C:C
ICCX 191104:42,T:T,G:G,G:G,C:C,C:C,G:G,A:A,A:A,A:A,A:A,A:A,C:C,T:T,C:C
ICCV 191123:13,T:T,A:A,G:G,T:T,C:C,A:A,A:A,A:A,A:A,A:A,G:G,C:C,C:C,A:A
ICCX 191105:29,T:T,G:A,G:G,C:T,C:C,A:G,A:A,A:A,A:G,A:A,A:G,C:C,T:C,A:C
ICCX 191105:41,T:T,G:A,G:G,C:T,C:C,A:G,A:A,A:A,A:G,A:A,A:G,C:C,T:C,A:C
ICCX 191106:18,T:T,A:A,A:G,T:T,C:C,A:A,G:G,G:A,G:G,A:G,A:G,G:C,T:T,A:C
ICCX 191103:50,A:A,A:A,A:A,T:T,C:C,G:G,G:G,G:G,A:G,G:G,A:A,G:C,C:C,A:C
ICC 11142:16,A:A,A:A,A:A,T:T,Uncallable,G:G,G:G,G:G,G:G,G:G,A:A,C:C,C:C,C:C
ICCX 191104:31,T:T,G:A,G:G,C:T,C:C,A:G,A:A,A:A,A:A,A:A,A:G,C:C,T:C,A:C
ICCX 191104:43,T:T,G:G,G:G,C:C,C:C,G:G,A:A,A:A,A:A,A:A,A:A,C:C,T:T,C:C
ICCV 191123:14,T:T,A:A,G:G,T:T,C:C,A:A,A:A,A:A,A:A,A:A,G:G,C:C,C:C,A:A
ICCX 191105:30,T:T,G:G,G:G,C:C,C:C,G:G,A:A,A:A,A:A,A:A,A:A,C:C,T:T,C:C
ICCX 191105:42,T:T,G:A,G:G,C:T,C:C,G:G,A:A,A:A,A:G,A:A,A:A,C:C,T:C,A:C
ICCX 191106:19,T:T,A:A,A:G,T:T,C:C,A:A,G:G,G:A,G:G,A:G,A:G,G:C,T:T,A:C
ICCX 191103:51,A:A,A:A,A:A,T:T,C:C,G:G,G:G,G:G,A:G,G:G,A:A,G:C,C:C,A:C
ICC 11142:17,A:A,A:A,A:A,T:T,C:C,G:G,G:G,G:G,G:G,G:G,A:A,C:C,C:C,C:C
ICCX 191104:32,T:T,G:A,G:G,C:T,C:C,A:G,A:A,A:A,A:A,A:A,A:G,C:C,T:C,A:C
ICCX 191104:44,T:T,G:A,G:G,C:T,C:C,A:G,A:A,A:A,A:A,A:A,A:G,C:C,T:C,A:C
ICCV 191123:15,T:T,A:A,G:G,T:T,C:C,A:A,A:A,A:A,A:A,A:A,G:G,C:C,C:C,A:A
ICCX 191105:31,T:T,G:A,G:G,C:T,C:C,G:G,A:A,A:A,A:G,A:A,A:G,C:C,T:C,C:C
ICCX 191105:43,T:T,G:A,G:G,C:T,C:C,G:G,A:A,A:A,A:G,A:A,A:A,C:C,T:C,A:C
ICCX 191106:20,T:T,A:A,A:G,T:T,C:C,A:A,G:G,G:A,G:G,A:G,A:G,G:C,T:T,A:C
ICCX 191103:52,A:A,A:A,A:A,T:T,C:C,G:G,G:G,G:G,A:A,G:G,A:A,G:G,C:C,A:A
ICCX 191104:21,T:T,G:A,G:G,C:T,C:C,A:G,A:A,A:A,A:A,A:A,A:G,C:C,T:C,?
ICCX 191104:33,T:T,G:G,G:G,C:C,C:C,G:G,A:A,A:A,A:A,A:A,A:A,C:C,T:T,C:C
ICCX 191104:45,T:T,G:A,G:G,C:T,C:C,A:G,A:A,A:A,A:A,A:A,A:G,C:C,T:C,A:C
ICCV 191123:16,T:T,A:A,G:G,T:T,C:C,A:A,A:A,A:A,A:A,A:A,G:G,C:C,C:C,A:A
ICCX 191105:32,T:T,G:A,G:G,C:T,C:C,G:G,A:A,A:A,A:G,A:A,A:G,C:C,T:T,C:C
ICCV 191127:13,T:T,A:A,G:G,T:T,C:C,A:A,A:A,A:A,G:G,A:A,G:G,C:C,C:C,A:A
ICCX 191106:21,T:T,A:A,A:G,T:T,C:C,A:A,G:G,G:A,G:G,A:G,A:G,G:C,T:T,A:C
ICCX 191103:53,A:A,A:A,A:A,T:T,C:C,G:G,G:G,G:G,A:G,G:G,A:A,G:C,C:C,A:C
ICCX 191104:22,T:T,G:A,G:G,C:T,C:C,A:G,A:A,A:A,A:A,A:A,A:G,C:C,T:C,A:C
ICCX 191104:34,T:T,G:A,G:G,C:T,C:C,A:G,A:A,A:A,A:A,A:A,A:G,C:C,T:C,A:C
ICCX 191104:46,T:T,G:A,G:G,C:T,C:C,A:G,A:A,A:A,A:A,A:A,A:G,C:C,T:C,A:C
ICCX 191105:21,T:T,G:A,G:G,C:T,C:C,A:G,A:A,A:A,A:G,A:A,A:G,C:C,T:C,A:C
ICCX 191105:33,T:T,G:A,G:G,C:T,C:C,A:G,A:A,A:A,A:G,A:A,A:A,C:C,T:C,A:C
ICCV 191127:14,T:T,A:A,G:G,T:T,C:C,A:A,A:A,A:A,G:G,A:A,G:G,C:C,C:C,A:A
ICCX 191106:22,T:T,A:A,A:G,T:T,C:C,A:A,G:G,G:A,G:G,A:G,A:G,G:C,T:T,A:C
ICCX 191103:54,A:A,A:A,A:A,T:T,C:C,G:G,G:G,G:G,A:G,G:G,A:A,G:C,C:C,A:C
ICCX 191104:23,T:T,G:G,G:G,C:C,C:C,G:G,A:A,A:A,A:A,A:A,A:A,C:C,T:T,C:C
ICCX 191104:35,T:T,G:A,G:G,C:T,C:C,A:G,A:A,A:A,A:A,A:A,A:G,C:C,T:C,A:C
ICCX 191104:47,T:T,G:A,G:G,C:T,C:C,A:G,A:A,A:A,A:A,A:A,A:G,C:C,T:C,A:C
ICCX 191105:22,T:T,G:A,G:G,C:T,C:C,A:G,A:A,A:A,A:G,A:A,A:G,C:C,T:C,A:C
ICCX 191105:34,T:T,G:A,G:G,C:T,C:C,A:G,A:A,A:A,A:G,A:A,A:G,C:C,T:C,A:C
ICCV 191127:15,T:T,A:A,G:G,T:T,C:C,A:A,A:A,A:A,G:G,A:A,G:G,C:C,C:C,A:A
ICCX 191106:23,T:T,A:A,A:G,T:T,C:C,A:A,G:G,G:A,G:G,A:G,A:G,G:C,T:T,A:C
ICCX 191103:55,A:A,A:A,A:A,T:T,C:C,G:G,G:G,G:G,A:G,G:G,A:A,G:C,C:C,A:C
ICCX 191104:24,T:T,G:A,G:G,C:T,C:C,A:G,A:A,A:A,A:A,A:A,A:G,C:C,T:C,A:C
ICCX 191104:36,T:T,G:A,G:G,C:T,C:C,A:G,A:A,A:A,A:A,A:A,A:G,C:C,T:C,A:C
ICCX 191104:48,T:T,G:A,G:G,C:T,C:C,A:G,A:A,A:A,A:A,A:A,A:G,C:C,T:C,A:C
ICCX 191105:23,T:T,G:A,G:G,C:T,C:C,A:G,A:A,A:A,A:G,A:A,A:G,C:C,T:C,A:C
ICCX 191105:35,T:T,G:A,G:G,C:T,C:C,G:G,A:A,A:A,A:G,A:A,A:G,C:C,T:C,C:C
ICCV 191127:16,T:T,A:A,?,T:T,C:C,A:A,A:A,A:A,G:G,A:A,G:G,C:C,C:C,A:A
ICCX 191106:24,T:T,A:A,A:G,T:T,C:C,A:A,G:G,G:A,G:G,A:G,A:G,G:C,T:T,A:C
ICC 11142:10,A:A,A:A,A:A,T:T,C:C,G:G,G:G,G:G,G:G,G:G,A:A,C:C,C:C,C:C
ICCX 191104:37,T:T,G:G,G:G,C:C,C:C,G:G,A:A,A:A,A:A,A:A,A:A,C:C,T:T,C:C
ICCX 191104:49,T:T,G:A,G:G,C:T,C:C,A:G,A:A,A:A,A:A,A:A,A:G,C:C,T:C,A:C
ICCX 191105:24,T:T,G:G,G:G,C:C,C:C,G:G,A:A,A:A,A:A,A:A,A:A,C:C,T:T,C:C
ICCX 191105:36,T:T,G:G,G:G,C:C,C:C,G:G,A:A,A:A,A:A,A:A,A:A,C:C,T:T,C:C
ICCV 191127:17,T:T,A:A,G:G,T:T,C:C,A:A,A:A,A:A,G:G,A:A,G:G,C:C,C:C,A:A
ICCX 191106:25,T:T,A:A,A:G,T:T,C:C,A:A,G:G,G:A,G:G,A:G,A:G,G:C,T:T,A:C
ICC 11142:11,A:A,A:A,A:A,T:T,C:C,G:G,G:G,G:G,G:G,G:G,A:A,C:C,C:C,C:C
ICCX 191104:26,T:T,G:A,G:G,C:T,C:C,A:G,A:A,A:A,A:A,A:A,A:G,C:C,T:C,A:C
ICCX 191104:38,T:T,G:A,G:G,C:T,C:C,A:G,A:A,A:A,A:A,A:A,A:G,C:C,T:C,A:C
ICCV 191123:9,T:T,A:A,G:G,T:T,C:C,A:A,A:A,A:A,A:A,A:A,G:G,C:C,C:C,A:A
ICCX 191105:25,T:T,G:G,G:G,C:C,C:C,G:G,A:A,A:A,A:A,A:A,A:A,C:C,T:T,C:C
ICCX 191105:37,T:T,G:G,G:G,T:T,T:C,G:G,A:A,A:A,G:G,G:G,A:A,C:C,C:C,C:C
ICCV 191127:18,T:T,A:A,G:G,T:T,C:C,A:A,A:A,A:A,G:G,A:A,G:G,C:C,C:C,A:A
ICC 11142:12,A:A,A:A,A:A,T:T,C:C,G:G,G:G,G:G,G:G,G:G,A:A,C:C,C:C,C:C
ICCX 191104:27,T:T,G:G,G:G,C:C,C:C,G:G,A:A,A:A,A:A,A:A,A:A,C:C,T:T,C:C
ICCX 191104:39,T:T,G:A,G:G,C:T,C:C,A:G,A:A,A:A,A:A,A:A,A:G,C:C,T:C,A:C
ICCV 191123:10,T:T,A:A,G:G,T:T,C:C,A:A,A:A,A:A,A:A,A:A,G:G,C:C,C:C,A:A
ICCX 191105:26,T:T,G:A,G:G,C:T,C:C,A:G,A:A,A:A,A:G,A:A,A:G,C:C,T:C,A:C
ICCX 191105:38,T:T,G:A,G:G,C:T,C:C,A:G,A:A,A:A,A:G,A:A,A:G,C:C,T:C,A:C
ICCV 191127:19,T:T,A:A,G:G,T:T,C:C,A:A,A:A,A:A,G:G,A:A,G:G,C:C,C:C,A:A
ICCX 191106:26,T:T,A:A,A:G,T:T,C:C,A:A,G:G,G:A,G:G,A:G,A:G,G:C,T:T,A:C
ICCX 191107:24,T:T,G:A,A:G,T:T,T:T,A:G,G:A,G:A,G:G,A:A,A:G,G:C,T:T,C:C
ICCX 191108:12,T:T,A:A,A:G,T:T,C:C,A:A,G:A,A:A,A:G,A:G,A:G,C:C,T:C,A:C
NBeG 3:14,T:T,A:A,G:G,T:T,C:C,A:A,A:A,A:A,G:G,A:A,G:G,C:C,C:C,A:A
ICCX 191109:28,A:T,G:A,G:G,T:T,T:T,A:G,A:A,G:A,G:G,A:A,G:G,G:C,C:C,A:C
ICCX 191109:40,A:A,G:G,G:G,T:T,T:T,G:G,A:A,G:G,G:G,A:A,G:G,G:G,C:C,C:C
ICCV 93954:11,T:T,A:A,G:G,T:T,C:C,A:A,A:A,A:A,G:G,A:A,G:G,C:C,C:C,A:A
ICCX 191111:14,T:T,G:G,G:G,C:C,C:C,G:G,A:A,A:A,A:A,A:A,A:A,C:C,T:T,C:C
ICCX 191106:27,T:T,A:A,A:G,T:T,C:C,A:A,G:G,G:A,G:G,A:G,A:G,G:C,T:T,A:C
ICCX 191107:25,T:T,G:A,A:G,T:T,T:T,A:G,G:A,A:A,G:G,A:A,A:G,G:C,T:T,C:C
ICCX 191108:13,A:T,A:A,A:G,T:T,C:C,A:G,G:A,A:A,A:G,A:A,A:G,C:C,T:C,A:C
NBeG 3:15,A:A,A:A,G:G,T:T,C:C,G:G,A:A,A:A,A:A,A:A,G:G,C:C,C:C,A:A
ICCX 191109:29,A:A,G:G,G:G,T:T,T:T,G:G,A:A,G:G,G:G,A:A,G:G,G:G,C:C,C:C
ICCX 191109:41,T:T,G:A,G:G,T:T,T:T,A:G,A:A,G:A,G:G,A:A,G:G,G:C,C:C,A:C
ICCV 93954:12,T:T,A:A,G:G,T:T,C:C,A:A,A:A,A:A,G:G,A:A,G:G,C:C,C:C,A:A
ICCX 191111:15,T:T,G:G,G:G,C:C,C:C,G:G,A:A,A:A,A:A,A:A,A:A,C:C,T:T,C:C
ICCX 191106:28,T:T,A:A,A:G,T:T,C:C,A:A,G:G,G:A,G:G,A:G,A:G,G:C,T:T,A:C
ICCX 191107:26,T:T,G:A,A:G,T:T,T:T,A:G,G:A,G:A,G:G,A:A,A:G,G:C,T:T,C:C
ICCX 191108:14,T:T,A:A,A:G,T:T,C:C,A:A,G:A,A:A,A:G,A:G,A:G,C:C,T:C,A:C
NBeG 3:16,A:A,A:A,G:G,T:T,C:C,G:G,A:A,A:A,A:A,A:A,G:G,C:C,C:C,A:A
ICCX 191109:30,A:T,G:A,G:G,T:T,T:T,A:G,A:A,G:A,A:G,A:A,G:G,G:C,C:C,A:C
ICCX 191109:42,A:T,G:A,G:G,T:T,T:T,A:G,A:A,G:A,G:G,A:A,G:G,G:C,C:C,A:C
ICCV 93954:13,T:T,A:A,G:G,T:T,C:C,A:A,A:A,?,A:A,A:A,?,C:C,C:C,A:A
ICCX 191111:16,T:T,G:G,G:G,C:C,C:C,G:G,A:A,A:A,A:A,A:A,A:A,C:C,T:T,C:C
ICCX 191106:29,T:T,A:A,A:G,T:T,C:C,A:A,G:G,G:A,G:G,A:G,A:G,G:C,T:T,A:C
ICCX 191107:27,T:T,G:A,A:G,T:T,T:T,A:G,G:A,A:A,G:G,A:A,A:G,G:C,T:T,C:C
ICCX 191108:15,A:T,A:A,A:G,T:T,C:C,A:G,G:A,A:A,A:G,A:A,A:G,C:C,T:C,A:C
NBeG 3:17,A:A,A:A,G:G,T:T,C:C,G:G,A:A,A:A,A:A,A:A,G:G,C:C,C:C,A:A
ICCX 191109:31,T:T,G:A,G:G,T:T,T:T,A:G,A:A,G:A,A:G,A:A,G:G,G:C,C:C,A:C
ICCX 191109:43,T:T,G:G,G:G,T:T,T:T,G:G,A:A,G:G,G:G,A:A,G:G,G:G,C:C,C:C
ICCV 93954:14,T:T,A:A,G:G,T:T,C:C,A:A,A:A,A:A,A:A,A:A,G:G,C:C,C:C,A:A
ICCX 191112:10,T:T,G:A,G:G,T:T,T:T,A:G,G:A,G:A,G:G,Uncallable,G:G,G:G,T:C,A:C
ICCX 191106:30,T:T,A:A,A:G,T:T,C:C,A:A,G:G,G:A,G:G,A:G,A:G,G:C,T:T,A:C
ICCX 191107:28,T:T,G:A,A:G,T:T,T:T,A:G,G:A,A:A,G:G,A:A,A:G,G:C,T:T,C:C
ICCX 191108:16,T:T,A:A,A:A,T:T,C:C,A:A,G:G,A:A,G:G,A:A,A:A,C:C,T:T,C:C
NBeG 3:18,A:A,A:A,G:G,T:T,C:C,G:G,A:A,A:A,A:A,A:A,G:G,C:C,C:C,A:A
ICCX 191109:32,T:T,G:G,G:G,T:T,T:T,G:G,A:A,G:G,G:G,A:A,G:G,G:G,C:C,C:C
ICCX 191109:44,A:A,G:G,G:G,T:T,T:T,G:G,A:A,G:G,G:G,A:A,G:G,G:G,C:C,C:C
ICCV 93954:15,T:T,A:A,G:G,T:T,C:C,A:A,A:A,A:A,G:G,A:A,G:G,C:C,C:C,A:A
ICCX 191112:11,T:T,G:A,G:G,T:T,T:T,A:G,G:A,G:G,G:G,A:G,G:G,G:G,T:C,A:C
ICCX 191106:31,T:T,A:A,A:A,T:T,C:C,A:A,G:G,A:A,G:G,A:A,A:A,C:C,T:T,C:C
ICCX 191107:29,T:T,G:A,A:G,T:T,T:T,A:G,G:A,G:A,G:G,A:A,A:G,G:C,T:T,C:C
ICCX 191108:17,A:T,A:A,A:G,T:T,C:C,A:G,G:A,A:A,A:G,A:A,A:G,C:C,T:C,A:C
ICCX 191109:21,A:T,G:A,G:G,T:T,T:T,A:G,A:A,G:A,G:G,A:A,G:G,G:C,C:C,A:C
ICCX 191109:33,A:T,G:A,G:G,T:T,T:T,A:G,A:A,G:A,A:G,A:A,G:G,G:C,C:C,A:C
ICCX 191109:45,T:T,G:A,G:G,T:T,T:T,A:G,A:A,G:A,A:G,A:A,G:G,G:C,C:C,A:C
ICCV 93954:16,T:T,A:A,G:G,T:T,C:C,A:A,A:A,A:A,G:G,A:A,G:G,C:C,C:C,A:A
ICCX 191112:12,T:T,G:A,G:G,T:T,T:T,A:G,G:A,G:A,G:G,A:G,G:G,G:G,T:T,A:C
ICCX 191107:18,T:T,A:A,A:A,T:T,C:C,A:A,G:G,A:A,G:G,A:A,A:A,C:C,T:T,C:C
ICCX 191107:30,T:T,A:A,A:A,T:T,C:C,A:A,G:G,A:A,G:G,A:A,A:A,C:C,T:T,C:C
ICCX 191108:18,T:T,G:A,A:G,T:T,T:T,A:G,G:A,A:A,G:G,A:A,A:G,G:C,T:T,C:C
ICCX 191109:22,A:A,G:G,G:G,T:T,T:T,G:G,A:A,G:G,G:G,A:A,G:G,G:G,C:C,C:C
ICCX 191109:34,A:T,G:A,G:G,T:T,T:T,A:G,A:A,G:A,G:G,A:A,G:G,G:C,C:C,A:C
ICCX 191109:46,A:A,G:G,G:G,T:T,T:T,G:G,A:A,G:G,G:G,A:A,G:G,G:G,C:C,C:C
ICCV 93954:17,T:T,A:A,G:G,T:T,C:C,A:A,A:A,A:A,A:A,A:A,G:G,C:C,C:C,A:A
ICCX 191112:13,T:T,G:A,G:G,T:T,T:T,A:G,G:A,G:A,G:G,A:G,G:G,G:G,T:T,A:C
ICCX 191107:19,T:T,G:A,A:G,T:T,T:T,A:G,G:A,G:A,G:G,A:A,A:G,G:C,T:T,C:C
ICCX 191107:31,T:T,G:A,A:G,T:T,T:T,A:G,G:A,A:A,G:G,A:A,A:G,G:C,T:T,C:C
ICCX 191108:19,A:T,G:A,A:G,T:T,C:C,A:G,G:A,G:A,G:G,A:G,A:A,G:C,C:C,C:C
ICCX 191109:23,A:T,G:A,G:G,T:T,T:T,A:G,A:A,G:A,A:G,A:A,G:G,G:C,C:C,A:C
ICCX 191109:35,A:T,G:A,G:G,T:T,T:T,A:G,A:A,G:A,G:G,A:A,G:G,G:C,C:C,A:C
ICCX 191109:47,A:A,G:G,G:G,T:T,T:T,G:G,A:A,G:G,G:G,A:A,G:G,G:G,C:C,C:C
ICCX 191111:9,T:T,G:A,A:G,C:T,C:C,A:G,A:A,A:A,A:G,A:A,A:A,C:C,T:T,C:C
ICCX 191112:14,T:T,G:A,G:G,T:T,T:T,A:G,G:A,G:A,G:G,A:G,G:G,G:G,T:C,A:C
ICCX 191107:20,T:T,A:A,A:A,T:T,C:C,A:A,G:G,A:A,G:G,A:A,A:A,C:C,T:T,C:C
ICCX 191107:32,T:T,G:A,A:G,T:T,T:T,A:G,G:A,A:A,G:G,A:A,A:G,G:C,T:C,C:C
ICCX 191108:20,A:T,A:A,A:G,T:T,C:C,A:G,G:A,A:A,A:G,A:A,A:G,C:C,T:C,A:C
ICCX 191109:24,T:T,G:G,G:G,T:T,T:T,G:G,A:A,G:G,G:G,A:A,G:G,G:G,C:C,C:C
ICCX 191109:36,A:A,G:G,G:G,T:T,T:T,G:G,A:A,G:G,G:G,A:A,G:G,G:G,C:C,C:C
ICCX 191109:48,T:T,G:A,G:G,T:T,T:T,A:G,A:A,G:A,G:G,A:A,G:G,G:C,C:C,A:C
ICCX 191111:10,T:T,G:A,A:G,C:T,C:C,?,A:A,A:A,A:G,A:A,A:A,C:C,T:T,C:C
ICCX 191112:15,T:T,G:A,G:G,T:T,T:T,A:G,G:A,G:G,G:G,A:G,G:G,G:G,T:T,A:C
ICCX 191107:21,T:T,G:A,A:G,T:T,T:T,A:G,G:A,G:A,G:G,A:A,A:G,G:C,T:C,C:C
ICCX 191107:33,T:T,A:A,A:A,T:T,C:C,A:A,G:G,A:A,G:G,A:A,A:A,C:C,T:T,C:C
NBeG 3:11,A:A,A:A,G:G,T:T,C:C,G:G,A:A,A:A,A:A,A:A,G:G,C:C,C:C,A:A
ICCX 191109:25,T:T,G:A,G:G,T:T,T:T,A:G,A:A,G:A,G:G,A:A,G:G,G:C,C:C,A:C
ICCX 191109:37,A:T,G:A,G:G,T:T,T:T,A:G,A:A,G:A,A:G,A:A,G:G,G:C,C:C,A:C
ICCX 191109:49,A:T,G:A,G:G,T:T,T:T,A:G,A:A,G:A,A:G,A:A,G:G,G:C,C:C,A:C
ICCX 191111:11,T:T,G:A,A:G,C:T,C:C,A:G,A:A,A:A,A:G,A:A,A:A,C:C,T:T,C:C
ICCX 191112:16,T:T,G:A,G:G,T:T,T:T,A:G,G:A,G:A,G:G,A:G,G:G,G:G,T:T,A:C
ICCX 191107:22,T:T,G:A,A:G,T:T,T:T,A:G,G:A,G:A,G:G,A:A,A:G,G:C,T:C,C:C
ICCX 191107:34,T:T,A:A,A:A,T:T,C:C,A:A,G:G,A:A,G:G,A:A,A:A,C:C,T:T,C:C
NBeG 3:12,A:A,A:A,G:G,T:T,C:C,G:G,A:A,A:A,A:A,A:A,G:G,C:C,C:C,A:A
ICCX 191109:26,A:T,G:A,G:G,T:T,T:T,A:G,A:A,G:A,G:G,A:A,G:G,G:C,C:C,A:C
ICCX 191109:38,A:A,G:G,G:G,T:T,T:T,G:G,A:A,G:G,G:G,A:A,G:G,G:G,C:C,C:C
ICCX 191109:50,A:T,G:A,G:G,T:T,T:T,A:G,A:A,G:A,G:G,A:A,G:G,G:C,C:C,A:C
ICCX 191111:12,T:T,G:A,A:G,C:T,C:C,A:G,A:A,A:A,A:G,A:A,A:A,C:C,T:T,C:C
ICCX 191107:23,T:T,A:A,A:A,T:T,C:C,A:A,G:G,A:A,G:G,A:A,A:A,C:C,T:T,C:C
ICCX 191108:11,T:T,A:A,A:A,T:T,C:C,A:A,G:G,A:A,G:G,A:A,A:A,C:C,T:T,C:C
NBeG 3:13,T:T,G:G,G:G,T:T,T:T,G:G,A:A,G:G,G:G,A:A,G:G,G:G,T:T,C:C
ICCX 191109:27,A:T,G:A,G:G,T:T,T:T,A:G,A:A,G:A,G:G,A:A,G:G,G:C,C:C,A:C
ICCX 191109:39,T:T,G:G,G:G,T:T,T:T,G:G,A:A,G:G,G:G,A:A,G:G,G:G,C:C,C:C
ICCV 93954:10,T:T,A:A,G:G,T:T,C:C,A:A,A:A,A:A,A:A,A:A,G:G,C:C,C:C,A:A
ICCX 191111:13,?,G:G,G:G,C:C,C:C,G:G,A:A,A:A,A:A,A:A,A:A,C:C,T:T,C:C
ICCX 191115:9,T:T,A:A,A:G,T:T,C:C,A:G,G:A,A:A,G:G,A:A,A:A,C:C,T:T,A:C
ICCX 191116:12,A:A,G:A,A:G,T:T,C:C,G:G,G:A,A:A,A:A,G:G,A:G,G:G,T:C,A:A
ICCX 191118:10,T:T,G:G,G:G,C:C,C:C,G:G,A:A,A:A,A:A,A:A,A:A,C:C,T:T,C:C
ICCX 191120:10,A:T,G:A,G:G,C:C,T:T,A:G,G:A,G:A,A:G,G:G,A:A,G:G,C:C,C:C
ICCX 191121:29,T:T,A:A,G:G,T:T,C:C,A:A,G:G,G:G,G:G,G:G,G:G,G:G,T:T,A:A
ICCV 95311:24,A:A,G:G,G:G,T:T,C:C,G:G,A:A,A:A,A:A,G:G,G:G,G:G,C:C,C:C
ICC 17441:10,A:A,G:G,G:G,T:T,C:C,G:G,G:G,Uncallable,G:G,G:G,A:A,C:C,C:C,C:C
ICC 20335:16,A:A,A:A,G:G,C:C,T:T,G:G,G:G,G:G,A:A,G:G,A:A,C:C,C:C,C:C
ICCX 191115:10,T:T,A:A,A:G,T:T,C:C,A:G,G:A,A:A,G:G,A:A,A:G,C:C,T:T,C:C
ICCX 191116:13,A:A,G:G,G:G,T:T,C:C,G:G,G:A,G:A,A:A,G:G,A:G,G:G,T:T,A:C
ICCX 191118:11,T:T,G:A,A:G,C:T,C:C,A:G,G:A,A:A,A:G,A:A,A:A,C:C,T:C,C:C
ICCX 191120:11,A:T,G:A,G:G,C:C,T:T,A:G,G:A,G:A,A:G,G:G,A:A,G:G,C:C,C:C
ICCX 191121:30,T:T,A:A,G:G,T:T,C:C,A:A,G:G,G:G,G:G,G:G,G:G,G:G,T:T,A:A
ICCV 95311:25,A:A,A:A,G:G,T:T,C:C,G:G,A:A,A:A,A:A,G:G,G:G,G:G,C:C,C:C
ICC 17441:11,A:A,G:G,G:G,T:T,C:C,G:G,G:G,A:A,G:G,G:G,A:A,C:C,C:C,C:C
ICCX 191128:5,A:A,A:A,G:G,C:C,T:T,G:G,G:G,G:G,A:A,G:G,A:A,C:C,C:C,C:C
ICCX 191115:11,T:T,A:A,A:G,T:T,C:C,A:G,G:A,A:A,G:G,A:G,A:G,C:C,T:C,C:C
ICCX 191116:14,A:A,G:G,G:G,T:T,C:C,G:G,G:A,A:A,A:A,G:G,A:A,G:G,C:C,A:C
ICCX 191118:12,T:T,G:G,G:G,C:C,C:C,G:G,A:A,A:A,A:A,A:A,A:A,C:C,T:T,C:C
ICCX 191120:12,A:T,G:A,G:G,C:C,T:T,A:G,G:A,G:A,A:G,G:G,A:A,G:G,C:C,C:C
ICCX 191121:31,T:T,A:A,G:G,T:T,C:C,A:A,G:G,G:G,G:G,G:G,G:G,G:G,T:T,A:A
ICCV 95311:26,A:A,A:A,G:G,T:T,C:C,G:G,A:A,A:A,A:A,G:G,G:G,G:G,C:C,C:C
ICCX 191123:4,T:T,A:A,A:G,T:T,C:C,A:A,G:A,G:A,G:G,A:G,A:G,G:C,T:T,A:C
ICCX 191128:6,A:A,A:A,A:G,C:T,T:T,G:G,G:G,G:G,A:G,G:G,A:A,C:C,C:C,C:C
ICCX 191115:12,T:T,A:A,A:G,T:T,C:C,A:G,G:A,A:A,G:G,A:A,A:A,C:C,T:T,A:C
ICCX 191117:7,T:T,G:G,G:G,C:C,C:C,G:G,A:A,A:A,A:A,A:A,A:A,C:C,T:T,C:C
ICCX 191119:7,T:T,A:A,A:G,T:T,C:C,A:G,G:A,A:A,G:G,A:A,A:G,C:C,T:C,C:C
ICCX 191121:20,T:T,G:A,A:G,T:T,C:C,A:A,G:A,G:A,G:G,G:G,G:G,G:G,T:T,A:C
ICCX 191121:32,T:T,G:A,A:G,T:T,C:C,A:A,G:A,G:A,G:G,G:G,G:G,G:G,T:T,A:C
ICCV 95311:27,A:A,G:G,G:G,T:T,C:C,G:G,A:A,A:A,A:A,G:G,G:G,G:G,C:C,C:C
ICCX 191123:5,T:T,A:A,A:G,T:T,C:C,A:A,G:A,G:A,G:G,A:G,A:G,G:C,T:T,A:C
ICCX 191128:7,A:A,A:A,A:G,C:T,T:T,G:G,G:G,G:G,A:G,G:G,A:A,C:C,C:C,C:C
ICCX 191115:13,T:T,A:A,A:G,T:T,C:C,A:G,G:A,A:A,G:G,A:G,A:A,C:C,T:C,A:C
ICCX 191117:8,T:T,G:A,G:G,C:T,C:C,A:G,G:A,G:A,A:G,A:G,A:G,G:C,T:T,A:C
ICCX 191119:8,T:T,A:A,A:G,T:T,C:C,A:G,G:A,A:A,G:G,A:A,A:G,C:C,T:C,C:C
ICCX 191121:21,T:T,A:A,G:G,T:T,C:C,A:A,G:G,G:G,G:G,G:G,G:G,G:G,T:T,A:A
ICCX 191121:33,T:T,G:A,A:G,T:T,C:C,A:A,G:A,G:A,G:G,G:G,G:G,G:G,T:T,A:C
ICCV 95311:28,A:A,G:G,G:G,T:T,C:C,G:G,A:A,A:A,A:A,G:G,G:G,G:G,C:C,C:C
ICCX 191123:6,T:T,A:A,A:G,T:T,C:C,A:A,G:A,G:A,G:G,A:G,A:G,G:C,T:T,A:C
ICCX 191128:8,A:A,A:A,A:G,C:T,T:T,G:G,G:G,G:G,A:G,G:G,A:A,C:C,C:C,C:C
ICCX 191115:14,T:T,A:A,A:G,T:T,C:C,A:G,G:A,A:A,G:G,A:G,A:A,C:C,T:C,A:C
ICCX 191117:9,T:T,G:A,G:G,C:T,C:C,A:G,G:A,G:A,A:G,A:G,A:G,G:C,T:T,A:C
ICCX 191119:9,T:T,A:A,A:G,T:T,C:C,A:G,G:A,A:A,G:G,A:G,A:G,C:C,T:T,C:C
ICCX 191121:22,T:T,G:A,A:G,T:T,C:C,A:A,G:A,G:A,G:G,G:G,G:G,G:G,T:T,A:C
ICCX 191121:34,T:T,G:A,A:G,T:T,C:C,A:A,G:A,G:A,G:G,G:G,G:G,G:G,T:T,A:C
ICCV 95311:29,A:A,G:G,G:G,T:T,C:C,G:G,A:A,A:A,A:A,G:G,G:G,G:G,C:C,C:C
ICC 20335:9,A:A,A:A,G:G,C:C,T:T,G:G,G:G,G:G,A:A,G:G,A:A,C:C,C:C,C:C
ICCX 191115:15,T:T,A:A,A:G,T:T,C:C,A:G,G:A,A:A,G:G,A:G,A:G,C:C,T:C,C:C
ICCX 191117:10,T:T,G:A,G:G,C:T,C:C,A:G,G:A,G:A,A:G,A:G,A:G,G:C,T:T,A:C
ICCX 191119:10,T:T,A:A,G:G,T:T,C:C,G:G,A:A,A:A,G:G,A:A,G:G,C:C,T:T,C:C
ICCX 191121:23,T:T,G:A,A:G,T:T,C:C,A:A,G:A,G:A,G:G,G:G,G:G,G:G,T:T,A:C
ICCX 191121:35,T:T,A:A,G:G,T:T,C:C,A:A,G:G,G:G,G:G,G:G,G:G,G:G,T:T,A:A
ICCX 191122:6,A:A,G:G,G:G,T:T,C:C,G:G,A:A,A:A,A:A,G:G,G:G,C:C,T:T,A:A
ICC 20335:10,A:A,A:A,G:G,C:C,T:T,G:G,G:G,G:G,A:A,G:G,A:A,C:C,C:C,C:C
ICCX 191129:4,T:T,A:A,G:G,T:T,C:C,A:A,G:G,G:G,G:G,G:G,G:G,G:G,T:T,A:A
ICCX 191115:16,T:T,A:A,A:G,T:T,C:C,A:G,G:A,A:A,G:G,A:A,A:A,C:C,T:T,A:C
ICCX 191117:11,T:T,G:A,G:G,C:T,C:C,A:G,G:A,G:A,A:G,A:G,A:G,G:C,T:T,A:C
ICCX 191119:11,T:T,A:A,A:G,T:T,C:C,A:G,G:A,A:A,G:G,A:A,A:G,C:C,T:C,C:C
ICCX 191121:24,T:T,A:A,G:G,T:T,C:C,A:A,G:G,G:G,G:G,G:G,G:G,G:G,T:T,A:A
ICCX 191121:36,T:T,G:A,A:G,T:T,C:C,A:A,G:A,G:A,G:G,G:G,G:G,G:G,T:T,A:C
ICCX 191122:7,A:A,G:G,G:G,T:T,C:C,G:G,G:A,A:A,A:G,G:G,A:G,C:C,T:C,A:C
ICC 20335:11,A:A,A:A,G:G,C:C,T:T,G:G,G:G,G:G,A:A,G:G,A:A,G:G,C:C,C:C
ICCX 191129:5,T:T,A:A,G:G,T:T,C:C,A:A,G:A,G:A,A:G,A:G,G:G,G:C,T:C,A:A
ICCX 191116:8,A:A,G:G,G:G,T:T,C:C,A:G,G:A,G:A,A:A,G:G,G:G,G:G,T:T,C:C
ICCX 191117:12,T:T,G:A,G:G,C:T,C:C,A:G,G:A,G:A,A:G,A:G,A:G,G:C,T:T,A:C
ICCX 191119:12,T:T,A:A,A:G,T:T,C:C,A:G,G:A,A:A,G:G,A:G,A:G,C:C,T:C,C:C
ICCX 191121:25,T:T,A:A,G:G,T:T,C:C,A:A,G:G,G:G,G:G,G:G,G:G,G:G,T:T,A:A
ICCX 191121:37,T:T,A:A,G:G,T:T,C:C,A:A,G:G,G:G,G:G,G:G,G:G,G:G,T:T,A:A
ICCX 191122:8,A:A,G:G,G:G,T:T,C:C,G:G,A:A,A:A,A:A,G:G,G:G,C:C,T:T,A:A
ICC 20335:12,A:A,A:A,G:G,C:C,T:T,G:G,G:G,G:G,A:A,G:G,A:A,C:C,C:C,C:C
ICCX 191129:6,T:T,A:A,G:G,T:T,C:C,A:A,G:G,G:G,G:G,G:G,G:G,G:G,T:T,A:A
ICCX 191116:9,A:A,G:G,G:G,T:T,C:C,A:G,G:G,G:A,A:A,G:G,G:G,G:C,T:C,A:C
ICCX 191118:7,T:T,G:G,G:G,C:C,C:C,G:G,A:A,A:A,A:A,A:A,A:A,C:C,T:T,C:C
ICCX 191120:7,A:T,G:A,G:G,C:C,T:T,A:G,G:A,G:A,A:G,G:G,A:A,G:G,C:C,C:C
ICCX 191121:26,T:T,A:A,G:G,T:T,C:C,A:A,G:G,G:G,G:G,G:G,G:G,G:G,T:T,A:A
ICCX 191121:38,T:T,A:A,G:G,T:T,C:C,A:A,G:G,G:G,G:G,G:G,G:G,G:G,T:T,A:A
ICCX 191122:9,A:A,G:G,G:G,T:T,C:C,G:G,G:A,A:A,A:G,G:G,A:G,C:C,T:C,A:C
ICC 20335:13,A:A,A:A,G:G,C:C,T:T,G:G,G:G,G:G,A:A,G:G,A:A,G:G,C:C,C:C
ICCX 191130:2,T:T,A:A,G:G,T:T,C:C,A:A,G:G,G:G,G:G,G:G,G:G,G:G,T:T,A:A
ICCX 191116:10,A:A,G:G,G:G,T:T,C:C,A:G,G:G,G:A,A:A,G:G,G:G,G:G,T:T,A:A
ICCX 191118:8,T:T,G:G,G:G,C:C,C:C,G:G,A:A,A:A,A:A,A:A,A:A,C:C,T:T,C:C
ICCX 191120:8,A:T,G:A,G:G,C:C,T:T,A:G,G:A,G:A,A:G,G:G,A:A,G:G,C:C,C:C
ICCX 191121:27,T:T,G:A,A:G,T:T,C:C,A:A,G:A,G:A,G:G,G:G,G:G,G:G,T:T,A:C
ICCV 95311:22,A:A,G:G,G:G,T:T,C:C,G:G,A:A,A:A,A:A,G:G,G:G,G:G,C:C,C:C
ICCX 191122:10,A:A,G:G,G:G,T:T,C:C,G:G,A:A,A:A,A:A,G:G,G:G,C:C,T:T,A:A
ICC 20335:14,A:A,A:A,G:G,C:C,T:T,G:G,G:G,G:G,A:A,G:G,A:A,G:G,C:C,C:C
ICCX 191116:11,A:A,G:G,G:G,T:T,C:C,A:G,G:G,G:A,A:A,G:G,A:G,G:G,T:C,A:C
ICCX 191118:9,T:T,G:G,G:G,C:C,C:C,G:G,A:A,A:A,A:A,A:A,A:A,C:C,T:T,C:C
ICCX 191120:9,A:T,G:A,G:G,C:C,T:T,A:G,G:A,G:A,A:G,G:G,A:A,G:G,C:C,C:C
ICCX 191121:28,T:T,A:A,G:G,T:T,C:C,A:A,G:G,G:G,G:G,G:G,G:G,G:G,T:T,A:A
ICCV 95311:23,A:A,G:G,G:G,T:T,C:C,G:G,A:A,A:A,A:A,G:G,G:G,G:G,C:C,C:C
ICC 17441:9,A:A,G:G,G:G,T:T,C:C,G:G,G:G,A:A,G:G,G:G,A:A,C:C,C:C,C:C
ICC 20335:15,A:A,A:A,G:G,C:C,T:T,G:G,G:G,G:G,A:A,G:G,A:A,C:C,C:C,C:C
