DNA \ Assay,snpPG00048,snpPG00051,snpPG00055,snpPG00076,snpPG00078,snpPG00084,snpPG00087,snpPG00092,snpPG00100,snpPG00101,snpPG00107,snpPG00110,snpPG00111,snpPG00112,snpPG00117,snpPG00118,snpPG00119,snpPG00121,snpPG00122,snpPG00126,snpPG00127,snpPG00129,snpPG00133,snpPG00134,snpPG00135,snpPG00136,snpPG00137,snpPG00140,snpPG00142,snpPG00143
AIMP 92901:1,A:A,C:C,A:A,T:T,A:A,C:C,C:C,T:T,A:A,G:G,T:T,C:C,A:A,A:A,G:G,A:A,A:A,G:G,A:A,G:G,C:C,A:A,A:A,T:T,T:T,C:C,G:C,C:C,T:T,A:A
AIMP 92901:2,A:A,C:C,A:A,T:T,A:A,C:C,C:C,T:T,A:A,G:G,T:T,C:C,A:A,A:A,G:G,A:A,A:A,G:G,A:A,G:G,C:C,A:A,A:A,T:T,T:T,C:C,G:G,C:C,T:T,A:A
AIMP 92901:3,A:A,C:C,A:A,T:T,A:A,C:C,C:C,T:T,A:A,G:G,T:T,C:C,G:G,A:A,G:G,A:A,A:A,G:G,A:A,G:G,C:C,A:A,A:A,T:T,T:T,C:C,G:G,C:C,T:T,A:A
AIMP 92901:4,A:A,C:C,A:A,T:T,A:A,C:C,C:C,T:T,A:A,G:G,T:T,C:C,A:G,A:A,G:G,A:A,A:A,G:G,A:A,G:G,C:C,A:A,A:A,T:T,T:T,C:C,G:G,C:C,T:T,A:A
AIMP 92901:5,A:A,C:C,A:A,T:T,A:A,C:C,C:C,T:T,A:A,G:G,T:T,C:C,A:A,A:A,G:G,A:A,A:A,G:G,A:A,G:G,C:C,A:A,A:A,T:T,T:T,C:C,G:G,C:C,T:T,A:A
AIMP 92901:6,A:A,C:C,A:A,T:T,A:A,C:C,C:C,T:T,A:A,G:G,T:T,C:C,A:A,A:A,G:G,A:A,A:A,G:G,A:A,G:G,C:C,A:A,A:A,T:T,T:T,C:C,G:C,C:C,T:T,A:A
AIMP 92901:7,A:A,C:C,A:A,T:T,A:A,C:C,C:C,T:T,A:A,G:G,T:T,C:C,G:G,A:A,G:G,A:A,A:A,G:G,A:A,G:G,C:C,A:A,A:A,T:T,T:T,C:C,G:G,C:C,T:T,A:A
AIMP 92901:8,A:A,C:C,A:A,?,A:A,C:C,C:C,T:T,A:A,G:G,T:T,C:C,A:A,A:A,G:G,A:A,A:A,G:G,A:A,G:G,C:C,A:A,A:A,T:T,T:T,C:C,G:G,C:C,T:T,A:A
ICMB 04222:1,G:G,T:T,G:G,T:T,G:G,C:C,C:C,T:T,G:G,C:C,T:T,A:A,G:G,G:G,T:T,G:G,A:A,A:A,A:A,C:C,T:T,A:A,T:T,C:C,G:G,A:A,C:C,C:C,C:C,A:A
ICMB 04222:2,G:G,T:T,G:G,T:T,G:G,C:C,C:C,T:T,G:G,C:C,T:T,A:A,G:G,G:G,T:T,G:G,A:A,A:A,A:A,C:C,T:T,A:A,T:T,C:C,G:G,A:A,C:C,C:C,C:C,A:A
ICMB 04222:3,G:G,T:T,G:G,T:T,G:G,C:C,C:C,T:T,G:G,C:C,T:T,A:A,G:G,G:G,T:T,G:G,A:A,A:A,A:A,C:C,T:T,A:A,T:T,C:C,G:G,A:A,C:C,C:C,C:C,A:A
ICMB 04222:4,G:G,T:T,G:G,T:T,G:G,C:C,C:C,T:T,G:G,C:C,T:T,A:A,G:G,G:G,T:T,G:G,A:A,A:A,A:A,C:C,T:T,A:A,T:T,C:C,G:G,A:A,C:C,C:C,C:C,A:A
ICMB 04222:5,G:G,T:T,G:G,T:T,G:G,C:C,C:C,T:T,G:G,C:C,T:T,A:A,G:G,G:G,T:T,G:G,A:A,A:A,A:A,C:C,T:T,A:A,T:T,C:C,G:G,A:A,C:C,C:C,C:C,A:A
ICMB 04222:6,G:G,T:T,G:G,T:T,G:G,C:C,C:C,T:T,G:G,C:C,T:T,A:A,G:G,G:G,T:T,G:G,A:A,A:A,A:A,C:C,T:T,A:A,T:T,C:C,G:G,A:A,C:C,C:C,C:C,A:A
ICMB 04222:7,G:G,T:T,G:G,T:T,G:G,C:C,C:C,T:T,G:G,C:C,T:T,A:A,G:G,G:G,T:T,G:G,A:A,A:A,A:A,C:C,T:T,A:A,T:T,C:C,G:G,A:A,C:C,C:C,C:C,A:A
ICMB 04222:8,G:G,T:T,G:G,T:T,G:G,C:C,C:C,T:T,G:G,C:C,T:T,A:A,G:G,G:G,T:T,G:G,A:A,A:A,A:A,C:C,T:T,A:A,T:T,C:C,G:G,A:A,C:C,C:C,C:C,A:A
ICMB 07444:1,A:A,C:C,A:A,A:A,G:G,T:T,C:C,T:G,G:G,G:G,T:T,A:A,A:A,A:A,T:T,A:A,A:A,A:A,G:G,C:C,T:T,A:A,A:A,T:T,T:T,A:A,C:C,C:C,C:C,G:G
ICMB 07444:2,A:A,C:C,A:A,A:A,G:G,T:T,C:C,T:G,G:A,G:G,T:T,A:A,A:A,A:A,T:T,A:A,A:A,A:A,G:G,C:C,T:T,A:A,A:A,T:T,T:T,A:A,C:C,C:C,C:C,G:G
ICMB 07444:3,A:A,C:C,A:A,A:A,G:G,T:T,C:C,T:G,G:A,G:G,T:T,A:A,A:A,A:A,T:T,A:A,A:A,A:A,G:G,C:C,T:T,A:A,A:A,T:T,T:T,A:A,C:C,C:C,C:C,G:G
ICMB 07444:4,A:A,C:C,A:A,A:A,G:G,T:T,C:C,T:G,G:G,G:G,T:T,A:A,A:A,A:A,T:T,A:A,A:A,A:A,G:G,C:C,T:T,A:A,A:A,T:T,T:T,A:A,C:C,C:C,C:C,G:G
ICMB 07444:5,A:A,C:C,A:A,A:A,G:G,T:T,C:C,T:G,G:G,G:G,T:T,A:A,A:A,A:A,T:T,A:A,A:A,A:A,G:G,C:C,T:T,A:A,A:A,T:T,T:T,A:A,C:C,C:C,C:C,G:G
ICMB 08666:1,G:G,C:C,A:A,T:T,A:A,T:T,C:C,G:G,A:A,G:G,T:T,A:A,G:G,G:G,T:T,A:A,A:A,A:A,A:A,C:C,C:C,C:C,T:T,T:T,T:T,A:A,C:C,T:T,C:C,A:A
ICMB 08666:2,G:G,C:C,A:A,T:T,A:A,T:T,C:C,G:G,A:A,G:G,T:T,A:A,G:G,G:G,T:T,A:A,A:A,A:A,A:A,C:C,C:C,C:C,T:T,T:T,T:T,A:A,C:C,T:T,C:C,A:A
ICMB 08666:3,G:G,C:C,A:A,T:T,A:A,T:T,C:C,G:G,A:A,G:G,T:T,A:A,G:G,G:G,T:T,A:A,A:A,A:A,A:A,C:C,C:C,C:C,T:T,T:T,T:T,A:A,C:C,T:T,C:C,A:A
ICMB 08666:4,G:G,C:C,A:A,T:T,A:A,T:T,C:C,G:G,A:A,G:G,T:T,A:A,G:G,G:G,T:T,A:A,A:A,A:A,A:A,C:C,C:C,C:C,T:T,T:T,T:T,A:A,C:C,T:T,C:C,A:A
ICMB 08666:5,G:G,C:C,A:A,T:T,A:A,T:T,C:C,G:G,A:A,G:G,T:T,A:A,G:G,G:G,T:T,A:A,A:A,A:A,A:A,C:C,C:C,C:C,T:T,T:T,T:T,A:A,C:C,T:T,C:C,A:A
ICMB 08666:6,G:G,C:C,A:A,T:T,A:A,T:T,C:C,G:G,A:A,G:G,T:T,A:A,G:G,G:G,T:T,A:A,A:A,A:A,A:A,C:C,C:C,C:C,T:T,T:T,T:T,A:A,C:C,T:T,C:C,A:A
ICMB 08666:7,G:G,C:C,A:A,T:T,A:A,T:T,C:C,G:G,A:A,G:G,T:T,A:A,G:G,G:G,T:T,A:A,A:A,A:A,A:A,C:C,C:C,C:C,T:T,T:T,T:T,A:A,C:C,T:T,C:C,A:A
ICMB 08666:8,G:G,C:C,A:A,T:T,A:A,T:T,C:C,G:G,A:A,G:G,T:T,A:A,G:G,G:G,T:T,A:A,A:A,A:A,A:A,C:C,C:C,C:C,T:T,T:T,T:T,A:A,C:C,T:T,C:C,A:A
ICMB 08999:1,G:G,C:C,A:A,T:T,A:A,T:T,C:C,G:G,A:A,G:G,T:T,A:A,G:G,G:G,T:T,A:A,A:A,A:A,A:A,C:C,C:C,C:C,T:T,T:T,T:T,A:A,C:C,T:T,C:C,A:A
ICMB 08999:2,G:G,C:C,A:A,T:T,A:A,T:T,C:C,G:G,A:A,G:G,T:T,A:A,G:G,G:G,T:T,A:A,A:A,A:A,A:A,C:C,C:C,C:C,T:T,T:T,T:T,A:A,C:C,T:T,C:C,A:A
ICMB 08999:3,G:G,C:C,A:A,T:T,A:A,T:T,C:C,G:G,A:A,G:G,T:T,A:A,G:G,G:G,T:T,A:A,A:A,A:A,A:A,C:C,C:C,C:C,T:T,T:T,T:T,A:A,C:C,T:T,C:C,A:A
ICMB 08999:4,G:G,C:C,A:A,T:T,A:A,T:T,C:C,G:G,A:A,G:G,T:T,A:A,G:G,G:G,T:T,A:A,A:A,A:A,A:A,C:C,C:C,C:C,T:T,T:T,T:T,A:A,C:C,T:T,C:C,A:A
ICMB 08999:5,G:G,C:C,A:A,T:T,A:A,T:T,C:C,G:G,A:A,G:G,T:T,A:A,G:G,G:G,T:T,A:A,A:A,A:A,A:A,C:C,C:C,C:C,T:T,T:T,T:T,A:A,C:C,T:T,C:C,A:A
ICMB 09555:1,G:G,T:T,G:G,T:T,A:G,C:C,C:C,T:G,A:A,G:C,C:T,C:A,A:G,A:A,G:G,A:A,A:A,G:G,G:G,G:C,T:T,C:C,A:A,T:T,G:G,C:C,G:G,C:C,T:C,A:G
ICMB 09555:2,G:A,T:T,G:G,T:T,A:G,C:T,C:C,T:G,A:A,G:C,C:T,C:A,A:G,G:A,T:G,A:A,A:A,G:G,G:G,C:C,T:T,C:C,A:T,T:T,G:T,C:A,G:C,C:C,T:C,A:G
ICMB 09555:3,G:G,T:T,G:G,T:T,A:A,C:C,C:C,T:G,A:A,G:G,T:T,A:A,G:G,A:A,G:G,A:A,A:A,G:G,G:G,C:C,T:T,C:C,A:A,T:T,G:G,C:C,G:G,C:C,C:C,A:A
ICMB 09555:4,G:A,T:T,G:G,T:T,A:G,Uncallable,C:C,T:G,A:A,G:C,C:C,Uncallable,Uncallable,G:A,T:G,A:A,A:A,G:G,G:G,G:C,T:T,C:C,A:T,T:T,G:T,C:A,G:C,C:C,T:C,G:G
ICMB 09555:5,G:G,T:T,G:G,Uncallable,A:G,C:T,C:C,T:G,A:A,G:C,C:T,C:A,A:G,G:A,T:G,A:A,A:A,G:G,G:G,Uncallable,T:T,C:C,A:T,T:T,G:G,C:C,G:G,C:C,T:C,A:G
ICMB 100103:1,G:G,C:C,G:G,A:A,A:A,T:T,T:T,G:G,A:A,G:G,T:T,A:A,G:G,A:A,T:T,A:A,A:A,A:A,A:A,G:G,C:C,A:A,T:T,T:T,T:T,A:A,C:C,T:T,C:C,G:G
ICMB 100103:2,G:G,C:C,G:G,A:A,A:A,T:T,T:T,G:G,A:A,G:G,T:T,A:A,G:G,A:A,T:T,A:A,A:A,A:A,A:A,G:G,C:C,A:A,T:T,T:T,T:T,A:A,C:C,T:T,C:C,G:G
ICMB 100103:3,G:G,C:C,G:G,A:A,A:A,T:T,T:T,G:G,A:A,G:G,T:T,A:A,G:G,A:A,T:T,A:A,A:A,A:A,A:A,G:G,C:C,A:A,T:T,T:T,T:T,A:A,C:C,T:T,C:C,G:G
ICMB 100103:4,G:G,C:C,G:G,A:A,A:A,T:T,T:T,G:G,A:A,G:G,T:T,A:A,G:G,A:A,T:T,A:A,A:A,A:A,A:A,G:G,C:C,A:A,T:T,T:T,T:T,A:A,C:C,T:T,C:C,G:G
ICMB 100103:5,G:G,C:C,G:G,A:A,A:A,T:T,T:T,G:G,A:A,G:G,T:T,A:A,G:G,A:A,T:T,A:A,A:A,A:A,A:A,G:G,C:C,A:A,T:T,T:T,T:T,A:A,C:C,T:T,C:C,G:G
ICMB 100114:1,G:G,C:C,A:A,A:A,G:G,T:T,T:T,G:G,A:A,G:G,T:T,A:A,G:G,A:A,G:G,G:G,A:A,A:A,G:G,C:C,T:T,C:C,T:T,T:T,T:T,A:A,C:C,T:T,C:C,G:G
ICMB 100114:2,G:G,C:C,A:A,A:A,G:G,T:T,T:T,G:G,A:A,G:G,T:T,A:A,G:G,A:A,G:G,G:G,A:A,A:A,G:G,C:C,T:T,C:C,T:T,T:T,T:T,A:A,C:C,T:T,C:C,G:G
ICMB 100114:3,G:G,C:C,A:A,A:A,G:G,T:T,T:T,G:G,A:A,G:G,T:T,A:A,G:G,A:A,G:G,G:G,A:A,A:A,G:G,C:C,T:T,C:C,T:T,T:T,T:T,A:A,C:C,T:T,C:C,G:G
ICMB 100114:4,G:G,C:C,?,A:A,G:G,T:T,T:T,G:G,A:A,G:G,T:T,A:A,G:G,Uncallable,G:G,G:G,A:A,A:A,G:G,C:C,T:T,C:C,T:T,T:T,?,A:A,C:C,T:T,C:C,A:A
ICMB 100114:5,G:G,C:C,A:A,A:A,G:G,T:T,T:T,G:G,A:A,G:G,T:T,A:A,G:G,G:A,G:G,G:G,A:A,A:A,G:G,C:C,T:T,C:C,T:T,T:T,T:T,A:A,C:C,T:T,C:C,G:G
ICMB 100114:6,G:G,C:C,A:A,A:A,G:G,T:T,T:T,G:G,A:A,G:G,T:T,A:A,G:G,A:A,G:G,G:G,A:A,A:A,G:G,C:C,T:T,C:C,T:T,T:T,T:T,A:A,C:C,T:T,C:C,G:G
ICMB 100114:7,G:G,C:C,A:A,A:A,G:G,T:T,T:T,G:G,A:A,G:G,T:T,A:A,G:G,A:A,G:G,G:G,A:A,A:A,G:G,C:C,T:T,C:C,T:T,T:T,T:T,A:A,C:C,T:T,C:C,G:G
ICMB 100114:8,G:G,C:C,A:A,A:A,G:G,T:T,T:T,G:G,A:A,G:G,T:T,A:A,G:G,A:A,G:G,G:G,A:A,A:A,G:G,C:C,T:T,C:C,T:T,T:T,T:T,A:A,C:C,T:T,C:C,G:G
ICMB 100132:1,G:G,C:C,A:A,A:A,G:G,T:T,T:T,G:G,A:A,G:G,T:T,A:A,G:G,A:A,G:G,A:A,A:A,A:A,G:G,C:C,C:C,C:C,T:T,C:C,G:G,A:A,C:C,T:T,C:C,G:G
ICMB 100132:2,G:G,C:C,A:A,A:A,G:G,T:T,T:T,G:G,A:A,G:G,T:T,A:A,G:G,A:A,G:G,A:A,A:A,A:A,G:G,C:C,C:C,C:C,T:T,C:C,G:G,A:A,C:C,T:T,C:C,G:G
ICMB 100132:3,G:G,C:C,A:A,A:A,G:G,T:T,T:T,G:G,A:A,G:G,T:T,A:A,G:G,A:A,G:G,A:A,A:A,A:A,G:G,C:C,C:C,C:C,T:T,C:C,G:G,A:A,C:C,T:T,C:C,G:G
ICMB 100132:4,G:G,C:C,A:A,A:A,G:G,T:T,T:T,G:G,A:A,G:G,T:T,A:A,G:G,A:A,G:G,A:A,A:A,A:A,G:G,C:C,C:C,C:C,T:T,C:C,G:G,A:A,C:C,T:T,C:C,G:G
ICMB 100132:5,G:G,C:C,A:A,A:A,G:G,T:T,T:T,G:G,A:A,G:G,T:T,A:A,G:G,A:A,G:G,A:A,A:A,A:A,G:G,C:C,C:C,C:C,T:T,C:C,G:G,A:A,C:C,T:T,C:C,G:G
ICMB 100133:1,G:G,C:C,A:A,A:A,A:A,T:T,T:T,G:G,A:A,C:C,C:C,A:A,G:G,A:A,G:G,A:A,A:A,G:G,A:A,C:C,C:C,A:A,A:A,C:C,G:G,A:A,G:G,C:C,C:C,G:G
ICMB 100133:2,G:G,C:C,A:A,A:A,A:G,T:T,Uncallable,G:G,A:A,G:C,C:C,A:A,A:G,A:A,G:G,A:A,A:A,G:G,A:A,C:C,C:C,A:A,A:A,C:C,G:G,A:A,Uncallable,C:C,C:C,G:G
ICMB 100133:3,G:G,C:C,A:A,A:A,A:A,T:T,T:T,G:G,A:A,C:C,C:C,A:A,G:G,A:A,G:G,A:A,A:A,G:G,A:A,C:C,C:C,A:A,A:A,C:C,G:G,A:A,G:G,C:C,C:C,G:G
ICMB 100133:4,G:G,C:C,A:A,A:A,A:A,T:T,T:T,G:G,A:A,C:C,C:C,A:A,G:G,A:A,G:G,A:A,A:A,G:G,A:A,C:C,C:C,A:A,A:A,C:C,G:G,A:A,G:G,C:C,C:C,G:G
ICMB 100133:5,G:G,C:C,A:A,A:A,A:A,T:T,T:T,G:G,A:A,C:C,C:C,A:A,G:G,A:A,G:G,A:A,A:A,G:G,A:A,C:C,C:C,A:A,A:A,C:C,G:G,A:A,G:G,C:C,C:C,G:G
ICMB 100136:1,G:G,C:C,G:G,A:A,A:A,T:T,T:T,G:G,G:G,C:C,T:T,A:A,G:G,A:A,G:G,G:G,A:A,A:A,A:A,G:G,C:C,C:C,T:T,C:C,G:G,A:A,C:C,C:C,T:T,A:A
ICMB 100136:2,G:G,C:C,G:G,A:A,A:A,T:T,T:T,G:G,G:G,C:C,T:T,A:A,G:G,A:A,G:G,G:G,A:A,A:A,A:A,G:G,C:C,C:C,T:T,C:C,G:G,A:A,C:C,C:C,T:T,A:A
ICMB 100136:3,G:G,C:C,G:G,A:A,A:A,T:T,T:T,G:G,G:G,C:C,T:T,A:A,G:G,A:A,G:G,G:G,A:A,A:A,A:A,G:G,C:C,C:C,T:T,C:C,G:G,A:A,C:C,C:C,T:T,A:A
ICMB 100136:4,G:G,C:C,G:G,A:A,A:A,T:T,T:T,G:G,G:G,C:C,T:T,A:A,G:G,A:A,G:G,G:G,A:A,A:A,A:A,G:G,C:C,C:C,T:T,C:C,G:G,A:A,C:C,C:C,T:T,A:A
ICMB 100136:5,G:G,C:C,G:G,A:A,A:A,T:T,T:T,G:G,G:G,C:C,T:T,A:A,G:G,A:A,G:G,G:G,A:A,A:A,A:A,G:G,C:C,C:C,T:T,C:C,G:G,A:A,C:C,C:C,T:T,A:A
ICMB 100136:6,G:G,C:C,G:G,A:A,A:A,T:T,T:T,G:G,G:G,C:C,T:T,A:A,G:G,A:A,G:G,G:G,A:A,A:A,A:A,G:G,C:C,C:C,T:T,C:C,G:G,A:A,C:C,C:C,T:T,A:A
ICMB 100136:7,G:G,C:C,G:G,A:A,A:A,T:T,T:T,G:G,G:G,C:C,T:T,A:A,G:G,A:A,G:G,G:G,A:A,A:A,A:A,G:G,C:C,C:C,T:T,C:C,G:G,A:A,C:C,C:C,T:T,A:A
ICMB 100136:8,G:G,C:C,G:G,A:A,A:A,T:T,T:T,G:G,G:G,C:C,T:T,A:A,G:G,A:A,G:G,G:G,A:A,A:A,A:A,G:G,C:C,C:C,T:T,C:C,G:G,A:A,C:C,C:C,T:T,A:A
ICMB 100157:1,G:G,C:C,G:G,T:T,G:G,C:C,C:C,G:G,A:A,G:G,C:C,A:A,G:G,G:G,G:G,G:G,A:A,A:A,G:G,C:C,T:T,C:C,A:A,T:T,T:T,A:A,C:C,T:T,T:T,A:A
ICMB 100157:2,G:G,C:C,G:G,T:T,G:G,C:C,C:C,G:G,A:A,G:G,C:C,A:A,G:G,G:G,G:G,G:G,A:A,A:A,G:G,C:C,T:T,C:C,A:A,T:T,T:T,A:A,C:C,T:T,T:T,A:A
ICMB 100157:3,G:G,C:C,G:G,T:T,G:G,C:C,C:C,G:G,A:A,G:G,C:C,A:A,G:G,G:G,G:G,G:G,A:A,A:A,G:G,C:C,T:T,C:C,A:A,T:T,T:T,A:A,C:C,T:T,T:T,A:A
ICMB 100157:4,G:G,C:C,G:G,T:T,G:G,C:C,C:C,G:G,A:A,G:G,C:C,A:A,G:G,G:G,G:G,G:G,A:A,A:A,G:G,C:C,T:T,C:C,A:A,T:T,T:T,A:A,C:C,T:T,T:T,A:A
ICMB 100157:5,G:G,C:C,G:G,T:T,G:G,C:C,C:C,G:G,A:A,G:G,C:C,A:A,G:G,G:G,G:G,G:G,A:A,A:A,G:G,C:C,T:T,C:C,A:A,T:T,T:T,A:A,C:C,T:T,T:T,A:A
ICMB 100613:1,G:G,T:T,A:A,T:T,G:G,T:T,T:T,T:G,G:A,C:C,T:T,C:A,G:G,A:A,T:T,A:A,A:A,A:A,G:G,C:C,C:C,A:C,A:T,T:T,G:G,A:A,C:C,C:C,C:C,A:A
ICMB 100613:2,G:G,T:T,A:A,T:T,G:G,T:T,T:T,T:G,G:G,C:C,T:T,C:A,G:G,A:A,T:T,A:A,A:A,A:A,G:G,C:C,C:T,A:A,A:T,T:T,G:G,A:A,C:C,C:C,C:C,A:A
ICMB 100613:3,G:G,T:T,A:A,T:T,G:G,T:T,T:T,T:G,Uncallable,C:C,T:T,C:A,G:G,A:A,T:T,A:A,A:A,A:A,G:G,C:C,C:C,A:C,A:T,T:T,G:G,A:A,C:C,C:C,C:C,A:A
ICMB 100613:4,G:G,T:T,A:A,Uncallable,Uncallable,T:T,T:T,T:G,G:G,C:C,T:T,C:A,G:G,G:A,T:T,A:A,A:A,A:A,G:G,G:C,C:C,A:C,A:T,T:T,G:G,A:A,C:C,C:C,C:C,A:A
ICMB 100613:5,G:G,T:T,A:A,T:T,G:G,T:T,T:T,T:G,G:G,C:C,T:T,C:A,G:G,A:A,T:T,A:A,A:A,A:A,G:G,G:C,C:C,A:A,A:T,T:T,G:G,A:A,C:C,C:C,C:C,A:A
ICMB 100703:1,G:G,C:C,A:A,T:T,A:A,C:C,T:T,G:G,G:G,C:C,T:T,A:A,G:G,A:A,?,G:G,A:A,G:G,G:G,C:C,C:C,C:C,T:T,C:C,G:G,A:A,C:C,C:C,T:T,A:A
ICMB 100703:2,G:G,C:C,A:A,T:T,A:A,C:C,T:T,G:G,G:G,C:C,T:T,A:A,G:G,A:A,?,G:G,A:A,G:G,G:G,C:C,C:C,C:C,T:T,C:C,G:G,A:A,C:C,C:C,T:T,A:A
ICMB 100703:3,G:G,C:C,A:A,T:T,A:A,C:C,T:T,G:G,G:G,C:C,T:T,A:A,G:G,A:A,G:G,G:G,A:A,G:G,G:G,C:C,C:C,C:C,T:T,C:C,G:G,A:A,C:C,C:C,T:T,A:A
ICMB 100703:4,G:G,C:C,A:A,T:T,A:A,C:C,T:T,G:G,G:G,C:C,T:T,A:A,G:G,A:A,?,G:G,A:A,G:G,G:G,C:C,C:C,C:C,T:T,C:C,G:G,A:A,C:C,C:C,T:T,A:A
ICMB 100703:5,G:G,C:C,A:A,T:T,A:A,C:C,T:T,G:G,G:G,C:C,T:T,A:A,G:G,A:A,?,G:G,A:A,G:G,G:G,C:C,C:C,C:C,T:T,C:C,G:G,A:A,C:C,C:C,T:T,A:A
ICMB 100703:6,G:G,C:C,A:A,T:T,A:A,C:C,T:T,G:G,G:G,C:C,T:T,A:A,G:G,A:A,T:T,G:G,A:A,G:G,G:G,C:C,C:C,C:C,T:T,C:C,G:G,A:A,C:C,C:C,T:T,A:A
ICMB 100703:7,G:G,C:C,A:A,T:T,A:A,C:C,T:T,G:G,G:G,C:C,T:T,A:A,G:G,A:A,G:G,G:G,A:A,G:G,G:G,C:C,C:C,C:C,T:T,C:C,G:G,A:A,C:C,C:C,T:T,A:A
ICMB 100703:8,G:G,C:C,A:A,T:T,A:A,C:C,T:T,G:G,G:G,C:C,T:T,A:A,G:G,A:A,T:T,G:G,A:A,G:G,G:G,C:C,C:C,C:C,T:T,C:C,G:G,A:A,C:C,C:C,T:T,A:A
ICMB 100711:1,G:G,C:C,A:A,T:T,A:A,T:T,T:T,T:G,G:G,C:C,T:T,A:A,A:A,G:G,T:T,G:G,A:A,A:A,G:G,C:C,C:C,C:C,A:A,T:T,Uncallable,A:A,G:G,C:C,C:C,G:G
ICMB 100711:2,G:G,C:C,A:A,T:T,A:A,T:T,T:T,T:G,G:G,C:C,T:T,A:A,A:A,G:G,T:T,G:G,A:A,A:A,G:G,C:C,C:C,C:C,A:A,T:T,T:T,A:A,G:G,C:C,C:C,G:G
ICMB 100711:3,G:G,C:C,A:A,T:T,A:A,T:T,T:T,T:G,G:G,C:C,T:T,A:A,A:A,G:G,T:T,G:G,A:A,A:A,G:G,C:C,C:C,C:C,A:A,T:T,T:T,A:A,G:G,C:C,C:C,G:G
ICMB 100711:4,G:G,C:C,A:A,T:T,A:A,T:T,T:T,T:G,G:G,C:C,T:T,A:A,A:A,G:G,T:T,G:G,A:A,A:A,G:G,C:C,C:C,C:C,A:A,T:T,T:T,A:A,G:G,C:C,C:C,G:G
ICMB 100711:5,G:G,C:C,?,T:T,A:A,T:T,?,T:G,G:G,C:C,T:T,A:A,A:A,G:G,T:T,G:G,A:A,A:A,G:G,C:C,C:C,C:C,A:A,T:T,?,A:A,G:G,C:C,C:C,?
ICMB 100711:6,G:G,C:C,A:A,T:T,A:A,T:T,T:T,T:G,G:G,C:C,T:T,A:A,A:A,G:G,T:T,G:G,A:A,A:A,G:G,C:C,C:C,C:C,A:A,T:T,T:T,A:A,G:G,C:C,C:C,G:G
ICMB 100711:7,G:G,C:C,A:A,T:T,A:A,T:T,T:T,T:G,G:G,C:C,T:T,A:A,A:A,G:G,T:T,G:G,A:A,A:A,G:G,C:C,C:C,C:C,A:A,T:T,T:T,A:A,G:G,C:C,C:C,G:G
ICMB 100711:8,G:G,C:C,A:A,T:T,A:A,T:T,T:T,T:G,G:G,C:C,T:T,A:A,A:A,G:G,T:T,G:G,A:A,A:A,G:G,C:C,C:C,C:C,A:A,T:T,T:T,A:A,G:G,C:C,C:C,G:G
ICMB 101117:1,G:G,C:C,G:G,T:T,G:G,C:C,C:C,G:G,A:A,G:G,C:C,A:A,G:G,A:A,G:G,A:A,A:A,A:A,G:G,G:G,C:C,C:C,A:A,T:T,T:T,A:A,C:C,T:T,T:T,A:A
ICMB 101117:2,G:G,C:C,G:G,T:T,G:G,C:C,C:C,G:G,A:A,G:G,C:C,A:A,G:G,A:A,G:G,A:A,A:A,A:A,G:G,G:G,C:C,C:C,A:A,T:T,T:T,A:A,C:C,T:T,T:T,A:A
ICMB 101117:3,G:G,C:C,G:G,T:T,G:G,C:C,C:C,G:G,A:A,G:G,C:C,A:A,G:G,A:A,G:G,A:A,A:A,A:A,G:G,G:G,C:C,C:C,A:A,T:T,T:T,A:A,C:C,T:T,T:T,A:A
ICMB 101117:4,G:G,C:C,G:G,T:T,G:G,C:C,C:C,G:G,A:A,G:G,C:C,A:A,G:G,A:A,G:G,A:A,A:A,A:A,G:G,G:G,C:C,C:C,A:A,T:T,T:T,A:A,C:C,T:T,T:T,A:A
ICMB 101117:5,G:G,C:C,G:G,T:T,G:G,C:C,C:C,G:G,A:A,G:G,C:C,A:A,G:G,A:A,G:G,A:A,A:A,A:A,G:G,G:G,C:C,C:C,A:A,T:T,T:T,A:A,C:C,T:T,T:T,A:A
ICMB 101117:6,G:G,C:C,G:G,T:T,G:G,C:C,C:C,G:G,A:A,G:G,C:C,A:A,G:G,A:A,G:G,A:A,A:A,A:A,G:G,G:G,C:C,C:C,A:A,T:T,T:T,A:A,C:C,T:T,T:T,A:A
ICMB 101117:7,G:G,C:C,G:G,T:T,G:G,C:C,C:C,G:G,A:A,G:G,C:C,A:A,G:G,A:A,G:G,A:A,A:A,A:A,G:G,G:G,C:C,C:C,A:A,T:T,T:T,A:A,C:C,T:T,T:T,?
ICMB 101117:8,G:G,C:C,G:G,T:T,G:G,C:C,C:C,G:G,A:A,G:G,C:C,A:A,G:G,A:A,G:G,A:A,A:A,A:A,G:G,G:G,C:C,C:C,A:A,T:T,T:T,?,C:C,T:T,T:T,A:A
ICMB 10111:1,G:G,C:C,A:A,T:T,A:A,T:T,C:C,G:G,A:A,G:G,T:T,C:C,G:G,G:G,T:T,A:A,A:A,A:A,A:A,C:C,C:C,C:C,T:T,C:C,G:G,A:A,C:C,T:T,C:C,A:A
ICMB 10111:2,G:G,C:C,A:A,T:T,A:A,T:T,C:C,G:G,A:A,G:G,T:T,C:C,G:G,G:G,T:T,A:A,A:A,A:A,A:A,C:C,C:C,C:C,T:T,C:C,G:G,A:A,C:C,T:T,C:C,A:A
ICMB 10111:3,G:G,C:C,A:A,T:T,A:A,T:T,C:C,G:G,A:A,G:G,T:T,C:C,G:G,G:G,T:T,A:A,A:A,A:A,A:A,C:C,C:C,C:C,T:T,C:C,G:G,A:A,C:C,T:T,C:C,A:A
ICMB 10111:4,G:G,C:C,A:A,T:T,A:A,T:T,C:C,G:G,A:A,G:G,T:T,C:C,G:G,G:G,T:T,A:A,A:A,A:A,A:A,C:C,C:C,C:C,T:T,C:C,G:G,A:A,C:C,T:T,C:C,A:A
ICMB 10111:5,G:G,C:C,A:A,T:T,A:A,T:T,C:C,G:G,A:A,G:G,T:T,C:C,G:G,G:G,T:T,A:A,A:A,A:A,A:A,C:C,C:C,C:C,T:T,C:C,G:G,A:A,C:C,T:T,C:C,A:A
ICMB 10111:6,G:G,C:C,A:A,T:T,A:A,T:T,C:C,G:G,A:A,G:G,T:T,C:C,G:G,G:G,T:T,A:A,A:A,A:A,A:A,C:C,C:C,C:C,T:T,C:C,G:G,A:A,C:C,T:T,C:C,A:A
ICMB 10111:7,G:G,C:C,A:A,T:T,A:A,T:T,C:C,G:G,A:A,G:G,T:T,C:C,G:G,G:G,T:T,A:A,A:A,A:A,A:A,C:C,C:C,C:C,T:T,C:C,G:G,A:A,C:C,T:T,C:C,A:A
ICMB 10111:8,G:G,C:C,A:A,T:T,A:A,T:T,C:C,G:G,A:A,G:G,T:T,C:C,G:G,G:G,T:T,A:A,A:A,A:A,A:A,C:C,C:C,C:C,T:T,C:C,G:G,A:A,C:C,T:T,C:C,A:A
ICMB 101378:1,G:A,T:C,G:A,T:T,G:G,C:T,C:T,T:G,G:G,G:C,C:T,C:A,A:G,G:G,T:G,G:G,A:A,G:A,A:G,C:C,C:C,A:C,T:T,C:T,G:G,C:A,C:C,C:C,C:C,?
ICMB 101378:2,G:A,T:C,G:G,A:T,A:G,C:C,C:C,T:G,G:A,C:C,C:T,A:A,G:G,G:G,T:G,G:G,A:A,A:A,A:G,C:C,T:T,A:C,T:T,C:C,G:G,A:A,G:C,C:T,T:C,A:A
ICMB 101378:3,G:G,T:T,G:G,T:T,G:G,C:C,C:C,T:T,G:G,C:C,T:T,A:A,G:G,G:G,T:T,G:G,A:A,A:A,A:A,C:C,T:T,A:A,T:T,C:C,G:G,A:A,C:C,C:C,C:C,A:A
ICMB 101378:4,G:G,T:T,G:G,T:T,G:G,C:C,C:C,T:T,G:G,C:C,T:T,A:A,G:G,G:G,T:T,G:G,A:A,A:A,A:A,C:C,T:T,A:A,T:T,C:C,G:G,A:A,C:C,C:C,C:C,A:A
ICMB 101378:5,G:G,T:T,G:G,T:T,G:G,C:C,C:C,T:T,G:G,C:C,T:T,A:A,G:G,G:G,T:T,G:G,A:A,A:A,A:A,C:C,T:T,A:A,T:T,C:C,G:G,A:A,C:C,C:C,C:C,A:A
ICMB 101378:6,G:G,T:T,G:G,T:T,G:G,C:C,C:C,T:T,G:G,C:C,T:T,A:A,G:G,G:G,T:T,G:G,A:A,A:A,A:A,C:C,T:T,A:A,T:T,C:C,G:G,A:A,C:C,C:C,C:C,A:A
ICMB 101378:7,G:G,T:T,G:G,T:T,G:G,C:C,C:C,T:T,G:G,C:C,T:T,A:A,G:G,G:G,T:T,G:G,A:A,A:A,A:A,C:C,T:T,A:A,T:T,C:C,G:G,A:A,C:C,C:C,C:C,A:A
ICMB 101378:8,G:G,T:T,G:G,T:T,G:G,C:C,C:C,T:T,G:G,C:C,T:T,A:A,G:G,G:G,T:T,G:G,A:A,A:A,A:A,C:C,T:T,A:A,T:T,C:C,G:G,A:A,C:C,C:C,C:C,A:A
ICMB 101410:1,A:A,T:T,A:A,A:A,A:A,C:C,C:C,G:G,G:G,G:G,C:C,A:A,A:A,G:G,T:T,A:A,A:A,A:A,A:A,C:C,C:C,C:C,A:A,C:C,T:T,?,G:G,T:T,C:C,A:A
ICMB 101410:2,A:A,T:T,A:A,A:A,A:A,C:C,C:C,G:G,G:G,G:G,C:C,A:A,A:A,G:G,T:T,A:A,A:A,A:A,A:G,C:C,C:C,C:C,A:A,C:C,T:T,A:A,G:G,T:T,C:C,A:A
ICMB 101410:3,A:A,T:T,A:A,A:A,A:A,C:C,C:C,G:G,G:G,G:G,C:C,A:A,A:A,G:G,T:T,A:A,A:A,A:A,A:A,C:C,C:C,C:C,A:A,C:C,T:T,A:A,G:G,T:T,C:C,A:A
ICMB 101410:4,A:A,T:T,A:A,A:A,A:A,C:C,C:C,G:G,G:G,G:G,C:C,A:A,A:A,G:G,T:T,A:A,A:A,A:A,A:A,C:C,C:C,C:C,A:A,C:C,T:T,A:A,G:G,T:T,C:C,A:A
ICMB 101410:5,A:A,T:T,A:A,A:A,A:A,C:C,C:C,G:G,G:G,G:G,C:C,A:A,A:A,G:G,T:T,A:A,A:A,A:A,A:G,C:C,C:C,C:C,A:A,C:C,T:T,A:A,G:G,T:T,C:C,A:A
ICMB 101412:1,A:A,T:T,A:A,A:A,A:A,T:T,C:C,G:G,G:G,C:C,T:T,C:C,A:A,G:G,T:T,A:A,A:A,G:G,G:G,C:C,C:C,C:C,A:A,T:T,T:T,C:C,C:C,T:T,C:C,A:A
ICMB 101412:2,A:A,T:T,?,A:A,A:A,T:T,?,G:G,G:G,C:C,T:T,C:C,?,G:G,T:T,A:A,A:A,G:G,G:G,C:C,C:C,C:C,A:A,T:T,?,C:C,C:C,T:T,C:C,?
ICMB 101412:3,A:A,T:T,A:A,A:A,A:A,C:C,C:C,G:G,G:G,C:C,T:T,C:C,A:A,G:G,T:T,A:A,A:A,G:G,G:G,C:C,C:C,C:C,A:A,T:T,T:T,C:C,C:C,T:T,C:C,A:A
ICMB 101412:4,A:A,T:T,A:A,A:A,A:A,T:T,C:C,G:G,G:G,C:C,T:T,C:C,A:A,G:G,T:T,A:A,A:A,G:G,G:G,C:C,C:C,C:C,A:A,T:T,T:T,C:C,C:C,T:T,C:C,A:A
ICMB 101412:5,A:A,T:T,A:A,A:A,A:A,T:T,C:C,G:G,G:G,C:C,T:T,C:C,A:A,G:G,T:T,A:A,A:A,G:G,G:G,C:C,C:C,C:C,A:A,T:T,T:T,C:C,C:C,T:T,C:C,A:A
ICMB 101412:6,A:A,T:T,A:A,A:A,A:A,T:T,C:C,G:G,G:G,C:C,T:T,C:C,A:A,G:G,T:T,A:A,A:A,G:G,G:G,C:C,C:C,C:C,A:A,T:T,T:T,C:C,C:C,T:T,C:C,A:A
ICMB 101412:7,A:A,T:T,A:A,A:A,A:A,T:T,C:C,G:G,G:G,C:C,T:T,C:C,A:A,G:G,T:T,A:A,A:A,G:G,G:G,C:C,C:C,C:C,A:A,T:T,T:T,C:C,C:C,T:T,C:C,A:A
ICMB 101412:8,A:A,T:T,A:A,A:A,A:A,C:C,C:C,G:G,G:G,C:C,T:T,C:C,A:A,G:G,T:T,A:A,A:A,G:G,G:G,C:C,C:C,C:C,A:A,T:T,T:T,C:C,C:C,T:T,C:C,A:A
ICMB 101426:1,G:G,T:T,A:A,A:A,A:A,T:T,T:T,G:G,G:G,G:G,T:T,A:A,A:A,G:G,G:G,G:G,A:A,G:G,G:G,C:C,T:T,C:C,T:T,C:C,G:G,A:A,C:C,C:C,C:C,A:A
ICMB 101426:2,G:G,T:T,A:A,A:A,A:A,T:T,T:T,G:G,G:G,G:G,T:T,A:A,A:A,G:G,G:G,G:G,A:A,G:A,A:G,C:C,T:T,C:C,T:T,C:C,G:G,A:A,C:C,C:C,C:C,A:A
ICMB 101426:3,G:G,T:T,A:A,A:A,A:A,T:T,T:T,G:G,G:G,G:G,T:T,A:A,A:A,G:G,G:G,G:G,A:A,G:A,A:G,C:C,T:T,C:C,T:T,C:C,G:G,A:A,C:C,C:C,C:C,A:A
ICMB 101426:4,G:G,T:T,A:A,A:A,A:A,T:T,T:T,G:G,G:G,G:G,T:T,A:A,A:A,G:G,G:G,G:G,A:A,G:G,G:G,C:C,T:T,C:C,T:T,C:C,G:G,A:A,C:C,C:C,C:C,A:A
ICMB 101426:5,G:G,T:T,A:A,A:A,A:A,T:T,T:T,G:G,G:G,G:G,T:T,A:A,A:A,G:G,G:G,G:G,A:A,G:G,G:G,C:C,T:T,C:C,T:T,C:C,G:G,A:A,C:C,C:C,C:C,A:A
ICMB 101551:1,G:G,T:T,G:G,A:A,A:A,T:T,T:T,G:G,A:A,C:C,T:T,A:A,A:A,A:A,G:G,G:G,A:A,A:A,G:G,G:G,T:T,C:C,T:T,C:C,G:G,A:A,C:C,C:C,C:C,G:G
ICMB 101551:2,G:G,T:T,G:G,A:A,A:A,T:T,T:T,G:G,A:A,C:C,T:T,A:A,A:A,A:A,T:G,G:G,A:A,A:A,G:G,G:G,T:T,C:C,T:T,C:C,G:G,A:A,C:C,C:C,C:C,G:G
ICMB 101551:3,G:G,T:T,G:G,A:A,A:A,T:T,T:T,G:G,A:A,C:C,T:T,A:A,A:A,A:A,G:G,G:G,A:A,A:A,G:G,G:G,T:T,C:C,T:T,C:C,G:G,A:A,C:C,C:C,C:C,G:G
ICMB 101551:4,G:G,T:T,G:G,A:A,A:A,T:T,T:T,G:G,A:A,C:C,T:T,A:A,A:A,A:A,T:G,G:G,A:A,A:A,G:G,G:G,T:T,C:C,T:T,C:C,G:G,A:A,C:C,C:C,C:C,G:G
ICMB 101551:5,G:G,T:T,G:G,A:A,A:A,T:T,T:T,G:G,A:A,C:C,T:T,A:A,A:A,A:A,G:G,G:G,A:A,A:A,G:G,G:G,T:T,C:C,T:T,C:C,G:G,A:A,C:C,C:C,C:C,G:G
ICMB 101600:1,A:A,T:T,A:A,T:T,G:G,T:T,C:C,G:G,A:A,G:G,T:T,A:A,A:A,G:G,G:G,G:G,A:A,A:A,A:A,G:C,T:T,A:A,A:A,C:C,G:G,A:A,C:C,C:C,C:C,A:A
ICMB 101600:2,A:A,T:T,A:A,T:T,G:G,C:C,C:T,G:G,A:A,G:G,T:T,A:A,A:A,G:G,G:G,G:G,A:A,A:A,A:A,G:C,C:C,A:A,A:A,C:C,G:G,A:A,C:C,C:C,C:C,A:A
ICMB 101600:3,A:A,T:T,A:A,T:T,G:G,C:C,C:C,G:G,A:A,G:G,T:T,A:A,A:A,G:G,G:G,G:G,A:A,A:A,A:A,G:G,C:C,A:A,A:A,C:C,G:G,A:A,C:C,C:C,C:C,A:A
ICMB 101600:4,A:A,T:T,A:A,T:T,G:G,C:T,C:T,G:G,A:A,G:G,T:T,A:A,A:A,G:G,G:G,G:G,A:A,A:A,A:A,G:C,C:C,A:A,A:A,C:C,G:G,?,C:C,C:C,C:C,A:A
ICMB 101600:5,A:A,T:T,A:A,T:T,G:G,C:C,C:C,G:G,A:A,G:G,T:T,A:A,A:A,G:G,G:G,G:G,A:A,A:A,A:A,G:C,C:C,A:A,A:A,C:C,G:G,A:A,C:C,C:C,C:C,A:A
ICMB 101600:6,A:A,T:T,A:A,T:T,G:G,T:T,T:T,G:G,A:A,G:G,T:T,A:A,A:A,G:G,G:G,G:G,A:A,A:A,A:A,G:C,T:T,A:A,A:A,C:C,G:G,A:A,C:C,C:C,C:C,A:A
ICMB 101600:7,A:A,T:T,A:A,T:T,G:G,C:C,C:C,G:G,A:A,G:G,T:T,A:A,A:A,G:G,G:G,G:G,A:A,A:A,A:A,G:G,C:C,A:A,A:A,C:C,G:G,?,C:C,C:C,C:C,A:A
ICMB 101600:8,A:A,T:T,A:A,T:T,G:G,C:C,C:C,G:G,A:A,G:G,T:T,A:A,A:A,G:G,G:G,G:G,A:A,A:A,A:A,G:G,C:C,A:A,A:A,C:C,G:G,?,C:C,C:C,C:C,A:A
ICMB 101601:1,G:G,C:C,A:A,T:T,A:A,T:T,C:C,G:G,A:A,G:G,T:T,A:A,G:G,A:A,G:G,G:G,A:A,A:A,A:A,C:C,C:C,C:C,T:T,C:C,G:G,A:A,C:C,T:T,C:C,A:A
ICMB 101601:2,G:G,C:C,G:A,T:T,A:A,C:T,C:C,G:G,A:A,G:G,C:T,A:A,G:G,A:A,T:G,A:G,A:A,A:A,A:G,C:C,C:C,C:C,A:T,C:T,G:G,C:A,C:C,T:T,T:C,A:A
ICMB 101601:3,G:G,C:C,A:A,T:T,A:A,T:T,C:C,G:G,A:A,G:G,T:T,A:A,G:G,A:A,G:G,G:G,A:A,A:A,A:A,C:C,C:C,C:C,T:T,T:T,T:T,A:A,C:C,T:T,C:C,A:A
ICMB 101601:4,G:G,C:C,A:A,T:T,A:A,T:T,C:C,G:G,A:A,G:G,T:T,A:A,G:G,A:A,G:G,G:G,A:A,A:A,A:A,C:C,C:C,C:C,T:T,T:T,T:T,A:A,C:C,T:T,C:C,A:A
ICMB 101601:5,G:G,C:C,A:A,T:T,A:A,T:T,C:C,G:G,A:A,G:G,T:T,A:A,G:G,A:A,G:G,G:G,A:A,A:A,A:A,C:C,C:C,C:C,T:T,T:T,T:T,A:A,C:C,T:T,C:C,A:A
ICMB 101601:6,G:G,C:C,A:A,T:T,A:A,T:T,C:C,G:G,A:A,G:G,T:T,A:A,G:G,A:A,G:G,G:G,A:A,A:A,A:A,C:C,C:C,C:C,T:T,C:T,G:T,A:A,C:C,T:T,C:C,A:A
ICMB 101601:7,G:G,C:C,A:A,T:T,A:A,T:T,C:C,G:G,A:A,G:G,T:T,A:A,G:G,A:A,G:G,G:G,A:A,A:A,A:A,C:C,C:C,C:C,T:T,C:C,G:G,A:A,C:C,T:T,C:C,A:A
ICMB 101601:8,G:G,C:C,A:A,T:T,A:A,T:T,C:C,G:G,A:A,G:G,T:T,A:A,G:G,A:A,G:G,G:G,A:A,A:A,A:A,C:C,C:C,C:C,T:T,C:C,G:G,A:A,C:C,T:T,C:C,A:A
ICMB 101637:1,G:G,T:T,A:A,T:T,G:G,T:T,T:T,T:G,A:A,C:C,C:C,A:A,G:G,G:G,G:G,A:A,A:A,A:A,A:A,C:C,T:T,C:C,T:T,C:C,G:G,A:A,C:C,C:C,T:T,A:A
ICMB 101637:2,A:A,T:T,A:A,T:T,G:G,T:T,T:T,T:G,A:A,C:C,C:C,A:A,G:G,G:G,G:G,A:A,A:A,A:A,A:A,C:C,T:T,C:C,T:T,C:C,G:G,A:A,C:C,C:C,T:T,A:A
ICMB 101637:3,G:A,T:T,A:A,T:T,G:G,T:T,T:T,T:G,A:A,C:C,C:T,A:A,G:G,G:G,G:G,A:A,A:A,A:A,A:A,C:C,T:T,C:C,T:T,C:C,G:G,A:A,C:C,C:C,T:T,A:A
ICMB 101637:4,G:A,T:T,A:A,T:T,G:G,T:T,T:T,T:G,A:A,C:C,C:T,A:A,G:G,G:G,G:G,A:A,A:A,A:A,A:A,C:C,T:T,C:C,T:T,C:C,G:G,A:A,C:C,C:C,T:T,A:A
ICMB 101637:5,A:A,T:T,A:A,T:T,G:G,T:T,T:T,T:G,A:A,C:C,C:T,A:A,G:G,G:G,G:G,A:A,A:A,A:A,A:A,C:C,T:T,C:C,T:T,C:C,G:G,A:A,C:C,C:C,T:T,A:A
ICMB 101637:6,A:A,T:T,A:A,T:T,G:G,T:T,T:T,T:G,A:A,C:C,C:C,A:A,G:G,G:G,G:G,A:A,A:A,A:A,A:A,C:C,T:T,C:C,T:T,C:C,G:G,A:A,C:C,C:C,T:T,A:A
ICMB 101637:7,G:G,T:T,A:A,T:T,G:G,T:T,T:T,T:G,A:A,C:C,C:C,A:A,G:G,G:G,G:G,A:A,A:A,A:A,A:A,C:C,T:T,C:C,T:T,C:C,G:G,A:A,C:C,C:C,T:T,A:A
ICMB 101637:8,A:A,T:T,A:A,T:T,G:G,T:T,T:T,T:G,A:A,C:C,C:T,A:A,G:G,G:G,G:G,A:A,A:A,A:A,A:A,C:C,T:T,C:C,T:T,C:C,G:G,A:A,C:C,C:C,T:T,A:A
ICMB 101639:1,G:G,T:T,G:G,T:T,G:G,T:T,T:T,T:G,A:A,C:C,T:T,A:A,A:A,G:A,G:G,A:A,A:A,G:G,G:G,C:C,T:T,C:C,T:T,C:C,G:G,A:A,C:C,T:T,T:T,A:A
ICMB 101639:2,G:G,T:T,G:G,T:T,G:G,T:T,T:T,T:G,A:A,C:C,T:T,A:A,A:A,G:G,T:G,A:A,A:A,G:G,G:G,C:C,T:T,C:C,T:T,C:C,G:G,A:A,C:C,T:T,T:T,A:A
ICMB 101639:3,G:G,T:T,G:G,T:T,G:G,T:T,T:T,T:G,A:A,G:C,T:T,A:A,A:A,G:G,G:G,A:A,A:A,G:G,G:G,C:C,T:T,C:C,T:T,C:C,G:G,A:A,C:C,T:T,T:T,A:A
ICMB 101639:4,G:G,T:T,G:G,T:T,G:G,T:T,T:T,T:G,A:A,G:G,T:T,A:A,A:A,G:A,G:G,A:A,A:A,G:G,G:G,C:C,T:T,C:C,T:T,C:C,G:G,A:A,C:C,T:T,T:T,A:A
ICMB 101639:5,G:G,T:T,G:G,T:T,G:G,T:T,T:T,T:G,A:A,C:C,T:T,A:A,A:A,G:A,G:G,A:A,A:A,G:G,G:G,C:C,T:T,C:C,T:T,C:C,G:G,A:A,C:C,T:T,T:T,A:A
ICMB 101639:6,G:G,T:T,G:G,T:T,G:G,T:T,T:T,T:G,A:A,G:C,T:T,A:A,A:A,G:G,T:T,A:A,A:A,G:G,G:G,C:C,T:T,C:C,T:T,C:C,G:G,A:A,C:C,T:T,T:T,A:A
ICMB 101639:7,G:G,T:T,G:G,T:T,G:G,T:T,T:T,T:G,A:A,G:G,T:T,A:A,A:A,G:G,T:G,A:A,A:A,G:G,G:G,C:C,T:T,C:C,T:T,C:C,G:G,A:A,C:C,T:T,T:T,A:A
ICMB 101639:8,G:G,T:T,G:G,T:T,G:G,T:T,T:T,T:G,A:A,C:C,T:T,A:A,A:A,A:A,G:G,A:A,A:A,G:G,G:G,C:C,T:T,C:C,T:T,C:C,G:G,A:A,C:C,T:T,T:T,A:A
ICMB 101644:1,G:G,C:C,G:G,A:A,A:A,T:T,T:T,G:G,A:A,C:C,C:C,A:A,G:G,A:A,G:G,A:A,A:A,A:A,G:G,G:G,C:C,A:A,T:T,T:T,T:T,A:A,C:C,T:T,T:T,G:G
ICMB 101644:10,G:G,C:C,G:G,A:A,A:A,T:T,T:T,G:G,A:A,C:C,C:C,A:A,G:G,A:A,G:G,A:A,A:A,G:G,G:G,G:G,C:C,A:A,A:A,T:T,T:T,A:A,C:C,T:T,T:T,G:G
ICMB 101644:11,G:G,C:C,G:G,A:T,A:A,T:T,T:T,G:G,A:A,C:C,C:C,A:A,G:G,A:A,G:G,A:A,A:A,G:G,G:G,G:G,C:C,A:A,A:A,T:T,T:T,A:A,C:C,T:T,T:T,G:G
ICMB 101644:12,G:G,C:C,G:G,A:A,A:A,T:T,T:T,G:G,A:A,C:C,C:C,A:A,G:G,A:A,T:G,A:A,A:A,G:G,G:G,G:G,C:C,A:A,A:A,T:T,T:T,A:A,C:C,T:T,T:T,G:G
ICMB 101644:13,G:G,C:C,G:G,A:A,A:A,T:T,T:T,G:G,A:A,C:C,C:C,A:A,G:G,A:A,T:G,A:A,A:A,G:G,G:G,G:G,C:C,A:A,A:A,T:T,T:T,A:A,C:C,T:T,T:T,G:G
ICMB 101644:2,G:G,C:C,G:G,A:A,A:A,T:T,T:T,G:G,A:A,C:C,C:C,A:A,G:G,A:A,G:G,A:A,A:A,A:A,G:G,G:G,C:C,A:A,T:T,T:T,T:T,A:A,C:C,T:T,T:T,G:G
ICMB 101644:3,G:G,C:C,G:G,A:A,A:A,T:T,T:T,G:G,A:A,C:C,C:C,A:A,G:G,A:A,G:G,A:A,A:A,A:A,G:G,G:G,C:C,A:A,A:A,T:T,T:T,A:A,C:C,T:T,T:T,G:G
ICMB 101644:4,G:G,C:C,G:G,A:A,A:A,T:T,T:T,G:G,A:A,C:C,C:C,A:A,G:G,A:A,G:G,A:A,A:A,A:A,G:G,G:G,C:C,A:A,T:T,T:T,T:T,A:A,C:C,T:T,T:T,G:G
ICMB 101644:5,G:G,C:C,G:G,A:A,A:A,T:T,T:T,G:G,A:A,C:C,C:C,A:A,G:G,A:A,G:G,A:A,A:A,A:A,G:G,G:G,C:C,A:A,A:A,T:T,T:T,A:A,C:C,T:T,T:T,G:G
ICMB 101644:6,G:G,C:C,G:G,A:A,A:A,T:T,T:T,G:G,A:A,C:C,C:C,A:A,G:G,A:A,G:G,A:A,A:A,A:A,G:G,G:G,C:C,A:A,A:A,T:T,T:T,A:A,C:C,T:T,T:T,G:G
ICMB 101644:7,G:G,C:C,G:G,A:A,A:A,T:T,T:T,G:G,A:A,C:C,C:C,A:A,G:G,A:A,G:G,A:A,A:A,A:A,G:G,G:G,C:C,A:A,T:T,T:T,T:T,A:A,C:C,T:T,T:T,G:G
ICMB 101644:8,G:G,C:C,G:G,A:A,A:A,T:T,T:T,G:G,A:A,C:C,C:C,A:A,G:G,A:A,G:G,A:A,A:A,A:A,G:G,G:G,C:C,A:A,T:T,T:T,T:T,A:A,C:C,T:T,T:T,?
ICMB 101644:9,G:G,C:C,G:G,A:T,A:A,T:T,T:T,G:G,A:A,C:C,C:C,A:A,G:G,G:A,T:G,A:A,A:A,G:G,G:G,G:G,C:C,A:A,A:A,T:T,T:T,A:A,C:C,T:T,T:T,G:G
ICMB 101661:1,G:G,T:T,A:A,A:A,A:A,T:T,T:T,G:G,A:A,G:G,T:T,A:A,A:A,G:G,G:G,G:G,A:A,A:A,G:G,C:C,T:T,C:C,T:T,C:C,G:G,A:A,G:G,C:C,T:T,A:A
ICMB 101661:2,G:G,T:T,A:A,T:T,A:A,T:T,T:T,G:G,A:A,G:G,T:T,A:A,G:G,G:G,G:G,G:G,A:A,A:A,G:G,C:C,T:T,C:C,T:T,C:C,G:G,A:A,G:G,C:C,T:T,A:A
ICMB 101661:3,G:G,T:T,A:A,T:T,A:A,T:T,T:T,G:G,A:A,G:G,T:T,A:A,A:A,G:G,G:G,G:G,A:A,A:A,G:G,C:C,T:T,C:C,T:T,C:C,G:G,A:A,G:G,C:C,T:T,A:A
ICMB 101661:4,G:G,T:T,A:A,A:A,A:A,T:T,T:T,G:G,A:A,G:G,T:T,A:A,A:G,G:G,G:G,G:G,A:A,A:A,G:G,C:C,T:T,C:C,T:T,C:C,G:G,A:A,G:G,C:C,T:T,A:A
ICMB 101661:5,G:G,T:T,A:A,T:T,A:A,T:T,T:T,G:G,A:A,G:G,T:T,A:A,A:A,G:G,G:G,G:G,A:A,A:A,G:G,C:C,T:T,C:C,T:T,C:C,G:G,A:A,G:G,C:C,T:T,A:A
ICMB 101661:6,G:G,T:T,A:A,A:T,A:A,T:T,T:T,G:G,A:A,G:G,T:T,A:A,A:G,G:G,G:G,G:G,A:A,A:A,G:G,C:C,T:T,C:C,T:T,C:C,G:G,A:A,G:G,C:C,T:T,A:A
ICMB 101661:7,G:G,T:T,A:A,T:T,A:A,T:T,T:T,G:G,A:A,G:G,T:T,A:A,A:G,G:G,G:G,G:G,A:A,A:A,G:G,C:C,T:T,C:C,T:T,C:C,G:G,A:A,G:G,C:C,T:T,A:A
ICMB 101661:8,G:G,T:T,A:A,A:A,A:A,T:T,T:T,G:G,A:A,G:G,T:T,A:A,G:G,G:G,G:G,G:G,A:A,A:A,G:G,C:C,T:T,C:C,T:T,C:C,G:G,A:A,G:G,C:C,T:T,A:A
ICMB 101665:1,G:G,T:T,?,T:T,A:A,T:T,T:T,G:G,A:A,G:G,T:T,A:A,A:A,G:G,T:T,A:A,A:A,A:A,G:G,C:C,T:T,C:C,T:T,C:C,?,A:A,C:C,C:C,T:T,A:A
ICMB 101665:2,G:G,T:T,A:A,T:T,A:A,T:T,T:T,G:G,A:A,G:G,T:T,A:A,A:A,G:G,T:T,A:A,A:A,A:A,G:G,C:C,T:T,C:C,T:T,C:C,G:G,A:A,C:C,C:C,T:T,A:A
ICMB 101665:3,G:G,T:T,A:A,T:T,A:A,T:T,T:T,G:G,A:A,G:G,T:T,A:A,A:A,G:G,T:T,A:A,A:A,A:A,G:G,C:C,T:T,C:C,T:T,C:C,G:G,A:A,C:C,C:C,T:T,A:A
ICMB 101665:4,G:G,T:T,A:A,T:T,A:A,T:T,T:T,G:G,A:A,G:G,T:T,A:A,A:A,G:G,T:T,A:A,A:A,A:A,G:G,C:C,T:T,C:C,T:T,C:C,G:G,A:A,C:C,C:C,T:T,A:A
ICMB 101665:5,G:G,T:T,A:A,T:T,A:A,T:T,T:T,G:G,A:A,G:G,T:T,A:A,A:A,G:G,T:T,A:A,A:A,A:A,G:G,C:C,T:T,C:C,T:T,C:C,G:G,A:A,C:C,C:C,T:T,A:A
ICMB 101665:6,G:G,T:T,A:A,T:T,A:A,T:T,T:T,G:G,A:A,G:G,T:T,A:A,A:A,G:G,T:T,A:A,A:A,A:A,G:G,C:C,T:T,C:C,T:T,C:C,G:G,A:A,C:C,C:C,?,A:A
ICMB 101665:7,G:G,T:T,A:A,T:T,A:A,T:T,T:T,G:G,A:A,G:G,T:T,A:A,A:A,G:G,T:T,A:A,A:A,A:A,G:G,C:C,T:T,C:C,T:T,C:C,G:G,A:A,C:C,C:C,T:T,A:A
ICMB 101665:8,G:G,T:T,A:A,T:T,A:A,T:T,T:T,G:G,A:A,G:G,T:T,A:A,A:A,G:G,T:T,A:A,A:A,A:A,G:G,C:C,T:T,C:C,T:T,C:C,G:G,A:A,C:C,C:C,T:T,A:A
ICMB 101771:1,A:A,C:C,G:G,T:T,A:A,C:C,T:T,G:G,A:A,G:G,C:C,C:C,G:G,G:G,T:T,G:G,A:A,A:A,G:G,C:C,T:T,C:C,T:T,T:T,T:T,A:A,C:C,T:T,T:T,G:G
ICMB 101771:2,A:A,C:C,G:G,T:T,A:A,C:C,T:T,G:G,A:A,G:G,C:C,C:C,G:G,G:G,T:T,G:G,A:A,A:A,G:G,C:C,T:T,C:C,T:T,T:T,T:T,A:A,C:C,T:T,T:T,G:G
ICMB 101771:3,A:A,C:C,G:G,T:T,A:A,C:C,T:T,G:G,A:A,G:G,C:C,C:C,G:G,G:G,T:T,G:G,A:A,A:A,G:G,C:C,T:T,C:C,T:T,T:T,T:T,A:A,C:C,T:T,T:T,G:G
ICMB 101771:4,A:A,C:C,G:G,T:T,A:A,C:C,T:T,G:G,A:A,G:G,C:C,C:C,G:G,G:G,T:T,G:G,A:A,A:A,G:G,C:C,T:T,C:C,T:T,T:T,T:T,A:A,C:C,T:T,T:T,G:G
ICMB 101771:5,A:A,C:C,G:G,T:T,A:A,C:C,T:T,G:G,A:A,G:G,C:C,C:C,G:G,G:G,T:T,G:G,A:A,A:A,G:G,C:C,T:T,C:C,T:T,T:T,T:T,A:A,C:C,T:T,T:T,G:G
ICMB 101771:6,A:A,C:C,G:G,T:T,A:A,C:C,T:T,G:G,A:A,G:G,C:C,C:C,G:G,G:G,T:T,G:G,A:A,A:A,G:G,C:C,T:T,C:C,T:T,T:T,T:T,A:A,C:C,T:T,T:T,G:G
ICMB 101771:7,A:A,C:C,G:G,T:T,A:A,C:C,T:T,G:G,A:A,G:G,C:C,C:C,G:G,G:G,T:T,G:G,A:A,A:A,G:G,C:C,T:T,C:C,T:T,T:T,T:T,A:A,C:C,T:T,T:T,G:G
ICMB 101771:8,A:A,C:C,G:G,T:T,A:A,C:C,T:T,G:G,A:A,G:G,C:C,C:C,G:G,G:G,T:T,G:G,A:A,A:A,G:G,C:C,T:T,C:C,T:T,T:T,T:T,A:A,C:C,T:T,T:T,G:G
ICMB 101772:1,G:G,T:T,A:A,A:A,G:G,T:T,C:C,T:T,G:G,C:C,C:C,A:A,G:G,G:G,G:G,G:G,A:A,A:A,A:A,G:G,C:C,C:C,A:A,C:C,G:G,A:A,C:C,T:T,T:T,G:G
ICMB 101772:2,G:G,T:T,A:A,A:A,G:G,T:T,C:C,T:T,G:G,C:C,C:C,A:A,G:G,G:G,G:G,G:G,A:A,A:A,A:A,G:G,C:C,C:C,A:A,C:C,G:G,A:A,C:C,T:T,T:T,?
ICMB 101772:3,G:G,T:T,A:A,A:A,G:G,T:T,C:C,G:G,G:G,C:C,C:C,A:A,G:G,G:G,G:G,G:G,A:A,A:A,A:A,G:G,C:C,C:C,A:A,C:C,G:G,A:A,C:C,T:T,T:T,G:G
ICMB 101772:4,G:G,T:T,A:A,A:A,G:G,T:T,C:C,T:T,G:G,C:C,C:C,A:A,G:G,G:G,G:G,G:G,A:A,A:A,A:A,G:G,C:C,C:C,A:A,C:C,G:G,A:A,C:C,T:T,T:T,G:G
ICMB 101772:5,G:G,T:T,A:A,A:A,G:G,T:T,C:C,T:G,G:G,C:C,C:C,A:A,G:G,G:G,G:G,G:G,A:A,A:A,A:A,G:G,C:C,C:C,A:A,C:C,G:G,A:A,C:C,T:T,T:T,G:G
ICMB 101772:6,G:G,T:T,A:A,A:A,G:G,T:T,C:C,G:G,G:G,C:C,C:C,A:A,G:G,G:G,G:G,G:G,A:A,A:A,A:A,G:G,C:C,C:C,A:A,C:C,G:G,A:A,C:C,T:T,T:T,G:G
ICMB 101772:7,G:G,T:T,A:A,A:A,G:G,T:T,C:C,T:G,G:G,C:C,C:C,A:A,G:G,G:G,G:G,G:G,A:A,A:A,A:A,G:G,C:C,C:C,A:A,C:C,G:G,A:A,C:C,T:T,T:T,G:G
ICMB 101772:8,G:G,T:T,A:A,A:A,G:G,T:T,C:C,G:G,G:G,C:C,C:C,A:A,G:G,G:G,G:G,G:G,A:A,A:A,A:A,G:G,C:C,C:C,A:A,C:C,G:G,A:A,C:C,T:T,T:T,G:G
ICMB 101779:1,A:A,C:C,G:G,T:T,A:A,C:C,T:T,G:G,A:A,G:C,C:C,C:C,G:G,G:G,T:T,A:A,A:A,A:A,G:G,C:C,T:T,C:C,T:T,T:T,T:T,A:A,C:C,C:C,T:C,G:G
ICMB 101779:2,A:A,C:C,G:G,T:T,A:A,T:T,T:T,G:G,A:A,G:G,C:C,C:C,G:G,G:G,T:T,A:A,A:A,A:A,G:G,C:C,T:T,C:C,T:T,T:T,T:T,A:A,C:C,C:C,C:C,G:G
ICMB 101779:3,A:A,C:C,G:G,T:T,A:A,T:T,T:T,G:G,A:A,G:G,C:C,C:C,G:G,G:G,T:T,A:A,A:A,A:A,G:G,C:C,T:T,C:C,T:T,T:T,T:T,A:A,C:C,C:C,C:C,G:G
ICMB 101779:4,A:A,C:C,G:G,T:T,A:A,T:T,T:T,G:G,A:A,G:G,C:C,C:C,G:G,G:G,T:T,A:A,A:A,A:A,G:G,C:C,T:T,C:C,T:T,T:T,T:T,A:A,C:C,C:C,C:C,G:G
ICMB 101779:5,A:A,C:C,G:G,T:T,A:A,T:T,T:T,G:G,A:A,G:G,C:C,C:C,G:G,G:G,T:T,A:A,A:A,A:A,G:G,C:C,T:T,C:C,T:T,T:T,T:T,A:A,C:C,C:C,C:C,G:G
ICMB 101779:6,A:A,C:C,G:G,T:T,A:A,T:T,T:T,G:G,A:A,G:G,C:C,C:C,G:G,G:G,T:T,A:A,A:A,A:A,G:G,C:C,T:T,C:C,T:T,T:T,T:T,A:A,C:C,C:C,C:C,G:G
ICMB 101779:7,A:A,C:C,G:G,T:T,A:A,T:T,T:T,G:G,A:A,G:G,C:C,C:C,G:G,G:G,T:T,A:A,A:A,A:A,G:G,C:C,T:T,C:C,T:T,T:T,T:T,A:A,C:C,C:C,C:C,G:G
ICMB 101779:8,A:A,C:C,G:G,T:T,A:A,T:T,T:T,G:G,A:A,G:G,C:C,C:C,G:G,G:G,T:T,A:A,A:A,A:A,G:G,C:C,T:T,C:C,T:T,T:T,T:T,A:A,C:C,C:C,C:C,G:G
ICMB 101780:1,G:A,T:C,G:A,A:A,A:G,C:C,T:T,G:G,G:G,G:C,C:C,C:A,G:G,G:G,G:G,G:G,G:A,G:G,A:A,G:C,C:C,C:C,T:T,C:T,G:T,C:A,G:C,T:T,T:T,G:G
ICMB 101780:2,G:G,T:C,?,A:T,G:G,T:T,?,G:G,?,?,C:C,A:A,?,?,T:G,G:G,A:A,G:G,A:A,G:G,C:C,C:C,T:T,C:C,?,C:C,G:G,T:T,T:T,?
ICMB 101780:3,G:G,T:C,A:A,A:A,G:G,C:T,T:T,G:G,G:G,G:C,C:C,C:A,G:G,G:G,T:G,G:G,A:A,G:A,A:G,C:C,T:T,C:C,T:T,C:C,G:G,C:C,G:G,T:T,T:T,G:G
ICMB 101780:4,A:A,T:T,G:G,A:T,A:A,C:T,T:T,G:G,G:G,G:C,C:C,C:A,G:G,G:G,G:G,G:G,A:A,G:A,A:G,C:C,T:T,C:C,T:T,T:T,T:T,A:A,C:C,T:T,T:T,G:G
ICMB 101780:5,G:G,T:C,G:A,A:A,G:G,C:T,T:T,G:G,Uncallable,C:C,C:C,C:A,G:G,G:G,T:G,G:G,A:A,G:A,A:G,C:C,C:T,C:C,T:T,C:C,G:G,C:C,G:G,T:T,T:T,G:G
ICMB 101780:6,G:G,T:T,G:A,A:T,G:G,C:C,T:T,G:G,G:G,G:C,C:C,C:A,G:G,G:G,T:G,G:G,A:A,G:A,A:G,C:C,C:C,C:C,T:T,C:T,G:T,C:A,G:C,T:T,T:T,G:G
ICMB 101780:7,G:G,T:C,G:A,T:T,G:G,C:T,T:T,G:G,G:G,C:C,C:C,C:A,G:G,G:G,T:T,G:G,G:A,G:G,A:A,C:C,C:T,C:C,T:T,C:C,G:G,C:C,G:G,T:T,T:T,G:G
ICMB 101780:8,A:A,T:C,G:A,T:T,A:A,C:T,T:T,G:G,G:G,G:C,C:C,A:A,G:G,G:G,T:T,G:G,A:A,G:A,A:G,G:C,C:C,C:C,T:T,C:T,G:T,C:A,G:C,T:T,T:T,G:G
ICMB 101784:1,G:G,C:C,G:G,T:T,A:A,C:C,T:T,G:G,A:A,C:C,T:T,C:C,G:G,A:A,T:T,G:G,A:A,A:A,G:G,G:G,C:C,C:C,T:T,C:C,G:G,A:A,C:C,T:T,C:C,A:G
ICMB 101784:2,G:G,C:C,G:G,T:T,A:A,C:C,T:T,G:G,A:A,C:C,T:T,C:C,G:G,A:A,T:T,G:G,A:A,A:A,G:G,G:G,C:C,C:C,T:T,C:C,G:G,A:A,C:C,T:T,C:C,G:G
ICMB 101784:3,G:G,C:C,G:G,T:T,A:A,C:C,T:T,G:G,A:A,C:C,T:T,C:C,G:G,A:A,T:T,G:G,A:A,A:A,G:G,G:G,C:C,C:C,T:T,C:C,G:G,A:A,C:C,T:T,C:C,G:G
ICMB 101784:4,G:G,C:C,G:G,T:T,A:A,C:C,T:T,G:G,A:A,C:C,T:T,C:C,G:G,A:A,T:T,G:G,A:A,A:A,G:G,G:G,C:C,C:C,T:T,C:C,G:G,A:A,C:C,T:T,C:C,G:G
ICMB 101784:5,G:G,C:C,G:G,T:T,A:A,C:C,T:T,G:G,A:A,C:C,T:T,C:C,G:G,A:A,T:T,G:G,A:A,A:A,G:G,G:G,C:C,C:C,T:T,C:C,G:G,A:A,C:C,T:T,C:C,G:G
ICMB 101784:6,G:G,C:C,G:G,T:T,A:A,C:C,T:T,G:G,A:A,C:C,T:T,C:C,G:G,A:A,T:T,G:G,A:A,A:A,G:G,G:G,C:C,C:C,T:T,C:C,G:G,A:A,C:C,T:T,C:C,G:G
ICMB 101784:7,G:G,C:C,G:G,T:T,A:A,C:C,T:T,G:G,A:A,C:C,T:T,C:C,G:G,A:A,T:T,G:G,A:A,A:A,G:G,G:G,C:C,C:C,T:T,C:C,G:G,A:A,C:C,T:T,C:C,G:G
ICMB 101784:8,G:G,C:C,G:G,T:T,A:A,C:C,T:T,G:G,A:A,C:C,T:T,C:C,G:G,A:A,T:T,G:G,A:A,A:A,G:G,G:G,C:C,C:C,T:T,C:C,G:G,A:A,C:C,T:T,C:C,G:G
ICMB 101792:10,G:G,T:T,?,T:T,?,C:C,?,G:G,A:A,?,C:C,?,?,G:A,G:G,?,A:A,?,G:G,C:C,C:C,A:A,A:A,T:T,?,A:A,G:G,T:T,?,?
ICMB 101792:11,G:G,T:T,G:G,T:T,G:G,C:C,C:C,G:G,A:A,G:G,C:C,A:A,G:G,A:A,G:G,A:G,A:A,A:A,G:G,C:C,T:T,A:A,A:A,T:T,T:T,A:A,G:G,T:T,C:C,A:A
ICMB 101792:12,G:G,T:T,G:G,T:T,G:G,C:C,C:C,G:G,A:A,G:G,C:C,A:A,G:G,A:A,G:G,G:G,A:A,A:A,G:G,C:C,T:T,A:A,A:A,T:T,T:T,A:A,C:C,T:T,C:C,A:A
ICMB 101792:13,G:G,T:T,G:G,T:T,G:G,C:C,C:C,G:G,A:A,G:G,C:C,A:A,G:G,A:A,G:G,A:G,A:A,A:A,G:G,C:C,T:T,A:A,A:A,T:T,T:T,A:A,G:G,T:T,C:C,A:A
ICMB 101792:14,G:G,T:T,G:G,T:T,G:G,C:C,C:C,G:G,A:A,G:G,C:C,A:A,G:G,A:A,G:G,A:A,A:A,A:A,G:G,C:C,T:T,A:A,A:A,T:T,T:T,A:A,G:G,T:T,C:C,A:A
ICMB 101792:15,G:G,T:T,G:G,T:T,G:G,C:C,C:C,G:G,A:A,G:G,C:C,A:A,G:G,A:A,G:G,G:G,A:A,A:A,G:G,C:C,T:T,A:A,A:A,T:T,T:T,A:A,G:G,T:T,C:C,A:A
ICMB 101792:16,G:G,T:T,G:G,T:T,G:G,C:C,C:C,G:G,A:A,G:G,C:C,A:A,G:G,A:A,G:G,A:G,A:A,A:A,G:G,C:C,T:T,A:A,A:A,T:T,T:T,A:A,G:G,T:T,C:C,A:A
ICMB 101792:9,G:G,T:T,G:G,T:T,G:G,C:C,C:C,G:G,A:A,G:G,C:C,A:A,G:G,A:A,G:G,G:G,A:A,A:A,G:G,C:C,T:T,C:C,A:A,T:T,T:T,A:A,G:C,T:T,C:C,A:A
ICMB 101793:1,G:G,C:C,A:A,A:A,A:A,C:C,C:C,G:G,A:A,C:C,C:C,C:C,G:G,A:A,G:G,G:G,A:A,G:G,A:A,G:G,C:C,A:A,A:A,T:T,G:G,A:A,C:C,T:T,T:T,A:A
ICMB 101793:2,G:G,C:C,A:A,A:A,A:A,C:C,C:C,G:G,A:A,C:C,C:C,C:C,G:G,A:A,G:G,G:G,A:A,G:G,A:A,G:G,C:C,A:A,A:A,T:T,G:G,A:A,C:C,T:T,T:T,A:A
ICMB 101793:3,G:G,C:C,A:A,A:A,A:A,C:C,C:C,G:G,A:A,C:C,C:C,C:C,G:G,A:A,G:G,G:G,A:A,G:G,A:A,G:G,C:C,A:A,A:A,T:T,G:G,A:A,C:C,T:T,T:T,A:A
ICMB 101793:4,G:G,C:C,A:A,A:A,A:A,C:C,C:C,G:G,A:A,C:C,C:C,C:C,G:G,A:A,G:G,G:G,A:A,G:G,A:A,G:G,C:C,A:A,A:A,T:T,G:G,A:A,C:C,T:T,T:T,A:A
ICMB 101793:5,G:G,C:C,A:A,A:A,A:A,C:C,C:C,G:G,A:A,C:C,C:C,C:C,G:G,A:A,G:G,G:G,A:A,G:G,A:A,G:G,C:C,A:A,A:A,T:T,G:G,A:A,C:C,T:T,T:T,A:A
ICMB 101793:6,G:G,C:C,A:A,A:A,A:A,C:C,C:C,G:G,A:A,C:C,C:C,C:C,G:G,A:A,G:G,G:G,A:A,G:G,A:A,G:G,C:C,A:A,A:A,T:T,G:G,A:A,C:C,T:T,T:T,A:A
ICMB 101793:7,G:G,C:C,A:A,A:A,A:A,C:C,C:C,G:G,A:A,C:C,C:C,C:C,G:G,A:A,G:G,G:G,A:A,G:G,A:A,G:G,C:C,A:A,A:A,T:T,G:G,A:A,C:C,T:T,T:T,A:A
ICMB 101793:8,G:G,C:C,A:A,A:A,A:A,C:C,C:C,G:G,A:A,C:C,C:C,C:C,G:G,A:A,G:G,G:G,A:A,G:G,A:A,G:G,C:C,A:A,A:A,T:T,G:G,A:A,C:C,T:T,T:T,A:A
ICMB 101795:1,A:A,T:C,G:G,T:T,A:A,C:T,T:T,T:T,A:A,C:C,T:T,C:C,A:G,G:A,T:T,G:G,A:A,G:G,A:A,G:C,C:C,A:A,A:A,T:T,T:T,A:A,G:G,T:T,C:C,G:G
ICMB 101795:2,A:A,T:C,G:G,T:T,A:A,C:T,T:T,T:T,A:A,C:C,T:T,?,A:A,G:G,T:T,G:G,A:A,G:A,A:G,G:C,T:T,C:C,A:A,C:C,G:G,A:A,C:C,T:T,C:C,G:G
ICMB 101795:3,A:A,T:T,G:G,T:T,A:A,C:T,T:T,T:T,A:A,C:C,T:T,C:C,A:G,G:G,T:T,G:G,A:A,G:G,A:A,G:G,C:C,C:C,A:A,C:T,G:T,A:A,G:C,T:T,C:C,G:G
ICMB 101795:4,A:A,C:C,G:G,T:T,A:A,T:T,T:T,T:T,A:A,C:C,T:T,C:C,A:A,G:G,T:T,G:G,A:A,G:G,A:A,C:C,T:T,C:C,T:T,C:C,G:G,A:A,C:C,T:T,C:C,G:G
ICMB 101795:5,A:A,T:T,G:G,T:T,A:A,C:C,T:T,T:T,A:A,C:C,T:T,C:C,A:G,A:A,T:T,G:G,A:A,G:A,A:G,G:C,C:C,A:A,A:A,T:T,T:T,A:A,G:C,T:T,C:C,G:G
ICMB 101795:6,A:A,T:C,G:G,T:T,A:A,C:T,T:T,T:T,A:A,C:C,T:T,C:C,G:G,G:A,T:T,G:G,A:A,G:A,A:G,C:C,T:T,A:C,A:A,C:C,G:G,A:A,G:C,T:T,C:C,G:G
ICMB 101795:7,A:A,T:C,?,T:T,A:A,C:C,T:T,T:T,A:A,C:C,T:T,C:C,G:G,A:A,T:T,G:G,A:A,G:G,A:A,C:C,Uncallable,A:A,A:A,C:T,G:G,A:A,G:C,T:T,C:C,?
ICMB 101795:8,A:A,C:C,G:G,T:T,A:A,T:T,T:T,T:T,A:A,C:C,T:T,C:C,A:G,G:A,T:T,G:G,A:A,G:G,A:A,G:C,C:C,C:C,A:A,C:T,G:T,A:A,G:C,T:T,C:C,G:G
ICMB 101797:1,A:A,C:C,G:G,A:A,A:A,C:C,T:T,G:G,A:A,C:C,C:C,A:A,G:G,G:G,G:G,G:G,A:A,A:A,G:G,C:C,T:T,C:C,T:T,T:T,T:T,A:A,C:C,T:T,T:T,A:A
ICMB 101797:2,A:A,C:C,G:G,A:A,A:A,C:C,T:T,G:G,A:A,C:C,C:C,A:A,G:G,G:G,G:G,G:G,A:A,A:A,G:G,C:C,T:T,C:C,T:T,T:T,T:T,A:A,C:C,T:T,T:T,A:A
ICMB 101797:3,A:A,C:C,G:G,A:A,A:A,C:C,T:T,G:G,A:A,C:C,C:C,A:A,G:G,G:G,G:G,G:G,A:A,A:A,G:G,C:C,T:T,C:C,T:T,T:T,T:T,A:A,C:C,T:T,T:T,A:A
ICMB 101797:4,A:A,C:C,G:G,A:A,A:A,C:C,T:T,G:G,A:A,C:C,C:C,A:A,G:G,G:G,G:G,G:G,A:A,A:A,G:G,C:C,T:T,C:C,T:T,T:T,T:T,A:A,C:C,T:T,T:T,A:A
ICMB 101797:5,A:A,C:C,G:G,A:A,A:A,C:C,T:T,G:G,A:A,C:C,C:C,A:A,G:G,G:G,G:G,G:G,A:A,A:A,G:G,C:C,T:T,C:C,T:T,T:T,T:T,A:A,C:C,T:T,T:T,A:A
ICMB 101797:6,A:A,C:C,G:G,A:A,A:A,C:C,T:T,G:G,A:A,C:C,C:C,A:A,G:G,G:G,G:G,G:G,A:A,A:A,G:G,C:C,T:T,C:C,T:T,T:T,T:T,A:A,C:C,T:T,T:T,A:A
ICMB 101797:7,A:A,C:C,G:G,A:A,A:A,C:C,T:T,G:G,A:A,C:C,C:C,A:A,G:G,G:G,G:G,G:G,A:A,A:A,G:G,C:C,T:T,C:C,T:T,T:T,T:T,A:A,C:C,T:T,T:T,A:A
ICMB 101797:8,A:A,C:C,G:G,A:A,A:A,C:C,T:T,G:G,A:A,C:C,C:C,A:A,G:G,G:G,G:G,G:G,A:A,A:A,G:G,C:C,T:T,C:C,T:T,T:T,T:T,A:A,C:C,T:T,T:T,A:A
ICMB 101806:1,A:A,T:T,G:G,T:T,A:A,C:C,Uncallable,G:G,G:G,G:G,C:C,A:A,A:A,A:A,T:T,A:A,A:A,G:G,G:G,C:C,C:C,C:C,T:T,C:C,G:G,A:A,C:C,T:T,T:C,A:A
ICMB 101806:2,A:A,T:T,G:G,T:T,A:A,C:C,C:T,G:G,G:G,G:G,C:C,A:A,A:A,A:A,T:T,A:A,A:A,G:G,G:G,C:C,C:C,C:C,T:T,C:C,G:G,A:A,C:C,T:T,T:C,A:A
ICMB 101806:3,A:A,T:T,G:G,T:T,A:A,C:C,C:T,G:G,G:G,G:G,C:C,A:A,A:A,A:A,T:T,A:A,A:A,G:G,G:G,C:C,C:C,C:C,T:T,C:C,G:G,A:A,C:C,T:T,T:C,A:A
ICMB 101806:4,A:A,T:T,G:G,T:T,A:A,C:C,C:C,G:G,G:G,G:G,C:C,A:A,A:A,A:A,T:T,A:A,A:A,G:G,G:G,C:C,C:C,C:C,T:T,C:C,G:G,A:A,C:C,T:T,T:C,A:A
ICMB 101806:5,A:A,T:T,G:G,T:T,A:A,C:C,C:T,G:G,G:G,G:G,C:C,A:A,A:A,A:A,T:T,A:A,A:A,G:G,G:G,C:C,C:C,C:C,T:T,C:C,G:G,A:A,C:C,T:T,T:C,A:A
ICMB 101815:1,G:G,C:C,G:G,T:T,G:G,C:C,C:C,G:G,A:A,G:G,C:C,A:A,G:G,A:A,G:G,A:A,A:A,A:A,G:G,C:C,T:T,C:C,A:A,T:T,G:G,A:A,C:C,T:T,T:T,A:A
ICMB 101815:2,G:G,C:C,G:G,T:T,G:G,C:C,C:C,G:G,A:A,G:G,C:C,A:A,G:G,A:A,G:G,A:A,A:A,A:A,G:G,C:C,T:T,C:C,A:A,T:T,G:G,A:A,C:C,T:T,T:T,A:A
ICMB 101815:3,G:G,C:C,G:G,T:T,G:G,C:C,C:C,G:G,A:A,G:G,C:C,A:A,G:G,A:A,G:G,A:A,A:A,A:A,G:G,C:C,T:T,C:C,A:A,T:T,G:G,A:A,C:C,T:T,T:T,A:A
ICMB 101815:4,G:G,C:C,G:G,T:T,G:G,C:C,C:C,G:G,A:A,G:G,C:C,A:A,G:G,A:A,G:G,A:A,A:A,A:A,G:G,C:C,T:T,C:C,A:A,T:T,G:G,A:A,C:C,T:T,T:T,A:A
ICMB 101815:5,G:G,C:C,G:G,T:T,G:G,C:C,C:C,G:G,A:A,G:G,C:C,A:A,G:G,A:A,G:G,A:A,A:A,A:A,G:G,C:C,T:T,C:C,A:A,T:T,G:G,A:A,C:C,T:T,T:T,A:A
ICMB 101827:1,G:G,T:T,A:A,A:A,A:A,T:T,T:T,G:G,G:G,G:G,T:T,A:A,A:A,G:G,G:G,G:G,A:A,A:A,A:A,C:C,C:C,C:C,T:T,C:C,G:G,A:A,C:C,C:C,T:T,A:A
ICMB 101827:2,G:G,T:T,A:A,A:A,A:A,T:T,T:T,G:G,G:G,G:G,T:T,A:A,A:A,G:G,G:G,G:G,A:A,A:A,A:A,C:C,C:C,C:C,T:T,C:C,G:G,A:A,C:C,C:C,T:T,A:A
ICMB 101827:3,G:G,T:T,A:A,A:A,A:A,T:T,T:T,G:G,G:G,G:G,T:T,A:A,A:A,G:G,G:G,G:G,A:A,A:A,A:A,C:C,C:C,C:C,T:T,C:C,G:G,A:A,C:C,C:C,T:T,A:A
ICMB 101827:4,G:G,T:T,A:A,A:A,A:A,T:T,T:T,G:G,G:G,G:G,T:T,A:A,A:A,G:G,G:G,G:G,A:A,A:A,A:A,C:C,C:C,C:C,T:T,C:C,G:G,A:A,C:C,C:C,T:T,A:A
ICMB 101832:1,A:A,C:C,G:G,A:A,A:A,T:T,C:C,G:G,G:G,C:C,T:T,A:A,G:G,A:A,T:T,G:G,A:A,A:A,G:G,C:C,T:T,A:A,T:T,C:C,G:G,A:A,C:C,T:T,C:C,G:G
ICMB 101832:2,A:A,C:C,G:G,A:A,A:A,T:T,C:C,G:G,G:G,C:C,T:T,A:A,G:G,A:A,T:T,G:G,A:A,A:A,G:G,C:C,T:T,A:A,T:T,C:C,G:G,A:A,C:C,T:T,C:C,G:G
ICMB 101832:3,A:A,C:C,G:G,A:A,A:A,T:T,C:C,G:G,G:G,C:C,T:T,A:A,G:G,A:A,T:T,G:G,A:A,A:A,G:G,C:C,T:T,A:A,T:T,C:C,G:G,A:A,C:C,T:T,C:C,G:G
ICMB 101832:4,A:A,C:C,G:G,A:A,A:A,T:T,C:C,G:G,G:G,C:C,T:T,A:A,G:G,A:A,T:T,G:G,A:A,A:A,G:G,C:C,T:T,A:A,T:T,C:C,G:G,A:A,C:C,T:T,C:C,G:G
ICMB 101832:5,A:A,C:C,G:G,A:A,A:A,T:T,C:C,G:G,G:G,C:C,T:T,A:A,G:G,A:A,T:T,G:G,A:A,A:A,G:G,C:C,T:T,A:A,T:T,C:C,G:G,A:A,C:C,T:T,C:C,G:G
ICMB 101832:6,A:A,C:C,G:G,A:A,A:A,T:T,C:C,G:G,G:G,C:C,T:T,A:A,G:G,A:A,T:T,G:G,A:A,A:A,G:G,C:C,T:T,A:A,T:T,C:C,G:G,A:A,C:C,T:T,C:C,G:G
ICMB 101832:7,A:A,C:C,G:G,A:A,A:A,T:T,C:C,G:G,G:G,C:C,T:T,A:A,G:G,A:A,T:T,G:G,A:A,A:A,G:G,C:C,T:T,A:A,T:T,C:C,G:G,A:A,C:C,T:T,C:C,G:G
ICMB 101832:8,A:A,C:C,G:G,A:A,A:A,T:T,C:C,G:G,G:G,C:C,T:T,A:A,G:G,A:A,T:T,G:G,A:A,A:A,G:G,C:C,T:T,A:A,T:T,C:C,G:G,A:A,C:C,T:T,C:C,G:G
ICMB 101853:1,A:A,T:T,G:G,T:T,A:A,T:T,T:T,T:T,A:A,G:C,C:C,C:C,G:G,G:G,G:G,G:G,A:A,G:A,A:G,C:C,T:T,C:C,T:T,T:T,T:T,A:A,C:C,T:T,T:T,A:A
ICMB 101853:2,A:A,T:T,G:G,T:T,A:A,T:T,T:T,T:T,A:A,G:C,C:C,C:C,G:G,G:G,G:G,G:G,A:A,G:A,A:G,C:C,T:T,C:C,T:T,T:T,T:T,A:A,C:C,T:T,T:T,A:A
ICMB 101853:3,A:A,T:T,G:G,T:T,A:A,T:T,T:T,T:T,A:A,G:C,C:C,C:C,G:G,G:G,G:G,G:G,A:A,G:A,A:G,C:C,T:T,C:C,T:T,T:T,T:T,A:A,C:C,T:T,T:T,A:A
ICMB 101853:4,A:A,T:T,G:G,T:T,A:A,T:T,T:T,T:T,A:A,G:C,C:C,C:C,G:G,G:G,G:G,G:G,A:A,G:A,A:G,C:C,T:T,C:C,T:T,T:T,T:T,A:A,C:C,T:T,T:T,A:A
ICMB 101853:5,A:A,T:T,G:G,T:T,A:A,T:T,T:T,T:T,A:A,G:C,C:C,C:C,G:G,G:G,G:G,G:G,A:A,G:A,A:G,C:C,T:T,C:C,T:T,T:T,T:T,A:A,C:C,T:T,T:T,A:A
ICMB 101867:10,G:G,C:C,G:G,A:T,A:A,C:C,C:C,G:G,A:A,C:C,T:T,C:C,G:G,A:A,G:G,A:A,A:A,A:A,G:G,G:G,C:C,C:C,A:A,T:T,G:G,A:A,C:C,T:T,T:T,A:A
ICMB 101867:11,G:G,C:C,G:G,A:A,A:A,C:C,C:C,G:G,A:A,C:C,T:T,C:C,G:G,A:A,G:G,A:A,A:A,G:A,A:G,G:G,C:C,C:C,A:A,T:T,G:G,A:A,C:C,T:T,T:T,A:A
ICMB 101867:12,G:G,C:C,G:G,T:T,A:A,C:C,C:C,G:G,A:A,C:C,T:T,C:C,G:G,A:A,G:G,A:A,A:A,G:A,A:G,G:G,C:C,C:C,A:A,T:T,G:G,A:A,C:C,T:T,T:T,A:A
ICMB 101867:13,G:G,C:C,G:G,A:A,A:A,C:C,C:C,G:G,A:A,C:C,T:T,C:C,G:G,A:A,G:G,A:A,A:A,G:A,A:G,G:G,C:C,C:C,A:A,T:T,G:G,A:A,C:C,T:T,T:T,A:A
ICMB 101867:14,G:G,C:C,G:G,A:T,A:A,C:C,C:C,G:G,A:A,C:C,T:T,C:C,G:G,A:A,G:G,A:A,A:A,A:A,G:G,G:G,C:C,C:C,A:A,T:T,G:G,A:A,C:C,T:T,T:T,A:A
ICMB 101867:7,G:G,C:C,G:G,A:T,A:A,C:C,C:C,G:G,A:A,C:C,T:T,C:C,G:G,A:A,G:G,A:A,A:A,G:A,A:G,G:G,C:C,C:C,A:A,T:T,G:G,A:A,C:C,T:T,T:T,A:A
ICMB 101867:8,G:G,C:C,G:G,A:T,A:A,C:C,C:C,G:G,A:A,C:C,T:T,C:C,G:G,A:A,G:G,A:A,A:A,A:A,G:G,G:G,C:C,C:C,A:A,T:T,G:G,A:A,C:C,T:T,T:T,A:A
ICMB 101867:9,G:G,C:C,G:G,A:A,A:A,C:C,C:C,G:G,A:A,C:C,T:T,C:C,G:G,A:A,G:G,A:A,A:A,A:A,G:G,G:G,C:C,C:C,A:A,T:T,G:G,A:A,C:C,T:T,T:T,A:A
ICMB 101879:1,A:A,C:C,G:G,A:A,G:G,C:C,T:T,G:G,A:A,G:G,C:C,A:A,G:G,A:A,T:T,G:G,A:A,A:A,A:A,C:C,T:T,A:A,A:A,T:T,T:T,C:C,G:G,T:T,C:C,G:G
ICMB 101879:2,A:A,C:C,G:G,A:A,G:G,C:C,T:T,G:G,A:A,G:G,C:C,A:A,G:G,A:A,T:T,G:G,A:A,A:A,A:A,C:C,C:C,A:A,A:A,T:T,T:T,C:C,G:G,T:T,C:C,?
ICMB 101879:3,A:A,C:C,G:G,A:A,G:G,C:C,T:T,G:G,A:A,G:G,C:C,A:A,G:G,A:A,T:T,G:G,A:A,A:A,A:A,C:C,C:C,A:A,A:A,T:T,T:T,C:C,G:G,T:T,C:C,A:G
ICMB 101879:4,A:A,C:C,G:G,A:A,G:G,C:C,T:T,G:G,A:A,G:G,C:C,A:A,G:G,A:A,T:T,G:G,A:A,A:A,A:A,C:C,C:C,A:A,A:A,T:T,T:T,C:C,G:G,T:T,C:C,G:G
ICMB 101879:5,A:A,C:C,G:G,A:A,G:G,C:C,T:T,G:G,A:A,G:G,C:C,A:A,G:G,A:A,T:T,G:G,A:A,A:A,A:A,C:C,T:T,A:A,A:A,T:T,T:T,C:C,G:G,T:T,C:C,G:G
ICMB 101879:6,A:A,C:C,G:G,A:A,G:G,C:C,T:T,G:G,A:A,G:G,C:C,A:A,G:G,A:A,T:T,G:G,A:A,A:A,A:A,C:C,T:T,A:A,A:A,T:T,T:T,C:C,G:G,T:T,C:C,G:G
ICMB 101879:7,A:A,C:C,G:G,A:A,G:G,C:C,T:T,G:G,A:A,G:G,C:C,A:A,G:G,A:A,T:T,G:G,A:A,A:A,A:A,C:C,T:T,A:A,A:A,T:T,T:T,C:C,G:G,T:T,C:C,G:G
ICMB 101879:8,A:A,C:C,G:G,A:A,G:G,C:C,T:T,G:G,A:A,G:G,C:C,A:A,G:G,A:A,T:T,G:G,A:A,A:A,A:A,C:C,T:T,A:A,A:A,T:T,T:T,C:C,G:G,T:T,C:C,G:G
ICMB 101881:10,A:A,T:T,A:A,A:A,G:G,T:T,T:T,T:T,G:G,G:G,T:T,A:A,A:A,G:G,T:T,G:G,A:A,A:A,G:G,C:C,T:T,C:C,T:T,C:C,G:G,A:A,C:C,C:C,T:T,A:A
ICMB 101881:11,A:A,T:T,A:A,A:A,G:G,T:T,T:T,T:T,G:G,G:G,T:T,A:A,A:A,G:G,T:T,G:G,A:A,A:A,G:G,C:C,T:T,C:C,T:T,C:C,G:G,A:A,C:C,C:C,T:T,A:A
ICMB 101881:12,A:A,T:T,A:A,A:A,G:G,T:T,T:T,T:T,G:G,G:G,T:T,A:A,A:A,G:G,T:T,G:G,A:A,A:A,G:G,C:C,T:T,C:C,T:T,C:C,G:G,A:A,C:C,C:C,T:T,A:A
ICMB 101881:13,A:A,T:T,A:A,A:A,G:G,T:T,T:T,T:T,G:G,G:G,T:T,A:A,A:A,G:G,T:T,G:G,A:A,A:A,G:G,C:C,T:T,C:C,T:T,C:C,G:G,A:A,C:C,C:C,T:T,A:A
ICMB 101881:14,A:A,T:T,A:A,A:A,G:G,T:T,T:T,T:T,G:G,G:G,T:T,A:A,A:A,G:G,T:T,G:G,A:A,A:A,G:G,C:C,T:T,C:C,T:T,C:C,G:G,A:A,C:C,C:C,T:T,A:A
ICMB 101881:15,A:A,T:T,A:A,A:A,G:G,T:T,T:T,T:T,G:G,G:G,T:T,A:A,A:A,G:G,T:T,G:G,A:A,A:A,G:G,C:C,T:T,C:C,T:T,C:C,G:G,A:A,C:C,C:C,T:T,A:A
ICMB 101881:16,A:A,T:T,A:A,A:A,G:G,T:T,T:T,T:T,G:G,G:G,T:T,A:A,A:A,G:G,T:T,G:G,A:A,A:A,G:G,C:C,T:T,C:C,T:T,C:C,G:G,A:A,C:C,C:C,T:T,A:A
ICMB 101881:9,A:A,T:T,A:A,A:A,G:G,T:T,T:T,T:T,G:G,G:G,T:T,A:A,A:A,G:G,T:T,G:G,A:A,A:A,G:G,C:C,T:T,C:C,T:T,C:C,G:G,A:A,C:C,C:C,T:T,A:A
ICMB 101888:1,G:G,T:T,A:A,A:A,G:G,C:C,T:T,G:G,A:A,C:C,C:T,C:C,A:A,G:G,G:G,G:G,A:A,A:A,G:G,C:C,T:T,C:C,A:A,C:C,G:G,A:A,C:C,T:T,C:C,A:A
ICMB 101888:2,G:G,T:T,A:A,A:A,G:G,C:C,T:T,G:G,A:A,C:C,C:T,C:C,A:G,G:G,G:G,G:G,A:A,A:A,G:G,C:C,T:T,C:C,A:A,C:C,G:G,A:A,C:C,T:T,C:C,A:A
ICMB 101888:3,G:G,T:T,A:A,A:A,G:G,C:C,T:T,G:G,A:A,C:C,C:T,C:C,A:A,G:G,G:G,G:G,A:A,A:A,G:G,C:C,T:T,C:C,A:A,C:C,G:G,A:A,C:C,T:T,C:C,A:A
ICMB 101888:4,G:G,T:T,A:A,A:A,G:G,C:C,T:T,G:G,A:A,C:C,C:C,C:C,G:G,G:G,G:G,G:G,A:A,A:A,G:G,C:C,T:T,C:C,A:A,C:C,G:G,A:A,C:C,T:T,C:C,A:A
ICMB 101888:5,G:G,T:T,A:A,A:A,G:G,C:C,T:T,G:G,A:A,C:C,C:C,C:C,G:G,G:G,G:G,G:G,A:A,A:A,G:G,C:C,T:T,C:C,A:A,C:C,G:G,A:A,C:C,T:T,C:C,A:A
ICMB 101888:6,G:G,T:T,A:A,A:A,G:G,C:C,T:T,G:G,A:A,C:C,C:C,C:C,G:G,G:G,G:G,G:G,A:A,A:A,G:G,C:C,T:T,C:C,A:A,C:C,G:G,A:A,C:C,T:T,C:C,A:A
ICMB 101888:7,G:G,T:T,A:A,A:A,G:G,C:C,T:T,G:G,A:A,C:C,C:T,C:C,A:G,G:G,G:G,G:G,A:A,A:A,G:G,C:C,T:T,C:C,A:A,C:C,G:G,A:A,C:C,T:T,C:C,A:A
ICMB 101888:8,G:G,T:T,A:A,A:A,G:G,C:C,T:T,G:G,A:A,C:C,C:T,C:C,A:G,G:G,G:G,G:G,A:A,A:A,G:G,C:C,T:T,C:C,A:A,C:C,G:G,A:A,C:C,T:T,C:C,A:A
ICMB 101900:1,G:G,C:C,G:G,T:T,G:G,C:C,C:C,T:G,A:A,G:G,C:C,A:A,G:G,A:A,G:G,G:G,A:A,G:G,G:G,C:C,T:T,C:C,A:A,T:T,T:T,A:A,C:C,T:T,T:T,A:A
ICMB 101901:1,G:G,C:C,G:G,A:A,A:A,T:T,T:T,G:G,G:G,G:G,T:T,A:A,G:G,G:G,T:T,A:A,A:A,A:A,A:A,C:C,C:C,C:C,T:T,C:C,G:G,A:A,C:C,C:C,C:C,G:G
ICMB 101901:2,G:G,C:C,G:G,A:A,A:A,T:T,T:T,G:G,G:G,G:G,T:T,A:A,G:G,G:G,T:T,A:A,A:A,A:A,A:A,C:C,C:C,C:C,T:T,C:C,G:G,A:A,C:C,C:C,C:C,G:G
ICMB 101901:3,G:G,C:C,G:G,A:A,A:A,T:T,T:T,G:G,G:G,G:G,T:T,A:A,G:G,G:G,T:T,A:A,A:A,A:A,A:A,C:C,C:C,C:C,T:T,C:C,G:G,A:A,C:C,C:C,C:C,G:G
ICMB 101901:4,G:G,C:C,G:G,A:A,A:A,T:T,T:T,G:G,G:G,G:G,T:T,A:A,G:G,G:G,T:T,A:A,A:A,A:A,A:A,C:C,C:C,C:C,T:T,C:C,G:G,A:A,C:C,C:C,C:C,G:G
ICMB 101901:5,G:G,C:C,G:G,A:A,A:A,T:T,T:T,G:G,G:G,G:G,T:T,A:A,G:G,G:G,T:T,A:A,A:A,A:A,A:A,C:C,C:C,C:C,T:T,C:C,G:G,A:A,C:C,C:C,C:C,G:G
ICMB 101901:6,G:G,C:C,G:G,A:A,A:A,T:T,T:T,G:G,G:G,G:G,T:T,A:A,G:G,G:G,T:T,A:A,A:A,A:A,A:A,C:C,C:C,C:C,T:T,C:C,G:G,A:A,C:C,C:C,C:C,G:G
ICMB 101901:7,G:G,C:C,G:G,A:A,A:A,T:T,T:T,G:G,G:G,G:G,T:T,A:A,G:G,G:G,T:T,A:A,A:A,A:A,A:A,C:C,C:C,C:C,T:T,C:C,G:G,A:A,C:C,C:C,C:C,G:G
ICMB 101901:8,G:G,C:C,G:G,A:A,A:A,T:T,T:T,G:G,G:G,G:G,T:T,A:A,G:G,G:G,T:T,A:A,A:A,A:A,A:A,C:C,C:C,C:C,T:T,C:C,G:G,A:A,C:C,C:C,C:C,G:G
ICMB 101903:1,G:G,T:T,A:A,T:T,G:G,T:T,T:T,T:G,A:A,C:C,C:C,A:A,G:G,G:G,G:G,G:G,A:A,A:A,A:A,C:C,T:T,C:C,T:T,C:C,G:G,A:A,C:C,C:C,T:T,A:A
ICMB 101903:2,G:G,T:T,A:A,T:T,G:G,T:T,T:T,T:G,A:A,C:C,C:C,A:A,G:G,G:G,G:G,G:G,A:A,A:A,A:A,C:C,T:T,C:C,T:T,C:C,G:G,A:A,C:C,C:C,T:T,A:A
ICMB 101903:3,G:G,T:T,A:A,T:T,G:G,T:T,T:T,T:G,A:A,C:C,C:C,A:A,G:G,G:G,G:G,G:G,A:A,A:A,A:A,C:C,T:T,C:C,T:T,C:C,G:G,A:A,C:C,C:C,T:T,A:A
ICMB 101903:4,G:G,T:T,A:A,T:T,G:G,T:T,T:T,T:G,A:A,C:C,C:C,A:A,G:G,G:G,G:G,G:G,A:A,A:A,A:A,C:C,T:T,C:C,T:T,C:C,G:G,A:A,C:C,C:C,T:T,A:A
ICMB 101903:5,G:G,T:T,A:A,T:T,G:G,T:T,T:T,T:G,A:A,C:C,C:C,A:A,G:G,G:G,G:G,G:G,A:A,A:A,A:A,C:C,C:T,C:C,T:T,C:C,G:G,A:A,C:C,C:C,T:T,A:A
ICMB 101903:6,G:G,T:T,A:A,T:T,G:G,T:T,T:T,T:G,A:A,C:C,C:C,A:A,G:G,G:G,G:G,G:G,A:A,A:A,A:A,C:C,T:T,C:C,T:T,C:C,G:G,A:A,C:C,C:C,T:T,A:A
ICMB 101903:7,G:G,T:T,A:A,T:T,G:G,T:T,T:T,T:G,A:A,C:C,C:C,A:A,G:G,G:G,G:G,G:G,A:A,A:A,A:A,C:C,T:T,C:C,T:T,C:C,G:G,A:A,C:C,C:C,T:T,A:A
ICMB 101903:8,G:G,T:T,A:A,T:T,G:G,T:T,T:T,T:G,A:A,C:C,C:C,A:A,G:G,G:G,G:G,G:G,A:A,A:A,A:A,C:C,T:T,C:C,T:T,C:C,G:G,A:A,C:C,C:C,T:T,A:A
ICMB 101904:1,G:G,C:C,G:G,T:T,A:A,T:T,T:T,T:T,A:A,C:C,T:T,A:A,A:A,G:G,T:T,G:G,A:A,A:A,A:A,G:G,C:C,C:C,T:T,C:C,G:G,A:A,C:C,C:C,C:C,G:G
ICMB 101904:2,G:G,C:C,G:G,A:T,A:G,T:T,T:T,T:T,A:A,C:C,T:T,A:A,A:A,G:G,T:T,G:G,A:A,A:A,A:A,G:G,C:C,A:C,T:T,C:C,G:G,A:A,C:C,C:C,C:C,G:G
ICMB 101904:3,G:G,C:C,G:G,T:T,A:A,T:T,T:T,T:T,A:A,C:C,T:T,A:A,A:A,G:G,T:T,G:G,A:A,A:A,A:A,G:G,C:C,C:C,T:T,C:C,G:G,A:A,C:C,C:C,C:C,G:G
ICMB 101904:4,G:G,C:C,G:G,T:T,A:A,T:T,T:T,T:T,A:A,C:C,T:T,A:A,A:A,G:G,T:T,G:G,A:A,A:A,A:A,G:G,C:C,C:C,T:T,C:C,G:G,A:A,C:C,C:C,C:C,G:G
ICMB 101904:5,G:G,C:C,G:G,T:T,A:A,T:T,T:T,T:T,A:A,C:C,T:T,A:A,A:A,G:G,T:T,G:G,A:A,A:A,A:A,G:G,C:C,C:C,T:T,C:C,G:G,A:A,C:C,C:C,C:C,G:G
ICMB 101904:6,G:G,C:C,G:A,A:T,A:A,T:T,C:T,T:G,A:A,C:C,T:T,A:A,A:G,G:G,T:G,G:G,A:A,A:A,A:A,G:C,C:C,C:C,T:T,C:C,G:G,A:A,C:C,C:T,T:C,G:G
ICMB 101904:7,G:G,C:C,G:G,T:T,A:A,T:T,T:T,T:T,A:A,C:C,T:T,A:A,A:A,G:G,T:T,G:G,A:A,A:A,A:A,G:G,C:C,C:C,T:T,C:C,G:G,A:A,C:C,C:C,C:C,G:G
ICMB 101904:8,G:G,C:C,G:G,T:T,A:A,T:T,T:T,T:T,A:A,C:C,T:T,A:A,A:A,G:G,T:T,G:G,A:A,A:A,A:A,G:G,C:C,C:C,T:T,C:C,G:G,A:A,C:C,C:C,C:C,G:G
ICMB 101905:1,G:G,T:T,G:G,T:T,G:G,T:T,T:T,G:G,A:A,G:G,T:T,A:A,G:G,A:A,G:G,G:G,A:A,A:A,G:G,G:G,T:T,C:C,T:T,C:C,G:G,A:A,C:C,C:C,C:C,G:G
ICMB 101905:2,G:G,T:T,G:G,T:T,G:G,T:T,T:T,G:G,A:A,G:G,T:T,A:A,G:G,A:A,G:G,G:G,A:A,A:A,G:G,G:G,T:T,C:C,T:T,C:C,G:G,A:A,C:C,C:C,C:C,G:G
ICMB 101905:3,G:G,T:T,G:G,T:T,G:G,T:T,T:T,G:G,A:A,G:G,T:T,A:A,G:G,A:A,G:G,G:G,A:A,A:A,G:G,G:G,T:T,C:C,T:T,C:C,G:G,A:A,C:C,C:C,C:C,G:G
ICMB 101905:4,G:G,T:T,G:G,T:T,G:G,T:T,T:T,G:G,A:A,G:G,T:T,A:A,G:G,A:A,G:G,G:G,A:A,A:A,G:G,G:G,T:T,C:C,T:T,C:C,G:G,A:A,C:C,C:C,C:C,A:G
ICMB 101905:5,G:G,T:T,G:G,T:T,G:G,T:T,T:T,G:G,A:A,G:G,T:T,A:A,G:G,A:A,G:G,G:G,A:A,A:A,G:G,G:G,T:T,C:C,T:T,C:C,G:G,A:A,C:C,C:C,C:C,G:G
ICMB 101905:6,G:G,T:T,G:G,T:T,G:G,T:T,T:T,G:G,A:A,G:G,T:T,A:A,G:G,A:A,G:G,G:G,A:A,A:A,G:G,G:G,T:T,C:C,T:T,C:C,G:G,A:A,C:C,C:C,C:C,G:G
ICMB 101905:7,G:G,T:T,?,T:T,G:G,T:T,T:T,G:G,A:A,G:G,T:T,A:A,G:G,A:A,G:G,G:G,A:A,A:A,G:G,G:G,T:T,C:C,T:T,C:C,T:T,A:A,C:C,C:C,C:C,A:A
ICMB 101905:8,G:G,T:T,G:G,T:T,G:G,T:T,T:T,G:G,A:A,G:G,T:T,A:A,G:G,A:A,T:T,G:G,A:A,A:A,G:G,G:G,T:T,C:C,T:T,C:C,G:G,A:A,C:C,C:C,C:C,G:G
ICMB 101922:1,G:G,C:C,G:G,T:T,G:G,T:T,T:T,G:G,G:A,C:C,T:T,A:A,G:G,G:A,G:G,G:G,A:A,A:A,A:A,C:C,C:C,C:C,T:T,C:C,G:G,A:A,C:C,C:C,T:T,G:G
ICMB 101922:2,G:G,C:C,G:G,T:T,G:G,T:T,T:T,G:G,Uncallable,C:C,T:T,A:A,G:G,G:A,T:G,G:G,A:A,A:A,A:A,C:C,C:C,C:C,T:T,C:C,G:T,A:A,C:C,C:C,T:C,G:G
ICMB 101922:3,G:G,C:C,G:G,Uncallable,G:G,T:T,T:T,G:G,Uncallable,C:C,T:T,A:A,G:G,G:A,G:G,G:G,A:A,A:A,A:A,C:C,C:C,C:C,T:T,C:C,G:G,A:A,C:C,C:C,T:C,G:G
ICMB 101922:4,G:G,C:C,G:G,T:T,G:G,T:T,T:T,G:G,G:A,C:C,T:T,A:A,G:G,G:A,G:G,G:G,A:A,A:A,A:A,C:C,C:C,C:C,T:T,C:C,G:G,A:A,C:C,C:C,T:C,G:G
ICMB 101922:5,G:G,C:C,G:G,T:T,G:G,T:T,T:T,G:G,G:A,C:C,T:T,A:A,G:G,G:A,G:G,G:G,A:A,A:A,A:A,C:C,C:C,C:C,T:T,C:C,G:G,A:A,C:C,C:C,T:C,G:G
ICMB 101932:1,G:G,T:T,G:G,T:T,G:G,C:C,T:T,T:G,A:A,G:G,T:T,A:A,G:G,A:A,G:G,G:G,A:A,A:A,A:A,G:G,T:T,C:C,T:T,C:C,G:G,A:A,C:C,T:T,C:C,G:G
ICMB 101932:2,G:G,T:T,G:G,T:T,G:G,C:C,T:T,T:G,A:A,G:G,T:T,A:A,G:G,A:A,G:G,G:G,A:A,A:A,A:A,G:G,T:T,C:C,T:T,C:C,G:G,A:A,C:C,T:T,C:C,G:G
ICMB 101932:3,G:G,T:T,G:G,T:T,G:G,C:C,T:T,T:G,A:A,G:G,T:T,A:A,G:G,A:A,G:G,G:G,A:A,A:A,A:A,G:G,T:T,C:C,T:T,C:C,G:G,A:A,C:C,T:T,C:C,G:G
ICMB 101932:4,G:G,T:T,G:G,T:T,G:G,C:C,T:T,T:G,A:A,G:G,T:T,A:A,G:G,A:A,G:G,G:G,A:A,A:A,A:A,G:G,T:T,C:C,T:T,C:C,G:G,A:A,Uncallable,T:T,C:C,G:G
ICMB 101932:5,G:G,T:T,G:G,T:T,G:G,C:C,T:T,T:G,A:A,G:G,T:T,A:A,G:G,A:A,G:G,G:G,A:A,A:A,A:A,G:G,T:T,C:C,T:T,C:C,G:G,A:A,C:C,T:T,C:C,G:G
ICMB 101950:1,G:G,C:C,A:A,A:A,A:A,T:T,T:T,G:G,A:A,G:G,T:T,A:A,G:G,A:A,T:T,G:G,A:A,A:A,G:G,C:C,T:T,C:C,T:T,C:C,G:G,A:A,C:C,T:T,C:C,G:G
ICMB 101950:2,G:G,C:C,A:A,A:A,A:A,T:T,T:T,G:G,A:A,G:G,T:T,A:A,G:G,A:A,T:T,G:G,A:A,A:A,G:G,C:C,T:T,C:C,T:T,C:C,G:G,A:A,C:C,C:T,C:C,G:G
ICMB 101950:3,G:G,C:C,A:A,A:A,A:A,T:T,T:T,G:G,A:A,G:G,T:T,A:A,G:G,A:A,T:T,G:G,A:A,A:A,G:G,C:C,T:T,C:C,T:T,C:C,G:G,A:A,C:C,C:T,C:C,G:G
ICMB 101950:4,G:G,C:C,A:A,A:A,A:A,T:T,T:T,G:G,A:A,G:G,T:T,A:A,G:G,A:A,T:T,G:G,A:A,A:A,G:G,C:C,T:T,C:C,T:T,C:C,G:G,A:A,C:C,C:T,C:C,G:G
ICMB 101950:5,G:G,C:C,A:A,A:A,A:A,T:T,T:T,G:G,A:A,G:G,T:T,A:A,G:G,A:A,T:T,G:G,A:A,A:A,G:G,C:C,C:T,C:C,T:T,C:C,G:G,A:A,C:C,C:C,C:C,G:G
ICMB 101950:6,G:G,C:C,A:A,A:A,A:A,T:T,T:T,G:G,A:A,G:G,T:T,A:A,G:G,A:A,T:T,G:G,A:A,A:A,G:G,C:C,T:T,C:C,T:T,C:C,G:G,A:A,C:C,C:T,C:C,G:G
ICMB 101950:7,G:G,C:C,A:A,A:A,A:A,T:T,T:T,G:G,A:A,G:G,T:T,A:A,G:G,A:A,T:T,G:G,A:A,A:A,G:G,C:C,T:T,C:C,T:T,C:C,G:G,A:A,C:C,C:T,C:C,G:G
ICMB 101950:8,G:G,C:C,A:A,A:A,A:A,T:T,T:T,G:G,A:A,G:G,T:T,A:A,G:G,A:A,T:T,G:G,A:A,A:A,G:G,C:C,T:T,C:C,T:T,C:C,G:G,A:A,C:C,T:T,C:C,G:G
ICMB 101951:1,G:G,C:C,G:G,A:A,A:A,C:C,C:C,G:G,A:A,G:G,T:T,A:A,G:G,A:A,T:G,A:A,A:A,A:A,G:G,C:C,T:T,C:C,A:T,T:T,G:G,A:A,C:C,T:T,T:T,A:A
ICMB 101951:2,G:A,C:C,G:G,A:A,A:A,C:C,C:C,G:G,A:A,G:G,T:T,A:A,G:G,A:A,G:G,A:A,A:A,A:A,G:G,C:C,T:T,A:A,T:T,C:C,G:G,A:A,C:C,T:T,T:T,A:A
ICMB 101951:3,A:A,T:C,G:A,A:A,A:A,T:T,C:T,G:G,A:A,G:G,T:T,A:A,G:G,A:A,T:T,A:A,A:A,A:A,G:G,C:C,T:T,A:A,A:A,T:T,G:G,A:A,C:C,T:T,T:T,A:A
ICMB 101951:4,G:G,C:C,G:G,A:A,A:A,C:C,C:C,G:G,A:A,G:G,T:T,A:A,G:G,A:A,G:G,A:A,A:A,A:A,G:G,C:C,T:T,C:C,T:T,C:T,G:G,A:A,C:C,T:T,T:T,A:A
ICMB 101951:5,G:A,C:C,G:G,A:A,A:A,C:C,C:C,G:G,A:A,G:G,T:T,A:A,G:G,A:A,T:G,A:A,A:A,A:A,G:G,C:C,T:T,C:C,A:T,T:T,G:G,A:A,C:C,T:T,T:T,A:A
ICMB 101951:6,G:A,C:C,G:G,A:A,A:A,C:C,C:C,G:G,A:A,G:G,T:T,A:A,G:G,A:A,G:G,A:A,A:A,A:A,G:G,C:C,T:T,A:C,A:T,C:C,G:G,A:A,C:C,T:T,T:T,A:A
ICMB 101951:7,G:A,C:C,G:G,A:A,A:A,C:C,C:C,G:G,A:A,G:G,T:T,A:A,G:G,A:A,G:G,A:A,A:A,A:A,G:G,C:C,T:T,A:C,A:T,C:T,G:G,A:A,C:C,T:T,T:T,A:A
ICMB 101951:8,G:A,C:C,G:G,A:A,A:A,C:C,C:C,G:G,A:A,G:G,T:T,A:A,G:G,A:A,G:G,A:A,A:A,A:A,G:G,C:C,T:T,A:A,A:T,C:T,G:G,A:A,C:C,T:T,T:T,A:A
ICMB 101952:1,A:A,C:C,A:A,T:T,G:G,T:T,T:T,T:G,A:A,C:C,T:T,A:A,A:A,A:A,G:G,A:A,A:A,G:G,G:G,G:G,C:C,C:C,T:T,C:C,G:G,A:A,C:C,C:C,T:T,G:G
ICMB 101952:2,A:A,C:C,A:A,T:T,G:G,T:T,T:T,T:G,A:A,C:C,T:T,A:A,A:A,A:A,G:G,A:A,A:A,G:G,G:G,G:G,C:C,C:C,T:T,C:C,G:G,A:A,C:C,C:C,T:T,G:G
ICMB 101952:3,A:A,C:C,A:A,T:T,G:G,T:T,T:T,T:G,A:A,C:C,T:T,A:A,A:A,A:A,G:G,A:A,A:A,G:G,G:G,G:G,C:C,C:C,T:T,C:C,G:G,A:A,C:C,C:C,T:T,G:G
ICMB 101952:4,A:A,C:C,A:A,T:T,G:G,T:T,T:T,T:G,A:A,C:C,T:T,A:A,A:A,A:A,G:G,A:A,A:A,G:G,G:G,G:G,C:C,C:C,T:T,C:C,G:G,A:A,C:C,C:C,T:T,G:G
ICMB 101952:5,A:A,C:C,A:A,T:T,G:G,T:T,T:T,T:G,A:A,C:C,T:T,A:A,A:A,A:A,G:G,A:A,A:A,G:G,G:G,G:G,C:C,C:C,T:T,C:C,G:G,A:A,C:C,C:C,T:T,G:G
ICMB 101952:6,A:A,C:C,A:A,T:T,G:G,T:T,T:T,T:G,A:A,C:C,T:T,A:A,A:A,A:A,G:G,A:A,A:A,G:G,G:G,G:G,C:C,C:C,T:T,C:C,G:G,A:A,C:C,C:C,T:T,G:G
ICMB 101952:7,A:A,C:C,A:A,T:T,G:G,T:T,T:T,T:G,A:A,C:C,T:T,A:A,A:A,A:A,G:G,A:A,A:A,G:G,G:G,G:G,C:C,C:C,T:T,C:C,G:G,A:A,C:C,C:C,T:T,G:G
ICMB 101952:8,A:A,C:C,A:A,T:T,G:G,T:T,T:T,T:G,A:A,C:C,T:T,A:A,A:A,A:A,G:G,A:A,A:A,G:G,G:G,G:G,C:C,C:C,T:T,C:C,G:G,A:A,C:C,C:C,T:T,G:G
ICMB 101953:1,A:A,T:T,G:G,T:T,G:G,T:T,T:T,T:G,A:A,G:G,T:T,A:A,A:A,G:G,G:G,G:G,A:A,G:G,G:G,G:G,C:C,C:C,T:T,C:C,G:G,A:A,C:C,C:C,T:T,A:A
ICMB 101953:2,A:A,T:T,A:A,T:T,G:G,T:T,T:T,T:G,A:A,G:G,T:T,A:A,A:A,G:G,G:G,G:G,A:A,G:G,G:G,G:G,C:C,C:C,T:T,C:C,G:G,A:A,C:C,C:C,T:T,A:A
ICMB 101953:3,A:A,T:T,G:A,T:T,G:G,T:T,T:T,T:G,A:A,G:G,T:T,A:A,A:A,G:G,G:G,G:G,A:A,G:G,G:G,G:G,C:C,C:C,T:T,C:C,G:G,A:A,C:C,C:C,T:T,A:A
ICMB 101953:4,A:A,T:T,G:G,T:T,G:G,T:T,T:T,T:G,A:A,G:G,T:T,A:A,A:A,G:G,G:G,G:G,A:A,G:G,G:G,G:G,C:C,C:C,T:T,C:C,G:G,A:A,C:C,C:C,T:T,A:A
ICMB 101953:5,A:A,T:T,G:G,T:T,G:G,T:T,T:T,T:G,A:A,G:G,T:T,A:A,A:A,G:G,G:G,G:G,A:A,G:G,G:G,G:G,C:C,C:C,T:T,C:C,G:G,A:A,C:C,C:C,T:T,A:A
ICMB 101953:6,A:A,T:T,G:A,T:T,G:G,T:T,T:T,T:G,A:A,G:G,T:T,A:A,A:A,G:G,G:G,G:G,A:A,G:G,G:G,G:G,C:C,C:C,T:T,C:C,G:G,A:A,C:C,C:C,T:T,A:A
ICMB 101953:7,A:A,T:T,G:A,T:T,G:G,T:T,T:T,T:G,A:A,G:G,T:T,A:A,A:A,G:G,G:G,G:G,A:A,G:G,G:G,G:G,C:C,C:C,T:T,C:C,G:G,A:A,C:C,C:C,T:T,A:A
ICMB 101953:8,A:A,T:T,G:G,T:T,G:G,T:T,T:T,T:G,A:A,G:G,T:T,A:A,A:A,G:G,G:G,G:G,A:A,G:G,G:G,G:G,C:C,C:C,T:T,C:C,G:G,A:A,C:C,C:C,T:T,A:A
ICMB 101954:1,G:G,C:C,A:A,T:T,A:A,T:T,T:T,G:G,A:A,C:C,T:T,A:A,A:A,A:A,T:T,G:G,A:A,A:A,G:G,C:C,T:T,C:C,T:T,C:C,G:G,A:A,C:C,T:T,C:C,G:G
ICMB 101954:2,G:G,C:C,A:A,T:T,A:A,T:T,T:T,G:G,A:A,C:C,T:T,A:A,A:A,A:A,T:T,G:G,A:A,A:A,G:G,C:C,T:T,C:C,T:T,C:C,G:G,A:A,C:C,T:T,C:C,?
ICMB 101954:3,G:G,C:C,A:A,T:T,A:A,T:T,T:T,G:G,A:A,C:C,T:T,A:A,A:A,A:A,T:T,G:G,A:A,A:A,G:G,C:C,T:T,C:C,T:T,C:C,G:G,A:A,C:C,T:T,C:C,G:G
ICMB 101954:4,G:G,C:C,A:A,T:T,A:A,T:T,T:T,G:G,A:A,C:C,T:T,A:A,A:A,A:A,T:T,G:G,A:A,A:A,G:G,C:C,T:T,C:C,T:T,C:C,G:G,A:A,C:C,T:T,C:C,G:G
ICMB 101954:5,G:G,C:C,A:A,T:T,A:A,T:T,T:T,G:G,A:A,C:C,T:T,A:A,A:A,A:A,T:T,G:G,A:A,A:A,G:G,C:C,T:T,C:C,T:T,C:C,G:G,A:A,C:C,T:T,C:C,G:G
ICMB 101954:6,G:G,C:C,A:A,T:T,A:A,T:T,T:T,G:G,A:A,C:C,T:T,A:A,A:A,A:A,T:T,G:G,A:A,A:A,G:G,C:C,C:T,C:C,T:T,C:C,G:G,A:A,C:C,T:T,C:C,G:G
ICMB 101954:7,G:G,C:C,A:A,T:T,A:A,T:T,T:T,G:G,A:A,C:C,T:T,A:A,A:A,A:A,T:T,G:G,A:A,A:A,G:G,C:C,T:T,C:C,T:T,C:C,G:G,A:A,C:C,T:T,C:C,G:G
ICMB 101954:8,G:G,C:C,A:A,T:T,A:A,T:T,T:T,G:G,A:A,C:C,T:T,A:A,A:A,A:A,T:T,G:G,A:A,A:A,G:G,C:C,T:T,C:C,T:T,C:C,G:G,A:A,C:C,T:T,C:C,G:G
ICMB 101955:1,G:G,T:T,G:G,Uncallable,A:A,T:T,Uncallable,G:G,A:A,C:C,Uncallable,A:A,A:A,A:A,T:T,G:G,A:A,G:A,G:G,C:C,T:T,C:C,T:T,C:C,G:G,A:A,C:C,C:C,C:C,G:G
ICMB 101955:2,G:G,T:T,G:G,T:T,A:A,T:T,T:T,G:G,A:A,G:G,T:T,A:A,A:A,A:A,T:T,G:G,A:A,G:A,G:G,G:C,T:T,C:C,T:T,C:C,G:G,A:A,C:C,C:C,C:C,G:G
ICMB 101955:3,G:G,T:T,G:G,T:T,A:A,T:T,T:T,G:G,A:A,G:G,T:T,A:A,A:A,A:A,T:T,G:G,A:A,A:A,G:G,C:C,T:T,C:C,T:T,C:C,G:G,A:A,C:C,C:C,C:C,G:G
ICMB 101955:4,G:G,T:T,G:G,T:T,A:A,T:T,T:T,G:G,A:A,G:G,T:T,A:A,A:A,A:A,T:T,G:G,A:A,G:A,G:G,G:G,T:T,C:C,T:T,C:C,G:G,A:A,C:C,C:C,C:C,G:G
ICMB 101955:5,G:G,T:T,G:G,T:T,A:A,T:T,T:T,G:G,A:A,G:G,T:T,A:A,A:A,A:A,T:T,G:G,A:A,G:A,G:G,G:C,T:T,C:C,T:T,C:C,G:G,A:A,C:C,C:C,C:C,G:G
ICMB 101955:6,G:G,T:T,G:G,T:T,A:A,T:T,T:T,G:G,A:A,G:G,T:T,A:A,A:A,A:A,T:T,G:G,A:A,A:A,G:G,G:G,T:T,C:C,T:T,C:C,G:G,A:A,C:C,C:C,C:C,G:G
ICMB 101955:7,G:G,T:T,G:G,T:T,A:A,T:T,T:T,G:G,A:A,G:G,T:T,A:A,A:A,A:A,T:T,G:G,A:A,A:A,G:G,G:G,T:T,C:C,T:T,C:C,G:G,A:A,C:C,C:C,C:C,G:G
ICMB 101955:8,G:G,T:T,G:G,T:T,A:A,T:T,T:T,G:G,A:A,G:G,T:T,A:A,A:A,A:A,T:T,G:G,A:A,A:A,G:G,C:C,T:T,C:C,T:T,C:C,G:G,A:A,C:C,C:C,C:C,G:G
ICMB 101956:1,G:G,T:T,A:A,T:T,G:G,T:T,T:T,G:G,A:A,C:C,C:C,A:A,G:G,G:G,T:T,A:A,A:A,A:A,A:A,C:C,T:T,C:C,T:T,C:C,G:G,A:A,C:C,T:T,C:C,G:G
ICMB 101956:2,G:G,T:T,A:A,T:T,G:G,T:T,T:T,G:G,A:A,C:C,C:C,A:A,G:G,G:G,T:T,A:A,A:A,A:A,A:A,C:C,T:T,C:C,T:T,C:C,G:G,A:A,C:C,T:T,C:C,G:G
ICMB 101956:3,G:G,T:T,A:A,T:T,G:G,T:T,T:T,G:G,A:A,C:C,C:C,A:A,G:G,G:G,T:T,A:A,A:A,A:A,A:A,C:C,T:T,C:C,T:T,C:C,G:G,A:A,C:C,T:T,C:C,G:G
ICMB 101956:4,G:G,T:T,A:A,T:T,G:G,T:T,T:T,G:G,A:A,C:C,C:C,A:A,G:G,G:G,T:T,A:A,A:A,A:A,A:A,C:C,T:T,C:C,T:T,C:C,G:G,A:A,C:C,T:T,C:C,G:G
ICMB 101956:5,G:G,T:T,A:A,T:T,G:G,T:T,T:T,G:G,A:A,C:C,C:C,A:A,G:G,G:G,T:T,A:A,A:A,A:A,A:A,C:C,T:T,C:C,T:T,C:C,G:G,A:A,C:C,T:T,C:C,G:G
ICMB 101956:6,G:G,T:T,A:A,T:T,G:G,T:T,T:T,G:G,A:A,C:C,C:C,A:A,G:G,G:G,T:T,A:A,A:A,A:A,A:A,C:C,T:T,C:C,T:T,C:C,G:G,A:A,C:C,T:T,C:C,G:G
ICMB 101956:7,G:G,T:T,A:A,T:T,G:G,T:T,T:T,G:G,A:A,C:C,C:C,A:A,G:G,G:G,T:T,A:A,A:A,A:A,A:A,C:C,T:T,C:C,T:T,C:C,G:G,A:A,C:C,T:T,C:C,G:G
ICMB 101956:8,G:G,T:T,A:A,T:T,G:G,T:T,T:T,G:G,A:A,C:C,C:C,A:A,G:G,G:G,T:T,A:A,A:A,A:A,A:A,C:C,T:T,C:C,T:T,C:C,G:G,A:A,C:C,T:T,C:C,G:G
ICMB 101957:1,G:G,C:C,G:G,A:A,A:A,C:C,C:C,G:G,G:A,G:G,C:T,C:A,G:G,A:A,G:G,G:G,A:A,G:G,A:A,G:G,C:C,A:A,A:A,T:T,G:G,A:A,C:C,T:T,T:T,A:A
ICMB 101957:2,G:G,C:C,G:G,A:A,A:A,C:C,C:C,G:G,G:A,G:G,C:T,C:A,G:G,A:A,G:G,G:G,A:A,G:G,A:A,G:G,C:C,A:A,A:A,T:T,G:G,A:A,C:C,T:T,T:T,A:A
ICMB 101957:3,G:G,C:C,A:A,A:A,A:A,C:C,C:C,G:G,G:G,C:C,C:C,A:A,G:G,A:A,G:G,G:G,A:A,G:G,A:A,G:G,C:C,A:A,A:A,T:T,G:G,A:A,C:C,T:T,T:T,A:A
ICMB 101957:4,G:G,C:C,A:A,A:A,A:A,C:C,C:C,G:G,G:G,C:C,C:C,A:A,G:G,A:A,G:G,G:G,A:A,G:G,A:A,G:G,C:C,A:A,A:A,T:T,G:G,A:A,C:C,T:T,T:T,A:A
ICMB 101957:5,G:G,C:C,G:A,A:A,A:A,C:C,C:C,G:G,G:G,C:C,C:C,A:A,G:G,A:A,G:G,G:G,A:A,G:G,A:A,G:G,C:C,A:A,A:A,T:T,G:G,A:A,C:C,T:T,T:T,A:A
ICMB 101957:6,G:G,C:C,G:G,A:A,A:A,C:C,C:C,G:G,G:A,G:G,C:C,A:A,G:G,A:A,G:G,G:G,A:A,G:G,A:A,G:G,C:C,A:A,A:A,T:T,G:G,A:A,C:C,T:T,T:T,A:A
ICMB 101957:7,G:G,C:C,A:A,A:A,A:A,C:C,C:C,G:G,G:G,C:C,C:C,A:A,G:G,A:A,G:G,G:G,A:A,G:G,A:A,G:G,C:C,A:A,A:A,T:T,G:G,A:A,C:C,T:T,T:T,A:A
ICMB 101957:8,G:G,C:C,G:A,A:A,A:A,C:C,C:C,G:G,G:G,C:C,C:C,A:A,G:G,A:A,G:G,G:G,A:A,G:G,A:A,G:G,C:C,A:A,A:A,T:T,G:G,A:A,C:C,T:T,T:T,A:A
ICMB 101958:1,A:A,T:T,A:A,A:A,A:A,T:T,T:T,T:G,A:A,G:G,T:T,A:A,A:A,G:G,T:T,G:G,A:A,A:A,G:G,C:C,C:T,C:C,T:T,C:C,G:G,A:A,C:C,C:C,T:T,A:A
ICMB 101958:2,A:A,T:T,A:A,A:A,A:A,T:T,T:T,T:G,A:A,G:G,T:T,A:A,A:A,G:G,T:T,G:G,A:A,A:A,G:G,C:C,C:T,C:C,T:T,C:C,G:G,A:A,C:C,C:C,T:T,A:A
ICMB 101958:3,A:A,T:T,A:A,A:A,A:A,T:T,T:T,T:G,A:A,G:G,T:T,A:A,A:A,G:G,T:T,G:G,A:A,A:A,G:G,C:C,T:T,C:C,T:T,C:C,G:G,A:A,C:C,C:C,T:T,A:A
ICMB 101958:4,A:A,T:T,A:A,A:A,A:A,T:T,T:T,T:G,A:A,G:G,T:T,A:A,A:A,G:G,T:T,G:G,A:A,A:A,G:G,C:C,T:T,C:C,T:T,C:C,G:G,A:A,C:C,C:C,T:T,A:A
ICMB 101958:5,A:A,T:T,A:A,A:A,A:A,T:T,T:T,T:G,A:A,G:G,T:T,A:A,A:A,G:G,T:T,G:G,A:A,A:A,G:G,C:C,T:T,C:C,T:T,C:C,G:G,A:A,C:C,C:C,T:T,A:A
ICMB 101958:6,A:A,T:T,A:A,A:A,A:A,T:T,T:T,T:G,A:A,G:G,T:T,A:A,A:A,G:G,T:T,G:G,A:A,A:A,G:G,C:C,T:T,C:C,T:T,C:C,G:G,A:A,C:C,C:C,T:T,A:A
ICMB 101958:7,A:A,T:T,A:A,A:A,A:A,T:T,T:T,T:G,A:A,G:G,T:T,A:A,A:A,G:G,T:T,G:G,A:A,A:A,G:G,C:C,T:T,C:C,T:T,C:C,G:G,A:A,C:C,C:C,T:T,A:A
ICMB 101958:8,A:A,T:T,A:A,A:A,A:A,T:T,T:T,T:G,A:A,G:G,T:T,A:A,A:A,G:G,T:T,G:G,A:A,A:A,G:G,C:C,T:T,C:C,T:T,C:C,G:G,A:A,C:C,C:C,T:T,A:A
ICMB 101959:1,G:G,T:T,Uncallable,A:A,A:A,C:T,C:C,T:G,G:A,G:G,C:C,A:A,A:G,Uncallable,G:G,A:G,A:A,G:A,A:G,C:C,T:T,A:C,Uncallable,C:T,G:T,Uncallable,G:C,T:T,T:C,Uncallable
ICMB 101959:2,G:G,C:C,G:G,A:A,A:A,T:T,C:C,T:G,G:A,G:G,C:C,A:A,G:G,A:A,G:G,G:G,A:A,G:G,A:G,C:C,T:T,C:C,A:A,T:T,G:T,A:A,G:C,T:T,C:C,G:G
ICMB 101959:3,G:G,C:C,G:G,A:A,A:A,T:T,C:C,T:G,A:A,G:G,C:C,A:A,G:G,A:A,G:G,G:G,A:A,G:G,G:G,C:C,T:T,C:C,A:A,T:T,T:T,A:A,G:G,T:T,T:C,A:G
ICMB 101959:4,G:G,C:C,G:G,A:A,A:A,C:T,C:C,T:G,G:A,G:G,C:C,A:A,G:G,A:A,G:G,G:G,A:A,G:G,A:A,C:C,T:T,C:C,A:A,T:T,G:G,A:A,C:C,T:T,T:C,Uncallable
ICMB 101959:5,G:G,C:C,G:G,A:A,A:A,C:C,C:C,T:G,G:A,G:G,C:C,A:A,G:G,A:A,G:G,G:G,A:A,G:G,A:A,C:C,T:T,C:C,A:A,T:T,G:G,A:A,C:C,T:T,T:C,A:G
ICMB 101959:6,G:G,C:C,G:G,A:A,A:A,T:T,C:C,T:G,A:A,G:G,C:C,A:A,G:G,A:A,G:G,A:G,A:A,G:G,G:G,C:C,T:T,C:C,A:A,T:T,G:G,A:A,C:C,T:T,T:T,A:A
ICMB 101959:7,G:G,C:C,G:G,A:A,A:A,T:T,C:C,T:G,G:A,G:G,C:C,A:A,G:G,A:A,G:G,G:G,A:A,G:G,A:G,C:C,T:T,C:C,A:A,T:T,G:G,A:A,C:C,T:T,C:C,G:G
ICMB 101959:8,G:G,C:C,G:G,A:A,A:A,C:T,C:C,T:G,G:A,G:G,C:C,A:A,G:G,A:A,G:G,G:G,A:A,G:G,A:G,C:C,T:T,C:C,A:A,T:T,G:T,A:A,G:C,T:T,T:T,A:A
ICMB 101960:1,G:G,T:T,G:G,A:A,G:G,C:C,C:C,T:G,G:G,C:C,C:C,A:A,G:G,A:A,T:T,G:G,A:A,G:G,A:A,C:C,T:T,A:A,T:T,T:T,T:T,A:A,G:G,C:C,C:C,A:A
ICMB 101960:2,G:G,T:T,G:G,A:A,G:G,C:C,C:C,T:G,G:G,C:C,C:C,A:A,G:G,A:A,T:T,G:G,A:A,G:G,A:A,C:C,T:T,A:A,T:T,T:T,T:T,A:A,G:G,C:C,C:C,A:A
ICMB 101960:3,G:G,T:T,G:G,A:A,G:G,C:C,C:C,T:G,G:G,C:C,C:C,A:A,G:G,A:A,T:T,G:G,A:A,G:G,A:A,C:C,T:T,A:A,T:T,T:T,T:T,A:A,G:G,C:C,C:C,A:A
ICMB 101960:4,G:G,T:T,G:G,A:A,G:G,C:C,C:C,T:G,G:G,C:C,C:C,A:A,G:G,A:A,T:T,G:G,A:A,G:G,A:A,C:C,T:T,A:A,T:T,T:T,T:T,A:A,G:G,C:C,C:C,A:A
ICMB 101960:5,G:G,T:T,G:G,A:A,G:G,C:C,C:C,T:G,G:G,C:C,C:C,A:A,G:G,A:A,T:T,G:G,A:A,G:G,A:A,C:C,T:T,A:A,T:T,T:T,T:T,A:A,G:G,C:C,C:C,A:A
ICMB 101960:6,G:G,T:T,G:G,A:A,G:G,C:C,C:C,T:G,G:G,C:C,C:C,A:A,G:G,A:A,T:T,G:G,A:A,G:G,A:A,C:C,T:T,A:A,T:T,T:T,T:T,A:A,G:G,C:C,C:C,A:A
ICMB 101960:7,G:G,T:T,G:G,A:A,G:G,C:C,C:C,T:G,G:G,C:C,C:C,A:A,G:G,A:A,T:T,G:G,A:A,G:G,A:A,C:C,T:T,A:A,T:T,T:T,T:T,A:A,G:G,C:C,C:C,A:A
ICMB 101960:8,G:G,T:T,G:G,A:A,G:G,C:C,C:C,T:G,G:G,C:C,C:C,A:A,G:G,A:A,T:T,G:G,A:A,G:G,A:A,C:C,T:T,A:A,T:T,T:T,T:T,A:A,G:G,C:C,C:C,A:A
ICMB 101961:1,A:A,C:C,G:G,T:T,A:A,C:C,C:C,G:G,A:A,C:C,C:C,A:A,G:G,A:A,G:G,G:G,A:A,G:A,G:G,G:G,T:T,C:C,T:T,T:T,T:T,C:C,G:G,C:C,T:T,A:A
ICMB 101961:2,A:A,C:C,G:G,T:T,A:A,C:C,C:C,G:G,A:A,C:C,C:C,A:A,G:G,A:A,G:G,G:G,A:A,G:A,G:G,C:C,T:T,C:C,T:T,T:T,T:T,C:C,G:G,C:C,T:T,A:A
ICMB 101961:3,A:A,C:C,G:G,T:T,A:A,C:C,C:C,G:G,A:A,C:C,C:C,A:A,G:G,A:A,G:G,G:G,A:A,G:A,G:G,G:G,T:T,C:C,T:T,T:T,T:T,C:C,G:G,C:C,T:T,A:A
ICMB 101961:4,A:A,C:C,G:G,T:T,A:A,C:C,C:C,G:G,A:A,C:C,C:C,A:A,G:G,A:A,G:G,G:G,A:A,G:A,G:G,G:C,T:T,C:C,T:T,T:T,T:T,C:C,G:G,C:C,T:T,A:A
ICMB 101961:5,A:A,C:C,G:G,T:T,A:A,C:C,C:C,G:G,A:A,C:C,C:C,A:A,G:G,A:A,G:G,G:G,A:A,A:A,G:G,C:C,T:T,C:C,T:T,T:T,T:T,C:C,G:G,C:C,T:T,A:A
ICMB 101961:6,A:A,C:C,G:G,T:T,A:A,C:C,C:C,G:G,A:A,C:C,C:C,A:A,G:G,A:A,G:G,G:G,A:A,A:A,G:G,G:G,T:T,C:C,T:T,T:T,T:T,C:C,G:G,C:C,T:T,A:A
ICMB 101961:7,A:A,C:C,G:G,T:T,A:A,C:C,C:C,G:G,A:A,C:C,C:C,A:A,G:G,A:A,G:G,G:G,A:A,G:A,G:G,C:C,T:T,C:C,T:T,T:T,T:T,C:C,G:G,C:C,T:T,A:A
ICMB 101961:8,A:A,C:C,G:G,T:T,A:A,C:C,C:C,G:G,A:A,C:C,C:C,A:A,G:G,A:A,G:G,G:G,A:A,G:A,G:G,G:G,T:T,C:C,T:T,T:T,T:T,C:C,G:G,C:C,T:T,A:A
ICMB 101962:1,G:G,T:T,A:A,A:A,A:A,T:T,T:T,T:G,G:G,G:G,T:T,A:A,A:A,G:G,T:T,A:A,A:A,A:A,G:G,C:C,T:T,A:A,A:A,T:T,G:G,A:A,C:C,C:C,T:T,A:A
ICMB 101962:2,G:G,T:T,?,A:A,A:A,T:T,T:T,T:G,G:G,G:G,T:T,A:A,A:A,G:G,T:T,A:A,A:A,A:A,G:G,C:C,T:T,A:A,A:A,T:T,?,A:A,C:C,C:C,T:T,A:A
ICMB 101962:3,G:G,T:T,A:A,A:A,A:A,T:T,T:T,T:G,G:G,G:G,T:T,A:A,A:A,G:G,T:G,A:A,A:A,A:A,G:G,C:C,T:T,A:A,A:A,T:T,G:G,A:A,C:C,C:C,T:T,A:A
ICMB 101962:4,G:G,T:T,A:A,A:A,A:A,T:T,T:T,T:G,G:G,G:G,T:T,A:A,A:A,G:G,T:T,A:A,A:A,A:A,G:G,C:C,T:T,A:A,A:A,T:T,G:G,A:A,C:C,C:C,T:T,A:A
ICMB 101962:5,G:G,T:T,A:A,A:A,A:A,T:T,T:T,T:G,G:G,G:G,T:T,A:A,A:A,G:G,T:T,A:A,A:A,A:A,G:G,C:C,T:T,A:A,A:A,T:T,G:G,A:A,C:C,C:C,T:T,A:A
ICMB 101962:6,G:G,T:T,A:A,A:A,A:A,T:T,T:T,T:G,G:G,G:G,T:T,A:A,A:A,G:G,T:T,A:A,A:A,A:A,G:G,C:C,T:T,A:A,A:A,T:T,G:G,A:A,C:C,C:C,T:T,A:A
ICMB 101962:7,G:G,T:T,A:A,A:A,A:A,T:T,T:T,T:G,G:G,G:G,T:T,A:A,A:A,G:G,T:T,A:A,A:A,A:A,G:G,C:C,T:T,A:A,A:A,T:T,G:G,A:A,C:C,C:C,T:T,A:A
ICMB 101962:8,G:G,T:T,A:A,A:A,A:A,T:T,T:T,T:G,G:G,G:G,T:T,A:A,A:A,G:G,T:T,A:A,A:A,A:A,G:G,C:C,T:T,A:A,A:A,T:T,G:G,A:A,C:C,C:C,T:T,A:A
ICMB 101963:1,G:G,T:C,G:G,A:A,A:A,C:C,T:T,G:G,G:G,C:C,T:T,A:A,G:G,A:A,G:G,G:G,A:A,G:G,A:A,G:G,C:C,C:C,T:T,T:T,G:G,C:C,G:G,C:C,C:C,G:G
ICMB 101963:2,G:G,C:C,G:G,A:A,A:A,C:C,T:T,G:G,G:G,C:C,T:T,A:A,G:G,A:A,G:G,G:G,A:A,G:G,A:A,G:G,C:C,C:C,T:T,T:T,G:G,C:C,G:G,C:C,C:C,G:G
ICMB 101963:3,G:G,T:T,G:G,A:A,A:A,C:C,T:T,G:G,G:G,C:C,T:T,A:A,G:G,A:A,G:G,G:G,A:A,G:G,A:A,G:G,C:C,C:C,T:T,T:T,G:G,C:C,G:G,C:C,C:C,G:G
ICMB 101963:4,G:G,C:C,G:G,A:A,A:A,C:C,T:T,G:G,G:G,C:C,T:T,A:A,G:G,A:A,G:G,G:G,A:A,G:G,A:A,G:G,C:C,C:C,T:T,T:T,G:G,C:C,G:G,C:C,C:C,G:G
ICMB 101963:5,G:G,C:C,G:G,A:A,A:A,C:C,T:T,G:G,G:G,C:C,T:T,A:A,G:G,A:A,G:G,G:G,A:A,G:G,A:A,G:G,C:C,C:C,T:T,T:T,G:G,C:C,G:G,C:C,C:C,G:G
ICMB 101963:6,G:G,T:C,G:G,A:A,A:A,C:C,T:T,G:G,G:G,C:C,T:T,A:A,G:G,A:A,G:G,G:G,A:A,G:G,A:A,G:G,C:C,C:C,T:T,T:T,G:G,C:C,G:G,C:C,C:C,G:G
ICMB 101963:7,G:G,T:C,G:G,A:A,A:A,C:C,T:T,G:G,G:G,C:C,T:T,A:A,G:G,A:A,G:G,G:G,A:A,G:G,A:A,G:G,C:C,C:C,T:T,T:T,G:G,C:C,G:G,C:C,C:C,G:G
ICMB 101963:8,G:G,C:C,G:G,A:A,A:A,C:C,T:T,G:G,G:G,C:C,T:T,A:A,G:G,A:A,G:G,G:G,A:A,G:G,A:A,G:G,C:C,C:C,T:T,T:T,G:G,C:C,G:G,C:C,C:C,G:G
ICMB 101965:1,A:A,T:C,G:G,T:T,G:G,C:C,C:C,G:G,A:A,G:G,C:C,A:A,G:G,A:A,G:G,A:A,A:A,A:A,G:G,C:C,T:T,A:A,A:A,T:T,T:T,A:A,C:C,T:T,T:T,A:A
ICMB 101965:2,A:A,T:C,G:G,T:T,G:G,C:C,C:C,G:G,A:A,G:G,C:C,A:A,G:G,A:A,G:G,A:A,A:A,A:A,G:G,C:C,T:T,A:A,A:A,T:T,T:T,A:A,C:C,T:T,T:T,A:A
ICMB 101965:3,A:A,T:C,G:G,T:T,G:G,C:C,C:T,G:G,A:A,G:G,C:C,A:A,G:G,A:A,G:G,A:A,A:A,A:A,G:G,C:C,T:T,A:A,A:A,T:T,T:T,A:A,C:C,T:T,T:T,A:A
ICMB 101965:4,A:A,T:C,G:G,T:T,G:G,C:C,C:C,G:G,A:A,G:G,C:C,A:A,G:G,A:A,G:G,A:A,A:A,A:A,G:G,C:C,T:T,A:A,A:A,T:T,T:T,A:A,C:C,T:T,T:T,A:A
ICMB 101965:5,A:A,T:T,G:G,T:T,G:G,C:C,C:T,G:G,A:A,G:G,C:C,A:A,G:G,A:A,G:G,A:A,A:A,Uncallable,G:G,C:C,T:T,A:A,A:A,T:T,T:T,A:A,C:C,T:T,T:T,A:A
ICMB 101967:1,G:G,C:C,A:A,T:T,A:A,C:C,C:C,T:T,G:G,C:C,T:T,A:A,A:A,A:A,G:G,A:A,G:A,A:A,A:A,G:G,C:C,A:A,A:A,T:T,T:T,A:A,G:G,T:T,T:T,A:A
ICMB 101967:2,G:G,C:C,A:A,T:T,A:A,C:C,C:C,T:T,G:G,C:C,T:T,A:A,A:A,A:A,G:G,A:A,G:A,A:A,A:A,G:G,C:C,A:A,A:A,T:T,T:T,A:A,G:G,T:T,T:T,A:A
ICMB 101967:3,G:G,C:C,A:A,T:T,A:A,C:C,C:C,T:T,G:G,C:C,T:T,A:A,A:A,A:A,G:G,A:A,G:A,A:A,A:A,G:G,C:C,A:A,A:A,T:T,T:T,A:A,G:G,T:T,T:T,A:A
ICMB 101967:4,G:G,C:C,A:A,T:T,A:A,C:C,C:C,T:T,G:G,C:C,T:T,A:A,A:A,A:A,G:G,A:A,G:A,A:A,A:A,G:G,C:C,A:A,A:A,T:T,T:T,A:A,G:G,T:T,T:T,A:A
ICMB 101967:5,G:G,C:C,A:A,T:T,A:A,C:C,C:C,T:T,G:G,C:C,T:T,A:A,A:A,A:A,G:G,A:A,G:A,A:A,A:A,G:G,C:C,A:A,A:A,T:T,T:T,A:A,G:G,T:T,T:T,A:A
ICMB 101968:1,G:G,T:T,A:A,A:A,A:A,T:T,Uncallable,G:G,G:G,G:G,C:T,A:A,A:G,G:A,G:G,Uncallable,A:A,A:A,Uncallable,C:C,C:C,C:C,T:T,C:C,G:G,A:A,C:C,C:C,T:T,A:A
ICMB 101968:2,G:G,T:T,G:A,A:A,A:G,C:T,T:T,G:G,G:A,G:G,C:T,A:A,A:G,G:A,G:G,Uncallable,A:A,A:A,A:G,C:C,C:C,C:C,T:T,C:C,G:G,A:A,C:C,C:T,T:T,A:A
ICMB 101968:3,G:G,T:T,A:A,A:A,A:G,T:T,T:T,G:G,G:G,G:G,T:T,A:A,A:A,G:G,G:G,Uncallable,A:A,A:A,A:A,C:C,C:C,C:C,A:T,C:T,G:G,A:A,C:C,C:C,T:T,A:A
ICMB 101968:4,G:G,T:T,G:A,A:A,A:G,C:T,T:T,G:G,G:A,G:G,C:T,A:A,A:G,G:A,G:G,A:G,A:A,A:A,A:G,C:C,C:C,C:C,A:T,C:T,G:G,A:A,C:C,C:T,T:T,A:A
ICMB 101968:5,G:G,T:T,A:A,A:A,A:A,T:T,T:T,G:G,G:G,G:G,T:T,A:A,A:A,G:G,G:G,G:G,A:A,A:A,A:A,C:C,C:C,C:C,T:T,C:C,G:G,A:A,C:C,C:C,T:T,A:A
ICMB 101969:1,G:G,C:C,G:G,A:A,A:A,T:T,C:C,G:G,A:A,C:C,C:C,A:A,G:G,G:G,G:G,A:A,A:A,A:A,G:G,C:C,T:T,C:C,T:T,T:T,G:G,C:C,G:G,T:T,C:C,G:G
ICMB 101969:2,G:G,C:C,G:G,A:A,A:A,T:T,C:C,G:G,A:A,C:C,C:C,A:A,G:G,G:G,G:G,A:A,A:A,A:A,G:G,C:C,T:T,C:C,T:T,T:T,G:G,C:C,G:G,T:T,C:C,G:G
ICMB 101969:3,G:G,C:C,G:G,A:A,A:A,T:T,C:C,G:G,A:A,C:C,C:C,A:A,G:G,G:G,G:G,A:A,A:A,A:A,G:G,C:C,T:T,C:C,T:T,T:T,G:G,C:C,G:G,T:T,C:C,G:G
ICMB 101969:4,G:G,C:C,G:G,A:A,A:A,T:T,C:C,G:G,A:A,C:C,C:C,A:A,G:G,G:G,G:G,A:A,A:A,A:A,G:G,C:C,T:T,C:C,T:T,T:T,G:G,C:C,G:G,T:T,C:C,G:G
ICMB 101969:5,G:G,C:C,G:G,A:A,A:A,T:T,C:C,G:G,A:A,C:C,C:C,A:A,G:G,G:G,G:G,A:A,A:A,A:A,G:G,C:C,T:T,C:C,T:T,T:T,G:G,C:C,G:G,T:T,C:C,G:G
ICMB 101970:1,A:A,C:C,G:G,T:T,G:G,T:T,T:T,T:G,G:G,C:C,T:T,A:A,G:G,A:A,G:G,G:G,A:A,G:G,G:G,C:C,T:T,C:C,T:T,C:C,G:G,A:A,C:C,C:C,C:C,G:G
ICMB 101970:2,A:A,C:C,G:G,T:T,G:G,T:T,T:T,T:G,G:G,C:C,T:T,A:A,G:G,A:A,G:G,G:G,A:A,G:G,G:G,C:C,T:T,C:C,T:T,C:C,G:G,A:A,C:C,C:C,C:C,G:G
ICMB 101970:3,A:A,C:C,G:G,T:T,G:G,T:T,T:T,T:G,G:G,C:C,T:T,A:A,G:G,A:A,G:G,G:G,A:A,G:G,G:G,C:C,T:T,C:C,T:T,C:C,G:G,A:A,C:C,C:C,C:C,G:G
ICMB 101970:4,A:A,C:C,G:G,T:T,G:G,T:T,T:T,T:G,G:G,C:C,T:T,A:A,G:G,A:A,G:G,G:G,A:A,G:G,G:G,C:C,T:T,C:C,T:T,C:C,G:G,A:A,C:C,C:C,C:C,G:G
ICMB 101970:5,A:A,C:C,G:G,T:T,G:G,T:T,T:T,T:G,G:G,C:C,T:T,A:A,G:G,A:A,G:G,G:G,A:A,G:G,G:G,C:C,T:T,C:C,T:T,C:C,G:G,A:A,C:C,C:C,C:C,G:G
ICMB 101971:1,A:A,T:T,A:A,T:T,G:G,T:T,T:T,T:G,A:A,G:G,T:T,A:A,G:G,G:G,G:G,G:G,A:A,G:G,G:G,C:C,T:T,C:C,T:T,C:C,G:G,A:A,C:C,C:C,T:T,A:A
ICMB 101971:2,A:A,T:T,A:A,T:T,G:G,T:T,T:T,T:G,A:A,G:G,T:T,A:A,G:G,G:G,G:G,G:G,A:A,G:G,G:G,C:C,T:T,C:C,T:T,C:C,G:G,A:A,C:C,C:C,T:T,A:A
ICMB 101971:3,A:A,T:T,A:A,T:T,G:G,T:T,T:T,T:G,A:A,G:G,T:T,A:A,G:G,G:G,G:G,G:G,A:A,G:G,G:G,C:C,T:T,C:C,T:T,C:C,G:G,A:A,C:C,C:C,T:T,A:A
ICMB 101971:4,A:A,T:T,A:A,T:T,G:G,T:T,T:T,T:G,A:A,G:G,T:T,A:A,G:G,G:G,G:G,G:G,A:A,G:G,G:G,C:C,T:T,C:C,T:T,C:C,G:G,A:A,C:C,C:C,T:T,A:A
ICMB 101971:5,A:A,T:T,A:A,T:T,G:G,T:T,T:T,T:G,A:A,G:G,T:T,A:A,G:G,G:G,G:G,G:G,A:A,G:G,G:G,C:C,T:T,C:C,T:T,C:C,G:G,A:A,C:C,C:C,T:T,A:A
ICMB 101972:1,A:A,C:C,G:A,T:T,G:G,C:C,C:C,G:G,A:A,G:G,C:C,A:A,G:G,A:A,G:G,G:G,A:A,G:G,G:G,C:C,T:T,C:C,T:T,T:T,T:T,A:A,C:C,C:C,T:T,A:A
ICMB 101972:2,A:A,C:C,G:A,T:T,G:G,C:C,C:C,G:G,A:A,G:G,C:C,A:A,G:G,A:A,G:G,G:G,A:A,G:G,G:G,C:C,T:T,C:C,T:T,T:T,T:T,A:A,C:C,C:T,T:T,A:A
ICMB 101972:3,A:A,C:C,G:A,T:T,G:G,C:C,C:C,G:G,A:A,G:G,C:C,A:A,G:G,A:A,G:G,G:G,A:A,G:G,G:G,C:C,T:T,C:C,T:T,T:T,T:T,A:A,C:C,C:T,T:T,A:A
ICMB 101972:4,A:A,C:C,G:G,T:T,G:G,C:C,C:C,G:G,A:A,G:G,C:C,A:A,G:G,A:A,G:G,G:G,A:A,G:G,G:G,C:C,T:T,C:C,T:T,T:T,T:T,A:A,C:C,C:C,T:T,A:A
ICMB 101972:5,A:A,C:C,G:A,T:T,G:G,C:C,C:C,G:G,A:A,G:G,C:C,A:A,G:G,A:A,G:G,G:G,A:A,G:G,G:G,C:C,T:T,C:C,T:T,T:T,T:T,A:A,C:C,C:T,T:T,A:A
ICMB 101973:1,G:G,T:T,G:G,A:A,A:A,C:C,T:T,G:G,G:G,G:G,T:T,A:A,A:A,G:G,G:G,A:A,A:A,A:A,G:G,G:G,C:C,C:C,A:A,T:T,T:T,A:A,C:C,T:T,C:C,G:G
ICMB 101973:2,G:G,T:T,G:G,A:A,A:A,C:C,T:T,G:G,G:G,G:G,T:T,A:A,A:A,G:G,G:G,A:A,A:A,A:A,G:G,G:G,C:C,C:C,A:A,T:T,T:T,A:A,C:C,T:T,C:C,G:G
ICMB 101973:3,G:G,T:T,G:G,A:A,A:A,C:C,T:T,G:G,G:G,G:G,T:T,A:A,A:A,G:G,?,A:A,A:A,A:A,G:G,G:G,C:C,C:C,A:A,T:T,T:T,A:A,C:C,T:T,C:C,G:G
ICMB 101973:4,G:G,T:T,G:G,A:A,A:A,C:C,T:T,G:G,G:G,G:G,T:T,A:A,A:A,G:G,G:G,A:A,A:A,A:A,G:G,G:G,C:C,C:C,A:A,T:T,T:T,A:A,C:C,T:T,C:C,G:G
ICMB 101973:5,G:G,T:T,G:G,A:A,A:A,C:C,T:T,G:G,G:G,G:G,T:T,A:A,A:A,G:G,?,A:A,A:A,A:A,G:G,G:G,C:C,C:C,A:A,T:T,T:T,A:A,C:C,T:T,C:C,G:G
ICMB 101974:1,G:G,C:C,G:G,T:T,G:G,C:C,C:C,T:G,G:G,C:C,C:C,A:A,G:G,G:G,G:G,G:G,A:A,G:G,G:G,C:C,T:T,C:C,A:A,T:T,T:T,A:A,C:C,T:T,T:T,A:A
ICMB 101974:2,G:G,T:C,G:A,A:T,A:G,C:C,C:C,T:G,G:A,C:C,C:C,A:A,G:G,G:A,G:G,A:G,A:A,Uncallable,G:G,C:C,T:T,C:C,A:T,C:T,G:T,A:A,C:C,Uncallable,T:T,A:A
ICMB 101974:3,G:G,T:T,G:A,A:A,A:G,T:T,Uncallable,G:G,A:A,G:C,C:T,A:A,A:G,G:A,T:G,A:A,A:A,A:A,G:G,C:C,T:T,C:C,T:T,C:C,G:G,A:A,C:C,C:C,T:T,A:A
ICMB 101974:4,G:G,T:C,G:A,A:T,A:G,C:T,C:T,T:G,G:A,C:C,C:C,A:A,G:G,G:A,T:G,A:A,A:A,G:A,G:G,C:C,C:T,C:C,A:T,C:T,G:T,A:A,C:C,C:T,T:T,A:A
ICMB 101974:5,G:G,T:T,A:A,A:A,A:A,T:T,T:T,G:G,A:A,C:C,C:C,A:A,G:G,A:A,G:G,A:A,A:A,A:A,G:G,C:C,T:T,C:C,T:T,C:C,G:G,A:A,C:C,C:C,T:T,A:A
ICMB 101975:1,G:G,T:C,G:A,A:T,A:G,C:T,C:T,T:G,G:A,C:C,C:C,A:A,G:G,G:A,G:G,A:G,A:A,G:A,G:G,C:C,T:T,C:C,A:T,C:T,G:T,A:A,C:C,C:T,T:T,A:A
ICMB 101975:2,G:G,C:C,G:G,T:T,G:G,C:C,C:C,T:G,G:G,C:C,C:C,A:A,G:G,G:G,G:G,G:G,A:A,G:G,G:G,C:C,T:T,C:C,A:A,T:T,T:T,A:A,C:C,T:T,T:T,A:A
ICMB 101975:3,G:G,C:C,G:A,T:T,G:G,C:C,C:C,T:G,G:G,C:C,C:C,A:A,G:G,G:G,G:G,A:G,A:A,G:G,G:G,C:C,T:T,C:C,A:A,T:T,T:T,A:A,C:C,C:T,T:T,A:A
ICMB 101975:4,G:G,C:C,G:G,T:T,G:G,C:C,C:C,T:G,G:G,C:C,C:C,A:A,G:G,G:G,G:G,A:G,A:A,G:G,G:G,C:C,T:T,C:C,A:A,T:T,T:T,A:A,C:C,Uncallable,T:T,A:A
ICMB 101975:5,G:G,C:C,G:G,T:T,G:G,C:C,C:C,T:G,G:G,C:C,C:C,A:A,G:G,G:G,G:G,A:G,A:A,G:G,G:G,C:C,T:T,C:C,A:A,T:T,T:T,A:A,C:C,Uncallable,T:T,A:A
ICMB 101980:1,A:A,T:T,G:G,T:T,A:A,T:T,T:T,G:G,A:A,C:C,T:T,A:A,A:A,G:G,T:T,G:G,A:A,G:G,G:G,G:G,T:T,C:C,T:T,T:T,T:T,C:C,G:G,T:T,C:C,G:G
ICMB 101980:2,A:A,T:T,G:G,T:T,A:A,T:T,T:T,G:G,A:A,C:C,T:T,A:A,A:A,G:G,T:T,G:G,A:A,G:G,G:G,G:G,T:T,C:C,T:T,T:T,T:T,C:C,G:G,T:T,C:C,G:G
ICMB 101980:3,A:A,T:T,G:G,T:T,A:A,T:T,T:T,G:G,A:A,C:C,T:T,A:A,A:A,G:G,T:T,G:G,A:A,G:G,G:G,G:G,T:T,C:C,T:T,T:T,T:T,C:C,G:G,T:T,C:C,G:G
ICMB 101980:4,A:A,T:T,G:G,T:T,A:A,T:T,T:T,G:G,A:A,C:C,T:T,A:A,A:A,G:G,T:T,G:G,A:A,G:G,G:G,G:G,T:T,C:C,T:T,T:T,T:T,C:C,G:G,T:T,C:C,G:G
ICMB 101980:5,A:A,T:T,G:G,T:T,A:A,T:T,T:T,G:G,A:A,C:C,T:T,A:A,A:A,G:G,T:T,G:G,A:A,G:G,G:G,G:G,T:T,C:C,T:T,T:T,T:T,C:C,G:G,T:T,C:C,G:G
ICMB 101981:1,A:A,T:T,G:G,T:T,G:G,C:C,C:C,T:G,A:A,G:C,T:T,C:A,A:G,G:A,G:G,G:G,A:A,A:A,G:G,C:C,T:T,C:C,T:T,C:C,G:G,A:A,G:G,C:C,C:C,Uncallable
ICMB 101981:2,A:A,T:T,G:G,T:T,G:G,C:C,T:T,T:G,A:A,G:C,T:T,A:A,G:G,A:A,G:G,G:G,A:A,G:A,G:G,C:C,T:T,C:C,T:T,C:T,G:G,C:C,G:C,C:C,C:C,G:G
ICMB 101981:3,A:A,T:T,G:G,T:T,G:G,C:C,C:T,T:G,A:A,G:C,T:T,C:A,A:G,G:A,G:G,G:G,A:A,G:A,G:G,C:C,T:T,C:C,T:T,C:T,G:T,C:C,G:C,C:C,C:C,A:G
ICMB 101981:4,A:A,T:T,G:G,T:T,G:G,C:C,C:T,T:G,A:A,G:C,T:T,C:A,A:G,G:A,G:G,G:G,A:A,Uncallable,G:G,C:C,T:T,C:C,T:T,C:T,G:T,C:C,G:C,C:C,C:C,A:G
ICMB 101981:5,A:A,T:T,G:G,T:T,G:G,C:C,C:T,G:G,A:A,G:C,T:T,A:A,A:G,G:A,G:G,G:G,A:A,G:A,G:G,C:C,T:T,C:C,T:T,C:T,G:G,C:C,G:C,C:C,C:C,A:G
ICMB 101982:1,A:A,T:C,A:A,A:A,G:G,T:T,T:T,T:G,A:A,G:G,C:T,C:A,G:G,G:A,G:G,G:G,A:A,A:A,A:G,Uncallable,C:C,A:C,A:T,C:C,G:G,A:A,G:C,C:T,T:T,A:G
ICMB 101982:2,A:A,T:C,A:A,A:T,G:G,T:T,Uncallable,T:G,Uncallable,G:C,C:T,C:A,A:G,G:A,G:G,G:G,A:A,Uncallable,A:G,G:C,C:C,C:C,A:T,C:C,G:G,A:A,G:C,C:T,T:T,A:G
ICMB 101982:3,A:A,C:C,A:A,A:A,G:G,T:T,T:T,T:G,G:A,G:G,C:T,C:A,G:G,G:A,G:G,G:G,A:A,A:A,A:G,G:C,C:C,C:C,A:A,C:C,G:G,A:A,G:G,C:T,T:T,A:A
ICMB 101982:4,A:A,C:C,A:A,Uncallable,G:G,T:T,T:T,T:T,A:A,G:G,C:C,Uncallable,G:G,G:A,G:G,G:G,A:A,A:A,A:G,Uncallable,C:C,C:C,A:A,C:C,G:G,A:A,G:G,C:T,T:T,A:A
ICMB 101982:5,A:A,T:C,A:A,A:A,G:G,T:T,T:T,T:G,G:A,G:G,C:C,Uncallable,G:G,G:A,G:G,G:G,A:A,A:A,A:G,G:C,C:C,A:C,A:T,C:C,G:G,A:A,Uncallable,C:T,T:T,A:A
ICMB 101986:1,A:A,C:C,G:G,T:T,A:A,C:C,C:C,G:G,A:A,C:C,C:C,A:A,G:G,G:G,G:G,A:A,A:A,A:A,G:G,C:C,T:T,C:C,T:T,C:C,G:G,A:A,C:C,T:T,T:T,A:A
ICMB 101986:2,A:A,C:C,G:G,T:T,A:A,C:C,C:C,G:G,A:A,C:C,C:C,A:A,G:G,G:G,G:G,A:A,A:A,A:A,G:G,C:C,T:T,C:C,T:T,C:C,G:G,A:A,C:C,T:T,T:T,A:A
ICMB 101986:3,A:A,C:C,G:G,T:T,A:A,C:C,C:C,G:G,A:A,C:C,C:C,A:A,G:G,G:G,G:G,A:A,A:A,A:A,G:G,C:C,T:T,C:C,T:T,C:C,G:G,A:A,C:C,T:T,T:T,A:A
ICMB 101986:4,A:A,C:C,G:G,T:T,A:A,C:C,C:C,G:G,A:A,C:C,C:C,A:A,G:G,G:G,G:G,A:A,A:A,A:A,G:G,C:C,C:C,C:C,T:T,C:C,G:G,A:A,C:C,T:T,T:T,A:A
ICMB 101986:5,A:A,C:C,G:G,T:T,A:A,C:C,C:C,G:G,A:A,C:C,C:C,A:A,G:G,G:G,G:G,A:A,A:A,A:A,G:G,C:C,C:T,C:C,T:T,C:C,G:G,A:A,C:C,T:T,T:T,A:A
ICMB 101987:1,G:G,T:T,G:G,T:T,A:A,C:C,T:T,G:G,A:A,G:G,C:C,A:A,G:G,A:A,G:G,A:A,A:A,A:A,G:G,C:C,T:T,C:C,A:T,T:T,T:T,A:A,C:C,T:T,T:T,A:A
ICMB 101987:2,G:G,T:T,G:G,T:T,A:A,C:C,T:T,G:G,A:A,G:G,C:C,A:A,G:G,A:A,G:G,A:A,A:A,A:A,G:G,C:C,T:T,C:C,A:A,T:T,T:T,A:A,C:C,T:T,T:T,A:A
ICMB 101987:3,G:G,T:T,G:G,T:T,A:A,C:C,T:T,G:G,A:A,G:G,C:C,A:A,G:G,A:A,G:G,A:A,A:A,A:A,G:G,C:C,T:T,C:C,A:T,T:T,T:T,A:A,C:C,T:T,T:T,A:A
ICMB 101987:4,G:G,T:T,G:G,T:T,A:A,C:C,T:T,G:G,A:A,G:G,C:C,A:A,G:G,A:A,G:G,A:A,A:A,A:A,G:G,C:C,T:T,C:C,A:T,T:T,T:T,A:A,C:C,T:T,T:T,A:A
ICMB 101987:5,G:G,T:T,G:G,T:T,A:A,C:C,T:T,G:G,A:A,G:G,C:C,A:A,G:G,A:A,G:G,A:A,A:A,A:A,G:G,C:C,T:T,C:C,A:A,T:T,T:T,A:A,C:C,T:T,T:T,A:A
ICMB 101988:1,G:G,C:C,G:G,T:T,G:G,C:C,C:C,G:G,A:A,G:G,C:C,A:A,G:G,G:G,G:G,G:G,A:A,A:A,G:G,C:C,T:T,C:C,A:A,T:T,T:T,A:A,C:C,T:T,T:T,A:A
ICMB 101988:2,G:G,C:C,G:G,T:T,G:G,C:C,C:C,G:G,A:A,G:G,C:C,A:A,G:G,G:G,G:G,G:G,A:A,A:A,G:G,C:C,T:T,C:C,A:A,T:T,T:T,A:A,C:C,T:T,T:T,A:A
ICMB 101988:3,G:G,C:C,G:G,T:T,G:G,C:C,C:C,G:G,A:A,G:G,C:C,A:A,G:G,G:G,G:G,G:G,A:A,A:A,G:G,C:C,T:T,C:C,A:A,T:T,T:T,A:A,C:C,T:T,T:T,A:A
ICMB 101988:4,G:G,C:C,G:G,T:T,G:G,C:C,C:C,G:G,A:A,G:G,C:C,A:A,G:G,G:G,G:G,G:G,A:A,A:A,G:G,C:C,T:T,C:C,A:A,T:T,T:T,A:A,C:C,T:T,T:T,A:A
ICMB 101988:5,G:G,C:C,G:G,T:T,G:G,C:C,C:C,G:G,A:A,G:G,C:C,A:A,G:G,G:G,G:G,G:G,A:A,A:A,G:G,C:C,T:T,C:C,A:A,T:T,T:T,A:A,C:C,T:T,T:T,A:A
ICMB 101989:1,A:A,C:C,G:G,T:T,G:G,C:C,C:C,G:G,A:A,G:G,C:C,A:A,G:G,A:A,G:G,G:G,A:A,A:A,G:G,C:C,T:T,C:C,A:A,T:T,T:T,A:A,C:C,C:C,T:T,A:A
ICMB 101989:2,A:A,C:C,G:G,T:T,G:G,C:C,C:C,G:G,A:A,G:G,C:C,A:A,G:G,A:A,G:G,G:G,A:A,A:A,G:G,C:C,T:T,C:C,A:A,T:T,T:T,A:A,C:C,C:T,T:T,A:A
ICMB 101989:3,A:A,C:C,G:G,T:T,G:G,C:C,C:C,G:G,A:A,G:G,C:C,A:A,G:G,A:A,G:G,G:G,A:A,A:A,G:G,C:C,T:T,C:C,A:A,T:T,T:T,A:A,C:C,C:T,T:T,A:A
ICMB 101989:4,A:A,C:C,G:G,T:T,G:G,C:C,C:C,G:G,A:A,G:G,C:C,A:A,G:G,A:A,G:G,G:G,A:A,A:A,G:G,C:C,T:T,C:C,A:A,T:T,T:T,A:A,C:C,C:T,T:T,A:A
ICMB 101989:5,A:A,C:C,G:G,T:T,G:G,C:C,C:C,G:G,A:A,G:G,C:C,A:A,G:G,A:A,G:G,G:G,A:A,A:A,G:G,C:C,T:T,C:C,A:A,T:T,T:T,A:A,C:C,C:T,T:T,A:A
ICMB 101990:1,G:G,C:C,G:G,A:A,A:A,T:T,C:C,G:G,A:A,G:C,T:T,A:A,G:G,A:A,G:G,A:A,A:A,A:A,G:G,C:C,T:T,C:C,T:T,C:C,G:G,A:A,C:C,T:T,T:T,A:A
ICMB 101990:2,G:G,C:C,G:G,A:A,A:A,T:T,C:C,G:G,A:A,G:C,C:T,A:A,G:G,A:A,G:G,A:A,A:A,A:A,G:G,C:C,T:T,C:C,T:T,C:C,G:G,A:A,C:C,T:T,T:T,A:A
ICMB 101990:3,G:G,C:C,G:G,A:A,A:A,T:T,C:C,G:G,A:A,G:C,C:T,A:A,G:G,A:A,G:G,A:A,A:A,A:A,G:G,C:C,T:T,C:C,T:T,C:C,G:G,A:A,C:C,T:T,T:T,A:A
ICMB 101990:4,G:G,C:C,G:G,A:A,A:A,T:T,C:C,G:G,A:A,G:C,C:T,A:A,G:G,A:A,G:G,A:A,A:A,A:A,G:G,C:C,T:T,C:C,T:T,C:C,G:G,A:A,C:C,T:T,T:T,A:A
ICMB 101990:5,G:G,C:C,G:G,A:A,A:A,T:T,C:C,G:G,A:A,G:C,C:T,A:A,G:G,A:A,G:G,A:A,A:A,A:A,G:G,C:C,T:T,C:C,T:T,C:C,G:G,A:A,C:C,T:T,T:T,A:A
ICMB 101991:1,G:G,C:C,G:G,T:T,A:A,T:T,C:C,G:G,A:A,G:G,C:C,A:A,G:G,G:G,T:T,A:A,A:A,A:A,G:G,C:C,T:T,C:C,T:T,C:C,G:G,A:A,C:C,T:T,T:T,A:A
ICMB 101991:2,G:G,C:C,G:G,T:T,A:A,T:T,C:C,G:G,A:A,G:G,C:C,A:A,G:G,G:G,T:T,A:A,A:A,A:A,G:G,C:C,T:T,C:C,T:T,C:C,G:G,A:A,C:C,T:T,T:T,A:A
ICMB 101991:3,G:G,C:C,G:G,T:T,A:A,T:T,C:C,G:G,A:A,G:G,C:C,A:A,G:G,G:G,T:T,A:A,A:A,A:A,G:G,C:C,T:T,C:C,T:T,C:C,G:G,A:A,C:C,T:T,T:T,A:A
ICMB 101991:4,G:G,C:C,G:G,T:T,A:A,T:T,C:C,G:G,A:A,G:G,C:C,A:A,G:G,G:G,T:T,A:A,A:A,A:A,G:G,C:C,T:T,C:C,T:T,C:C,G:G,A:A,C:C,T:T,T:T,A:A
ICMB 101991:5,G:G,C:C,G:G,T:T,A:A,T:T,C:C,G:G,A:A,G:G,C:C,A:A,G:G,G:G,T:T,A:A,A:A,A:A,G:G,C:C,T:T,C:C,T:T,C:C,G:G,A:A,C:C,T:T,T:T,A:A
ICMB 101992:1,G:G,C:C,G:G,A:A,A:A,C:T,C:C,T:G,A:A,C:C,C:C,A:A,G:G,A:A,G:G,G:G,A:A,A:A,G:G,C:C,T:T,C:C,T:T,C:C,G:G,A:A,C:C,T:T,Uncallable,A:A
ICMB 101992:2,G:G,C:C,G:G,A:A,A:A,C:C,C:C,T:G,A:A,C:C,C:C,A:A,G:G,A:A,G:G,G:G,A:A,A:A,G:G,C:C,T:T,C:C,T:T,C:C,G:G,A:A,C:C,T:T,T:C,Uncallable
ICMB 101992:3,G:G,C:C,G:G,A:A,A:A,C:C,Uncallable,T:G,A:A,C:C,C:C,A:A,G:G,A:A,G:G,G:G,A:A,A:A,G:G,C:C,T:T,C:C,T:T,C:C,G:G,A:A,C:C,T:T,T:C,Uncallable
ICMB 101992:4,G:G,C:C,G:G,A:A,A:A,C:C,C:C,T:G,A:A,C:C,C:C,A:A,G:G,A:A,G:G,G:G,A:A,A:A,G:G,C:C,T:T,C:C,T:T,C:C,G:G,A:A,C:C,T:T,T:C,A:A
ICMB 101992:5,G:G,C:C,G:G,A:A,A:A,C:C,C:C,T:G,A:A,C:C,C:C,A:A,G:G,A:A,G:G,G:G,A:A,A:A,G:G,C:C,T:T,C:C,T:T,C:C,G:G,A:A,C:C,T:T,T:C,Uncallable
ICMB 101993:1,G:G,T:T,A:A,A:A,A:G,T:T,T:T,T:G,A:A,C:C,T:T,A:A,G:G,G:G,T:T,G:G,A:A,A:A,A:A,C:C,T:T,Uncallable,T:T,T:T,G:G,A:A,C:C,T:T,C:C,A:A
ICMB 101993:2,G:G,T:T,A:A,A:A,Uncallable,T:T,T:T,T:G,A:A,C:C,T:T,A:A,G:G,G:G,T:T,G:G,A:A,A:A,A:A,C:C,T:T,A:A,T:T,T:T,G:G,A:A,C:C,T:T,C:C,A:A
ICMB 101993:3,G:G,T:T,A:A,A:A,A:G,T:T,T:T,T:G,A:A,C:C,T:T,A:A,G:G,G:G,T:T,G:G,A:A,A:A,A:A,C:C,T:T,A:C,T:T,T:T,G:G,A:A,C:C,T:T,C:C,A:A
ICMB 101993:4,G:G,T:T,A:A,A:A,A:G,T:T,T:T,T:G,A:A,C:C,T:T,A:A,G:G,G:G,T:T,G:G,A:A,A:A,A:A,C:C,T:T,A:A,T:T,T:T,G:G,A:A,C:C,T:T,C:C,A:A
ICMB 101993:5,G:G,T:T,A:A,A:A,A:G,T:T,T:T,T:G,A:A,C:C,T:T,A:A,G:G,G:G,T:T,G:G,A:A,A:A,A:A,C:C,T:T,A:C,T:T,T:T,G:G,A:A,C:C,T:T,C:C,A:A
ICMB 101994:1,A:A,C:C,G:G,A:A,A:A,C:C,C:C,T:G,A:A,G:G,C:C,A:A,A:A,G:G,T:G,A:A,A:A,G:G,G:G,C:C,T:T,C:C,T:T,C:C,G:G,A:A,C:C,T:T,T:T,A:A
ICMB 101994:2,A:A,C:C,G:G,A:A,A:A,C:C,C:C,T:G,A:A,G:G,C:C,A:A,A:A,G:G,T:G,A:A,A:A,G:G,G:G,C:C,T:T,C:C,T:T,C:C,G:G,A:A,C:C,T:T,T:T,A:A
ICMB 101994:3,A:A,C:C,G:G,A:A,A:A,C:C,C:C,T:G,A:A,G:G,C:C,A:A,A:A,G:G,T:G,A:A,A:A,G:G,G:G,C:C,T:T,C:C,T:T,C:C,G:G,A:A,C:C,T:T,T:T,A:A
ICMB 101994:4,A:A,C:C,G:G,A:A,A:A,C:C,C:C,T:G,A:A,G:G,C:C,A:A,A:A,G:G,T:T,A:A,A:A,G:G,G:G,C:C,T:T,C:C,T:T,C:C,G:G,A:A,C:C,T:T,T:T,A:A
ICMB 101994:5,A:A,C:C,G:G,A:A,A:A,C:C,C:C,G:G,A:A,G:G,C:C,A:A,A:A,G:G,T:T,A:A,A:A,G:G,G:G,C:C,T:T,C:C,T:T,C:C,G:G,A:A,C:C,T:T,T:T,A:A
ICMB 10222:1,A:A,T:T,A:A,A:A,A:A,T:T,T:T,T:G,A:A,G:G,T:T,A:A,A:A,G:G,G:G,G:G,A:A,A:A,G:G,C:C,C:C,C:C,T:T,C:C,G:G,A:A,C:C,C:C,T:T,A:A
ICMB 10222:2,A:A,T:T,A:A,A:A,A:A,T:T,T:T,T:G,A:A,G:G,T:T,A:A,A:A,G:G,G:G,G:G,A:A,A:A,G:G,C:C,C:C,C:C,T:T,C:C,G:G,A:A,C:C,C:C,T:T,A:A
ICMB 10222:3,A:A,T:T,A:A,A:A,A:A,T:T,T:T,T:G,A:A,G:G,T:T,A:A,A:A,G:G,G:G,G:G,A:A,A:A,G:G,C:C,C:C,C:C,T:T,C:C,G:G,A:A,C:C,C:C,T:T,A:A
ICMB 10222:4,A:A,T:T,A:A,A:A,A:A,T:T,T:T,T:G,A:A,G:G,T:T,A:A,A:A,G:G,G:G,G:G,A:A,A:A,G:G,C:C,C:C,C:C,T:T,C:C,G:G,A:A,C:C,C:C,T:T,A:A
ICMB 10222:5,A:A,T:T,A:A,A:A,A:A,T:T,T:T,T:G,A:A,G:G,T:T,A:A,A:A,G:G,G:G,G:G,A:A,A:A,G:G,C:C,C:C,C:C,T:T,C:C,G:G,A:A,C:C,C:C,T:T,A:A
ICMB 10777:1,G:G,T:T,A:A,A:A,A:A,T:T,T:T,T:G,A:A,G:G,T:T,A:A,A:A,G:G,T:T,A:A,A:A,A:A,G:G,C:C,T:T,C:C,T:T,C:C,G:G,A:A,C:C,C:C,T:T,A:A
ICMB 10777:2,G:G,T:T,A:A,A:A,A:A,T:T,T:T,T:G,A:A,G:G,T:T,A:A,A:A,G:G,T:T,A:A,A:A,A:A,G:G,C:C,T:T,C:C,T:T,C:C,G:G,A:A,C:C,C:C,T:T,A:A
ICMB 10777:3,G:G,T:T,A:A,A:A,A:A,T:T,T:T,T:G,A:A,G:G,T:T,A:A,A:A,G:G,T:T,A:A,A:A,A:A,G:G,C:C,T:T,C:C,T:T,C:C,G:G,A:A,C:C,C:C,T:T,A:A
ICMB 10777:4,G:G,T:T,A:A,A:A,A:A,T:T,T:T,T:G,A:A,G:G,T:T,A:A,A:A,G:G,T:T,A:A,A:A,A:A,G:G,C:C,T:T,C:C,T:T,C:C,G:G,A:A,C:C,C:C,T:T,A:A
ICMB 10777:5,G:G,T:T,A:A,A:A,A:A,T:T,T:T,T:G,A:A,G:G,T:T,A:A,A:A,G:G,T:T,A:A,A:A,A:A,G:G,C:C,T:T,C:C,T:T,C:C,G:G,A:A,C:C,C:C,T:T,A:A
ICMB 11222:10,G:G,C:C,A:A,T:T,G:G,T:T,T:T,G:G,A:A,G:G,C:C,C:C,G:G,G:G,T:T,A:A,A:A,A:A,A:A,C:C,T:T,C:C,T:T,T:T,G:G,A:A,C:C,C:C,C:C,G:G
ICMB 11222:11,G:G,C:C,A:A,T:T,G:G,T:T,T:T,G:G,A:A,G:G,C:C,C:C,G:G,G:G,T:T,A:A,A:A,A:A,A:A,C:C,T:T,C:C,T:T,T:T,G:G,A:A,C:C,C:C,C:C,G:G
ICMB 11222:12,G:G,C:C,A:A,T:T,G:G,T:T,T:T,G:G,A:A,G:G,C:C,C:C,G:G,G:G,T:T,A:A,A:A,A:A,A:A,C:C,T:T,C:C,T:T,T:T,G:G,A:A,C:C,C:C,C:C,G:G
ICMB 11222:13,G:G,C:C,A:A,T:T,G:G,T:T,T:T,G:G,A:A,G:G,C:C,C:C,G:G,G:G,T:T,A:A,A:A,A:A,A:A,C:C,T:T,C:C,T:T,T:T,G:G,A:A,C:C,C:C,C:C,G:G
ICMB 11222:9,G:G,C:C,A:A,T:T,G:G,T:T,T:T,G:G,A:A,G:G,C:C,C:C,G:G,G:G,T:T,A:A,A:A,A:A,A:A,C:C,T:T,C:C,T:T,T:T,G:G,A:A,C:C,C:C,C:C,G:G
ICMB 13777:1,G:G,T:T,A:A,A:A,A:A,T:T,T:T,G:G,G:G,G:G,T:T,A:A,A:A,G:G,G:G,G:G,A:A,A:A,A:A,C:C,C:C,C:C,T:T,C:C,G:G,A:A,C:C,C:C,T:T,A:A
ICMB 13777:2,G:G,T:T,A:A,A:A,A:A,T:T,T:T,G:G,G:G,G:G,T:T,A:A,A:A,G:G,G:G,G:G,A:A,A:A,A:A,C:C,C:C,C:C,T:T,C:C,G:G,A:A,C:C,C:C,T:T,A:A
ICMB 13777:3,G:G,T:T,A:A,A:A,A:A,T:T,T:T,G:G,G:G,G:G,T:T,A:A,A:A,G:G,G:G,G:G,A:A,A:A,A:A,C:C,C:C,C:C,T:T,C:C,G:G,A:A,C:C,C:C,T:T,A:A
ICMB 13777:4,G:G,T:T,A:A,A:A,A:A,T:T,T:T,G:G,G:G,G:G,T:T,A:A,A:A,G:G,G:G,G:G,A:A,A:A,A:A,C:C,C:C,C:C,T:T,C:C,G:G,A:A,C:C,C:C,T:T,A:A
ICMB 13777:5,G:G,T:T,A:A,A:A,A:A,T:T,T:T,G:G,G:G,G:G,T:T,A:A,A:A,G:G,G:G,G:G,A:A,A:A,A:A,C:C,C:C,C:C,T:T,C:C,G:G,A:A,C:C,C:C,T:T,A:A
ICMB 14222:1,A:A,C:C,A:A,T:T,A:A,T:T,T:T,G:G,G:G,C:C,T:T,A:A,G:G,G:G,G:G,A:A,A:A,G:G,G:G,C:C,T:T,A:A,T:T,C:C,G:G,A:A,C:C,T:T,C:C,G:G
ICMB 14222:10,A:A,C:C,A:A,T:T,A:A,T:T,T:T,G:G,G:G,C:C,T:T,A:A,G:G,G:G,G:G,A:A,A:A,A:A,A:A,C:C,T:T,A:A,T:T,C:C,G:G,A:A,C:C,T:T,C:C,G:G
ICMB 14222:11,A:A,C:C,A:A,T:T,A:A,T:T,T:T,G:G,G:G,C:C,T:T,A:A,G:G,G:G,G:G,A:A,A:A,A:A,A:A,C:C,T:T,A:A,T:T,C:C,G:G,A:A,C:C,T:T,C:C,G:G
ICMB 14222:12,A:A,C:C,A:A,T:T,A:A,T:T,T:T,G:G,G:G,C:C,T:T,A:A,G:G,G:G,G:G,A:A,A:A,G:G,G:G,C:C,T:T,A:A,T:T,C:C,G:G,A:A,C:C,T:T,C:C,G:G
ICMB 14222:13,A:A,C:C,A:A,T:T,A:A,T:T,T:T,G:G,G:G,C:C,T:T,A:A,G:G,G:G,G:G,A:A,A:A,A:A,A:A,C:C,T:T,A:A,T:T,C:C,G:G,A:A,C:C,T:T,C:C,G:G
ICMB 14222:14,A:A,C:C,A:A,T:T,A:A,T:T,T:T,G:G,G:G,C:C,T:T,A:A,G:G,G:G,G:G,A:A,A:A,G:G,G:G,C:C,T:T,A:A,T:T,C:C,G:G,A:A,C:C,T:T,C:C,G:G
ICMB 14222:15,A:A,C:C,A:A,T:T,A:A,T:T,T:T,G:G,G:G,C:C,T:T,A:A,G:G,G:G,G:G,A:A,A:A,A:A,A:A,C:C,T:T,A:A,T:T,C:C,G:G,A:A,C:C,T:T,C:C,G:G
ICMB 14222:16,A:A,C:C,A:A,T:T,A:A,T:T,T:T,G:G,G:G,C:C,T:T,A:A,G:G,G:G,G:G,A:A,A:A,A:A,A:A,C:C,T:T,A:A,T:T,C:C,G:G,A:A,C:C,T:T,C:C,G:G
ICMB 14222:17,A:A,C:C,A:A,T:T,A:A,T:T,T:T,G:G,G:G,C:C,T:T,A:A,G:G,G:G,G:G,A:A,A:A,G:G,G:G,C:C,T:T,A:A,T:T,C:C,G:G,A:A,C:C,T:T,C:C,G:G
ICMB 14222:18,A:A,C:C,G:A,T:T,A:A,T:T,T:T,G:G,G:G,Uncallable,T:T,A:A,G:G,G:G,G:G,A:A,A:A,G:G,G:G,C:C,T:T,A:A,T:T,C:C,G:G,A:A,C:C,T:T,C:C,G:G
ICMB 14222:19,A:A,C:C,A:A,T:T,A:A,T:T,T:T,G:G,G:G,C:C,T:T,A:A,G:G,G:G,G:G,A:A,A:A,G:G,G:G,C:C,T:T,A:A,T:T,C:C,G:G,A:A,C:C,T:T,C:C,G:G
ICMB 14222:2,A:A,C:C,A:A,T:T,A:A,T:T,T:T,G:G,G:G,C:C,T:T,A:A,G:G,G:G,G:G,A:A,A:A,G:G,G:G,C:C,T:T,A:A,T:T,C:C,G:G,A:A,C:C,T:T,C:C,G:G
ICMB 14222:20,A:A,C:C,A:A,T:T,A:A,T:T,T:T,G:G,G:G,C:C,T:T,A:A,G:G,G:G,G:G,A:A,A:A,G:G,G:G,C:C,T:T,A:A,T:T,C:C,G:G,A:A,C:C,T:T,C:C,G:G
ICMB 14222:21,A:A,C:C,A:A,T:T,A:A,T:T,T:T,G:G,G:G,C:C,T:T,A:A,G:G,G:G,G:G,A:A,A:A,G:G,G:G,C:C,T:T,A:A,T:T,C:C,G:G,A:A,C:C,T:T,C:C,G:G
ICMB 14222:3,A:A,C:C,A:A,T:T,A:A,T:T,T:T,G:G,G:G,C:C,T:T,A:A,G:G,G:G,G:G,A:A,A:A,G:G,G:G,C:C,T:T,A:A,T:T,C:C,G:G,A:A,C:C,T:T,C:C,G:G
ICMB 14222:4,A:A,C:C,A:A,T:T,A:A,T:T,T:T,G:G,G:G,C:C,T:T,A:A,G:G,G:G,G:G,A:A,A:A,G:G,G:G,C:C,T:T,A:A,T:T,C:C,G:G,A:A,C:C,T:T,C:C,G:G
ICMB 14222:5,A:A,C:C,A:A,T:T,A:A,T:T,T:T,G:G,G:G,C:C,T:T,A:A,G:G,G:G,G:G,A:A,A:A,G:G,G:G,C:C,T:T,A:A,T:T,C:C,G:G,A:A,C:C,T:T,C:C,G:G
ICMB 14222:6,A:A,C:C,A:A,T:T,A:A,T:T,T:T,G:G,G:G,C:C,T:T,A:A,G:G,G:G,G:G,A:A,A:A,G:G,G:G,C:C,T:T,A:A,T:T,C:C,G:G,A:A,C:C,T:T,C:C,G:G
ICMB 14222:7,A:A,C:C,A:A,T:T,A:A,T:T,T:T,G:G,G:G,C:C,T:T,A:A,G:G,G:G,G:G,A:A,A:A,G:G,G:G,C:C,T:T,A:A,T:T,C:C,?,A:A,C:C,T:T,C:C,?
ICMB 14222:8,A:A,C:C,A:A,T:T,A:A,T:T,T:T,G:G,G:G,C:C,T:T,A:A,G:G,G:G,G:G,A:A,A:A,G:G,G:G,C:C,T:T,A:A,T:T,C:C,G:G,A:A,C:C,T:T,C:C,G:G
ICMB 14222:9,A:A,C:C,A:A,T:T,A:A,T:T,T:T,G:G,G:G,C:C,T:T,A:A,G:G,G:G,G:G,A:A,A:A,G:G,G:G,C:C,T:T,A:A,T:T,C:C,G:G,A:A,C:C,T:T,C:C,G:G
ICMB 1502:1,G:G,T:T,A:A,T:T,G:G,C:C,C:C,T:T,G:G,G:G,T:T,A:A,G:G,G:G,G:G,G:G,G:G,A:A,A:A,C:C,T:T,A:A,A:A,T:T,T:T,A:A,G:G,T:T,C:C,A:A
ICMB 1502:2,G:G,T:T,A:A,T:T,G:G,C:C,C:C,T:T,G:G,G:G,T:T,A:A,G:G,G:G,G:G,G:G,G:G,A:A,A:A,C:C,T:T,A:A,A:A,T:T,T:T,A:A,G:G,T:T,C:C,A:A
ICMB 1502:3,G:G,T:T,A:A,T:T,G:G,C:C,C:C,T:T,G:G,G:G,T:T,A:A,G:G,G:G,G:G,G:G,G:G,A:A,A:A,C:C,T:T,A:A,A:A,T:T,T:T,A:A,G:G,T:T,C:C,A:A
ICMB 1502:4,G:G,T:T,A:A,T:T,G:G,C:C,C:C,T:T,G:G,G:G,T:T,A:A,G:G,G:G,G:G,G:G,G:G,A:A,A:A,C:C,T:T,A:A,A:A,T:T,T:T,A:A,G:G,T:T,C:C,A:A
ICMB 1502:5,G:G,T:T,A:A,T:T,G:G,C:C,C:C,T:T,G:G,G:G,T:T,A:A,G:G,G:G,G:G,G:G,G:G,A:A,A:A,C:C,T:T,A:A,A:A,T:T,T:T,A:A,G:G,T:T,C:C,A:A
ICMB 1508:1,G:G,T:T,G:G,A:A,G:G,T:T,T:T,G:G,A:A,C:C,T:T,A:A,A:A,A:A,G:G,A:A,A:A,G:G,G:G,C:C,T:T,A:A,T:T,T:T,G:G,A:A,G:G,T:T,C:C,G:G
ICMB 1508:10,G:G,T:T,G:G,A:A,G:G,T:T,T:T,G:G,A:A,C:C,T:T,A:A,A:A,A:A,G:G,A:A,A:A,G:G,G:G,C:C,T:T,A:A,T:T,T:T,G:G,A:A,G:G,T:T,C:C,G:G
ICMB 1508:11,G:G,T:T,G:G,A:A,G:G,T:T,T:T,G:G,A:A,C:C,T:T,A:A,A:A,A:A,G:G,A:A,A:A,G:G,G:G,C:C,T:T,A:A,T:T,T:T,G:G,A:A,G:G,T:T,C:C,G:G
ICMB 1508:12,G:G,T:T,G:G,A:A,G:G,T:T,T:T,G:G,A:A,C:C,T:T,A:A,A:A,A:A,G:G,A:A,A:A,G:G,G:G,C:C,T:T,A:A,T:T,T:T,G:G,A:A,G:G,T:T,C:C,G:G
ICMB 1508:2,G:G,T:T,G:G,A:A,G:G,T:T,T:T,G:G,A:A,C:C,T:T,A:A,A:A,A:A,G:G,A:A,A:A,G:G,G:G,C:C,T:T,A:A,T:T,T:T,G:G,A:A,G:G,T:T,C:C,G:G
ICMB 1508:3,G:G,T:T,G:G,A:A,G:G,T:T,T:T,G:G,A:A,C:C,T:T,A:A,A:A,A:A,G:G,A:A,A:A,G:G,G:G,C:C,T:T,A:A,T:T,T:T,G:G,A:A,G:G,T:T,C:C,G:G
ICMB 1508:4,G:G,T:T,G:G,A:A,G:G,T:T,T:T,G:G,A:A,C:C,T:T,A:A,A:A,A:A,G:G,A:A,A:A,G:G,G:G,C:C,T:T,A:A,T:T,T:T,G:G,A:A,G:G,T:T,C:C,G:G
ICMB 1508:5,G:G,T:T,G:G,A:A,G:G,T:T,T:T,G:G,A:A,C:C,T:T,A:A,A:A,A:A,G:G,A:A,A:A,G:G,G:G,C:C,T:T,A:A,T:T,T:T,G:G,A:A,G:G,T:T,C:C,G:G
ICMB 1508:6,G:G,T:T,G:G,A:A,G:G,T:T,T:T,G:G,A:A,C:C,T:T,A:A,A:A,A:A,G:G,A:A,A:A,G:G,G:G,C:C,T:T,A:A,T:T,T:T,G:G,A:A,G:G,T:T,C:C,G:G
ICMB 1508:7,G:G,T:T,G:G,A:A,G:G,T:T,T:T,G:G,A:A,C:C,T:T,A:A,A:A,A:A,G:G,A:A,A:A,G:G,G:G,C:C,T:T,A:A,T:T,T:T,G:G,A:A,G:G,T:T,C:C,G:G
ICMB 1508:8,G:G,T:T,G:G,A:A,G:G,T:T,T:T,G:G,A:A,C:C,T:T,A:A,A:A,A:A,G:G,A:A,A:A,G:G,G:G,C:C,T:T,A:A,T:T,T:T,G:G,A:A,G:G,T:T,C:C,G:G
ICMB 1508:9,G:G,T:T,G:G,A:A,G:G,T:T,T:T,G:G,A:A,C:C,T:T,A:A,A:A,A:A,G:G,A:A,A:A,G:G,G:G,C:C,T:T,A:A,T:T,T:T,G:G,A:A,G:G,T:T,C:C,G:G
ICMB 15666:1,G:G,C:C,G:G,T:T,G:G,C:C,C:C,G:G,A:A,G:G,C:C,A:A,G:G,A:A,G:G,A:A,A:A,A:A,G:G,C:C,T:T,C:C,A:A,T:T,G:G,A:A,C:C,T:T,T:T,A:A
ICMB 15666:2,G:G,C:C,G:G,T:T,G:G,C:C,C:C,G:G,A:A,G:G,C:C,A:A,G:G,A:A,G:G,A:A,A:A,A:A,G:G,C:C,T:T,C:C,A:A,T:T,G:G,A:A,C:C,T:T,T:T,A:A
ICMB 15666:3,G:G,C:C,G:G,T:T,G:G,C:C,C:C,G:G,A:A,G:G,C:C,A:A,G:G,A:A,G:G,A:A,A:A,A:A,G:G,C:C,T:T,C:C,A:A,T:T,G:G,A:A,C:C,T:T,T:T,A:A
ICMB 15666:4,G:G,C:C,G:G,T:T,G:G,C:C,C:C,G:G,A:A,G:G,C:C,A:A,G:G,A:A,G:G,A:A,A:A,A:A,G:G,C:C,T:T,C:C,A:A,T:T,G:G,A:A,C:C,T:T,T:T,A:A
ICMB 15666:5,G:G,C:C,G:G,T:T,G:G,C:C,C:C,G:G,A:A,G:G,C:C,A:A,G:G,A:A,G:G,A:A,A:A,A:A,G:G,C:C,T:T,C:C,A:A,T:T,G:G,A:A,C:C,T:T,T:T,A:A
ICMB 15777:1,A:A,C:C,G:G,A:A,A:A,T:T,C:C,G:G,A:A,C:C,C:C,A:A,G:G,G:G,G:G,G:G,A:A,A:A,G:G,C:C,T:T,C:C,T:T,C:C,G:G,A:A,C:C,T:T,C:C,G:G
ICMB 15777:2,A:A,C:C,G:G,A:A,A:A,T:T,C:C,G:G,A:A,C:C,C:C,A:A,G:G,G:G,G:G,G:G,A:A,A:A,G:G,C:C,T:T,C:C,T:T,C:C,G:G,A:A,C:C,T:T,C:C,G:G
ICMB 15777:3,A:A,C:C,G:G,A:A,A:A,T:T,C:C,G:G,A:A,C:C,C:C,A:A,G:G,G:G,G:G,G:G,A:A,A:A,G:G,C:C,T:T,C:C,T:T,C:C,G:G,A:A,C:C,T:T,C:C,G:G
ICMB 15777:4,A:A,C:C,G:G,A:A,A:A,T:T,C:C,G:G,A:A,C:C,C:C,A:A,G:G,G:G,G:G,G:G,A:A,A:A,G:G,C:C,T:T,C:C,T:T,C:C,G:G,A:A,C:C,T:T,C:C,G:G
ICMB 15777:5,A:A,C:C,G:G,A:A,A:A,T:T,C:C,G:G,A:A,C:C,C:C,A:A,G:G,G:G,G:G,G:G,A:A,A:A,G:G,C:C,T:T,C:C,T:T,C:C,G:G,A:A,C:C,T:T,C:C,G:G
ICMB 1608:1,G:G,T:T,G:G,T:T,G:G,C:C,C:C,T:G,G:G,G:G,T:T,A:A,G:G,A:A,T:T,G:G,G:G,A:A,A:A,C:C,T:T,A:A,A:A,T:T,T:T,A:A,G:G,C:C,C:C,A:A
ICMB 1608:2,G:G,T:T,G:G,T:T,G:G,C:C,C:C,T:G,G:G,G:G,T:T,A:A,G:G,A:A,T:T,G:G,G:G,A:A,A:A,C:C,T:T,A:A,A:A,T:T,T:T,A:A,G:G,C:C,C:C,A:A
ICMB 1608:3,G:G,T:T,G:G,T:T,G:G,C:C,C:C,T:G,G:G,G:G,T:T,A:A,G:G,A:A,T:T,G:G,G:G,A:A,A:A,C:C,T:T,A:A,A:A,T:T,T:T,A:A,G:G,C:C,C:C,A:A
ICMB 1608:4,G:G,T:T,G:G,T:T,G:G,C:C,C:C,T:G,G:G,G:G,T:T,A:A,G:G,A:A,T:T,G:G,G:G,A:A,A:A,C:C,T:T,A:A,A:A,T:T,T:T,A:A,G:G,C:C,C:C,A:A
ICMB 1608:5,G:G,T:T,G:G,T:T,G:G,C:C,C:C,T:G,G:G,G:G,T:T,A:A,G:G,A:A,T:T,G:G,G:G,A:A,A:A,C:C,T:T,A:A,A:A,T:T,T:T,A:A,G:G,C:C,C:C,A:A
ICMB 16222:1,A:A,C:C,G:G,A:A,A:A,T:T,C:C,G:G,A:A,C:C,T:T,C:C,G:G,A:A,G:G,A:A,A:A,A:A,G:G,C:C,C:C,A:A,T:T,T:T,T:T,A:A,G:G,T:T,C:C,A:A
ICMB 16222:2,A:A,C:C,G:G,A:A,A:A,T:T,C:C,G:G,A:A,C:C,T:T,C:C,G:G,A:A,G:G,A:A,A:A,A:A,G:G,C:C,C:C,A:A,T:T,T:T,T:T,A:A,G:G,T:T,C:C,A:A
ICMB 16222:3,A:A,C:C,G:G,A:A,A:A,T:T,C:C,G:G,A:A,C:C,T:T,C:C,G:G,A:A,G:G,A:A,A:A,A:A,G:G,C:C,C:C,A:A,T:T,T:T,T:T,A:A,G:G,T:T,C:C,A:A
ICMB 16222:4,A:A,C:C,G:G,A:A,A:A,T:T,C:C,G:G,A:A,C:C,T:T,C:C,G:G,A:A,G:G,A:A,A:A,A:A,G:G,C:C,C:C,A:A,T:T,T:T,T:T,A:A,G:G,T:T,C:C,A:A
ICMB 16222:5,A:A,C:C,G:G,A:A,A:A,T:T,C:C,G:G,A:A,C:C,T:T,C:C,G:G,A:A,G:G,A:A,A:A,A:A,G:G,C:C,C:C,A:A,T:T,T:T,T:T,A:A,G:G,T:T,C:C,A:A
ICMB 16444:1,A:A,T:T,G:G,A:A,A:A,T:T,T:T,G:G,A:A,C:C,C:C,A:A,G:G,A:A,G:G,A:A,A:A,A:A,G:G,C:C,T:T,C:C,T:T,C:C,G:G,A:A,C:C,T:T,C:C,A:A
ICMB 16444:2,A:A,T:T,G:G,A:A,A:A,T:T,T:T,G:G,A:A,C:C,C:C,A:A,G:G,A:A,G:G,A:A,A:A,A:A,G:G,C:C,T:T,C:C,T:T,C:C,G:G,A:A,C:C,T:T,C:C,A:A
ICMB 16444:3,A:A,T:T,G:G,A:A,A:A,T:T,T:T,G:G,A:A,C:C,C:C,A:A,G:G,A:A,G:G,A:A,A:A,A:A,G:G,C:C,T:T,C:C,T:T,C:C,G:G,A:A,C:C,T:T,C:C,A:A
ICMB 16444:4,A:A,T:T,G:G,A:A,A:A,T:T,T:T,G:G,A:A,C:C,C:C,A:A,G:G,A:A,G:G,A:A,A:A,A:A,G:G,C:C,T:T,C:C,T:T,C:C,G:G,A:A,C:C,T:T,C:C,A:A
ICMB 16444:5,A:A,T:T,G:G,A:A,A:A,T:T,T:T,G:G,A:A,C:C,C:C,A:A,G:G,A:A,G:G,A:A,A:A,A:A,G:G,C:C,T:T,C:C,T:T,C:C,G:G,A:A,C:C,T:T,C:C,A:A
ICMB 16666:1,G:G,C:C,G:G,A:A,A:A,T:T,C:C,G:G,A:A,G:G,T:T,C:C,G:G,A:A,G:G,G:G,A:A,A:A,G:G,G:G,T:T,C:C,T:T,C:C,G:G,A:A,C:C,T:T,C:C,A:A
ICMB 16666:2,G:G,C:C,G:G,A:A,A:A,T:T,C:C,G:G,?,G:G,T:T,C:C,G:G,A:A,G:G,G:G,A:A,A:A,G:G,G:G,T:T,C:C,T:T,C:C,G:G,A:A,C:C,T:T,C:C,A:A
ICMB 16666:3,G:G,C:C,G:G,A:A,A:A,T:T,C:C,G:G,G:G,G:G,T:T,C:C,G:G,A:A,G:G,G:G,A:A,A:A,G:G,G:G,T:T,C:C,T:T,C:C,G:G,A:A,C:C,T:T,C:C,A:A
ICMB 16666:4,G:G,C:C,G:G,A:A,A:A,T:T,C:C,G:G,G:G,G:G,T:T,C:C,G:G,A:A,G:G,G:G,A:A,A:A,G:G,G:G,T:T,C:C,T:T,C:C,G:G,A:A,C:C,T:T,C:C,A:A
ICMB 16666:5,G:G,C:C,G:G,A:A,A:A,T:T,C:C,G:G,G:A,G:G,T:T,C:C,G:G,A:A,G:G,G:G,A:A,A:A,G:G,G:G,T:T,C:C,T:T,C:C,G:G,A:A,C:C,T:T,C:C,A:A
ICMB 17333:1,G:G,C:C,G:G,A:A,A:A,C:C,T:T,G:G,A:A,G:G,T:T,C:C,G:G,G:G,T:T,A:A,A:A,A:A,A:A,G:G,C:C,A:A,T:T,C:C,G:G,A:A,C:C,T:T,C:C,G:G
ICMB 17333:2,G:G,C:C,G:G,A:A,A:A,C:C,T:T,G:G,A:A,G:G,T:T,C:C,G:G,G:G,T:T,A:A,A:A,A:A,A:A,G:G,C:C,A:A,T:T,C:C,G:G,A:A,C:C,T:T,C:C,G:G
ICMB 17333:3,G:G,C:C,G:G,A:A,A:A,C:C,T:T,G:G,A:A,G:G,T:T,C:C,G:G,G:G,T:T,A:A,A:A,A:A,A:A,G:G,C:C,A:A,T:T,C:C,G:G,A:A,C:C,T:T,C:C,G:G
ICMB 17333:4,G:G,C:C,G:A,A:T,A:A,C:T,C:T,G:G,A:A,G:G,T:T,C:A,G:G,G:G,T:T,A:A,A:A,A:A,A:A,G:C,C:C,A:C,T:T,C:T,G:T,A:A,C:C,T:T,C:C,A:G
ICMB 17333:5,G:G,C:C,G:G,A:A,A:A,C:C,T:T,G:G,A:A,G:G,T:T,C:C,G:G,G:G,T:T,A:A,A:A,A:A,A:A,G:G,C:C,A:A,T:T,C:C,G:G,A:A,C:C,T:T,C:C,G:G
ICMB 17333:6,G:G,C:C,G:G,A:A,A:A,C:C,T:T,G:G,A:A,G:G,T:T,C:C,G:G,G:G,T:T,A:A,A:A,A:A,A:A,G:G,C:C,A:A,T:T,C:C,G:G,A:A,C:C,T:T,C:C,G:G
ICMB 17333:7,G:G,C:C,G:G,A:A,A:A,C:C,T:T,G:G,A:A,G:G,T:T,C:C,G:G,G:G,T:T,A:A,A:A,A:A,A:A,G:G,C:C,A:A,T:T,C:C,G:G,A:A,C:C,T:T,C:C,G:G
ICMB 17333:8,G:G,C:C,G:G,A:A,A:A,C:C,T:T,G:G,A:A,G:G,T:T,C:C,G:G,G:G,T:T,A:A,A:A,A:A,A:A,G:G,C:C,A:A,T:T,C:C,G:G,A:A,C:C,T:T,C:C,G:G
ICMB 17555:1,G:G,C:C,G:G,T:T,A:A,T:T,T:T,G:G,A:A,C:C,T:T,A:A,A:A,A:A,T:T,A:A,A:A,G:G,G:G,G:G,C:C,A:A,T:T,C:C,G:G,A:A,C:C,T:T,T:T,G:G
ICMB 17555:10,G:G,C:C,G:G,A:A,A:A,T:T,C:T,T:G,A:A,C:C,T:T,C:C,A:A,G:G,G:G,G:G,A:A,A:A,G:G,C:C,T:T,C:C,T:T,C:C,G:G,A:A,C:C,T:T,C:C,G:G
ICMB 17555:11,G:G,C:C,G:G,A:A,A:A,T:T,T:T,T:G,A:A,C:C,T:T,C:C,A:A,G:G,G:G,G:G,A:A,A:A,G:G,C:C,T:T,C:C,T:T,C:C,G:G,A:A,C:C,T:T,C:C,G:G
ICMB 17555:12,G:G,C:C,G:G,A:A,A:A,T:T,C:T,T:G,A:A,C:C,T:T,C:C,A:A,G:G,G:G,G:G,A:A,A:A,G:G,C:C,T:T,C:C,T:T,C:C,G:G,A:A,C:C,T:T,C:C,G:G
ICMB 17555:13,G:G,C:C,G:G,A:A,A:A,T:T,T:T,T:G,A:A,C:C,T:T,C:C,A:A,G:G,G:G,G:G,A:A,A:A,G:G,C:C,T:T,C:C,T:T,C:C,G:G,A:A,C:C,T:T,C:C,G:G
ICMB 17555:2,G:G,C:C,G:G,T:T,A:A,T:T,T:T,G:G,A:A,C:C,T:T,A:A,A:A,A:A,T:T,A:A,A:A,G:G,G:G,G:G,C:C,A:A,T:T,C:C,G:G,A:A,C:C,T:T,T:T,G:G
ICMB 17555:3,G:G,C:C,G:G,T:T,A:A,T:T,T:T,G:G,A:A,C:C,T:T,A:A,A:A,A:A,T:T,A:A,A:A,G:G,G:G,G:G,C:C,A:A,T:T,C:C,G:G,A:A,C:C,T:T,T:T,G:G
ICMB 17555:4,G:G,C:C,G:G,T:T,A:A,T:T,T:T,G:G,A:A,C:C,T:T,A:A,A:A,A:A,T:T,A:A,A:A,G:G,G:G,G:G,C:C,A:A,T:T,C:C,G:G,A:A,C:C,T:T,T:T,G:G
ICMB 17555:5,G:G,C:C,G:G,T:T,A:A,T:T,T:T,G:G,A:A,C:C,T:T,A:A,A:A,A:A,T:T,A:A,A:A,G:G,G:G,G:G,C:C,A:A,T:T,C:C,G:G,A:A,C:C,T:T,T:T,G:G
ICMB 17555:6,G:G,C:C,G:G,T:T,A:A,T:T,T:T,G:G,A:A,C:C,T:T,A:A,A:A,A:A,T:T,A:A,A:A,G:G,G:G,G:G,C:C,A:A,T:T,C:C,G:G,A:A,C:C,T:T,T:T,G:G
ICMB 17555:7,G:G,C:C,G:G,T:T,A:A,T:T,T:T,G:G,A:A,C:C,T:T,A:A,A:A,A:A,T:T,A:A,A:A,G:G,G:G,G:G,C:C,A:A,T:T,C:C,G:G,A:A,C:C,T:T,T:T,G:G
ICMB 17555:8,G:G,C:C,G:G,T:T,A:A,T:T,T:T,G:G,A:A,C:C,T:T,A:A,A:A,A:A,T:T,A:A,A:A,G:G,G:G,G:G,C:C,A:A,T:T,C:C,G:G,A:A,C:C,T:T,T:T,G:G
ICMB 17555:9,G:G,C:C,G:G,A:A,A:A,T:T,C:T,T:G,A:A,C:C,T:T,C:C,A:A,G:G,G:G,G:G,A:A,A:A,G:G,C:C,T:T,C:C,T:T,C:C,G:G,A:A,C:C,T:T,C:C,G:G
ICMB 18111:1,G:G,C:C,A:A,A:A,A:A,C:C,C:C,G:G,G:G,G:G,C:C,C:C,G:G,G:G,G:G,G:G,A:A,G:G,A:A,G:G,C:C,A:A,A:A,T:T,G:G,A:A,C:C,T:T,T:T,A:A
ICMB 18111:2,G:G,C:C,A:A,A:A,A:A,C:C,C:C,G:G,G:G,G:G,C:C,C:C,G:G,G:G,G:G,G:G,A:A,G:G,A:A,G:G,C:C,A:A,A:A,T:T,G:G,A:A,C:C,T:T,T:T,A:A
ICMB 18111:3,G:G,C:C,A:A,A:A,A:A,C:C,C:C,G:G,G:G,G:G,C:C,C:C,G:G,G:G,G:G,G:G,A:A,G:G,A:A,G:G,C:C,A:A,A:A,T:T,G:G,A:A,C:C,T:T,T:T,A:A
ICMB 18111:4,G:G,C:C,A:A,A:A,A:A,C:C,C:C,G:G,G:G,G:G,C:C,C:C,G:G,G:G,G:G,G:G,A:A,G:G,A:A,G:G,C:C,A:A,A:A,T:T,G:G,A:A,C:C,T:T,T:T,A:A
ICMB 18111:5,G:G,C:C,A:A,A:A,A:A,C:C,C:C,G:G,G:G,G:G,C:C,C:C,G:G,G:G,G:G,G:G,A:A,G:G,A:A,G:G,C:C,A:A,A:A,T:T,G:G,A:A,C:C,T:T,T:T,A:A
ICMB 18333:1,G:G,T:T,A:A,A:T,A:A,T:T,T:T,T:G,A:A,G:G,T:T,A:A,A:A,G:G,T:T,A:A,A:A,A:A,G:G,C:C,T:T,C:C,T:T,C:C,G:G,A:A,C:C,C:C,T:T,A:A
ICMB 18333:2,G:G,T:T,A:A,Uncallable,A:A,T:T,T:T,T:G,A:A,G:G,T:T,A:A,A:A,G:G,T:T,A:A,A:A,A:A,G:G,C:C,T:T,C:C,T:T,C:C,G:G,A:A,C:C,C:C,T:T,A:A
ICMB 18333:3,G:G,T:T,A:A,T:T,A:A,T:T,T:T,T:G,A:A,G:G,T:T,A:A,A:A,G:G,T:T,A:A,A:A,A:A,G:G,C:C,T:T,C:C,T:T,C:C,G:G,A:A,C:C,C:C,T:T,A:A
ICMB 18333:4,G:G,T:T,A:A,A:T,A:A,T:T,T:T,T:G,A:A,G:G,T:T,A:A,A:A,G:G,T:T,A:A,A:A,A:A,G:G,C:C,T:T,C:C,T:T,C:C,G:G,A:A,C:C,C:C,T:T,A:A
ICMB 18333:5,G:G,T:T,A:A,A:T,A:A,T:T,T:T,T:G,A:A,G:G,T:T,A:A,A:A,G:G,T:T,A:A,A:A,A:A,G:G,C:C,T:T,C:C,T:T,C:C,G:G,A:A,C:C,C:C,T:T,A:A
ICMB 18444:1,A:A,C:C,G:G,A:A,A:A,T:T,C:C,G:G,A:A,C:C,C:C,A:A,G:G,G:G,G:G,G:G,A:A,A:A,G:G,C:C,T:T,C:C,T:T,C:C,G:G,A:A,C:C,T:T,C:C,G:G
ICMB 18444:2,A:A,C:C,G:G,A:A,A:A,T:T,C:C,G:G,A:A,C:C,C:C,A:A,G:G,G:G,G:G,G:G,A:A,A:A,G:G,C:C,T:T,C:C,T:T,C:C,G:G,A:A,C:C,T:T,C:C,G:G
ICMB 18444:3,A:A,C:C,G:G,A:A,A:A,T:T,C:C,G:G,A:A,C:C,C:C,A:A,G:G,G:G,G:G,G:G,A:A,A:A,G:G,C:C,T:T,C:C,T:T,C:C,G:G,A:A,C:C,T:T,C:C,G:G
ICMB 18444:4,G:G,T:T,A:A,A:T,A:A,T:T,T:T,T:G,A:A,G:G,T:T,A:A,A:A,G:G,T:T,A:A,A:A,A:A,G:G,C:C,T:T,C:C,T:T,C:C,G:G,A:A,C:C,C:C,T:T,A:A
ICMB 18444:5,G:G,T:T,A:A,A:A,A:A,T:T,T:T,T:G,A:A,G:G,T:T,A:A,A:A,G:G,T:T,A:A,A:A,A:A,G:G,C:C,T:T,C:C,T:T,C:C,G:G,A:A,C:C,C:C,T:T,A:A
ICMB 18444:6,G:G,T:T,A:A,A:T,A:A,T:T,T:T,T:G,A:A,G:G,T:T,A:A,A:A,G:G,T:T,A:A,A:A,A:A,G:G,C:C,T:T,C:C,T:T,C:C,G:G,A:A,C:C,C:C,T:T,A:A
ICMB 18444:7,G:G,T:T,A:A,A:A,A:A,T:T,T:T,T:G,A:A,G:G,T:T,A:A,A:A,G:G,T:T,A:A,A:A,A:A,G:G,C:C,T:T,C:C,T:T,C:C,G:G,A:A,C:C,C:C,T:T,A:A
ICMB 18444:8,G:G,T:T,A:A,A:A,A:A,T:T,T:T,T:G,A:A,G:G,T:T,A:A,A:A,G:G,T:T,A:A,A:A,A:A,G:G,C:C,T:T,C:C,T:T,C:C,G:G,A:A,C:C,C:C,T:T,A:A
ICMB 18666:1,G:G,C:C,G:G,A:A,G:G,C:C,C:C,G:G,A:A,G:G,C:C,A:A,G:G,G:G,G:G,G:G,A:A,A:A,G:G,C:C,T:T,C:C,A:A,C:C,G:G,A:A,C:C,T:T,T:T,A:A
ICMB 18666:2,G:G,C:C,G:G,A:T,G:G,C:C,C:C,G:G,A:A,G:G,C:C,A:A,G:G,G:G,G:G,G:G,A:A,A:A,G:G,C:C,T:T,C:C,A:A,C:C,G:G,A:A,C:C,T:T,T:T,A:A
ICMB 18666:3,G:G,C:C,G:G,A:A,G:G,C:C,C:C,G:G,A:A,G:G,C:C,A:A,G:G,G:G,G:G,G:G,A:A,A:A,G:G,C:C,T:T,C:C,A:A,C:C,G:G,A:A,C:C,T:T,T:T,A:A
ICMB 18666:4,G:G,C:C,G:G,A:A,G:G,C:C,C:C,G:G,A:A,G:G,C:C,A:A,G:G,G:G,G:G,G:G,A:A,A:A,G:G,C:C,T:T,C:C,A:A,C:C,G:G,A:A,C:C,T:T,T:T,A:A
ICMB 18666:5,G:G,C:C,G:G,A:A,G:G,C:C,C:C,G:G,A:A,G:G,C:C,A:A,G:G,G:G,G:G,G:G,A:A,A:A,G:G,C:C,T:T,C:C,A:A,C:C,G:G,A:A,C:C,T:T,T:T,A:A
ICMB 18777:1,G:G,C:C,G:G,T:T,A:A,T:T,T:T,G:G,A:A,C:C,T:T,A:A,A:A,A:A,?,A:A,A:A,G:G,G:G,G:G,C:C,C:C,T:T,C:C,G:G,A:A,C:C,C:C,C:C,G:G
ICMB 18777:2,G:G,C:C,G:G,T:T,A:A,T:T,T:T,G:G,A:A,C:C,T:T,A:A,A:A,A:A,?,A:A,A:A,G:G,G:G,G:G,C:C,C:C,T:T,C:C,G:G,A:A,C:C,C:C,C:C,G:G
ICMB 18777:3,G:G,C:C,G:G,T:T,A:A,T:T,T:T,G:G,A:A,C:C,T:T,A:A,A:A,A:A,?,A:A,A:A,G:G,G:G,G:G,C:C,C:C,T:T,C:C,G:G,A:A,C:C,C:C,C:C,G:G
ICMB 18777:4,G:G,C:C,G:G,T:T,A:A,T:T,T:T,G:G,A:A,C:C,T:T,A:A,A:A,A:A,?,A:A,A:A,G:G,G:G,G:G,C:C,C:C,T:T,C:C,G:G,A:A,C:C,C:C,C:C,G:G
ICMB 18777:5,G:G,C:C,G:G,T:T,A:A,T:T,T:T,G:G,A:A,C:C,T:T,A:A,A:A,A:A,G:G,A:A,A:A,G:G,G:G,G:G,C:C,C:C,T:T,C:C,G:G,A:A,C:C,C:C,C:C,G:G
ICMB 18777:6,G:G,C:C,G:G,T:T,A:A,T:T,T:T,G:G,A:A,C:C,T:T,A:A,A:A,A:A,G:G,A:A,A:A,G:G,G:G,G:G,C:C,C:C,T:T,C:C,G:G,A:A,C:C,C:C,C:C,G:G
ICMB 18777:7,G:G,C:C,G:G,T:T,A:A,T:T,T:T,G:G,A:A,C:C,T:T,A:A,A:A,A:A,T:G,A:A,A:A,G:G,G:G,G:G,C:C,C:C,T:T,C:C,G:G,A:A,C:C,C:C,C:C,G:G
ICMB 18777:8,G:G,C:C,G:G,T:T,A:A,T:T,T:T,G:G,A:A,C:C,T:T,A:A,A:A,A:A,T:G,A:A,A:A,G:G,G:G,G:G,C:C,C:C,T:T,C:C,G:G,A:A,C:C,C:C,C:C,G:G
ICMB 18888:1,G:G,C:C,G:G,T:T,A:A,T:T,C:C,G:G,A:A,C:C,T:T,A:A,G:G,A:A,T:T,A:A,A:A,A:A,G:G,G:G,T:T,C:C,T:T,C:C,G:G,A:A,C:C,T:T,C:C,A:A
ICMB 18888:2,G:G,C:C,G:G,T:T,A:A,T:T,C:C,G:G,A:A,C:C,T:T,A:A,G:G,A:A,T:T,A:A,A:A,A:A,G:G,G:G,T:T,C:C,T:T,C:C,G:G,A:A,C:C,T:T,C:C,A:A
ICMB 18888:3,G:G,C:C,G:G,T:T,A:A,T:T,C:C,G:G,A:A,C:C,T:T,A:A,G:G,A:A,T:T,A:A,A:A,A:A,G:G,G:G,T:T,C:C,T:T,C:C,G:G,A:A,C:C,T:T,C:C,A:A
ICMB 18888:4,G:G,C:C,G:G,T:T,A:A,T:T,C:C,G:G,A:A,C:C,T:T,A:A,G:G,A:A,T:T,A:A,A:A,A:A,G:G,G:G,T:T,C:C,T:T,C:C,G:G,A:A,C:C,T:T,C:C,A:A
ICMB 18888:5,G:G,C:C,G:G,T:T,A:A,T:T,C:C,G:G,A:A,C:C,T:T,A:A,G:G,A:A,T:T,A:A,A:A,A:A,G:G,G:G,T:T,C:C,T:T,C:C,?,A:A,C:C,T:T,C:C,?
ICMB 18888:6,G:G,C:C,G:G,T:T,A:A,T:T,C:C,G:G,A:A,C:C,T:T,A:A,G:G,A:A,T:T,A:A,A:A,A:A,G:G,G:G,T:T,C:C,T:T,C:C,G:G,A:A,C:C,T:T,C:C,A:A
ICMB 18888:7,G:G,C:C,G:G,T:T,A:A,T:T,C:C,G:G,A:A,C:C,T:T,A:A,G:G,A:A,T:T,A:A,A:A,A:A,G:G,G:G,T:T,C:C,T:T,C:C,G:G,A:A,C:C,T:T,C:C,A:A
ICMB 18888:8,G:G,C:C,G:G,T:T,A:A,T:T,C:C,G:G,?,C:C,T:T,A:A,G:G,A:A,T:T,A:A,A:A,A:A,G:G,G:G,T:T,C:C,T:T,C:C,G:G,A:A,C:C,T:T,C:C,A:A
ICMB 99555:1,A:A,C:C,G:G,A:A,A:A,T:T,C:C,G:G,A:A,C:C,C:C,A:A,G:G,G:G,G:G,G:G,A:A,A:A,G:G,C:C,T:T,C:C,T:T,C:C,G:G,A:A,C:C,T:T,C:C,G:G
ICMB 99555:2,A:A,C:C,G:G,A:A,A:A,T:T,C:C,G:G,A:A,C:C,C:C,A:A,G:G,G:G,G:G,G:G,A:A,A:A,G:G,C:C,T:T,C:C,T:T,C:C,G:G,A:A,C:C,T:T,C:C,G:G
ICMB 99555:3,A:A,C:C,G:G,A:A,A:A,T:T,C:C,G:G,A:A,C:C,C:C,A:A,G:G,G:G,G:G,G:G,A:A,A:A,G:G,C:C,T:T,C:C,T:T,C:C,G:G,A:A,C:C,T:T,C:C,G:G
ICMB 99555:4,A:A,C:C,G:G,A:A,A:A,T:T,C:C,G:G,A:A,C:C,C:C,A:A,G:G,G:G,G:G,G:G,A:A,A:A,G:G,C:C,T:T,C:C,T:T,C:C,G:G,A:A,C:C,T:T,C:C,G:G
ICMB 99555:5,A:A,C:C,G:G,A:A,A:A,T:T,C:C,G:G,A:A,C:C,C:C,A:A,G:G,G:G,G:G,G:G,A:A,A:A,G:G,C:C,T:T,C:C,T:T,C:C,G:G,A:A,C:C,T:T,C:C,G:G
ICMB 99555:6,A:A,C:C,G:G,A:A,A:A,T:T,C:C,G:G,A:A,C:C,C:C,A:A,G:G,G:G,G:G,G:G,A:A,A:A,G:G,C:C,T:T,C:C,T:T,C:C,G:G,A:A,C:C,?,C:C,G:G
ICMB 99555:7,A:A,C:C,G:G,A:A,A:A,T:T,Uncallable,G:G,A:A,C:C,C:C,A:A,G:G,G:G,G:G,G:G,A:A,A:A,G:G,C:C,T:T,C:C,T:T,C:C,G:G,A:A,C:C,T:T,C:C,G:G
ICMB 99555:8,A:A,C:C,G:G,A:A,A:A,T:T,C:C,G:G,A:A,C:C,C:C,A:A,G:G,G:G,G:G,G:G,A:A,A:A,G:G,C:C,T:T,C:C,T:T,C:C,G:G,A:A,C:C,T:T,C:C,G:G
ICMP 100070:1,A:A,T:T,G:G,T:T,G:G,T:T,C:C,T:T,G:G,G:G,T:T,C:C,G:G,A:A,T:T,G:G,G:G,G:G,A:A,C:C,C:C,A:A,T:T,T:T,T:T,C:C,C:C,T:T,T:T,A:A
ICMP 100070:2,A:A,T:T,G:G,T:T,G:G,T:T,C:C,T:T,G:G,G:G,T:T,C:C,G:G,A:A,T:T,G:G,G:G,G:G,A:A,C:C,C:C,A:A,T:T,T:T,T:T,C:C,C:C,T:T,T:T,A:A
ICMP 100070:3,A:A,T:T,G:G,T:T,G:G,T:T,C:C,T:T,G:G,G:G,T:T,C:C,G:G,A:A,T:T,G:G,G:G,G:G,A:A,C:C,C:C,A:A,T:T,T:T,T:T,C:C,C:C,T:T,T:T,A:A
ICMP 100070:4,A:A,T:T,G:G,T:T,G:G,T:T,C:C,T:T,G:G,G:G,T:T,C:C,G:G,A:A,T:T,G:G,G:G,G:G,A:A,C:C,C:C,A:A,T:T,T:T,T:T,C:C,C:C,T:T,T:T,A:A
ICMP 100070:5,A:A,T:T,G:G,T:T,G:G,T:T,C:C,T:T,G:G,G:G,T:T,C:C,G:G,A:A,T:T,G:G,G:G,G:G,A:A,C:C,C:C,A:A,T:T,T:T,T:T,C:C,C:C,T:T,T:T,A:A
ICMP 100070:6,A:A,T:T,G:G,T:T,G:G,T:T,C:C,T:T,G:G,G:G,T:T,C:C,G:G,A:A,T:T,G:G,G:G,G:G,A:A,C:C,C:C,A:A,T:T,T:T,T:T,C:C,G:C,T:T,T:T,A:A
ICMP 100070:7,A:A,T:T,G:G,T:T,G:G,T:T,C:C,T:T,G:G,G:G,T:T,C:C,G:G,A:A,T:T,G:G,G:G,G:G,A:A,C:C,C:C,A:A,T:T,T:T,T:T,C:C,G:G,T:T,T:T,A:A
ICMP 100070:8,A:A,T:T,G:G,T:T,G:G,T:T,C:C,T:T,G:G,G:G,T:T,C:C,G:G,A:A,T:T,G:G,G:G,G:G,A:A,C:C,C:C,A:A,T:T,T:T,T:T,C:C,C:C,T:T,T:T,A:A
ICMP 100126:1,G:G,T:T,G:G,A:A,G:G,C:C,C:C,T:T,?,G:G,C:C,A:A,A:A,A:A,T:T,G:G,G:A,G:G,A:A,C:C,T:T,A:A,A:A,T:T,T:T,A:A,C:C,T:T,C:C,A:A
ICMP 100126:2,G:G,T:T,G:G,A:A,G:G,C:C,C:C,T:T,?,G:G,C:C,A:A,A:A,A:A,T:T,G:G,G:A,G:G,A:A,C:C,T:T,A:A,A:A,T:T,T:T,A:A,C:C,T:T,C:C,A:A
ICMP 100126:3,G:G,T:T,G:G,A:A,G:G,C:C,C:C,T:T,A:A,G:G,C:C,A:A,A:A,A:A,T:T,G:G,G:A,G:G,A:A,C:C,T:T,A:A,A:A,T:T,T:T,A:A,C:C,T:T,C:C,A:A
ICMP 100126:4,G:G,T:T,G:G,A:A,G:G,C:C,C:C,T:T,?,G:G,C:C,A:A,A:A,A:A,T:T,G:G,G:A,G:G,A:A,C:C,T:T,A:A,A:A,T:T,T:T,A:A,C:C,T:T,C:C,A:A
ICMP 100126:5,G:G,T:T,G:G,A:A,G:G,C:C,C:C,T:T,G:G,G:G,C:C,A:A,A:A,A:A,T:T,G:G,G:A,G:G,A:A,C:C,T:T,A:A,A:A,T:T,T:T,A:A,C:C,T:T,C:C,A:A
ICMP 100126:6,G:G,T:T,G:G,A:A,G:G,C:C,C:C,T:T,?,G:G,C:C,A:A,A:A,A:A,T:T,G:G,G:A,G:G,A:A,C:C,T:T,A:A,A:A,T:T,T:T,A:A,C:C,T:T,C:C,A:A
ICMP 100126:7,G:G,T:T,G:G,A:A,G:G,C:C,C:C,T:T,?,G:G,C:C,A:A,A:A,A:A,T:T,G:G,G:A,G:G,A:A,C:C,T:T,A:A,A:A,T:T,T:T,A:A,C:C,T:T,C:C,A:A
ICMP 100126:8,G:G,T:T,G:G,A:A,G:G,C:C,C:C,T:T,?,G:G,C:C,A:A,A:A,A:A,T:T,G:G,G:A,G:G,A:A,C:C,T:T,A:A,A:A,T:T,T:T,A:A,C:C,T:T,C:C,A:A
ICMR 06222:1,A:A,T:T,G:G,T:T,A:A,T:T,T:T,G:G,G:G,G:G,T:T,A:A,A:A,G:G,G:G,G:G,A:A,A:A,G:G,C:C,T:T,C:C,A:A,C:C,T:T,C:C,G:G,C:C,T:T,G:G
ICMR 06222:2,A:A,T:T,G:G,T:T,A:A,T:T,T:T,G:G,G:G,G:G,T:T,A:A,A:A,G:G,G:G,G:G,A:A,A:A,G:G,C:C,T:T,C:C,A:A,C:C,T:T,C:C,G:G,C:C,T:T,G:G
ICMR 06222:3,A:A,T:T,G:G,T:T,A:A,T:T,T:T,G:G,G:G,G:G,T:T,A:A,A:A,G:G,G:G,G:G,A:A,A:A,G:G,C:C,T:T,C:C,A:A,C:C,T:T,C:C,G:G,C:C,T:T,G:G
ICMR 06222:4,A:A,T:T,G:G,T:T,A:A,T:T,T:T,G:G,G:G,G:G,T:T,A:A,A:A,G:G,G:G,G:G,A:A,A:A,G:G,C:C,T:T,C:C,A:A,C:C,T:T,C:C,G:G,C:C,T:T,G:G
ICMR 06222:5,A:A,T:T,G:G,T:T,A:A,T:T,T:T,G:G,G:G,G:G,T:T,A:A,A:A,G:G,G:G,G:G,A:A,A:A,G:G,C:C,T:T,C:C,A:A,C:C,T:T,C:C,G:G,C:C,T:T,G:G
ICMR 06222:6,A:A,T:T,G:G,T:T,A:A,T:T,T:T,G:G,G:G,G:G,T:T,A:A,A:A,G:G,G:G,G:G,A:A,A:A,G:G,C:C,T:T,C:C,A:A,C:C,T:T,C:C,G:G,C:C,T:T,G:G
ICMR 06222:7,A:A,T:T,G:G,T:T,A:A,T:T,T:T,G:G,G:G,G:G,T:T,A:A,A:A,G:G,G:G,G:G,A:A,A:A,G:G,C:C,T:T,C:C,A:A,C:C,T:T,C:C,G:G,C:C,T:T,Uncallable
ICMR 06222:8,A:A,T:T,G:G,T:T,A:A,T:T,T:T,G:G,G:G,G:G,T:T,A:A,A:A,G:G,G:G,G:G,A:A,A:A,G:G,C:C,T:T,C:C,A:A,C:C,T:T,C:C,G:G,C:C,T:T,G:G
ICMR 08111:10,A:A,C:C,A:A,A:A,G:G,C:C,C:C,T:T,A:A,C:C,T:T,C:C,G:G,A:A,G:G,A:A,A:A,G:G,A:A,C:C,C:C,A:A,A:A,T:T,T:T,C:C,G:G,T:T,T:T,A:A
ICMR 08111:3,A:A,C:C,A:A,A:A,G:G,C:C,C:C,T:T,A:A,C:C,T:T,C:C,G:G,A:A,G:G,A:A,A:A,G:G,A:A,C:C,C:C,A:A,A:A,T:T,T:T,C:C,G:G,T:T,T:T,A:A
ICMR 08111:4,A:A,C:C,A:A,A:A,G:G,C:C,C:C,T:T,A:A,C:C,T:T,C:C,G:G,A:A,G:G,A:A,A:A,G:G,A:A,C:C,C:C,A:A,A:A,T:T,T:T,C:C,G:G,T:T,T:T,A:A
ICMR 08111:5,A:A,C:C,A:A,A:A,G:G,C:C,C:C,T:T,A:A,C:C,T:T,C:C,G:G,A:A,G:G,A:A,A:A,G:G,A:A,C:C,C:C,A:A,A:A,T:T,T:T,C:C,G:G,T:T,T:T,A:A
ICMR 08111:6,A:A,C:C,A:A,A:A,G:G,C:C,C:C,T:T,A:A,C:C,T:T,C:C,G:G,A:A,G:G,A:A,A:A,G:G,A:A,C:C,C:C,A:A,A:A,T:T,T:T,C:C,G:G,T:T,T:T,A:A
ICMR 08111:7,A:A,C:C,A:A,A:A,G:G,C:C,C:C,T:T,A:A,C:C,T:T,C:C,G:G,A:A,G:G,A:A,A:A,G:G,A:A,C:C,C:C,A:A,A:A,T:T,T:T,C:C,G:G,T:T,T:T,A:A
ICMR 08111:8,A:A,C:C,A:A,A:A,G:G,C:C,C:C,T:T,A:A,C:C,T:T,C:C,G:G,A:A,G:G,A:A,A:A,G:G,A:A,C:C,C:C,A:A,A:A,T:T,T:T,C:C,G:G,T:T,T:T,A:A
ICMR 08111:9,A:A,C:C,A:A,A:A,G:G,C:C,C:C,T:T,A:A,C:C,T:T,C:C,G:G,A:A,G:G,A:A,A:A,G:G,A:A,C:C,C:C,A:A,A:A,T:T,T:T,C:C,G:G,T:T,T:T,A:A
ICMR 08222:1,G:G,T:T,G:G,A:A,G:G,T:T,C:C,T:T,G:G,C:C,T:T,A:A,G:G,G:G,G:G,G:G,A:A,A:A,G:G,C:C,T:T,A:A,A:A,T:T,T:T,A:A,G:G,T:T,T:T,A:A
ICMR 08222:2,G:G,T:T,G:G,A:A,G:G,T:T,C:C,T:T,G:G,C:C,T:T,A:A,G:G,G:G,G:G,G:G,A:A,A:A,G:G,C:C,C:T,A:A,A:A,T:T,T:T,A:A,G:G,T:T,T:T,A:A
ICMR 08222:3,G:G,T:T,G:G,A:A,G:G,T:T,C:C,T:T,G:G,C:C,T:T,A:A,G:G,G:G,G:G,G:G,A:A,A:A,G:G,C:C,T:T,A:A,A:A,T:T,T:T,A:A,G:G,T:T,T:T,A:A
ICMR 08222:4,G:G,T:T,G:G,A:A,G:G,T:T,C:C,T:T,G:G,C:C,T:T,A:A,G:G,G:G,G:G,G:G,A:A,A:A,G:G,C:C,T:T,A:A,A:A,T:T,T:T,A:A,G:G,T:T,T:T,A:A
ICMR 08222:5,G:G,T:T,G:G,A:A,G:G,T:T,C:C,T:T,G:G,C:C,T:T,A:A,G:G,G:G,G:G,G:G,A:A,A:A,G:G,C:C,T:T,A:A,A:A,T:T,T:T,A:A,G:G,T:T,T:T,A:A
ICMR 08222:6,G:G,T:T,G:G,A:A,G:G,T:T,C:C,T:T,G:G,C:C,T:T,A:A,G:G,G:G,G:G,G:G,A:A,A:A,G:G,C:C,T:T,A:A,A:A,T:T,T:T,A:A,G:G,T:T,T:T,A:A
ICMR 08222:7,G:G,T:T,G:G,A:A,G:G,T:T,C:C,T:T,G:G,C:C,T:T,A:A,G:G,G:G,G:G,G:G,A:A,A:A,G:G,C:C,T:T,A:A,A:A,T:T,T:T,A:A,G:G,T:T,T:T,A:A
ICMR 08222:8,G:G,T:T,G:G,A:A,G:G,T:T,C:C,T:T,G:G,C:C,T:T,A:A,G:G,G:G,G:G,G:G,A:A,A:A,G:G,C:C,T:T,A:A,A:A,T:T,T:T,A:A,G:G,T:T,T:T,A:A
ICMR 09888:1,A:A,T:T,G:G,T:T,G:G,T:T,C:C,T:G,A:A,G:G,C:C,A:A,G:G,A:A,T:T,G:G,G:A,A:A,A:A,G:C,C:C,A:C,T:T,T:T,T:T,A:A,C:C,T:T,T:T,A:A
ICMR 09888:2,A:A,T:T,G:G,T:T,G:G,T:T,C:C,T:G,A:A,G:G,C:C,A:A,G:G,A:A,T:G,G:G,G:A,A:A,A:A,G:C,C:C,A:A,T:T,T:T,T:T,A:A,C:C,T:T,T:T,?
ICMR 09888:3,A:A,T:T,G:G,T:T,G:G,T:T,C:C,T:G,A:A,G:G,C:C,A:A,G:G,A:A,T:G,G:G,G:A,A:A,A:A,C:C,C:C,A:A,T:T,T:T,T:T,A:A,C:C,T:T,T:T,Uncallable
ICMR 09888:4,A:A,T:T,G:G,T:T,G:G,T:T,C:C,G:G,A:A,G:G,C:C,A:A,G:G,A:A,G:G,A:A,A:A,Uncallable,A:G,G:C,C:C,A:C,A:A,T:T,T:T,A:A,C:C,C:T,T:T,G:G
ICMR 09888:5,A:A,T:T,G:G,T:T,G:G,T:T,C:C,T:G,A:A,G:G,C:C,A:A,G:G,A:A,T:G,A:A,A:A,G:A,A:G,C:C,C:C,A:C,A:T,T:T,T:T,A:A,C:C,T:T,T:T,G:G
ICMR 09888:6,A:A,T:T,G:G,T:T,G:G,T:T,C:C,T:G,A:A,G:G,C:C,A:A,G:G,A:A,T:G,A:A,A:A,G:G,G:G,G:G,T:T,A:C,A:T,T:T,T:T,A:A,C:C,T:T,T:T,G:G
ICMR 09888:7,A:A,T:T,G:G,T:T,G:G,T:T,C:C,T:G,A:A,G:G,C:C,A:A,G:G,A:A,T:T,G:G,G:A,A:A,A:A,G:C,C:C,A:A,T:T,T:T,T:T,A:A,C:C,T:T,T:T,A:A
ICMR 09888:8,A:A,T:T,G:G,T:T,G:G,T:T,C:C,G:G,A:A,G:G,C:C,A:A,G:G,A:A,G:G,A:A,A:A,G:A,A:G,G:C,C:C,A:A,T:T,T:T,T:T,A:A,C:C,T:T,T:T,A:A
ICMR 100004:1,A:A,T:T,G:G,T:T,A:A,T:T,T:T,G:G,G:G,G:G,T:T,A:A,A:A,G:G,G:G,G:G,G:G,A:A,G:G,C:C,T:T,C:C,A:A,C:C,T:T,C:C,G:G,C:C,T:T,G:G
ICMR 100004:2,A:A,T:T,G:G,T:T,A:A,T:T,T:T,G:G,G:G,G:G,T:T,A:A,A:A,G:G,G:G,G:G,G:G,A:A,G:G,C:C,T:T,C:C,A:A,C:C,T:T,C:C,G:G,C:C,T:T,G:G
ICMR 100004:3,A:A,T:T,G:G,T:T,A:A,T:T,T:T,G:G,G:G,G:G,T:T,A:A,A:A,G:G,G:G,G:G,G:G,A:A,G:G,C:C,T:T,C:C,A:A,C:C,T:T,C:C,G:G,C:C,T:T,G:G
ICMR 100004:4,A:A,T:T,G:G,T:T,A:A,T:T,T:T,G:G,G:G,G:G,T:T,A:A,A:A,G:G,G:G,G:G,G:G,A:A,G:G,C:C,T:T,C:C,A:A,C:C,T:T,C:C,G:G,C:C,T:T,G:G
ICMR 100004:5,A:A,T:T,G:G,T:T,A:A,T:T,T:T,G:G,G:G,G:G,T:T,A:A,A:A,G:G,G:G,G:G,G:G,A:A,G:G,C:C,T:T,C:C,A:A,C:C,T:T,C:C,G:G,C:C,T:T,G:G
ICMR 100004:6,A:A,T:T,G:G,T:T,A:A,T:T,T:T,G:G,G:G,G:G,T:T,A:A,A:A,G:G,G:G,G:G,G:G,A:A,G:G,C:C,T:T,C:C,A:A,C:C,T:T,C:C,G:G,C:C,T:T,G:G
ICMR 100004:7,A:A,T:T,G:G,T:T,A:A,T:T,T:T,G:G,G:G,G:G,T:T,A:A,A:A,G:G,G:G,G:G,G:G,A:A,G:G,C:C,T:T,C:C,A:A,C:C,Uncallable,C:C,G:G,C:C,T:T,G:G
ICMR 100004:8,A:A,T:T,G:G,T:T,A:A,T:T,T:T,G:G,G:G,G:G,T:T,A:A,A:A,G:G,G:G,G:G,G:G,A:A,G:G,C:C,T:T,C:C,A:A,C:C,T:T,C:C,G:G,C:C,T:T,G:G
ICMR 100072:1,G:G,C:C,G:G,T:T,A:A,C:C,T:T,G:G,G:G,C:C,T:T,A:A,G:G,G:G,T:T,A:A,A:A,G:G,A:A,C:C,C:C,C:C,T:T,C:C,G:G,A:A,C:C,C:C,C:C,G:G
ICMR 100072:2,G:G,C:C,G:G,T:T,A:A,C:C,T:T,G:G,G:G,C:C,T:T,A:A,G:G,G:G,T:T,A:A,A:A,G:G,A:A,C:C,C:C,C:C,T:T,C:C,G:G,A:A,C:C,C:C,C:C,G:G
ICMR 100072:3,G:G,C:C,G:G,T:T,A:A,C:C,T:T,G:G,G:G,C:C,T:T,A:A,G:G,G:G,T:T,A:A,A:A,G:G,A:A,C:C,C:C,C:C,T:T,C:C,G:G,A:A,C:C,C:C,C:C,G:G
ICMR 100072:4,G:G,C:C,G:G,T:T,A:A,C:C,T:T,G:G,G:G,C:C,T:T,A:A,G:G,G:G,T:T,A:A,A:A,G:G,A:A,C:C,C:C,C:C,T:T,C:C,G:G,A:A,C:C,C:C,C:C,G:G
ICMR 100072:5,G:G,C:C,G:G,T:T,A:A,C:C,T:T,G:G,G:G,C:C,T:T,A:A,G:G,G:G,T:T,A:A,A:A,G:G,A:A,C:C,C:C,C:C,T:T,C:C,G:G,A:A,C:C,C:C,C:C,G:G
ICMR 100072:6,G:G,C:C,G:G,T:T,A:A,C:C,T:T,G:G,G:G,C:C,T:T,A:A,G:G,G:G,T:T,A:A,A:A,G:G,A:A,C:C,C:C,C:C,T:T,C:C,G:G,A:A,C:C,C:C,C:C,G:G
ICMR 100072:7,G:G,C:C,G:G,T:T,A:A,C:C,T:T,G:G,G:G,C:C,T:T,A:A,G:G,G:G,T:T,A:A,A:A,G:G,A:A,C:C,C:C,C:C,T:T,C:C,G:G,A:A,C:C,C:C,C:C,G:G
ICMR 100072:8,G:G,C:C,G:G,T:T,A:A,C:C,T:T,G:G,G:G,C:C,T:T,A:A,G:G,G:G,T:T,A:A,A:A,G:G,A:A,C:C,C:C,C:C,T:T,C:C,G:G,A:A,C:C,C:C,C:C,G:G
ICMR 100094:1,G:G,C:C,G:G,T:T,A:A,C:C,T:T,G:G,G:G,C:C,T:T,A:A,G:G,G:G,T:T,A:A,A:A,G:G,A:A,C:C,C:C,C:C,T:T,C:C,G:G,A:A,C:C,C:C,C:C,G:G
ICMR 100094:2,G:G,C:C,G:G,T:T,A:A,C:C,T:T,G:G,G:G,C:C,T:T,A:A,G:G,G:G,T:T,A:A,A:A,G:G,A:A,C:C,C:C,C:C,T:T,C:C,G:G,A:A,C:C,C:C,C:C,G:G
ICMR 100094:3,G:G,C:C,G:G,T:T,A:A,C:C,T:T,G:G,G:G,C:C,T:T,A:A,G:G,G:G,T:T,A:A,A:A,G:G,A:A,C:C,C:C,C:C,T:T,C:C,G:G,A:A,C:C,C:C,C:C,G:G
ICMR 100094:4,G:G,C:C,G:G,T:T,A:A,C:C,T:T,G:G,G:G,C:C,T:T,A:A,G:G,G:G,T:T,A:A,A:A,G:G,A:A,C:C,C:C,C:C,T:T,C:C,G:G,A:A,C:C,C:C,C:C,G:G
ICMR 100094:5,G:G,C:C,G:G,T:T,A:A,C:C,T:T,G:G,G:G,C:C,T:T,A:A,G:G,G:G,T:T,A:A,A:A,G:G,A:A,C:C,C:C,C:C,T:T,C:C,G:G,A:A,C:C,C:C,C:C,G:G
ICMR 100094:6,G:G,C:C,G:G,T:T,A:A,C:C,T:T,G:G,G:G,C:C,T:T,A:A,G:G,G:G,T:T,A:A,A:A,G:G,A:A,C:C,C:C,C:C,T:T,C:C,G:G,A:A,C:C,C:C,C:C,Uncallable
ICMR 100094:7,G:G,C:C,G:G,T:T,A:A,C:C,T:T,G:G,G:G,C:C,T:T,A:A,G:G,G:G,T:T,A:A,A:A,G:G,A:A,C:C,C:C,C:C,T:T,C:C,G:G,A:A,C:C,C:C,C:C,G:G
ICMR 100094:8,G:G,C:C,G:G,T:T,A:A,C:C,T:T,G:G,G:G,C:C,T:T,A:A,G:G,G:G,T:T,A:A,A:A,G:G,A:A,C:C,C:C,C:C,T:T,C:C,G:G,A:A,C:C,C:C,C:C,G:G
ICMR 100187:1,A:A,C:C,?,A:A,G:G,C:C,C:C,T:T,A:A,C:C,T:T,C:C,G:G,A:A,G:G,A:A,A:A,G:G,A:A,C:C,T:T,A:A,A:A,T:T,T:T,C:C,G:G,C:C,T:T,A:A
ICMR 100187:2,A:A,C:C,?,A:A,G:G,C:C,C:C,T:T,A:A,C:C,T:T,C:C,G:G,A:A,G:G,A:A,A:A,G:G,A:A,C:C,T:T,A:A,A:A,T:T,?,C:C,G:G,C:C,T:T,?
ICMR 100187:3,A:A,C:C,A:A,A:A,G:G,C:C,C:C,T:T,A:A,C:C,T:T,C:C,G:G,A:A,G:G,A:A,A:A,G:G,A:A,C:C,T:T,A:A,A:A,T:T,T:T,C:C,G:G,C:C,T:T,A:A
ICMR 100187:4,A:A,C:C,A:A,A:A,G:G,C:C,C:C,T:T,A:A,C:C,T:T,C:C,G:G,A:A,G:G,A:A,A:A,G:G,A:A,C:C,T:T,A:A,A:A,T:T,T:T,C:C,G:G,C:C,T:T,A:A
ICMR 100187:5,A:A,C:C,A:A,A:A,G:G,C:C,C:C,T:T,A:A,C:C,T:T,C:C,G:G,A:A,G:G,A:A,A:A,G:G,A:A,C:C,T:T,A:A,A:A,T:T,T:T,C:C,G:G,C:C,T:T,A:A
ICMR 100187:6,A:A,C:C,A:A,A:A,G:G,C:C,C:C,T:T,A:A,C:C,T:T,C:C,G:G,A:A,G:G,A:A,A:A,G:G,A:A,C:C,T:T,A:A,A:A,T:T,T:T,C:C,G:G,C:C,T:T,A:A
ICMR 100187:7,A:A,C:C,A:A,A:A,G:G,C:C,C:C,T:T,A:A,C:C,T:T,C:C,G:G,A:A,G:G,A:A,A:A,G:G,A:A,C:C,T:T,A:A,A:A,T:T,T:T,C:C,G:G,C:C,T:T,A:A
ICMR 100187:8,A:A,C:C,A:A,A:A,G:G,C:C,C:C,T:T,A:A,C:C,T:T,C:C,G:G,A:A,G:G,A:A,A:A,G:G,A:A,C:C,T:T,A:A,A:A,T:T,T:T,C:C,G:G,C:C,T:T,A:A
ICMR 100294:1,A:A,T:T,G:G,T:T,A:A,T:T,C:C,G:G,A:A,C:C,C:C,C:C,G:G,A:A,G:G,A:A,A:A,A:A,G:G,C:C,C:C,C:C,A:A,T:T,G:G,A:A,C:C,T:T,T:T,G:G
ICMR 100294:2,A:A,T:T,G:G,T:T,A:A,T:T,C:C,G:G,A:A,C:C,C:C,C:C,G:G,A:A,G:G,A:A,A:A,A:A,G:G,C:C,C:C,C:C,A:A,T:T,G:G,A:A,C:C,T:T,T:T,G:G
ICMR 100294:3,A:A,T:T,G:G,T:T,A:A,T:T,C:C,G:G,A:A,C:C,C:C,C:C,G:G,A:A,G:G,A:A,A:A,A:A,G:G,C:C,C:C,C:C,A:A,T:T,G:G,A:A,C:C,T:T,T:T,G:G
ICMR 100294:4,A:A,T:T,G:G,T:T,A:A,T:T,C:C,G:G,A:A,C:C,C:C,C:C,G:G,A:A,G:G,A:A,A:A,A:A,G:G,C:C,C:C,C:C,A:A,T:T,G:G,A:A,C:C,T:T,T:T,G:G
ICMR 100294:5,A:A,T:T,G:G,T:T,A:A,T:T,C:C,G:G,A:A,C:C,C:C,C:C,G:G,A:A,G:G,A:A,A:A,A:A,G:G,C:C,C:C,C:C,A:A,T:T,G:G,A:A,C:C,T:T,T:T,G:G
ICMR 100294:6,A:A,T:T,G:G,T:T,A:A,T:T,C:C,G:G,A:A,C:C,C:C,C:C,G:G,A:A,G:G,A:A,A:A,A:A,G:G,C:C,C:C,C:C,A:A,T:T,G:G,A:A,C:C,T:T,T:T,G:G
ICMR 100294:7,A:A,T:T,G:G,T:T,A:A,T:T,C:C,G:G,A:A,C:C,C:C,C:C,G:G,A:A,G:G,A:A,A:A,A:A,G:G,C:C,C:C,C:C,A:A,T:T,G:G,A:A,C:C,T:T,T:T,G:G
ICMR 100294:8,A:A,T:T,G:G,T:T,A:A,T:T,C:C,G:G,A:A,C:C,C:C,C:C,G:G,A:A,G:G,A:G,A:A,G:A,A:G,C:C,C:C,Uncallable,Uncallable,C:T,G:G,A:A,C:C,T:T,T:T,G:G
ICMR 100437:1,A:A,C:C,G:G,T:T,A:A,T:T,T:T,G:G,A:A,G:G,T:T,A:A,G:G,A:A,G:G,G:G,A:A,G:G,G:G,G:G,C:C,C:C,A:A,T:T,T:T,A:A,G:G,C:C,C:C,A:A
ICMR 100437:2,A:A,C:C,G:G,T:T,A:A,T:T,T:T,G:G,A:A,G:G,T:T,A:A,G:G,A:A,G:G,G:G,A:A,G:G,G:G,G:G,C:C,C:C,A:A,T:T,T:T,A:A,G:G,C:C,C:C,A:A
ICMR 100437:3,A:A,C:C,G:G,T:T,A:A,T:T,T:T,G:G,A:A,G:G,T:T,A:A,G:G,A:A,G:G,G:G,A:A,G:G,G:G,G:G,C:C,C:C,A:A,T:T,T:T,A:A,G:G,C:C,C:C,A:A
ICMR 100437:4,A:A,C:C,G:G,T:T,A:A,T:T,T:T,G:G,A:A,G:G,T:T,A:A,G:G,A:A,G:G,G:G,A:A,G:G,G:G,G:G,C:C,C:C,A:A,T:T,T:T,A:A,G:G,C:C,C:C,A:A
ICMR 100437:5,A:A,C:C,G:G,T:T,A:A,T:T,T:T,G:G,A:A,G:G,T:T,A:A,G:G,A:A,G:G,G:G,A:A,G:G,G:G,G:G,C:C,C:C,A:A,T:T,T:T,A:A,G:G,C:C,C:C,?
ICMR 100437:6,A:A,C:C,G:G,T:T,A:A,T:T,T:T,G:G,A:A,G:G,T:T,A:A,G:G,A:A,G:G,G:G,A:A,G:G,G:G,G:G,C:C,C:C,A:A,T:T,T:T,A:A,G:G,C:C,C:C,A:A
ICMR 100437:7,A:A,C:C,G:G,T:T,A:A,T:T,T:T,G:G,A:A,G:G,T:T,A:A,G:G,A:A,G:G,G:G,A:A,G:G,G:G,G:G,C:C,C:C,A:A,T:T,T:T,A:A,G:G,C:C,C:C,?
ICMR 100437:8,A:A,C:C,G:G,T:T,A:A,T:T,T:T,G:G,A:A,G:G,T:T,A:A,G:G,A:A,G:G,G:G,A:A,G:G,G:G,G:G,C:C,C:C,A:A,T:T,T:T,A:A,G:G,C:C,C:C,A:A
ICMR 100458:3,A:A,C:C,G:G,T:T,A:A,T:T,T:T,G:G,G:G,G:G,T:T,A:A,G:G,A:A,G:G,G:G,G:A,G:G,G:G,G:G,C:C,C:C,A:A,T:T,T:T,A:A,G:G,C:C,C:C,A:G
ICMR 100458:4,A:A,C:C,G:G,T:T,A:A,T:T,T:T,G:G,G:G,G:G,T:T,A:A,G:G,A:A,G:G,G:G,G:A,G:G,G:G,G:G,C:C,C:C,A:A,T:T,T:T,A:A,G:G,C:C,C:C,A:G
ICMR 100458:5,A:A,C:C,G:G,T:T,A:A,T:T,T:T,G:G,G:G,G:G,T:T,A:A,G:G,A:A,G:G,G:G,G:A,G:G,G:G,G:G,C:C,C:C,A:A,T:T,T:T,A:A,G:G,C:C,C:C,A:G
ICMR 100458:6,A:A,C:C,G:G,T:T,A:A,T:T,T:T,G:G,G:G,G:G,T:T,A:A,G:G,A:A,G:G,G:G,G:A,G:G,G:G,G:G,C:C,C:C,A:A,T:T,T:T,A:A,G:G,C:C,C:C,A:G
ICMR 100458:7,A:A,C:C,G:G,T:T,A:A,T:T,T:T,G:G,G:G,G:G,T:T,A:A,G:G,A:A,G:G,G:G,G:A,G:G,G:G,G:G,C:C,C:C,A:A,T:T,T:T,A:A,G:G,C:C,C:C,A:G
ICMR 100458:8,A:A,C:C,G:G,T:T,A:A,T:T,T:T,G:G,G:G,G:G,T:T,A:A,G:G,A:A,G:G,G:G,G:A,G:G,G:G,G:G,C:C,C:C,A:A,T:T,T:T,A:A,G:G,C:C,C:C,A:G
ICMR 100487:1,A:A,C:C,A:A,T:T,G:G,C:C,C:C,T:T,A:A,G:G,T:T,C:C,A:A,A:A,G:G,G:G,G:G,G:G,A:A,C:C,C:C,C:C,T:T,T:T,T:T,C:C,C:C,T:T,T:T,A:A
ICMR 100487:2,A:A,C:C,A:A,T:T,G:G,C:C,C:C,T:T,A:A,G:G,T:T,C:C,A:A,A:A,G:G,G:G,G:G,G:G,A:A,C:C,C:C,C:C,T:T,T:T,T:T,C:C,C:C,T:T,T:T,A:A
ICMR 100487:3,A:A,C:C,A:A,T:T,G:G,C:C,C:C,T:T,A:A,G:G,T:T,C:C,A:A,A:A,G:G,G:G,G:G,G:G,A:A,C:C,C:C,C:C,T:T,T:T,T:T,C:C,C:C,T:T,T:T,A:A
ICMR 100487:4,A:A,C:C,?,T:T,G:G,C:C,?,T:T,A:A,G:G,T:T,C:C,?,?,G:G,G:G,G:G,?,A:A,C:C,C:C,C:C,T:T,T:T,?,C:C,C:C,T:T,T:T,?
ICMR 100487:5,A:A,C:C,A:A,T:T,G:G,C:C,C:C,T:T,A:A,G:G,T:T,C:C,A:A,A:A,G:G,G:G,G:G,G:G,A:A,C:C,C:C,C:C,T:T,T:T,T:T,C:C,C:C,T:T,T:T,A:A
ICMR 100487:6,A:A,C:C,A:A,T:T,G:G,C:C,C:C,T:T,A:A,G:G,T:T,C:C,A:A,A:A,G:G,G:G,G:G,G:G,A:A,C:C,C:C,C:C,T:T,T:T,T:T,C:C,C:C,T:T,T:T,A:A
ICMR 100487:7,A:A,C:C,A:A,T:T,G:G,C:C,C:C,T:T,A:A,G:G,T:T,C:C,A:A,A:A,G:G,G:G,G:G,G:G,A:A,C:C,C:C,C:C,T:T,T:T,T:T,C:C,C:C,T:T,T:T,A:A
ICMR 100487:8,A:A,C:C,A:A,T:T,G:G,C:C,C:C,T:T,A:A,G:G,T:T,C:C,A:A,A:A,G:G,G:G,G:G,G:G,A:A,C:C,C:C,C:C,T:T,T:T,T:T,C:C,C:C,T:T,T:T,A:A
ICMR 100499:1,A:A,T:T,G:A,T:T,A:A,T:T,C:C,G:G,A:A,G:C,C:C,A:A,G:G,A:A,G:G,Uncallable,A:A,A:A,G:G,C:C,C:C,A:A,A:A,T:T,T:T,C:A,G:G,T:T,T:C,A:G
ICMR 100499:2,A:A,T:T,G:A,T:T,A:G,T:T,C:C,G:G,A:A,G:C,C:C,A:A,G:G,G:A,G:G,A:A,A:A,A:A,G:G,C:C,C:C,A:A,A:A,T:T,T:T,C:A,Uncallable,T:T,T:C,A:A
ICMR 100499:3,A:A,T:T,A:A,T:T,A:A,T:T,C:C,G:G,A:A,G:G,C:C,A:A,G:G,A:A,G:G,A:A,A:A,A:A,G:G,C:C,C:C,A:A,A:A,T:T,T:T,A:A,G:G,T:T,C:C,A:A
ICMR 100499:4,A:A,T:T,A:A,T:T,A:A,T:T,C:C,G:G,A:A,G:G,C:C,A:A,A:G,A:A,?,A:A,A:A,A:A,G:G,C:C,C:C,A:A,A:A,T:T,T:T,A:A,G:G,T:T,C:C,A:A
ICMR 100499:5,A:A,T:T,A:A,T:T,A:A,T:T,C:C,G:G,A:A,G:G,C:C,A:A,A:G,A:A,G:G,A:A,A:A,A:A,G:G,C:C,C:C,A:A,A:A,T:T,T:T,A:A,G:G,T:T,C:C,A:A
ICMR 100499:6,A:A,T:T,G:A,T:T,A:A,T:T,C:C,G:G,A:A,G:G,C:C,A:A,A:G,A:A,G:G,A:A,A:A,A:A,G:G,C:C,C:C,A:A,Uncallable,T:T,T:T,A:A,G:G,T:T,C:C,A:A
ICMR 100505:1,G:A,T:C,G:G,T:T,G:G,T:T,C:C,T:T,G:A,C:C,T:T,C:A,G:G,G:G,G:G,G:G,A:A,G:G,A:A,G:G,T:T,A:A,A:A,T:T,T:T,C:A,G:C,T:T,T:T,A:A
ICMR 100505:2,G:A,T:C,G:G,T:T,G:G,T:T,C:C,T:T,G:A,C:C,T:T,C:A,G:G,G:G,G:G,G:G,A:A,G:G,A:A,G:G,T:T,A:A,A:A,T:T,T:T,C:A,G:C,T:T,T:T,A:A
ICMR 100505:3,G:A,C:C,G:G,T:T,G:G,T:T,C:C,T:T,Uncallable,C:C,T:T,C:A,G:G,G:G,G:G,G:G,A:A,G:G,A:A,G:G,T:T,A:A,A:A,T:T,T:T,C:A,G:C,T:T,T:T,A:A
ICMR 100505:4,G:G,C:C,G:G,T:T,G:G,T:T,C:C,T:T,G:A,C:C,T:T,C:A,G:G,G:G,G:G,G:G,A:A,G:G,A:A,G:G,T:T,A:A,A:A,T:T,T:T,C:A,G:C,T:T,T:T,A:A
ICMR 100505:5,G:G,C:C,G:G,T:T,G:G,T:T,C:C,T:T,G:A,C:C,T:T,C:A,G:G,G:G,G:G,G:G,A:A,G:G,A:A,G:G,C:T,A:A,A:A,T:T,T:T,C:A,G:C,T:T,T:T,A:A
ICMR 100505:6,G:G,C:C,G:G,T:T,G:G,T:T,C:C,T:T,G:A,C:C,T:T,C:A,G:G,G:G,G:G,G:G,A:A,G:G,A:A,G:G,T:T,A:A,A:A,T:T,T:T,C:A,G:C,T:T,T:T,A:A
ICMR 100509:1,A:A,C:C,A:A,T:T,A:A,T:T,C:C,G:G,A:A,G:G,T:T,C:C,A:A,A:A,G:G,G:G,A:A,A:A,G:G,C:C,C:C,C:C,T:T,T:T,G:T,A:A,G:C,T:T,C:C,G:G
ICMR 100509:2,A:A,C:C,A:A,T:T,A:A,T:T,C:C,G:G,A:A,G:G,T:T,C:C,A:A,A:A,G:G,G:G,A:A,A:A,G:G,C:C,C:C,C:C,T:T,T:T,T:T,A:A,G:C,T:T,C:C,A:A
ICMR 100509:3,A:A,C:C,A:A,T:T,A:A,T:T,C:C,G:G,A:A,G:G,T:T,C:C,A:A,A:A,G:G,G:G,A:A,A:A,G:G,C:C,C:C,C:C,T:T,T:T,G:T,A:A,G:C,T:T,C:C,G:G
ICMR 100509:4,A:A,C:C,A:A,T:T,A:A,T:T,C:C,G:G,A:A,G:G,T:T,C:C,A:A,A:A,G:G,G:G,A:A,A:A,G:G,C:C,C:C,C:C,T:T,T:T,G:T,A:A,G:C,T:T,C:C,G:G
ICMR 100509:5,A:A,C:C,A:A,T:T,A:A,T:T,C:C,G:G,A:A,G:G,T:T,C:C,A:A,A:A,G:G,G:G,A:A,A:A,G:G,C:C,C:C,C:C,T:T,T:T,T:T,A:A,G:C,T:T,C:C,G:G
ICMR 100509:6,A:A,C:C,A:A,T:T,A:A,T:T,C:C,G:G,A:A,G:G,T:T,C:C,A:A,A:A,G:G,G:G,A:A,A:A,G:G,C:C,C:C,C:C,T:T,T:T,G:T,A:A,G:C,T:T,C:C,G:G
ICMR 100511:1,A:A,T:T,A:A,T:T,G:G,C:C,C:C,T:T,A:A,C:C,T:T,C:C,Uncallable,A:A,G:G,G:G,A:A,G:G,A:G,C:C,C:C,C:C,T:T,T:T,T:T,C:C,C:C,T:T,C:C,A:A
ICMR 100511:2,A:A,T:T,A:A,T:T,G:G,C:C,C:C,T:T,A:A,C:C,T:T,C:C,A:G,A:A,G:G,G:G,A:A,G:G,A:G,C:C,C:C,C:C,T:T,T:T,T:T,C:C,C:C,T:T,C:C,A:A
ICMR 100511:3,A:A,T:T,A:A,T:T,G:G,C:C,C:C,T:T,A:A,C:C,T:T,C:C,A:G,A:A,G:G,G:G,A:A,G:G,G:G,G:C,C:C,C:C,T:T,T:T,T:T,C:C,C:C,T:T,C:C,A:A
ICMR 100511:4,A:A,T:T,A:A,T:T,G:G,C:C,C:C,T:T,A:A,C:C,T:T,C:C,A:G,A:A,G:G,G:G,A:A,G:G,A:G,G:C,C:C,C:C,T:T,T:T,T:T,C:C,C:C,T:T,C:C,A:A
ICMR 100511:5,A:A,T:T,A:A,T:T,G:G,C:C,C:C,T:T,A:A,C:C,T:T,C:C,A:G,A:A,G:G,G:G,A:A,G:G,A:G,G:C,C:C,C:C,T:T,T:T,T:T,C:C,C:C,T:T,C:C,A:A
ICMR 100511:6,A:A,T:T,A:A,T:T,G:G,C:C,C:C,T:T,A:A,C:C,T:T,C:C,A:G,A:A,G:G,G:G,A:A,G:G,A:G,G:C,C:C,C:C,T:T,T:T,T:T,C:C,C:C,T:T,C:C,A:A
ICMR 100540:1,G:G,T:T,G:A,T:T,A:A,C:C,T:T,G:G,A:A,C:C,T:T,C:C,G:G,A:A,T:T,G:G,A:A,A:A,A:G,C:C,C:C,C:C,T:T,T:T,T:T,C:C,C:C,T:T,T:T,A:A
ICMR 100540:2,G:G,T:T,A:A,T:T,A:A,C:C,T:T,G:G,A:A,C:C,T:T,C:C,G:G,A:A,T:T,G:G,A:A,A:A,A:A,C:C,C:C,C:C,T:T,T:T,T:T,C:C,C:C,T:T,T:T,A:A
ICMR 100540:3,G:G,T:T,G:A,T:T,A:A,C:C,T:T,G:G,A:A,C:C,T:T,C:C,G:G,A:A,T:T,G:G,A:A,A:A,A:A,C:C,C:C,C:C,T:T,T:T,T:T,C:C,C:C,T:T,T:T,A:A
ICMR 100540:4,G:G,T:T,G:A,T:T,A:A,C:C,T:T,G:G,A:A,C:C,T:T,C:C,G:G,A:A,T:T,G:G,A:A,A:A,A:G,C:C,C:C,C:C,T:T,T:T,T:T,C:C,C:C,T:T,T:T,A:A
ICMR 100540:5,G:G,T:T,G:A,T:T,A:G,C:C,Uncallable,G:G,A:A,C:C,T:T,C:C,G:G,G:A,T:T,G:G,A:A,A:A,A:G,C:C,C:C,Uncallable,T:T,T:T,T:T,C:C,C:C,T:T,T:T,A:A
ICMR 100540:6,G:G,T:T,G:A,T:T,A:G,C:C,T:T,G:G,A:A,C:C,T:T,C:C,G:G,A:A,T:T,G:G,A:A,A:A,A:A,C:C,C:C,C:C,T:T,T:T,T:T,C:C,C:C,T:T,T:T,A:A
ICMR 100931:1,A:A,T:T,G:G,T:T,G:G,C:C,C:C,T:G,G:G,G:G,T:T,C:C,G:G,A:A,T:T,A:A,G:G,G:G,A:A,C:C,C:C,A:A,A:A,T:T,T:T,C:C,G:G,T:T,T:T,G:G
ICMR 100931:2,A:A,T:T,G:G,T:T,G:G,C:C,C:C,T:G,G:G,G:G,T:T,C:C,G:G,A:A,T:T,A:A,G:G,G:G,A:A,C:C,C:C,A:A,A:A,T:T,T:T,C:C,G:G,T:T,T:T,G:G
ICMR 100931:3,A:A,T:T,G:G,T:T,G:G,C:C,C:C,T:G,G:G,G:G,T:T,C:C,G:G,A:A,T:T,A:A,G:G,G:G,A:A,C:C,C:C,A:A,A:A,T:T,T:T,C:C,G:G,T:T,T:T,G:G
ICMR 100931:4,A:A,T:T,G:G,T:T,G:G,C:C,C:C,T:G,G:G,G:G,T:T,C:C,G:G,A:A,T:T,A:A,G:G,G:G,A:A,C:C,C:C,A:A,A:A,T:T,T:T,C:C,G:G,T:T,T:T,G:G
ICMR 100931:5,A:A,T:T,G:G,T:T,G:G,C:C,C:C,T:G,G:G,G:G,T:T,C:C,G:G,A:A,T:T,A:A,G:G,G:G,A:A,C:C,C:C,A:A,A:A,T:T,T:T,C:C,G:G,T:T,T:T,G:G
ICMR 100931:6,A:A,T:T,G:G,T:T,G:G,C:C,C:C,T:G,G:G,G:G,T:T,C:C,G:G,A:A,T:T,A:A,G:G,G:G,A:A,C:C,C:C,A:A,A:A,T:T,T:T,C:C,G:G,T:T,T:T,G:G
ICMR 100931:7,A:A,T:T,G:G,T:T,G:G,C:C,C:C,T:G,G:G,G:G,T:T,C:C,G:G,A:A,T:T,A:A,G:G,G:G,A:A,C:C,C:C,A:A,A:A,T:T,T:T,C:C,G:G,T:T,T:T,G:G
ICMR 100931:8,A:A,T:T,G:G,T:T,G:G,C:C,C:C,T:G,G:G,G:G,T:T,C:C,G:G,A:A,T:T,A:A,G:G,G:G,A:A,C:C,C:C,A:A,A:A,T:T,T:T,C:C,G:G,T:T,T:T,G:G
ICMR 101049:1,A:A,C:C,G:G,A:A,G:G,C:C,C:C,T:T,A:A,C:C,T:T,C:C,G:G,A:A,G:G,A:A,G:G,G:G,A:A,G:G,C:C,A:A,T:T,T:T,T:T,A:A,G:G,C:C,C:C,G:G
ICMR 101049:2,A:A,C:C,G:G,A:A,G:G,C:C,C:C,T:T,A:A,C:C,T:T,C:C,G:G,A:A,G:G,A:A,G:G,G:G,A:A,G:G,C:C,A:A,T:T,T:T,T:T,A:A,G:G,C:C,C:C,G:G
ICMR 101049:3,A:A,C:C,G:G,A:A,G:G,C:C,C:C,T:T,A:A,C:C,T:T,C:C,G:G,A:A,G:G,A:A,G:G,G:G,A:A,G:G,C:C,A:A,T:T,T:T,T:T,A:A,G:G,C:C,C:C,G:G
ICMR 101049:4,A:A,C:C,G:G,A:A,G:G,C:C,C:C,T:T,A:A,C:C,T:T,C:C,G:G,A:A,G:G,A:A,G:G,G:G,A:A,G:G,C:C,A:A,T:T,T:T,T:T,A:A,G:G,C:C,C:C,G:G
ICMR 101049:5,A:A,C:C,G:G,A:A,G:G,C:C,C:C,T:T,A:A,C:C,T:T,C:C,G:G,A:A,G:G,A:A,G:G,G:G,A:A,G:G,C:C,A:A,T:T,T:T,T:T,A:A,G:G,C:C,C:C,G:G
ICMR 101049:6,A:A,C:C,G:G,A:A,G:G,C:C,C:C,T:T,A:A,C:C,T:T,C:C,G:G,A:A,G:G,A:A,G:G,G:G,A:A,G:G,C:C,A:A,T:T,T:T,T:T,A:A,G:G,C:C,C:C,G:G
ICMR 101087:1,G:G,T:T,A:A,A:A,A:A,T:T,C:C,T:T,A:A,G:G,T:T,A:A,G:G,A:A,G:G,A:A,A:A,G:G,A:A,G:G,T:T,A:A,T:T,T:T,T:T,C:C,G:G,C:C,T:T,A:A
ICMR 101087:2,G:G,T:T,A:A,A:A,A:A,T:T,C:C,T:T,A:A,G:G,T:T,A:A,G:G,A:A,G:G,A:A,A:A,G:G,A:A,G:G,T:T,A:A,T:T,T:T,T:T,C:C,G:G,C:C,T:T,A:A
ICMR 101087:3,G:G,T:T,A:A,A:A,A:A,T:T,C:C,T:T,A:A,G:G,T:T,A:A,G:G,A:A,G:G,A:A,A:A,G:G,A:A,G:G,T:T,A:A,T:T,T:T,T:T,C:C,G:G,C:C,T:T,A:A
ICMR 101087:4,G:G,T:T,A:A,A:A,A:A,T:T,C:C,T:T,A:A,G:G,T:T,A:A,G:G,A:A,G:G,A:A,A:A,G:G,A:A,G:G,T:T,A:A,T:T,T:T,T:T,C:C,G:G,C:C,T:T,A:A
ICMR 101087:5,G:G,T:T,A:A,A:A,A:A,T:T,C:C,T:T,A:A,G:G,T:T,A:A,G:G,A:A,G:G,A:A,A:A,G:G,A:A,G:G,T:T,A:A,T:T,T:T,T:T,C:C,G:G,C:C,T:T,A:A
ICMR 101087:6,G:G,T:T,A:A,A:A,A:A,T:T,C:C,T:T,A:A,G:G,T:T,A:A,G:G,A:A,G:G,A:A,A:A,G:G,A:A,G:G,T:T,A:A,T:T,T:T,T:T,C:C,G:G,C:C,T:T,A:A
ICMR 101140:1,G:G,C:C,G:A,A:A,G:G,C:C,C:C,T:T,A:A,G:C,T:T,A:A,G:G,A:A,G:G,A:A,A:A,A:A,A:A,C:C,C:C,C:C,A:A,T:T,T:T,C:C,G:G,T:T,T:C,A:G
ICMR 101140:2,G:G,C:C,G:A,A:A,G:G,C:T,C:C,T:T,G:A,G:C,T:T,A:A,G:G,A:A,G:G,A:A,A:A,A:A,A:A,C:C,C:C,C:C,A:A,T:T,T:T,C:C,G:G,T:T,T:C,A:G
ICMR 101140:3,G:G,C:C,G:A,A:A,G:G,C:C,C:C,T:T,A:A,C:C,T:T,A:A,G:G,A:A,G:G,A:A,A:A,A:A,A:A,C:C,C:C,C:C,A:A,T:T,T:T,C:C,G:G,T:T,T:C,A:G
ICMR 101140:4,G:G,C:C,G:A,A:A,G:G,C:C,C:C,T:T,G:A,G:C,T:T,A:A,G:G,A:A,G:G,A:A,A:A,A:A,A:A,C:C,C:C,C:C,A:A,T:T,T:T,C:C,G:G,T:T,T:C,A:G
ICMR 101140:5,G:G,C:C,G:A,A:A,G:G,C:C,C:C,T:T,G:A,G:C,T:T,A:A,G:G,A:A,G:G,A:A,A:A,A:A,A:A,C:C,C:C,C:C,A:A,T:T,T:T,C:C,G:G,T:T,T:C,A:G
ICMR 101140:6,G:G,C:C,G:A,A:A,G:G,C:T,C:C,T:T,G:A,G:C,T:T,A:A,G:G,A:A,G:G,A:A,A:A,A:A,A:A,C:C,C:C,C:C,A:A,T:T,T:T,C:C,G:G,T:T,T:C,A:G
ICMR 101198:1,A:A,T:T,A:A,T:T,G:G,T:T,C:C,T:T,G:G,C:C,C:C,C:C,G:G,G:G,G:G,G:G,G:G,G:G,A:A,G:G,C:C,A:A,A:A,T:T,T:T,C:C,C:C,C:C,T:T,A:A
ICMR 101198:2,A:A,T:T,A:A,T:T,G:G,T:T,C:C,T:T,G:G,C:C,C:C,C:C,G:G,G:G,G:G,G:G,G:G,G:G,A:A,G:G,C:C,A:A,A:A,T:T,T:T,C:C,C:C,C:C,T:T,A:A
ICMR 101198:3,A:A,T:T,A:A,T:T,G:G,T:T,C:C,T:T,G:G,C:C,C:C,C:C,G:G,G:G,G:G,G:G,G:G,G:G,A:A,G:G,C:C,A:A,A:A,T:T,T:T,C:C,C:C,C:C,T:T,A:A
ICMR 101198:4,A:A,T:T,A:A,T:T,G:G,T:T,C:C,T:T,G:G,C:C,C:C,C:C,G:G,G:G,G:G,G:G,G:G,G:G,A:A,G:G,C:C,A:A,A:A,T:T,T:T,C:C,C:C,C:C,T:T,A:A
ICMR 101198:5,A:A,T:T,A:A,T:T,G:G,T:T,C:C,T:T,G:G,C:C,C:C,C:C,G:G,G:G,G:G,G:G,G:G,G:G,A:A,G:G,C:C,A:A,A:A,T:T,T:T,C:C,C:C,C:C,T:T,A:A
ICMR 101198:6,A:A,T:T,A:A,T:T,G:G,T:T,C:C,T:T,G:G,C:C,C:C,C:C,G:G,G:G,G:G,G:G,G:G,G:G,A:A,G:G,C:C,A:A,A:A,T:T,T:T,C:C,C:C,C:C,T:T,A:A
ICMR 101198:7,A:A,T:T,A:A,T:T,G:G,T:T,C:C,T:T,G:G,C:C,C:C,C:C,G:G,G:G,G:G,G:G,G:G,G:G,A:A,G:G,C:C,A:A,A:A,T:T,T:T,C:C,C:C,C:C,T:T,A:A
ICMR 101198:8,A:A,T:T,A:A,T:T,G:G,T:T,C:C,T:T,G:G,C:C,C:C,C:C,G:G,G:G,G:G,G:G,G:G,G:G,A:A,G:G,C:C,A:A,A:A,T:T,T:T,C:C,C:C,C:C,T:T,A:A
ICMR 101415:1,A:A,T:T,G:G,T:T,G:G,T:T,C:C,G:G,?,G:G,T:T,C:C,G:G,G:G,T:T,A:A,A:A,G:G,A:A,G:G,C:C,A:A,T:T,T:T,T:T,A:A,G:G,C:C,T:T,A:A
ICMR 101415:2,A:A,T:T,G:G,T:T,G:G,T:T,C:C,G:G,A:A,G:G,T:T,C:C,G:G,G:G,T:T,A:A,A:A,G:G,A:A,G:G,C:C,A:A,T:T,T:T,T:T,A:A,G:G,C:C,T:T,A:A
ICMR 101415:3,A:A,T:T,G:G,T:T,G:G,T:T,C:C,G:G,A:A,G:G,T:T,C:C,G:G,G:G,T:T,A:A,A:A,G:G,A:A,G:G,C:C,A:A,T:T,?,T:T,A:A,G:G,C:C,T:T,A:A
ICMR 101415:4,A:A,T:T,G:G,T:T,G:G,T:T,C:C,G:G,A:A,G:G,T:T,C:C,G:G,G:G,T:T,A:A,A:A,G:G,A:A,G:G,C:C,A:A,T:T,T:T,T:T,A:A,G:G,C:C,T:T,A:A
ICMR 101415:5,A:A,T:T,G:G,T:T,G:G,T:T,C:C,G:G,?,G:G,T:T,C:C,G:G,G:G,T:T,A:A,A:A,G:G,A:A,G:G,C:C,A:A,T:T,T:T,T:T,A:A,G:G,C:C,T:T,A:A
ICMR 101415:6,A:A,T:T,G:G,T:T,G:G,T:T,C:C,G:G,?,G:G,T:T,C:C,G:G,G:G,T:T,A:A,A:A,G:G,A:A,G:G,C:C,A:A,T:T,T:T,T:T,A:A,G:G,C:C,T:T,A:A
ICMR 101415:7,A:A,T:T,G:G,T:T,G:G,T:T,C:C,G:G,?,G:G,T:T,C:C,G:G,G:G,T:T,A:A,A:A,G:G,A:A,G:G,C:C,A:A,T:T,T:T,T:T,A:A,G:G,C:C,T:T,A:A
ICMR 101415:8,A:A,T:T,G:G,T:T,G:G,T:T,C:C,G:G,A:A,G:G,T:T,C:C,G:G,G:G,T:T,A:A,A:A,G:G,A:A,G:G,C:C,A:A,T:T,T:T,T:T,A:A,G:G,C:C,T:T,A:A
ICMR 101699:1,A:A,T:T,G:G,A:A,G:G,C:C,C:C,G:G,A:A,G:G,C:C,A:A,G:G,G:G,G:G,G:G,A:A,A:A,G:G,C:C,T:T,A:A,A:A,T:T,T:T,A:A,G:G,T:T,T:T,G:G
ICMR 101699:2,A:A,T:T,G:G,A:A,G:G,C:C,C:C,G:G,A:A,G:G,C:C,A:A,G:G,G:G,G:G,G:G,A:A,A:A,G:G,C:C,T:T,A:A,A:A,T:T,T:T,A:A,G:G,T:T,T:T,G:G
ICMR 101699:3,A:A,T:T,G:G,A:A,G:G,C:C,C:C,G:G,A:A,G:G,C:C,A:A,G:G,G:G,G:G,G:G,A:A,A:A,G:G,C:C,T:T,A:A,A:A,T:T,T:T,A:A,G:G,T:T,T:T,G:G
ICMR 101699:4,A:A,T:T,G:G,A:A,G:G,C:C,C:C,G:G,A:A,G:G,C:C,A:A,G:G,G:G,G:G,G:G,A:A,A:A,G:G,C:C,T:T,A:A,A:A,T:T,T:T,A:A,G:G,T:T,T:T,G:G
ICMR 101699:5,A:A,T:T,G:G,A:A,G:G,C:C,C:C,G:G,A:A,G:G,C:C,A:A,G:G,G:G,G:G,G:G,A:A,A:A,G:G,C:C,T:T,A:A,A:A,T:T,T:T,A:A,G:G,T:T,T:T,Uncallable
ICMR 101699:6,A:A,T:T,G:G,A:A,G:G,C:C,C:C,G:G,A:A,G:G,C:C,A:A,G:G,G:G,G:G,G:G,A:A,A:A,G:G,C:C,T:T,A:A,A:A,T:T,T:T,A:A,G:G,T:T,T:T,A:G
ICMR 101707:1,A:A,T:T,G:G,T:T,G:G,T:T,C:C,G:G,A:A,C:C,T:T,A:A,A:A,A:A,G:G,G:G,G:A,G:G,G:G,C:C,C:C,C:C,A:A,T:T,G:G,A:A,C:C,T:T,C:C,A:A
ICMR 101707:2,A:A,T:T,G:G,T:T,G:G,T:T,C:C,G:G,A:A,C:C,T:T,A:A,A:A,A:A,G:G,G:G,G:A,G:G,G:G,C:C,C:C,C:C,A:A,T:T,G:G,A:A,C:C,T:T,C:C,A:A
ICMR 101707:3,A:A,T:T,G:G,T:T,G:G,T:T,C:C,G:G,A:A,C:C,T:T,A:A,A:A,A:A,G:G,G:G,G:A,G:G,G:G,C:C,C:C,C:C,A:A,T:T,G:G,A:A,C:C,T:T,C:C,A:A
ICMR 101707:4,A:A,T:T,G:G,T:T,G:G,T:T,C:C,G:G,A:A,C:C,T:T,A:A,A:A,A:A,G:G,G:G,G:A,G:G,G:G,C:C,C:C,C:C,A:A,T:T,G:G,A:A,C:C,T:T,C:C,A:A
ICMR 101707:5,A:A,T:T,G:G,T:T,G:G,T:T,C:C,G:G,A:A,C:C,T:T,A:A,A:A,A:A,G:G,G:G,G:A,G:G,G:G,C:C,C:C,C:C,A:A,T:T,G:G,A:A,C:C,T:T,C:C,A:A
ICMR 101707:6,A:A,T:T,G:G,T:T,G:G,T:T,C:C,G:G,A:A,C:C,T:T,A:A,A:A,A:A,G:G,G:G,G:A,G:G,G:G,C:C,C:C,C:C,A:A,T:T,G:G,A:A,C:C,T:T,C:C,A:A
ICMR 101728:1,A:A,C:C,A:A,T:T,G:G,C:C,T:T,G:G,A:A,C:C,C:C,C:C,G:G,A:A,G:G,A:A,A:A,G:G,G:G,C:C,T:T,C:C,T:T,T:T,T:T,C:C,C:C,T:T,T:T,A:A
ICMR 101728:2,A:A,C:C,A:A,T:T,G:G,C:C,T:T,G:G,A:A,C:C,C:C,C:C,G:G,A:A,G:G,A:A,A:A,G:G,G:G,C:C,T:T,C:C,T:T,T:T,T:T,C:C,C:C,T:T,T:T,?
ICMR 101728:3,A:A,C:C,A:A,T:T,G:G,C:C,T:T,G:G,A:A,C:C,C:C,C:C,G:G,A:A,T:T,A:A,A:A,G:G,G:G,C:C,T:T,C:C,T:T,T:T,T:T,C:C,C:C,T:T,T:T,?
ICMR 101728:4,A:A,C:C,A:A,T:T,G:G,C:C,T:T,G:G,A:A,C:C,C:C,C:C,G:G,A:A,G:G,A:A,A:A,G:G,G:G,C:C,T:T,C:C,T:T,T:T,T:T,C:C,C:C,T:T,T:T,A:A
ICMR 101728:5,G:A,C:C,G:A,T:T,A:G,C:T,T:T,G:G,G:A,C:C,C:T,C:A,G:G,G:A,T:G,A:G,A:A,G:G,A:G,G:C,T:T,C:C,T:T,C:T,G:T,C:A,C:C,C:T,T:T,A:A
ICMR 101728:6,A:A,C:C,A:A,T:T,G:G,C:C,T:T,G:G,A:A,C:C,C:C,C:C,G:G,A:A,G:G,A:A,A:A,G:G,G:G,C:C,T:T,C:C,T:T,T:T,T:T,C:C,C:C,T:T,T:T,A:A
ICMR 101728:7,A:A,C:C,A:A,T:T,G:G,C:C,T:T,G:G,A:A,C:C,C:C,C:C,G:G,A:A,G:G,A:A,A:A,G:G,G:G,C:C,T:T,C:C,T:T,T:T,T:T,C:C,C:C,T:T,T:T,A:A
ICMR 101728:8,A:A,C:C,A:A,T:T,G:G,C:C,T:T,G:G,A:A,C:C,C:C,C:C,G:G,A:A,G:G,A:A,A:A,G:G,G:G,C:C,T:T,C:C,T:T,T:T,T:T,C:C,C:C,T:T,T:T,?
ICMR 101742:1,A:A,T:T,A:A,T:T,A:A,T:T,C:C,G:G,A:A,G:G,T:T,C:C,A:A,A:A,G:G,G:G,A:A,A:A,G:G,C:C,C:C,C:C,T:T,T:T,G:T,A:A,G:C,T:T,T:C,G:G
ICMR 101742:2,A:A,T:T,A:A,T:T,A:A,T:T,C:C,G:G,A:A,G:G,T:T,C:C,A:A,A:A,G:G,G:G,A:A,A:A,G:G,C:C,C:C,C:C,T:T,T:T,G:G,A:A,G:C,T:T,T:T,G:G
ICMR 101742:3,A:A,T:T,A:A,T:T,A:A,T:T,C:C,G:G,A:A,G:G,T:T,C:C,A:A,A:A,G:G,G:G,A:A,A:A,G:G,C:C,C:C,C:C,T:T,T:T,G:T,A:A,G:G,T:T,T:C,G:G
ICMR 101742:4,A:A,T:T,A:A,T:T,A:A,T:T,C:C,G:G,A:A,G:G,T:T,C:C,A:A,A:A,G:G,G:G,A:A,A:A,G:G,C:C,C:C,C:C,T:T,T:T,G:G,A:A,G:C,T:T,T:C,G:G
ICMR 101742:5,A:A,T:T,A:A,T:T,A:A,T:T,C:C,G:G,A:A,G:G,T:T,C:C,A:A,A:A,G:G,G:G,A:A,A:A,G:G,C:C,C:C,C:C,T:T,T:T,G:G,A:A,G:C,T:T,T:C,G:G
ICMR 101742:6,A:A,T:T,A:A,T:T,A:A,T:T,C:C,G:G,A:A,G:G,T:T,C:C,A:A,A:A,G:G,G:G,A:A,A:A,G:G,C:C,C:C,C:C,T:T,T:T,G:G,A:A,G:C,T:T,T:T,G:G
ICMR 101779:1,G:G,C:C,A:A,T:T,G:G,C:C,C:C,T:T,G:G,C:C,T:T,C:C,G:G,G:G,G:G,A:A,G:A,G:G,A:A,G:G,T:T,A:A,A:A,T:T,T:T,C:C,G:G,C:C,T:T,A:A
ICMR 101779:2,G:G,C:C,A:A,T:T,G:G,C:C,C:C,T:T,G:G,C:C,T:T,C:C,G:G,G:G,G:G,A:A,G:A,G:G,A:A,G:G,T:T,A:A,A:A,T:T,T:T,C:C,G:G,C:C,T:T,A:A
ICMR 101779:3,G:G,C:C,A:A,T:T,G:G,C:C,C:C,T:T,G:G,C:C,T:T,C:C,G:G,G:G,G:G,A:A,G:A,G:G,A:A,G:G,T:T,A:A,A:A,T:T,T:T,C:C,G:G,C:C,T:T,A:A
ICMR 101779:4,G:G,C:C,A:A,T:T,G:G,C:C,C:C,T:T,G:G,C:C,T:T,C:C,G:G,G:G,G:G,A:A,G:A,G:G,A:A,G:G,T:T,A:A,A:A,T:T,T:T,C:C,G:G,C:C,T:T,A:A
ICMR 101779:5,G:G,C:C,A:A,T:T,G:G,C:C,C:C,T:T,G:G,C:C,T:T,C:C,G:G,G:G,G:G,A:A,G:A,G:G,A:A,G:G,T:T,A:A,A:A,T:T,T:T,C:C,G:G,C:C,T:T,A:A
ICMR 101779:6,G:G,C:C,A:A,T:T,G:G,C:C,C:C,T:T,G:G,C:C,T:T,C:C,G:G,G:G,G:G,A:A,G:A,G:G,A:A,G:G,T:T,A:A,A:A,T:T,T:T,C:C,G:G,C:C,T:T,A:A
ICMR 101788:1,G:A,C:C,A:A,A:T,G:G,C:C,T:T,T:T,A:A,G:C,T:T,C:A,A:G,G:G,G:G,A:G,A:A,G:G,G:G,C:C,T:T,A:A,A:T,T:T,T:T,A:A,G:G,T:T,Uncallable,A:A
ICMR 101788:2,?,C:C,G:G,T:T,?,?,?,?,A:A,G:G,T:T,?,?,A:A,?,?,?,A:A,?,?,T:T,?,?,?,T:T,C:A,?,?,?,A:A
ICMR 101788:3,G:A,C:C,A:A,Uncallable,G:G,C:C,T:T,T:T,A:A,G:C,T:T,C:A,A:G,G:G,G:G,Uncallable,A:A,G:G,G:G,C:C,T:T,A:A,A:T,T:T,T:T,A:A,G:G,T:T,T:C,A:A
ICMR 101788:4,G:A,C:C,A:A,Uncallable,G:G,C:C,T:T,T:G,A:A,G:C,T:T,C:A,A:G,G:G,G:G,Uncallable,A:A,G:A,G:G,C:C,T:T,A:A,A:T,T:T,T:T,A:A,G:G,T:T,T:T,A:A
ICMR 101788:5,G:G,C:C,A:A,A:T,G:G,C:C,T:T,T:G,A:A,G:C,T:T,C:A,A:G,G:G,G:G,A:G,A:A,G:A,G:G,C:C,T:T,A:A,T:T,T:T,T:T,A:A,G:C,T:T,Uncallable,A:A
ICMR 101788:6,G:A,C:C,A:A,A:T,G:G,C:C,T:T,T:T,A:A,G:C,T:T,C:A,A:G,G:G,G:G,A:G,A:A,G:A,G:G,C:C,T:T,A:A,A:T,T:T,T:T,A:A,G:G,T:T,T:T,A:A
ICMR 101989:1,A:A,C:C,A:A,T:T,A:A,C:C,C:C,G:G,G:G,C:C,C:C,C:C,G:G,A:A,G:G,A:A,G:A,G:G,G:G,C:C,T:T,C:C,A:A,T:T,G:G,A:A,C:C,C:C,C:C,G:G
ICMR 101989:2,A:A,C:C,A:A,T:T,A:A,C:C,C:C,G:G,G:G,C:C,C:C,C:C,G:G,A:A,G:G,A:A,G:A,G:G,G:G,C:C,T:T,C:C,A:A,T:T,G:G,A:A,C:C,C:C,C:C,G:G
ICMR 101989:3,A:A,C:C,A:A,T:T,A:A,C:C,C:C,G:G,G:G,C:C,C:C,C:C,G:G,A:A,G:G,A:A,G:A,G:G,G:G,C:C,T:T,C:C,A:A,T:T,G:G,A:A,C:C,C:C,C:C,G:G
ICMR 101989:4,A:A,C:C,A:A,T:T,A:A,C:C,C:C,G:G,G:G,C:C,C:C,C:C,G:G,A:A,G:G,A:A,G:A,G:G,G:G,C:C,T:T,C:C,A:A,T:T,G:G,A:A,C:C,C:C,C:C,G:G
ICMR 101989:5,A:A,C:C,A:A,T:T,A:A,C:C,C:C,G:G,G:G,C:C,C:C,C:C,G:G,A:A,G:G,A:A,G:A,G:G,G:G,C:C,T:T,C:C,A:A,T:T,G:G,A:A,C:C,C:C,?,G:G
ICMR 101989:6,A:A,C:C,A:A,T:T,A:A,C:C,C:C,G:G,G:G,C:C,C:C,C:C,G:G,A:A,G:G,A:A,G:A,G:G,G:G,C:C,T:T,C:C,A:A,C:T,G:G,A:A,C:C,C:C,C:C,G:G
ICMR 101989:7,A:A,C:C,A:A,T:T,A:A,C:C,C:C,G:G,G:G,C:C,C:C,C:C,G:G,A:A,G:G,A:A,G:A,G:G,G:G,C:C,T:T,C:C,A:A,T:T,G:G,A:A,C:C,C:C,C:C,G:G
ICMR 101989:8,A:A,C:C,A:A,T:T,A:A,C:C,C:C,G:G,G:G,C:C,C:C,C:C,G:G,A:A,G:G,A:A,G:A,G:G,G:G,C:C,T:T,C:C,A:A,T:T,G:G,A:A,C:C,C:C,C:C,G:G
ICMR 102003:1,A:A,C:C,A:A,A:A,A:A,C:C,T:T,G:G,G:G,C:C,T:T,C:C,A:A,G:G,T:T,G:G,G:G,A:A,G:G,C:C,T:T,A:A,A:A,T:T,G:G,C:C,C:C,C:C,C:C,G:G
ICMR 102003:2,A:A,C:C,A:A,A:A,A:A,C:C,T:T,G:G,G:G,C:C,T:T,C:C,A:A,G:G,T:T,G:G,G:G,A:A,G:G,C:C,T:T,A:A,A:A,T:T,G:G,C:C,C:C,C:C,C:C,G:G
ICMR 102003:3,A:A,C:C,A:A,A:A,A:A,C:C,T:T,G:G,G:G,C:C,T:T,C:C,A:A,G:G,T:T,G:G,G:G,A:A,G:G,C:C,T:T,A:A,A:A,T:T,G:G,C:C,C:C,C:C,C:C,G:G
ICMR 102003:4,A:A,C:C,A:A,A:A,A:A,C:C,T:T,G:G,G:G,C:C,T:T,C:C,A:A,G:G,T:T,G:G,G:G,A:A,G:G,C:C,T:T,A:A,A:A,T:T,G:G,C:C,C:C,C:C,C:C,G:G
ICMR 102003:5,A:A,C:C,A:A,A:A,A:A,C:C,T:T,G:G,G:G,C:C,T:T,C:C,A:A,G:G,T:T,G:G,G:G,A:A,G:G,C:C,T:T,A:A,A:A,T:T,G:G,C:C,C:C,C:C,C:C,G:G
ICMR 102003:6,A:A,C:C,A:A,A:A,A:A,C:C,T:T,G:G,G:G,C:C,T:T,C:C,A:A,G:G,T:T,G:G,G:G,A:A,G:G,C:C,T:T,A:A,A:A,T:T,G:G,C:C,C:C,C:C,C:C,G:G
ICMR 102004:1,A:A,T:T,A:A,T:T,A:A,T:T,C:C,G:G,A:A,G:G,C:C,A:A,A:A,A:A,G:G,A:A,A:A,A:A,G:G,C:C,C:C,C:C,T:T,T:T,T:T,A:A,G:G,T:T,C:C,A:A
ICMR 102004:2,A:A,T:T,A:A,T:T,A:A,T:T,C:C,G:G,A:A,G:G,C:C,A:A,A:A,A:A,G:G,A:A,A:A,A:A,G:G,C:C,C:C,C:C,T:T,T:T,T:T,A:A,G:G,T:T,C:C,A:A
ICMR 102004:3,A:A,T:T,A:A,T:T,A:A,T:T,C:C,G:G,A:A,G:G,C:C,A:A,A:A,A:A,G:G,A:A,A:A,A:A,G:G,C:C,C:C,C:C,T:T,T:T,T:T,A:A,G:G,T:T,C:C,A:A
ICMR 102004:4,A:A,T:T,A:A,T:T,A:A,T:T,C:C,G:G,A:A,G:G,C:C,A:A,A:A,A:A,G:G,A:A,A:A,A:A,G:G,C:C,C:C,C:C,T:T,T:T,T:T,A:A,G:G,T:T,C:C,A:A
ICMR 102004:5,A:A,T:T,A:A,T:T,A:A,T:T,C:C,G:G,A:A,G:G,C:C,A:A,A:A,A:A,G:G,A:A,A:A,A:A,G:G,C:C,C:C,C:C,T:T,T:T,T:T,A:A,G:G,T:T,C:C,A:A
ICMR 102004:6,A:A,T:T,A:A,T:T,A:A,T:T,C:C,G:G,A:A,G:G,C:C,A:A,A:A,A:A,G:G,A:A,A:A,A:A,G:G,C:C,C:C,C:C,T:T,T:T,T:T,A:A,G:G,T:T,C:C,A:A
ICMR 102061:1,A:A,C:C,A:A,T:T,G:G,C:C,C:C,T:T,A:A,C:C,T:T,C:C,G:G,A:A,G:G,A:A,A:A,G:G,A:A,G:G,T:T,A:C,T:T,T:T,T:T,C:C,G:G,T:T,T:T,A:A
ICMR 102061:2,A:A,C:C,A:A,T:T,G:G,C:C,C:C,T:T,A:A,C:C,T:T,C:C,G:G,A:A,G:G,A:A,A:A,G:G,A:A,G:G,T:T,A:C,T:T,T:T,T:T,C:C,G:G,T:T,T:T,A:A
ICMR 102061:3,G:A,C:C,A:A,T:T,G:G,C:C,C:C,T:T,A:A,C:C,T:T,C:C,G:G,A:A,G:G,A:A,G:A,G:G,A:A,G:G,T:T,A:C,A:A,T:T,T:T,C:C,G:C,T:T,T:T,A:A
ICMR 102061:4,G:A,C:C,A:A,T:T,G:G,C:C,C:C,T:T,A:A,C:C,C:T,C:C,G:G,A:A,G:G,A:A,G:A,G:G,A:A,G:G,T:T,A:C,A:A,T:T,T:T,C:C,G:C,T:T,T:T,A:A
ICMR 102061:5,G:G,C:C,A:A,T:T,G:G,C:C,C:C,T:T,A:A,C:C,T:T,C:C,G:G,A:A,G:G,A:A,G:A,G:G,A:A,G:G,T:T,A:A,A:A,T:T,T:T,C:C,G:C,T:T,T:T,A:A
ICMR 102061:6,A:A,C:C,A:A,T:T,G:G,C:C,C:C,T:T,A:A,C:C,C:T,C:C,G:G,A:A,G:G,A:A,G:A,G:G,A:A,G:G,T:T,C:C,A:A,T:T,T:T,C:C,G:G,T:T,T:T,A:A
ICMR 102061:7,G:A,C:C,A:A,T:T,G:G,C:C,C:C,T:T,A:A,C:C,C:C,C:C,G:G,A:A,G:G,A:A,G:A,G:G,A:A,G:G,T:T,A:C,A:A,T:T,T:T,C:C,G:C,T:T,T:T,A:A
ICMR 102061:8,A:A,C:C,A:A,T:T,G:G,C:C,C:C,T:T,A:A,C:C,T:T,C:C,G:G,A:A,G:G,A:A,A:A,G:G,A:A,G:G,T:T,A:C,T:T,T:T,T:T,C:C,G:G,T:T,T:T,A:A
ICMR 102122:1,A:A,T:T,G:G,T:T,A:A,T:T,C:C,G:G,A:A,C:C,C:C,C:C,G:G,A:A,G:G,A:A,G:A,G:G,G:G,C:C,C:C,C:C,A:A,T:T,G:G,A:A,C:C,T:T,T:T,G:G
ICMR 102122:2,A:A,T:T,G:G,T:T,A:A,T:T,C:C,G:G,A:A,C:C,C:C,C:C,G:G,A:A,G:G,A:A,G:A,G:G,G:G,C:C,C:C,C:C,A:A,T:T,G:G,A:A,C:C,T:T,T:T,G:G
ICMR 102122:3,A:A,T:T,G:G,T:T,A:A,T:T,C:C,G:G,A:A,C:C,C:C,C:C,G:G,A:A,G:G,A:A,G:A,G:G,G:G,C:C,C:C,C:C,A:A,T:T,G:G,A:A,C:C,T:T,T:T,G:G
ICMR 102122:4,A:A,T:T,G:G,T:T,A:A,T:T,C:C,G:G,A:A,C:C,C:C,C:C,G:G,A:A,G:G,A:A,G:A,G:G,G:G,C:C,C:C,C:C,A:A,T:T,G:G,A:A,C:C,T:T,T:T,A:A
ICMR 102122:5,A:A,T:T,G:G,T:T,A:A,T:T,C:C,G:G,A:A,C:C,C:C,C:C,G:G,A:A,G:G,A:A,G:A,G:G,G:G,C:C,C:C,C:C,A:A,T:T,G:G,A:A,C:C,T:T,T:T,G:G
ICMR 102122:6,A:A,T:T,G:G,T:T,A:A,T:T,C:C,G:G,A:A,C:C,C:C,C:C,G:G,A:A,G:G,A:A,G:A,G:G,G:G,C:C,C:C,C:C,A:A,T:T,G:G,A:A,C:C,T:T,T:T,A:A
ICMR 102122:7,A:A,T:T,G:G,T:T,A:A,T:T,C:C,G:G,A:A,C:C,C:C,C:C,G:G,A:A,G:G,A:A,G:A,G:G,G:G,C:C,C:C,C:C,A:A,T:T,G:G,A:A,C:C,T:T,T:T,G:G
ICMR 102122:8,A:A,T:T,G:G,T:T,A:A,T:T,C:C,G:G,A:A,C:C,?,C:C,G:G,A:A,G:G,A:A,G:A,G:G,G:G,C:C,C:C,C:C,A:A,T:T,G:G,A:A,C:C,T:T,T:T,G:G
ICMR 102124:1,G:G,T:T,G:G,T:T,G:G,T:T,C:C,T:T,G:G,C:C,T:T,A:A,G:G,G:G,G:G,G:G,A:A,G:G,A:A,G:G,T:T,A:A,A:A,T:T,T:T,A:A,G:G,T:T,T:T,A:A
ICMR 102124:2,G:G,T:T,G:G,T:T,G:G,T:T,C:C,T:T,G:G,C:C,T:T,A:A,G:G,G:G,G:G,G:G,A:A,G:G,A:A,G:G,T:T,A:A,A:A,T:T,T:T,A:A,G:G,T:T,T:T,A:A
ICMR 102124:3,G:G,T:T,G:G,T:T,G:G,T:T,C:C,T:T,G:G,C:C,T:T,A:A,G:G,G:G,G:G,G:G,A:A,G:G,A:A,G:G,T:T,A:A,A:A,T:T,T:T,A:A,G:G,T:T,T:T,A:A
ICMR 102124:4,G:G,T:T,G:G,T:T,G:G,T:T,C:C,T:T,G:G,C:C,T:T,A:A,G:G,G:G,G:G,G:G,A:A,G:G,A:A,G:G,T:T,A:A,A:A,T:T,T:T,A:A,G:G,T:T,T:T,A:A
ICMR 102124:5,G:G,T:T,G:G,T:T,G:G,T:T,C:C,T:T,G:G,C:C,T:T,A:A,G:G,G:G,G:G,G:G,A:A,G:G,A:A,G:G,T:T,A:A,A:A,T:T,T:T,A:A,G:G,T:T,T:T,A:A
ICMR 102124:6,G:G,T:T,G:G,T:T,G:G,T:T,C:C,T:T,G:G,C:C,T:T,A:A,G:G,G:G,G:G,G:G,A:A,G:G,A:A,G:G,T:T,A:A,A:A,T:T,T:T,A:A,G:G,T:T,T:T,A:A
ICMR 102124:7,G:G,T:T,G:G,T:T,G:G,T:T,C:C,T:T,G:G,C:C,T:T,A:A,G:G,G:G,G:G,G:G,A:A,G:G,A:A,G:G,T:T,A:A,A:A,T:T,T:T,A:A,G:G,T:T,T:T,A:A
ICMR 102124:8,G:G,T:T,G:G,T:T,G:G,T:T,C:C,T:T,G:G,C:C,T:T,A:A,G:G,G:G,G:G,G:G,A:A,G:G,A:A,G:G,T:T,A:A,A:A,T:T,T:T,A:A,G:G,T:T,T:T,A:A
ICMR 102180:1,G:G,C:C,G:G,A:A,G:G,T:T,T:T,T:T,G:G,C:C,C:C,A:A,G:G,A:A,T:T,G:G,A:A,G:G,G:G,C:C,T:T,C:C,A:A,T:T,T:T,?,G:G,T:T,C:C,G:G
ICMR 102180:2,G:G,C:C,G:G,A:A,G:G,T:T,T:T,T:T,G:G,C:C,C:C,A:A,G:G,A:A,T:T,G:G,A:A,G:G,G:G,C:C,T:T,C:C,A:A,T:T,T:T,?,G:G,T:T,C:C,G:G
ICMR 102180:3,G:G,C:C,G:G,A:A,G:G,T:T,T:T,T:T,G:G,C:C,C:T,A:A,G:G,A:A,T:T,G:G,A:A,G:G,G:G,C:C,T:T,C:C,A:A,T:T,T:T,?,G:G,T:T,C:C,G:G
ICMR 102180:4,G:G,C:C,G:G,A:A,G:G,T:T,T:T,T:T,G:G,C:C,C:C,A:A,G:G,A:A,T:T,G:G,A:A,G:G,G:G,C:C,T:T,C:C,A:A,T:T,T:T,A:A,G:G,T:T,C:C,G:G
ICMR 102180:5,G:G,C:C,G:G,A:A,G:G,T:T,T:T,T:T,G:G,C:C,C:C,A:A,G:G,A:A,T:T,G:G,A:A,G:G,G:G,C:C,T:T,C:C,A:A,T:T,T:T,C:C,G:G,T:T,C:C,G:G
ICMR 102180:6,G:G,C:C,G:G,A:A,G:G,T:T,T:T,T:T,G:G,C:C,C:C,A:A,G:G,A:A,T:T,G:G,A:A,G:G,G:G,C:C,T:T,C:C,A:A,T:T,T:T,C:C,G:G,T:T,C:C,G:G
ICMR 102180:7,G:G,C:C,G:G,A:A,G:G,T:T,T:T,T:T,G:G,C:C,C:C,A:A,G:G,A:A,T:T,G:G,A:A,G:G,G:G,C:C,T:T,C:C,A:A,T:T,T:T,?,G:G,T:T,C:C,G:G
ICMR 102180:8,G:G,C:C,G:G,A:A,G:G,T:T,T:T,T:T,G:G,C:C,C:C,A:A,G:G,A:A,T:T,G:G,A:A,G:G,G:G,C:C,T:T,C:C,A:A,T:T,T:T,?,G:G,T:T,C:C,G:G
ICMR 102289:1,A:A,T:T,G:G,A:A,A:A,T:T,C:T,T:T,A:A,C:C,T:T,A:A,G:G,A:A,G:G,G:G,G:A,G:G,G:G,C:C,C:C,C:C,A:A,T:T,G:T,A:A,G:G,C:C,T:C,A:G
ICMR 102289:2,A:A,T:T,G:G,A:A,A:A,T:T,Uncallable,T:T,A:A,C:C,T:T,A:A,G:G,A:A,G:G,G:G,G:A,G:G,G:G,C:C,C:C,C:C,A:A,T:T,G:T,A:A,G:G,C:C,T:C,G:G
ICMR 102289:3,A:A,T:T,G:G,A:A,A:A,T:T,C:T,T:T,A:A,C:C,T:T,A:A,G:G,A:A,G:G,G:G,G:A,G:G,G:G,C:C,C:C,C:C,A:A,T:T,G:T,A:A,G:G,C:C,T:C,A:G
ICMR 102289:4,A:A,T:T,G:G,A:A,A:A,T:T,C:T,T:T,A:A,C:C,T:T,A:A,G:G,A:A,G:G,G:G,G:A,G:G,G:G,C:C,C:C,C:C,A:A,T:T,G:T,A:A,G:G,C:C,T:C,A:G
ICMR 102289:5,A:A,T:T,G:G,A:A,A:A,T:T,C:T,T:T,A:A,G:C,T:T,A:A,A:G,G:A,G:G,G:G,G:A,G:G,G:G,C:C,C:C,C:C,A:A,T:T,G:T,C:A,G:G,C:C,T:C,G:G
ICMR 102289:6,A:A,T:T,G:G,A:A,A:A,T:T,C:T,T:T,A:A,C:C,T:T,A:A,G:G,A:A,G:G,G:G,G:A,G:G,G:G,C:C,C:C,C:C,A:A,T:T,G:T,A:A,G:G,C:C,T:C,A:G
ICMR 102337:1,A:A,T:C,G:G,A:A,G:G,T:T,C:C,T:G,G:G,C:C,C:C,C:C,G:G,A:A,T:T,G:G,A:A,G:G,A:A,C:C,T:T,A:A,A:A,T:T,T:T,A:A,G:G,T:T,C:C,G:G
ICMR 102337:2,A:A,C:C,G:G,A:A,G:G,T:T,C:C,T:G,G:G,C:C,C:C,C:C,G:G,A:A,T:T,G:G,A:A,G:G,A:A,C:C,T:T,A:A,A:A,T:T,T:T,A:A,G:G,T:T,C:C,G:G
ICMR 102337:3,A:A,T:C,G:G,A:A,G:G,T:T,C:C,T:G,G:G,C:C,C:C,C:C,G:G,A:A,T:T,G:G,A:A,G:G,A:A,C:C,T:T,A:A,A:A,T:T,T:T,A:A,G:G,T:T,C:C,G:G
ICMR 102337:4,A:A,T:T,G:G,A:A,G:G,T:T,C:C,T:G,G:G,C:C,C:C,C:C,G:G,A:A,T:T,G:G,A:A,G:G,A:A,C:C,T:T,A:A,A:A,T:T,T:T,A:A,G:G,T:T,C:C,G:G
ICMR 102337:5,A:A,T:C,G:G,A:A,G:G,T:T,C:C,T:G,G:A,C:C,C:C,C:C,G:G,A:A,T:T,G:G,A:A,G:G,A:A,C:C,T:T,A:A,A:A,T:T,T:T,A:A,G:G,T:T,C:C,G:G
ICMR 102337:6,A:A,T:C,G:G,A:A,G:G,T:T,C:C,T:G,G:A,C:C,C:C,C:C,G:G,A:A,T:T,G:G,A:A,G:G,A:A,C:C,T:T,A:A,A:A,T:T,T:T,A:A,G:G,T:T,C:C,G:G
ICMR 102339:1,G:G,T:T,G:G,A:A,G:G,T:T,C:C,T:T,A:A,C:C,C:C,C:A,A:A,A:A,G:G,G:G,G:A,G:G,A:A,G:G,T:T,A:A,T:T,T:T,T:T,A:A,G:G,T:T,C:C,A:A
ICMR 102339:2,G:G,T:T,G:G,A:A,G:G,T:T,C:C,T:T,A:A,C:C,C:C,A:A,A:G,A:A,G:G,G:G,G:A,G:G,A:A,G:G,T:T,A:A,T:T,T:T,T:T,A:A,G:G,T:T,C:C,A:A
ICMR 102339:3,G:G,T:T,G:G,A:A,G:G,T:T,C:C,T:T,A:A,C:C,C:C,C:A,A:G,A:A,G:G,G:G,G:A,G:G,A:A,G:G,T:T,A:A,T:T,T:T,T:T,A:A,G:G,T:T,C:C,A:A
ICMR 102339:4,G:G,T:T,G:G,A:A,G:G,T:T,C:C,T:T,A:A,C:C,C:C,A:A,A:A,A:A,G:G,G:G,G:A,G:G,A:A,G:G,T:T,A:A,T:T,T:T,T:T,A:A,G:G,T:T,C:C,Uncallable
ICMR 102339:5,G:G,T:T,G:G,A:A,G:G,T:T,C:C,T:T,A:A,C:C,C:C,C:A,A:G,A:A,G:G,G:G,G:A,G:G,A:A,G:G,T:T,A:A,T:T,T:T,T:T,A:A,G:G,T:T,C:C,A:A
ICMR 102339:6,G:G,T:T,G:G,A:A,G:G,T:T,C:C,T:T,A:A,C:C,C:C,A:A,A:G,A:A,G:G,G:G,G:A,G:G,A:A,G:G,T:T,A:A,T:T,T:T,T:T,A:A,G:G,T:T,C:C,A:G
ICMR 102354:1,G:G,C:C,A:A,T:T,G:G,C:C,C:C,T:T,A:A,C:C,T:T,A:A,G:G,A:A,G:G,A:A,A:A,G:G,A:A,G:G,T:T,A:A,A:A,T:T,T:T,C:C,G:G,C:C,T:T,A:A
ICMR 102354:2,G:G,C:C,A:A,T:T,G:G,C:C,C:C,T:T,A:A,C:C,T:T,A:A,G:G,A:A,G:G,A:A,A:A,G:G,A:A,G:G,T:T,A:A,A:A,T:T,T:T,C:C,G:G,C:C,T:T,A:A
ICMR 102354:3,G:G,C:C,A:A,T:T,G:G,C:C,C:C,T:T,A:A,C:C,T:T,A:A,G:G,A:A,G:G,A:A,A:A,G:G,A:A,G:G,T:T,A:A,A:A,T:T,T:T,C:C,G:G,C:C,T:T,A:A
ICMR 102354:4,G:G,C:C,A:A,T:T,G:G,C:C,C:C,T:T,A:A,C:C,T:T,A:A,G:G,A:A,G:G,A:A,A:A,G:G,A:A,G:G,T:T,A:A,A:A,T:T,T:T,C:C,G:G,C:C,T:T,A:A
ICMR 102354:5,G:G,C:C,A:A,T:T,G:G,C:C,C:C,T:T,A:A,C:C,T:T,A:A,G:G,A:A,G:G,A:A,A:A,G:G,A:A,G:G,T:T,A:A,A:A,T:T,T:T,C:C,G:G,C:C,T:T,A:A
ICMR 102354:6,G:G,C:C,A:A,T:T,G:G,C:C,C:C,T:T,A:A,C:C,T:T,A:A,G:G,A:A,G:G,A:A,A:A,G:G,A:A,G:G,T:T,A:A,A:A,T:T,T:T,C:C,G:G,C:C,T:T,A:A
ICMR 102386:1,G:G,T:T,G:G,T:T,A:A,C:C,C:C,T:T,A:A,C:C,T:T,A:A,G:G,G:G,G:G,A:A,A:A,A:A,G:G,C:C,T:T,A:A,T:T,T:T,T:T,C:C,C:C,C:C,T:T,A:A
ICMR 102386:2,G:G,T:T,G:G,T:T,A:A,C:C,C:C,T:T,A:A,C:C,T:T,A:A,G:G,G:G,G:G,A:A,A:A,A:A,G:G,C:C,T:T,A:A,T:T,T:T,T:T,C:C,C:C,C:C,T:T,A:A
ICMR 102386:3,G:G,T:T,G:G,T:T,A:A,C:C,C:C,T:T,A:A,C:C,T:T,A:A,G:G,G:G,G:G,A:A,A:A,A:A,G:G,C:C,T:T,A:A,T:T,T:T,T:T,C:C,C:C,C:C,T:T,A:A
ICMR 102386:4,G:G,T:T,G:G,T:T,A:A,C:C,C:C,T:T,A:A,C:C,T:T,A:A,G:G,G:G,G:G,A:A,A:A,A:A,G:G,C:C,T:T,A:A,T:T,T:T,T:T,C:C,C:C,C:C,T:T,A:A
ICMR 102386:5,G:G,T:T,G:G,T:T,A:A,C:C,C:C,T:T,A:A,C:C,T:T,A:A,G:G,G:G,G:G,A:A,A:A,A:A,G:G,C:C,T:T,A:A,T:T,T:T,T:T,C:C,C:C,C:C,T:T,A:A
ICMR 102386:6,G:G,T:T,G:G,T:T,A:A,C:C,C:C,T:T,A:A,C:C,T:T,A:A,G:G,G:G,G:G,A:A,A:A,A:A,G:G,C:C,T:T,A:A,T:T,T:T,T:T,C:C,C:C,C:C,T:T,A:A
ICMR 102387:1,A:A,C:C,G:G,A:A,A:A,T:T,T:T,G:G,A:A,C:C,C:C,A:A,G:G,G:G,T:T,G:G,A:A,G:G,G:G,C:C,C:C,A:A,A:A,T:T,T:T,C:C,C:C,T:T,C:C,G:G
ICMR 102387:2,A:A,C:C,G:G,A:A,A:A,T:T,T:T,G:G,A:A,C:C,C:C,A:A,G:G,G:G,T:T,G:G,A:A,G:G,G:G,C:C,C:C,A:A,A:A,T:T,T:T,C:C,C:C,T:T,C:C,G:G
ICMR 102387:3,A:A,C:C,G:G,A:A,A:A,T:T,T:T,G:G,A:A,C:C,C:C,A:A,G:G,G:G,T:T,G:G,A:A,G:G,G:G,C:C,C:C,A:A,A:A,T:T,T:T,C:C,C:C,T:T,C:C,G:G
ICMR 102387:4,A:A,C:C,G:G,A:A,A:A,T:T,T:T,G:G,A:A,C:C,C:C,A:A,G:G,G:G,T:T,G:G,A:A,G:G,G:G,C:C,C:C,A:A,A:A,T:T,T:T,C:C,C:C,T:T,C:C,G:G
ICMR 102387:5,A:A,C:C,G:G,A:A,A:A,T:T,T:T,G:G,A:A,C:C,C:C,A:A,G:G,G:G,T:T,G:G,A:A,G:G,G:G,C:C,C:C,A:A,A:A,T:T,T:T,C:C,C:C,T:T,C:C,G:G
ICMR 102387:6,A:A,C:C,G:G,A:A,A:A,T:T,T:T,G:G,A:A,C:C,C:C,A:A,G:G,G:G,T:T,G:G,A:A,G:G,G:G,C:C,C:C,A:A,A:A,T:T,T:T,C:C,C:C,T:T,C:C,G:G
ICMR 102387:7,A:A,C:C,G:G,A:A,A:A,T:T,T:T,G:G,A:A,C:C,C:C,A:A,G:G,G:G,T:T,G:G,A:A,G:G,G:G,C:C,C:C,A:A,A:A,T:T,T:T,C:C,C:C,T:T,C:C,G:G
ICMR 102387:8,A:A,C:C,G:G,A:A,A:A,T:T,T:T,G:G,A:A,C:C,C:C,A:A,G:G,G:G,T:T,G:G,A:A,G:G,G:G,C:C,C:C,A:A,A:A,T:T,T:T,C:C,C:C,T:T,C:C,G:G
ICMR 102389:1,G:G,T:T,G:G,T:T,G:G,T:T,C:C,T:T,G:G,C:C,T:T,A:A,G:G,G:G,G:G,G:G,A:A,G:G,A:A,G:G,T:T,A:A,A:A,T:T,T:T,A:A,G:G,T:T,T:T,A:A
ICMR 102389:2,G:G,T:T,G:G,T:T,G:G,T:T,C:C,T:T,G:G,C:C,T:T,A:A,G:G,G:G,G:G,G:G,A:A,G:G,A:A,G:G,T:T,A:A,A:A,T:T,T:T,A:A,G:G,T:T,T:T,A:A
ICMR 102389:3,G:G,T:T,G:G,T:T,G:G,T:T,C:C,T:T,G:G,C:C,T:T,A:A,G:G,G:G,G:G,G:G,A:A,G:G,A:A,G:G,T:T,A:A,A:A,T:T,T:T,A:A,G:G,T:T,T:T,A:A
ICMR 102389:4,G:G,T:T,G:G,T:T,G:G,T:T,C:C,T:T,G:G,C:C,T:T,A:A,G:G,G:G,G:G,G:G,A:A,G:G,A:A,G:G,T:T,A:A,A:A,T:T,T:T,A:A,G:G,T:T,T:T,A:A
ICMR 102389:5,G:G,T:T,G:G,T:T,G:G,T:T,C:C,T:T,G:G,C:C,T:T,A:A,G:G,G:G,G:G,G:G,A:A,G:G,A:A,G:G,T:T,A:A,A:A,T:T,T:T,A:A,G:G,T:T,T:T,A:A
ICMR 102389:6,G:G,T:T,G:G,T:T,G:G,T:T,C:C,T:T,G:G,C:C,T:T,A:A,G:G,G:G,G:G,G:G,A:A,G:G,A:A,G:G,T:T,A:A,A:A,T:T,T:T,A:A,G:G,T:T,T:T,A:A
ICMR 102434:1,A:A,T:T,A:A,T:T,G:G,T:T,C:C,T:G,G:G,C:C,C:T,C:C,A:A,G:G,G:G,G:G,A:A,G:G,A:A,C:C,T:T,C:C,T:T,T:T,T:T,C:C,C:C,T:T,T:T,A:A
ICMR 102434:2,A:A,T:T,A:A,T:T,G:G,T:T,C:C,T:G,G:G,C:C,C:T,C:C,A:A,G:G,G:G,G:G,A:A,G:G,A:A,C:C,T:T,C:C,T:T,T:T,T:T,C:C,C:C,T:T,T:T,A:A
ICMR 102434:3,A:A,T:T,A:A,T:T,G:G,T:T,C:C,T:G,G:G,C:C,C:T,C:C,A:A,G:G,G:G,G:G,A:A,G:G,A:A,C:C,T:T,C:C,T:T,T:T,T:T,C:C,C:C,T:T,T:T,Uncallable
ICMR 102434:4,A:A,T:T,A:A,T:T,G:G,T:T,C:C,T:G,G:G,C:C,T:T,C:C,A:A,G:G,G:G,G:G,A:A,G:G,A:A,C:C,T:T,C:C,T:T,T:T,T:T,C:C,C:C,T:T,T:T,A:A
ICMR 102434:5,A:A,T:T,A:A,T:T,G:G,T:T,C:C,T:G,G:G,C:C,C:T,C:C,A:A,G:G,G:G,G:G,A:A,G:G,A:A,C:C,T:T,C:C,T:T,T:T,T:T,C:C,C:C,T:T,T:T,A:A
ICMR 102434:6,A:A,T:T,A:A,T:T,G:G,T:T,C:C,T:G,G:G,C:C,C:T,C:C,A:A,G:G,G:G,G:G,A:A,G:G,A:A,C:C,T:T,C:C,T:T,T:T,T:T,C:C,C:C,T:T,T:T,Uncallable
ICMR 102436:1,A:A,T:T,G:G,Uncallable,A:A,T:T,C:C,T:G,G:G,G:C,T:T,A:A,A:G,G:A,G:G,G:G,A:A,G:G,G:G,C:C,C:C,A:A,Uncallable,C:C,T:T,C:C,G:G,T:T,T:C,G:G
ICMR 102436:2,A:A,T:T,G:G,T:T,A:A,T:T,C:C,T:G,G:G,C:C,T:T,A:A,G:G,A:A,G:G,G:G,A:A,G:G,G:G,C:C,C:C,A:A,A:A,C:C,T:T,A:A,G:G,T:T,T:T,G:G
ICMR 102436:3,A:A,T:T,G:G,T:T,A:A,T:T,C:C,T:G,G:G,C:C,T:T,A:A,G:G,A:A,G:G,G:G,A:A,G:G,G:G,C:C,C:C,A:A,A:A,C:C,T:T,A:A,G:G,T:T,T:T,G:G
ICMR 102436:4,A:A,T:T,G:G,T:T,A:A,T:T,C:C,T:G,G:G,C:C,T:T,A:A,G:G,A:A,G:G,G:G,A:A,G:G,G:G,C:C,C:C,A:A,A:A,C:C,T:T,C:C,G:G,T:T,T:T,G:G
ICMR 102436:5,A:A,T:T,G:G,T:T,A:A,T:T,C:C,T:G,G:G,C:C,T:T,A:A,G:G,A:A,G:G,G:G,A:A,G:G,G:G,C:C,C:C,A:A,A:A,C:C,T:T,?,G:G,T:T,T:T,G:G
ICMR 102436:6,A:A,T:T,G:G,T:T,A:A,T:T,C:C,T:G,G:G,C:C,T:T,A:A,G:G,A:A,G:G,G:G,A:A,G:G,G:G,C:C,C:C,A:A,A:A,C:C,T:T,C:C,G:G,T:T,T:T,G:G
ICMR 102441:1,A:A,C:C,A:A,T:T,A:A,T:T,T:T,G:G,G:G,G:G,C:C,A:A,G:G,A:A,T:T,G:G,A:A,G:G,G:G,C:C,C:C,A:A,A:A,T:T,T:T,C:C,C:C,C:C,C:C,A:A
ICMR 102441:2,A:A,C:C,A:A,T:T,A:A,T:T,T:T,G:G,G:G,G:G,C:C,A:A,G:G,A:A,T:T,G:G,A:A,G:G,G:G,C:C,C:C,A:A,A:A,T:T,T:T,C:C,C:C,C:C,C:C,A:G
ICMR 102441:3,A:A,C:C,A:A,T:T,A:A,T:T,T:T,G:G,G:G,G:G,C:C,A:A,G:G,A:A,T:T,G:G,A:A,G:G,G:G,C:C,C:C,A:A,A:A,T:T,T:T,C:C,C:C,C:C,C:C,A:A
ICMR 102441:4,A:A,C:C,A:A,T:T,A:A,T:T,T:T,G:G,G:G,G:G,C:C,A:A,G:G,A:A,T:T,G:G,A:A,G:G,G:G,C:C,C:C,A:A,A:A,T:T,T:T,C:C,C:C,C:C,C:C,A:G
ICMR 102441:5,A:A,C:C,A:A,T:T,A:A,T:T,T:T,G:G,G:G,G:G,C:C,A:A,G:G,A:A,T:T,G:G,A:A,G:G,G:G,C:C,C:C,A:A,A:A,T:T,T:T,C:C,C:C,C:C,C:C,A:A
ICMR 102441:6,A:A,C:C,A:A,T:T,A:A,T:T,T:T,G:G,G:G,G:G,C:C,A:A,G:G,A:A,T:T,G:G,A:A,G:G,G:G,C:C,C:C,A:A,A:A,T:T,T:T,C:C,C:C,C:C,C:C,A:G
ICMR 102451:1,G:G,T:T,G:G,T:T,A:A,T:T,T:T,G:G,G:G,G:G,T:T,C:C,G:G,A:A,G:G,A:A,G:G,G:G,G:G,C:C,C:C,C:C,T:T,C:C,T:T,A:A,C:C,T:T,C:C,A:A
ICMR 102451:2,G:G,T:T,G:G,T:T,A:A,T:T,T:T,G:G,G:G,G:G,T:T,C:C,G:G,A:A,G:G,A:A,G:G,G:G,G:G,C:C,C:C,C:C,T:T,C:C,T:T,A:A,C:C,T:T,C:C,A:A
ICMR 102451:3,G:G,T:T,G:G,T:T,A:A,T:T,T:T,G:G,G:G,G:G,T:T,C:C,G:G,A:A,G:G,A:A,G:G,G:G,G:G,C:C,C:C,C:C,T:T,C:C,T:T,A:A,C:C,T:T,C:C,A:A
ICMR 102451:4,G:G,T:T,G:G,T:T,A:A,T:T,T:T,G:G,G:G,G:G,T:T,C:C,G:G,A:A,G:G,A:A,G:G,G:G,G:G,C:C,C:C,C:C,T:T,C:C,T:T,A:A,C:C,T:T,C:C,A:A
ICMR 102451:5,G:G,T:T,G:G,T:T,A:A,T:T,T:T,G:G,G:G,G:G,T:T,C:C,G:G,A:A,G:G,A:A,G:G,G:G,G:G,C:C,C:C,C:C,T:T,C:C,T:T,A:A,C:C,T:T,C:C,A:G
ICMR 102451:6,G:G,T:T,G:G,T:T,A:A,T:T,T:T,G:G,G:G,G:G,T:T,C:C,G:G,A:A,G:G,A:A,G:G,G:G,G:G,C:C,C:C,C:C,T:T,C:C,T:T,A:A,C:C,T:T,C:C,A:A
ICMR 102454:1,A:A,T:C,A:A,T:T,A:A,T:T,C:T,G:G,A:A,C:C,T:T,A:A,A:A,A:A,G:G,A:A,G:A,A:A,A:A,C:C,C:C,C:C,T:T,T:T,G:G,A:A,G:G,T:T,C:C,A:A
ICMR 102454:2,A:A,C:C,A:A,T:T,A:A,T:T,T:T,G:G,A:A,C:C,T:T,A:A,A:A,A:A,G:G,A:A,G:A,A:A,A:A,C:C,C:C,C:C,T:T,T:T,G:G,A:A,G:G,T:T,C:C,A:A
ICMR 102454:3,A:A,T:C,A:A,T:T,A:A,T:T,C:T,G:G,A:A,C:C,T:T,A:A,A:A,A:A,G:G,A:A,G:A,A:A,A:A,C:C,C:C,A:C,T:T,T:T,G:G,A:A,G:G,T:T,C:C,A:A
ICMR 102454:4,A:A,C:C,A:A,T:T,A:A,T:T,T:T,G:G,A:A,C:C,T:T,A:A,A:A,A:A,G:G,A:A,G:A,A:A,A:A,C:C,C:C,C:C,T:T,T:T,G:G,A:A,G:G,T:T,C:C,A:A
ICMR 102454:5,A:A,T:C,A:A,T:T,A:A,T:T,C:T,G:G,A:A,C:C,T:T,A:A,A:A,A:A,G:G,A:A,G:A,A:A,A:A,C:C,C:C,A:C,T:T,T:T,G:G,A:A,G:G,T:T,C:C,A:A
ICMR 102454:6,A:A,T:C,A:A,T:T,A:A,T:T,C:T,G:G,A:A,C:C,T:T,A:A,A:A,A:A,G:G,A:A,G:A,A:A,A:A,C:C,C:C,A:C,T:T,T:T,G:G,A:A,G:G,T:T,C:C,A:A
ICMR 102542:10,A:A,C:C,A:A,T:T,G:G,C:C,C:C,T:T,G:G,C:C,T:T,C:C,G:G,A:A,G:G,A:A,G:G,G:G,A:A,C:C,C:C,A:A,A:A,T:T,T:T,C:C,G:G,C:C,T:T,G:G
ICMR 102542:11,A:A,T:C,A:A,T:T,G:G,C:C,C:C,T:T,G:G,C:C,T:T,C:C,G:G,A:A,G:G,A:A,G:G,G:G,A:A,C:C,C:C,A:A,A:A,T:T,T:T,C:C,G:G,C:C,T:T,G:G
ICMR 102542:12,A:A,T:C,A:A,T:T,G:G,C:C,C:C,T:T,G:G,C:C,T:T,C:C,G:G,A:A,G:G,A:A,G:G,G:G,A:A,C:C,C:C,A:A,A:A,T:T,T:T,C:C,G:G,C:C,T:T,G:G
ICMR 102542:13,A:A,T:T,A:A,T:T,G:G,C:C,C:C,T:T,G:G,C:C,T:T,C:C,G:G,A:A,G:G,A:A,G:G,G:G,A:A,C:C,C:C,A:A,A:A,T:T,T:T,C:C,G:G,C:C,T:T,G:G
ICMR 102542:14,A:A,T:T,A:A,T:T,G:G,C:C,C:C,T:T,G:G,C:C,T:T,C:C,G:G,A:A,G:G,A:A,G:G,G:G,A:A,C:C,C:C,A:A,A:A,T:T,T:T,C:C,G:G,C:C,T:T,G:G
ICMR 102542:15,A:A,C:C,A:A,T:T,G:G,C:C,C:C,T:T,G:G,C:C,T:T,C:C,G:G,A:A,G:G,A:A,G:G,G:G,A:A,C:C,C:C,A:A,A:A,T:T,T:T,C:C,G:G,C:C,T:T,G:G
ICMR 102542:16,A:A,T:T,A:A,T:T,G:G,C:C,C:C,T:T,G:G,C:C,T:T,C:C,G:G,A:A,G:G,A:A,G:G,G:G,A:A,C:C,C:C,A:A,A:A,T:T,T:T,C:C,G:G,C:C,T:T,G:G
ICMR 102542:9,A:A,C:C,A:A,T:T,G:G,C:C,C:C,T:T,G:G,C:C,T:T,C:C,G:G,A:A,G:G,A:A,G:G,G:G,A:A,C:C,C:C,A:A,A:A,T:T,T:T,C:C,G:G,C:C,T:T,G:G
ICMR 102549:1,G:G,C:C,A:A,T:T,G:G,C:C,C:C,T:G,A:A,C:C,T:T,A:A,G:G,A:A,G:G,A:A,A:A,G:G,A:A,G:G,T:T,A:A,A:A,T:T,T:T,C:C,G:G,C:C,T:T,A:A
ICMR 102549:2,G:G,C:C,A:A,T:T,G:G,C:C,C:C,T:T,A:A,C:C,T:T,A:A,G:G,A:A,G:G,A:A,A:A,G:G,A:A,G:G,T:T,A:A,A:A,T:T,T:T,C:C,G:G,C:C,T:T,A:A
ICMR 102549:3,G:G,C:C,A:A,T:T,G:G,C:C,C:C,G:G,A:A,C:C,T:T,A:A,G:G,A:A,G:G,A:A,A:A,G:G,A:A,G:G,T:T,A:A,A:A,T:T,T:T,C:C,G:G,C:C,T:T,A:A
ICMR 102549:4,G:G,C:C,A:A,T:T,G:G,C:C,C:C,G:G,A:A,C:C,T:T,A:A,G:G,A:A,G:G,A:A,A:A,G:G,A:A,G:G,T:T,A:A,A:A,T:T,T:T,C:C,G:G,C:C,T:T,A:A
ICMR 102549:5,G:G,C:C,A:A,T:T,G:G,C:C,C:C,T:T,A:A,C:C,T:T,A:A,G:G,A:A,G:G,A:A,A:A,G:G,A:A,G:G,T:T,A:A,A:A,T:T,T:T,C:C,G:G,C:C,T:T,A:A
ICMR 102549:6,G:G,C:C,?,T:T,G:G,C:C,C:C,T:G,A:A,C:C,T:T,A:A,G:G,?,G:G,A:A,A:A,G:G,A:A,G:G,T:T,A:A,A:A,T:T,T:T,C:C,G:G,C:C,?,A:A
ICMR 102612:1,A:A,C:C,G:G,T:T,A:A,C:C,C:C,G:G,A:A,G:G,T:T,C:C,A:A,A:A,G:G,A:A,A:A,G:G,A:A,G:G,T:T,C:C,A:A,C:C,T:T,C:C,G:G,C:C,T:T,A:A
ICMR 102612:2,A:A,C:C,?,T:T,A:A,C:C,?,G:G,A:A,?,T:T,C:C,?,?,G:G,A:A,A:A,G:G,A:A,G:G,T:T,C:C,A:A,C:C,?,C:C,G:G,C:C,?,?
ICMR 102612:3,A:A,C:C,G:G,T:T,A:A,C:C,C:C,G:G,A:A,G:C,T:T,C:C,A:A,A:A,G:G,A:A,A:A,G:G,A:A,G:G,T:T,C:C,A:A,C:C,T:T,C:C,G:G,C:C,T:T,A:A
ICMR 102612:4,A:A,C:C,G:G,T:T,A:A,C:C,C:C,G:G,A:A,G:C,T:T,C:C,A:A,G:A,G:G,A:A,A:A,G:G,A:A,G:G,T:T,C:C,A:A,C:C,T:T,C:C,G:G,C:C,T:T,A:A
ICMR 102612:5,A:A,C:C,G:G,T:T,A:A,C:C,C:C,G:G,A:A,G:G,T:T,C:C,A:A,G:A,G:G,A:A,A:A,G:G,A:A,G:G,T:T,C:C,A:A,C:C,T:T,C:C,G:G,C:C,T:T,A:A
ICMR 102612:6,A:A,C:C,G:G,T:T,A:A,C:C,C:C,T:G,A:A,C:C,T:T,C:C,A:A,G:A,G:G,A:A,A:A,G:G,A:A,G:G,T:T,C:C,A:A,C:C,T:T,C:C,G:G,C:C,T:T,A:A
ICMR 102612:7,A:A,C:C,G:G,T:T,A:A,C:C,C:C,G:G,A:A,G:C,T:T,C:C,A:A,G:A,G:G,A:A,A:A,G:G,A:A,G:G,T:T,C:C,A:A,C:C,T:T,C:C,G:G,C:C,T:T,A:A
ICMR 102612:8,A:A,C:C,G:G,T:T,A:A,C:C,C:C,G:G,A:A,G:C,T:T,C:C,A:A,A:A,G:G,A:A,A:A,G:G,A:A,G:G,T:T,C:C,A:A,C:C,T:T,C:C,G:G,C:C,T:T,A:A
ICMR 102613:1,A:A,C:C,A:A,T:T,G:G,T:T,C:C,T:G,G:G,C:C,C:T,C:C,A:A,A:A,G:G,A:A,A:A,G:G,A:A,G:G,T:T,A:A,A:A,T:T,T:T,C:C,C:C,T:T,T:T,A:A
ICMR 102613:2,A:A,C:C,A:A,T:T,G:G,T:T,C:C,T:G,G:G,C:C,T:T,C:C,A:A,A:A,G:G,A:A,A:A,G:G,A:A,G:G,T:T,A:A,A:A,T:T,T:T,C:C,C:C,T:T,T:T,A:A
ICMR 102613:3,A:A,C:C,A:A,T:T,G:G,T:T,C:C,T:G,G:G,C:C,T:T,C:C,A:A,A:A,G:G,A:A,A:A,G:G,A:A,G:G,T:T,A:A,A:A,T:T,T:T,C:C,C:C,T:T,T:T,A:A
ICMR 102613:4,A:A,C:C,A:A,T:T,G:G,T:T,C:C,T:G,G:G,C:C,T:T,C:C,A:A,A:A,G:G,A:A,A:A,G:G,A:A,G:G,T:T,A:A,A:A,T:T,T:T,C:C,C:C,T:T,T:T,A:A
ICMR 102613:5,A:A,C:C,A:A,T:T,G:G,T:T,C:C,T:G,G:G,C:C,T:T,C:C,A:A,A:A,G:G,A:A,A:A,G:G,A:A,G:G,T:T,A:A,A:A,T:T,T:T,C:C,C:C,T:T,T:T,A:A
ICMR 102613:6,A:A,C:C,A:A,T:T,G:G,T:T,C:C,T:G,G:G,C:C,C:T,C:C,A:A,A:A,G:G,A:A,A:A,G:G,A:A,G:G,T:T,A:A,A:A,T:T,T:T,C:C,C:C,T:T,T:T,A:A
ICMR 102613:7,A:A,C:C,A:A,T:T,G:G,T:T,C:C,T:T,G:G,C:C,C:T,C:C,A:A,A:A,G:G,A:A,A:A,G:G,A:A,G:G,T:T,A:A,A:A,T:T,T:T,C:C,C:C,T:T,T:T,A:A
ICMR 102613:8,A:A,C:C,A:A,T:T,G:G,T:T,C:C,T:G,G:G,C:C,C:T,C:C,A:A,A:A,G:G,A:A,A:A,G:G,A:A,G:G,T:T,A:A,A:A,T:T,T:T,C:C,C:C,T:T,T:T,A:A
ICMR 102614:1,G:G,T:T,A:A,A:A,G:G,C:C,C:C,G:G,A:A,C:C,T:T,C:C,A:A,G:G,T:T,G:G,A:A,G:G,G:G,C:C,T:T,C:C,A:A,C:C,T:T,C:C,C:C,C:C,C:C,G:G
ICMR 102614:2,G:G,T:T,A:A,A:A,G:G,C:C,C:C,G:G,?,C:C,T:T,C:C,A:A,G:G,T:T,G:G,A:A,G:G,G:G,C:C,T:T,C:C,A:A,C:C,T:T,C:C,C:C,C:C,C:C,G:G
ICMR 102614:3,G:G,T:T,A:A,A:A,G:G,C:C,C:C,G:G,A:A,C:C,T:T,C:C,A:A,G:G,T:T,G:G,A:A,G:G,G:G,C:C,T:T,C:C,A:A,C:C,T:T,C:C,C:C,C:C,C:C,G:G
ICMR 102614:4,G:G,T:T,A:A,A:A,G:G,C:C,C:C,G:G,A:A,C:C,T:T,C:C,A:A,G:G,T:T,G:G,A:A,G:G,G:G,C:C,T:T,C:C,A:A,C:C,T:T,C:C,C:C,C:C,C:C,G:G
ICMR 102614:5,G:G,T:T,A:A,A:A,G:G,C:C,C:C,G:G,A:A,C:C,T:T,C:C,A:A,G:G,T:T,G:G,A:A,G:G,G:G,C:C,T:T,C:C,A:A,C:C,T:T,C:C,C:C,C:C,C:C,G:G
ICMR 102614:6,G:G,T:T,A:A,A:A,G:G,C:C,C:C,G:G,?,C:C,T:T,C:C,A:A,G:G,T:T,G:G,A:A,G:G,G:G,C:C,T:T,C:C,A:A,C:C,T:T,C:C,C:C,C:C,C:C,?
ICMR 102614:7,G:G,T:T,A:A,A:A,G:G,C:C,C:C,G:G,?,C:C,T:T,C:C,A:A,G:G,T:T,G:G,A:A,G:G,G:G,C:C,T:T,C:C,A:A,C:C,T:T,C:C,C:C,C:C,C:C,G:G
ICMR 102614:8,G:G,T:T,A:A,A:A,G:G,C:C,C:C,G:G,A:A,C:C,T:T,C:C,A:A,G:G,T:T,G:G,A:A,G:G,G:G,C:C,T:T,C:C,A:A,C:C,T:T,C:C,C:C,C:C,C:C,G:G
ICMR 102615:1,G:G,T:T,G:G,A:A,G:G,C:C,T:T,T:T,A:A,G:C,T:T,A:A,G:G,A:A,T:T,G:G,G:A,G:G,A:A,C:C,T:T,A:A,A:A,T:T,T:T,A:A,C:C,T:T,C:C,A:A
ICMR 102615:2,G:G,T:T,G:G,A:A,G:G,C:C,C:T,T:T,A:A,C:C,T:T,A:A,G:G,A:A,T:T,G:G,G:A,G:G,A:A,C:C,T:T,A:A,A:A,T:T,T:T,A:A,C:C,T:T,C:C,A:A
ICMR 102615:3,G:G,T:T,G:G,A:A,G:G,C:C,T:T,T:T,A:A,C:C,T:T,A:A,G:G,A:A,T:G,G:G,G:A,G:G,A:A,C:C,T:T,A:A,A:A,T:T,T:T,A:A,C:C,T:T,C:C,A:A
ICMR 102615:4,G:G,T:T,G:G,A:A,G:G,C:C,C:C,T:T,A:A,C:C,T:T,A:A,G:G,A:A,T:T,G:G,G:A,G:G,A:A,C:C,T:T,A:A,A:A,T:T,T:T,A:A,C:C,T:T,C:C,A:A
ICMR 102615:5,G:G,T:T,G:G,A:A,G:G,C:C,T:T,T:T,A:A,C:C,T:T,A:A,G:G,A:A,T:G,G:G,G:A,G:G,A:A,C:C,T:T,A:A,A:A,T:T,T:T,A:A,C:C,T:T,C:C,A:A
ICMR 102615:6,G:G,T:T,G:G,A:A,G:G,C:C,C:C,T:T,A:A,C:C,T:T,A:A,G:G,A:A,T:G,G:G,G:A,G:G,A:A,C:C,T:T,A:A,A:A,T:T,T:T,A:A,C:C,T:T,C:C,A:A
ICMR 102615:7,G:G,T:T,G:G,A:A,G:G,C:C,C:C,T:T,A:A,C:C,T:T,A:A,G:G,A:A,T:T,G:G,G:A,G:G,A:A,C:C,T:T,A:A,A:A,T:T,T:T,A:A,C:C,T:T,C:C,A:A
ICMR 102615:8,G:G,T:T,G:G,A:A,G:G,C:C,C:C,T:T,A:A,G:G,T:T,A:A,G:G,A:A,T:T,G:G,G:A,G:G,A:A,C:C,T:T,A:A,A:A,T:T,T:T,A:A,C:C,T:T,C:C,A:A
ICMR 102616:1,G:G,T:T,G:G,T:T,A:A,T:T,T:T,G:G,G:G,C:C,C:C,A:A,G:G,A:A,G:G,G:G,A:A,G:G,G:G,C:C,T:T,C:C,T:T,C:C,T:T,A:A,G:G,C:C,C:C,G:G
ICMR 102616:2,G:G,T:T,G:G,T:T,A:A,T:T,T:T,G:G,G:G,C:C,C:C,A:A,G:G,A:A,G:G,G:G,A:A,G:G,G:G,C:C,T:T,C:C,T:T,C:C,G:G,A:A,C:C,C:C,C:C,G:G
ICMR 102616:3,G:G,T:T,G:G,T:T,A:A,T:T,T:T,G:G,G:G,C:C,C:C,A:A,G:G,A:A,G:G,G:G,A:A,G:G,G:G,C:C,T:T,C:C,T:T,C:C,G:G,A:A,C:C,C:C,C:C,G:G
ICMR 102616:4,G:G,T:T,G:G,T:T,A:A,T:T,T:T,G:G,G:G,C:C,C:C,A:A,G:G,A:A,G:G,G:G,A:A,G:G,G:G,C:C,T:T,C:C,T:T,C:C,G:T,A:A,G:C,C:C,C:C,G:G
ICMR 102616:5,G:G,T:T,G:G,T:T,A:A,T:T,T:T,G:G,G:G,C:C,C:C,A:A,G:G,A:A,G:G,G:G,A:A,G:G,G:G,C:C,T:T,C:C,T:T,C:C,G:G,A:A,C:C,C:C,C:C,G:G
ICMR 102616:6,G:G,T:T,G:G,T:T,A:A,T:T,T:T,G:G,G:G,C:C,C:C,A:A,G:G,A:A,G:G,G:G,A:A,G:G,G:G,C:C,T:T,C:C,T:T,C:C,T:T,C:A,G:G,C:C,C:C,G:G
ICMR 102616:7,G:G,T:T,G:G,T:T,A:A,T:T,T:T,G:G,G:G,C:C,C:C,A:A,G:G,A:A,G:G,G:G,A:A,G:G,G:G,C:C,T:T,C:C,T:T,C:C,T:T,C:A,G:G,C:C,C:C,G:G
ICMR 102616:8,G:G,T:T,G:G,T:T,A:A,T:T,T:T,G:G,G:G,C:C,C:C,A:A,G:G,A:A,G:G,G:G,A:A,G:G,G:G,C:C,T:T,C:C,T:T,C:C,G:T,A:A,G:C,C:C,C:C,G:G
ICMR 102617:1,G:G,C:C,A:A,A:A,G:G,C:C,C:C,G:G,A:A,C:C,C:C,C:C,A:A,A:A,G:G,G:G,A:A,A:A,A:A,G:G,T:T,C:C,A:A,C:C,T:T,A:A,C:C,C:C,T:T,A:A
ICMR 102617:2,G:G,C:C,A:A,A:A,G:G,C:C,C:C,G:G,A:A,C:C,C:C,C:C,A:A,A:A,G:G,G:G,A:A,A:A,A:A,G:G,T:T,C:C,A:A,C:C,T:T,A:A,C:C,C:C,T:T,A:A
ICMR 102617:3,G:G,C:C,A:A,A:A,G:G,C:C,C:C,G:G,A:A,C:C,C:C,C:C,A:A,A:A,G:G,G:G,A:A,A:A,A:A,G:G,T:T,C:C,A:A,C:C,T:T,A:A,C:C,C:C,T:T,A:A
ICMR 102617:4,G:G,C:C,A:A,A:A,G:G,C:C,C:C,G:G,A:A,C:C,C:C,C:C,A:A,A:A,G:G,G:G,A:A,A:A,A:A,G:G,T:T,C:C,A:A,C:C,T:T,A:A,C:C,C:C,T:T,A:A
ICMR 102617:5,G:G,C:C,A:A,A:A,G:G,C:C,C:C,G:G,A:A,C:C,C:C,C:C,A:A,A:A,G:G,G:G,A:A,A:A,A:A,G:G,T:T,C:C,A:A,C:C,T:T,A:A,C:C,C:C,T:T,A:A
ICMR 102617:6,G:G,C:C,A:A,A:A,G:G,C:C,C:C,G:G,A:A,C:C,C:C,C:C,A:A,A:A,G:G,G:G,A:A,A:A,A:A,G:G,T:T,C:C,A:A,C:C,T:T,A:A,C:C,C:C,T:T,A:A
ICMR 102617:7,G:G,C:C,A:A,A:A,G:G,C:C,C:C,G:G,A:A,C:C,C:C,C:C,A:A,A:A,G:G,G:G,A:A,A:A,A:A,G:G,T:T,C:C,A:A,C:C,T:T,A:A,C:C,C:C,T:T,A:A
ICMR 102617:8,G:G,C:C,A:A,A:A,G:G,C:C,C:C,G:G,A:A,C:C,C:C,C:C,A:A,A:A,G:G,G:G,A:A,A:A,A:A,G:G,T:T,C:C,A:A,C:C,T:T,A:A,C:C,C:C,T:T,A:A
ICMR 102618:1,A:A,T:T,G:G,T:T,G:G,T:T,T:T,T:G,G:G,G:G,T:T,A:A,A:A,G:G,T:T,A:A,Uncallable,A:A,G:G,C:C,T:T,A:A,A:A,C:C,T:T,C:C,G:G,C:C,T:T,G:G
ICMR 102618:4,A:A,C:C,G:G,T:T,A:A,T:T,C:C,T:T,G:G,C:C,T:T,C:A,G:G,G:A,G:G,G:G,A:A,G:G,G:G,C:C,C:C,A:A,A:A,T:T,G:G,A:A,G:G,T:T,C:C,A:A
ICMR 102618:5,A:A,C:C,G:G,T:T,A:A,T:T,C:C,T:T,G:G,C:C,T:T,C:C,G:G,G:G,T:G,G:G,A:A,G:G,G:G,C:C,C:C,A:A,A:A,T:T,G:G,?,G:G,T:T,C:C,A:A
ICMR 102618:6,A:A,C:C,G:G,T:T,A:A,T:T,C:C,T:T,G:G,C:C,T:T,C:C,G:G,G:G,G:G,G:G,A:A,G:G,G:G,C:C,C:C,A:A,A:A,T:T,G:G,C:C,G:G,T:T,C:C,A:A
ICMR 102618:7,A:A,C:C,G:G,T:T,A:A,T:T,C:C,T:T,G:G,C:C,T:T,C:C,G:G,G:A,T:G,G:G,A:A,G:G,G:G,C:C,C:C,A:A,A:A,T:T,G:G,C:A,G:G,T:T,C:C,A:A
ICMR 102618:8,A:A,C:C,G:G,T:T,A:A,T:T,C:C,T:T,G:G,C:C,Uncallable,C:A,G:G,A:A,T:T,G:G,A:A,G:G,G:G,C:C,C:C,A:A,A:A,T:T,G:G,A:A,G:G,T:T,C:C,A:A
ICMR 102619:1,A:A,T:T,G:G,T:T,G:G,T:T,T:T,T:G,G:G,G:G,T:T,A:A,A:A,G:G,T:T,A:A,G:G,A:A,G:G,C:C,T:T,A:A,A:A,C:C,T:T,C:C,G:G,C:C,T:T,G:G
ICMR 102619:2,A:A,T:T,G:G,T:T,G:G,T:T,T:T,T:G,G:G,G:G,T:T,A:A,A:A,G:G,T:T,A:A,G:G,A:A,G:G,C:C,T:T,A:A,A:A,C:C,T:T,C:C,G:G,C:C,T:T,G:G
ICMR 102619:3,A:A,T:T,G:G,T:T,G:G,T:T,T:T,T:G,G:G,G:G,T:T,A:A,A:A,G:G,T:T,A:A,G:G,A:A,G:G,C:C,T:T,A:A,A:A,C:C,T:T,C:C,G:G,C:C,T:T,G:G
ICMR 102619:4,A:A,T:T,G:G,T:T,G:G,T:T,T:T,T:G,G:G,G:G,T:T,A:A,A:A,G:G,T:T,A:A,G:G,A:A,G:G,C:C,T:T,A:A,A:A,C:C,T:T,C:C,G:G,C:C,T:T,G:G
ICMR 102619:5,A:A,T:T,G:G,T:T,G:G,T:T,T:T,T:G,G:G,G:G,T:T,A:A,A:A,G:G,T:T,A:A,G:G,A:A,G:G,C:C,T:T,A:A,A:A,C:C,T:T,C:C,G:G,C:C,T:T,G:G
ICMR 102619:6,A:A,T:T,G:G,T:T,G:G,T:T,T:T,T:G,G:G,G:G,T:T,A:A,A:A,G:G,T:T,A:A,G:G,A:A,G:G,C:C,T:T,A:A,A:A,C:C,T:T,C:C,G:G,C:C,T:T,G:G
ICMR 102619:7,A:A,T:T,G:G,T:T,G:G,T:T,T:T,T:G,G:G,G:G,T:T,A:A,A:A,G:G,T:T,A:A,Uncallable,A:A,G:G,C:C,T:T,A:A,A:A,C:C,T:T,C:C,G:G,C:C,T:T,G:G
ICMR 102619:8,A:A,T:T,G:G,T:T,G:G,T:T,T:T,T:G,G:G,G:G,T:T,A:A,A:A,G:G,T:T,A:A,Uncallable,A:A,G:G,C:C,T:T,A:A,A:A,C:C,T:T,C:C,G:G,C:C,T:T,G:G
ICMR 102620:1,A:A,T:T,G:G,T:T,G:G,T:T,T:T,T:G,G:G,G:G,T:T,A:A,A:A,G:G,T:T,A:A,G:G,A:A,G:G,C:C,T:T,A:A,A:A,C:C,T:T,C:C,G:G,C:C,T:T,G:G
ICMR 102620:2,A:A,T:T,G:G,T:T,G:G,T:T,T:T,T:G,G:G,G:G,T:T,A:A,A:A,G:G,T:T,A:A,G:G,A:A,G:G,C:C,T:T,A:A,A:A,C:C,T:T,C:C,G:G,C:C,T:T,G:G
ICMR 102620:3,A:A,T:T,G:G,T:T,G:G,T:T,T:T,T:G,G:G,G:G,T:T,A:A,A:A,G:G,T:T,A:A,G:G,A:A,G:G,C:C,T:T,A:A,A:A,C:C,T:T,C:C,G:G,C:C,T:T,G:G
ICMR 102620:4,A:A,T:T,G:G,T:T,G:G,T:T,T:T,T:G,G:G,G:G,T:T,A:A,A:A,G:G,T:T,A:A,Uncallable,A:A,G:G,C:C,T:T,A:A,A:A,C:C,T:T,C:C,G:G,C:C,T:T,G:G
ICMR 102620:5,A:A,T:T,G:G,T:T,G:G,T:T,T:T,T:G,G:G,G:G,T:T,A:A,A:A,G:G,T:T,A:A,G:A,A:A,G:G,C:C,Uncallable,A:A,A:A,C:C,T:T,C:C,G:G,C:C,T:T,G:G
ICMR 102620:6,A:A,T:T,G:G,T:T,G:G,T:T,T:T,T:G,G:G,G:G,T:T,A:A,A:A,G:G,T:T,A:A,G:G,A:A,G:G,C:C,C:T,A:A,A:A,C:C,T:T,C:C,G:G,C:C,T:T,G:G
ICMR 102620:7,A:A,T:T,G:G,T:T,G:G,T:T,T:T,T:G,G:G,G:G,T:T,A:A,A:A,G:G,T:T,A:A,Uncallable,A:A,G:G,C:C,T:T,A:A,A:A,C:C,T:T,C:C,G:G,C:C,T:T,G:G
ICMR 102620:8,A:A,T:T,G:G,T:T,G:G,T:T,T:T,T:G,G:G,G:G,T:T,A:A,A:A,G:G,T:T,A:A,G:G,A:A,G:G,C:C,T:T,A:A,A:A,C:C,T:T,C:C,G:G,C:C,T:T,G:G
ICMR 102621:1,A:A,T:T,A:A,T:T,A:A,T:T,C:T,T:T,G:G,C:C,T:T,C:C,G:G,G:G,G:G,G:G,A:A,G:G,G:G,C:C,T:T,C:C,A:A,C:C,T:T,C:C,G:G,C:T,T:C,A:A
ICMR 102621:2,A:A,T:T,A:A,T:T,A:A,T:T,T:T,T:T,G:G,C:C,T:T,C:C,G:G,G:G,G:G,G:G,A:A,A:A,A:A,C:C,T:T,C:C,A:A,C:C,T:T,C:C,G:G,T:T,T:T,A:A
ICMR 102621:3,A:A,T:T,A:A,T:T,A:A,T:T,C:T,T:T,G:G,C:C,T:T,C:C,G:G,G:G,G:G,G:G,A:A,G:A,A:G,C:C,T:T,C:C,A:A,C:C,T:T,C:C,G:G,C:T,T:C,A:A
ICMR 102621:4,A:A,T:T,A:A,T:T,A:A,T:T,C:C,T:T,G:G,C:C,T:T,C:C,G:G,G:G,G:G,G:G,A:A,G:A,A:G,C:C,T:T,C:C,A:A,T:T,T:T,A:A,G:G,C:C,C:C,A:A
ICMR 102621:5,A:A,T:T,A:A,T:T,A:A,T:T,C:C,T:T,G:G,C:C,T:T,C:C,G:G,G:G,G:G,G:G,A:A,G:G,G:G,C:C,T:T,C:C,A:A,C:T,T:T,C:A,G:G,C:T,T:C,A:A
ICMR 102621:6,A:A,T:T,A:A,T:T,A:A,T:T,T:T,T:T,G:G,C:C,T:T,C:C,G:G,G:G,G:G,G:G,A:A,G:G,G:G,C:C,T:T,C:C,A:A,C:T,T:T,C:A,G:G,C:C,T:T,A:A
ICMR 102621:7,A:A,T:T,A:A,T:T,A:A,T:T,C:T,T:T,G:G,C:C,T:T,C:C,G:G,G:G,G:G,G:G,A:A,G:A,A:G,C:C,T:T,C:C,A:A,C:C,T:T,C:C,G:G,C:T,T:C,A:A
ICMR 102621:8,A:A,T:T,A:A,T:T,A:A,T:T,T:T,T:T,G:G,C:C,T:T,C:C,G:G,G:G,G:G,G:G,A:A,G:A,A:G,C:C,T:T,C:C,A:A,C:C,T:T,C:C,G:G,C:T,T:T,A:A
ICMR 102622:1,A:A,C:C,A:A,T:T,G:G,C:C,C:C,T:T,A:A,C:C,T:T,C:C,G:G,A:A,G:G,A:A,A:A,G:G,A:A,C:C,C:C,A:A,A:A,T:T,T:T,C:C,G:G,T:T,T:T,A:A
ICMR 102622:2,A:A,C:C,A:A,T:T,G:G,C:C,C:C,T:T,A:A,C:C,T:T,C:C,G:G,A:A,G:G,A:A,A:A,G:G,A:A,C:C,C:C,A:A,A:A,T:T,T:T,C:C,G:G,T:T,T:T,A:A
ICMR 102622:3,A:A,C:C,A:A,T:T,G:G,C:C,C:C,T:T,A:A,C:C,T:T,C:C,G:G,A:A,G:G,A:A,A:A,G:G,A:A,C:C,C:C,A:A,A:A,T:T,T:T,C:C,G:G,T:T,T:T,A:A
ICMR 102622:4,A:A,C:C,A:A,T:T,G:G,C:C,C:C,T:T,A:A,C:C,T:T,C:C,G:G,A:A,G:G,A:A,A:A,G:G,A:A,C:C,C:C,A:A,A:A,T:T,T:T,C:C,G:G,T:T,T:T,A:A
ICMR 102622:5,A:A,C:C,A:A,T:T,G:G,C:C,C:C,T:T,A:A,C:C,T:T,C:C,G:G,A:A,G:G,A:A,A:A,G:G,A:A,C:C,C:C,A:A,A:A,T:T,T:T,C:C,G:G,T:T,T:T,A:A
ICMR 102622:6,A:A,C:C,A:A,T:T,G:G,C:C,C:C,T:T,A:A,C:C,T:T,C:C,G:G,A:A,G:G,A:A,A:A,G:G,A:A,C:C,C:C,A:A,A:A,T:T,T:T,C:C,G:G,T:T,T:T,A:A
ICMR 102622:7,A:A,C:C,A:A,T:T,G:G,C:C,C:C,T:T,A:A,C:C,T:T,C:C,G:G,A:A,G:G,A:A,A:A,G:G,A:A,C:C,C:C,A:A,A:A,T:T,T:T,C:C,G:G,T:T,T:T,A:A
ICMR 102622:8,A:A,C:C,A:A,T:T,G:G,C:C,C:C,T:T,A:A,C:C,T:T,C:C,G:G,A:A,G:G,A:A,A:A,G:G,A:A,C:C,C:C,A:A,A:A,T:T,T:T,C:C,G:G,T:T,T:T,A:A
ICMR 102623:1,A:A,T:T,G:G,A:A,G:G,T:T,C:C,T:T,?,G:G,T:T,C:C,G:G,A:A,G:G,G:G,G:G,G:G,A:A,C:C,C:C,A:A,T:T,T:T,T:T,A:A,G:G,T:T,T:T,A:A
ICMR 102623:2,A:A,T:T,G:G,A:A,G:G,T:T,C:C,T:T,?,G:G,T:T,C:C,G:G,A:A,G:G,G:G,G:G,G:G,A:A,C:C,C:C,A:A,T:T,T:T,T:T,A:A,G:G,T:T,T:T,A:A
ICMR 102623:3,A:A,T:T,G:G,A:A,G:G,T:T,C:C,T:T,?,G:G,T:T,C:C,G:G,A:A,G:G,G:G,G:G,G:G,A:A,C:C,C:C,A:A,T:T,T:T,T:T,A:A,G:G,T:T,T:T,A:A
ICMR 102623:4,A:A,T:T,G:G,A:A,G:G,T:T,C:C,T:T,?,G:G,T:T,C:C,G:G,A:A,G:G,G:G,G:G,G:G,A:A,C:C,C:C,A:A,T:T,T:T,T:T,A:A,G:G,T:T,T:T,A:A
ICMR 102623:5,A:A,T:T,G:G,A:A,G:G,T:T,C:C,T:T,?,G:G,T:T,C:C,G:G,A:A,G:G,G:G,G:G,G:G,A:A,C:C,C:C,A:A,T:T,T:T,T:T,A:A,G:G,T:T,T:T,A:A
ICMR 102623:6,A:A,T:T,G:G,A:A,G:G,T:T,C:C,T:T,?,G:G,T:T,C:C,G:G,A:A,G:G,G:G,G:G,G:G,A:A,C:C,C:C,A:A,T:T,T:T,T:T,A:A,G:G,T:T,T:T,A:A
ICMR 102623:7,A:A,T:T,G:G,A:A,G:G,T:T,C:C,T:T,A:A,G:G,T:T,C:C,G:G,A:A,G:G,G:G,G:G,G:G,A:A,C:C,C:C,A:A,T:T,T:T,T:T,A:A,G:G,T:T,T:T,A:A
ICMR 102623:8,A:A,T:T,G:G,A:A,G:G,T:T,C:C,T:T,A:A,G:G,T:T,C:C,G:G,A:A,G:G,G:G,G:G,G:G,A:A,C:C,C:C,A:A,T:T,T:T,T:T,A:A,G:G,T:T,T:T,A:A
ICMR 102624:1,G:G,C:C,G:G,T:T,G:G,T:T,C:C,G:G,G:G,G:G,T:T,A:A,G:G,A:A,G:G,G:G,A:A,G:G,A:A,G:G,T:T,A:A,A:A,T:T,T:T,C:C,C:C,T:T,C:C,G:G
ICMR 102624:2,G:G,C:C,G:G,T:T,G:G,T:T,C:C,G:G,G:G,G:G,T:T,A:A,G:G,A:A,G:G,G:G,A:A,G:G,A:A,G:G,T:T,A:A,A:A,T:T,T:T,C:C,C:C,T:T,C:C,G:G
ICMR 102624:3,G:G,C:C,G:G,T:T,G:G,T:T,C:C,G:G,G:G,G:G,T:T,A:A,A:A,A:A,G:G,G:G,A:A,G:G,A:A,G:G,T:T,A:A,A:A,T:T,T:T,C:C,C:C,T:T,C:C,G:G
ICMR 102624:4,G:G,C:C,G:G,T:T,G:G,T:T,C:C,G:G,G:G,G:G,T:T,A:A,G:G,A:A,G:G,G:G,A:A,G:G,A:A,G:G,T:T,A:A,A:A,T:T,T:T,C:C,C:C,T:T,C:C,G:G
ICMR 102624:5,G:G,C:C,G:G,T:T,G:G,T:T,C:C,G:G,G:G,G:G,T:T,A:A,G:G,A:A,G:G,G:G,A:A,G:G,A:A,G:G,T:T,A:A,A:A,T:T,T:T,C:C,C:C,T:T,C:C,G:G
ICMR 102624:6,G:G,C:C,G:G,T:T,G:G,T:T,C:C,G:G,G:G,G:G,T:T,A:A,G:G,A:A,G:G,G:G,A:A,G:G,A:A,G:G,T:T,A:A,A:A,T:T,T:T,C:C,C:C,T:T,C:C,G:G
ICMR 102624:7,G:G,C:C,G:G,T:T,G:G,T:T,C:C,G:G,G:G,G:G,T:T,A:A,G:G,A:A,G:G,G:G,A:A,G:G,A:A,G:G,C:T,A:A,A:A,T:T,T:T,C:C,C:C,T:T,C:C,G:G
ICMR 102624:8,G:G,C:C,G:G,T:T,G:G,T:T,C:C,G:G,G:G,G:G,T:T,A:A,G:G,A:A,G:G,G:G,A:A,G:G,A:A,G:G,T:T,A:A,A:A,T:T,T:T,C:C,C:C,T:T,C:C,G:G
ICMR 10888:1,A:A,T:T,G:G,T:T,G:G,T:T,C:C,T:T,A:A,G:G,T:T,C:C,G:G,A:A,T:T,A:A,A:A,G:G,A:A,C:C,C:C,A:A,T:T,T:T,T:T,A:A,G:G,T:T,T:T,G:G
ICMR 10888:2,A:A,T:T,G:G,T:T,G:G,T:T,C:C,T:T,?,G:G,T:T,C:C,G:G,A:A,T:T,A:A,A:A,G:G,A:A,C:C,C:C,A:A,T:T,T:T,T:T,A:A,G:G,T:T,T:T,G:G
ICMR 10888:3,A:A,T:T,G:G,T:T,G:G,T:T,C:C,T:T,A:A,G:G,T:T,C:C,G:G,A:A,T:T,A:A,A:A,G:G,A:A,C:C,C:C,A:A,T:T,T:T,T:T,A:A,G:G,T:T,T:T,G:G
ICMR 10888:4,A:A,T:T,G:G,T:T,G:G,T:T,C:C,T:T,A:A,G:G,T:T,C:C,G:G,A:A,T:T,A:A,A:A,G:G,A:A,C:C,C:C,A:A,T:T,T:T,T:T,A:A,G:G,T:T,T:T,G:G
ICMR 10888:5,A:A,T:T,G:G,T:T,G:G,T:T,C:C,T:T,?,G:G,T:T,C:C,G:G,A:A,T:T,A:A,A:A,G:G,A:A,C:C,C:C,A:A,T:T,T:T,T:T,A:A,G:G,T:T,T:T,Uncallable
ICMR 10888:6,A:A,T:T,G:G,T:T,G:G,T:T,C:C,T:T,A:A,G:G,T:T,C:C,G:G,A:A,T:T,A:A,A:A,G:G,A:A,C:C,C:C,A:A,T:T,T:T,T:T,A:A,G:G,T:T,T:T,G:G
ICMR 10888:7,A:A,T:T,G:G,T:T,G:G,T:T,C:C,T:T,A:A,G:G,T:T,C:C,G:G,A:A,T:T,A:A,A:A,G:G,A:A,C:C,C:C,A:A,T:T,T:T,T:T,A:A,G:G,T:T,T:T,G:G
ICMR 10888:8,A:A,T:T,G:G,T:T,G:G,T:T,C:C,T:T,?,G:G,T:T,C:C,G:G,A:A,T:T,A:A,A:A,G:G,A:A,C:C,C:C,A:A,T:T,T:T,T:T,A:A,G:G,T:T,T:T,G:G
ICMR 11003:1,A:A,T:T,G:G,T:T,G:G,T:T,C:C,T:G,A:A,G:G,T:T,C:C,G:G,A:A,T:T,A:A,G:G,G:G,A:A,G:C,T:T,A:A,A:A,T:T,T:T,C:C,G:G,T:T,T:T,A:A
ICMR 11003:2,A:A,T:T,G:G,T:T,G:G,T:T,C:C,T:G,A:A,G:G,T:T,C:C,G:G,A:A,T:T,A:A,G:G,G:G,A:A,C:C,C:C,A:A,A:A,T:T,T:T,A:A,G:G,T:T,T:T,A:A
ICMR 11003:3,A:A,T:T,G:G,T:T,G:G,T:T,C:C,T:G,A:A,G:G,T:T,C:C,G:G,A:A,T:T,A:A,G:G,G:G,A:A,C:C,T:T,A:A,A:A,T:T,T:T,C:C,G:G,T:T,T:T,A:A
ICMR 11003:4,A:A,T:T,G:G,T:T,G:G,T:T,C:C,T:G,A:A,G:G,T:T,C:C,G:G,A:A,T:T,A:A,G:G,G:G,A:A,C:C,C:C,A:A,A:A,T:T,T:T,A:A,G:G,T:T,T:T,A:A
ICMR 11003:5,A:A,T:T,G:G,T:T,G:G,T:T,C:C,T:G,A:A,G:G,T:T,C:C,G:G,A:A,T:T,A:A,G:G,G:G,A:A,C:C,T:T,A:A,A:A,T:T,T:T,C:C,G:G,T:T,T:T,A:A
ICMR 11003:6,A:A,T:T,G:G,T:T,G:G,T:T,C:C,T:G,A:A,G:G,T:T,C:C,G:G,A:A,T:T,A:A,G:G,G:G,A:A,G:C,T:T,A:A,A:A,T:T,T:T,C:C,G:G,T:T,T:T,A:A
ICMR 11003:7,A:A,T:T,G:G,T:T,G:G,T:T,C:C,T:G,A:A,G:G,T:T,C:C,G:G,A:A,T:T,A:A,G:G,G:G,A:A,C:C,C:C,A:A,A:A,T:T,T:T,A:A,G:G,T:T,T:T,A:A
ICMR 11003:8,A:A,T:T,G:G,T:T,G:G,T:T,C:C,T:G,A:A,G:G,T:T,C:C,G:G,A:A,T:T,A:A,G:G,G:G,A:A,G:C,T:T,A:A,A:A,T:T,T:T,C:C,G:G,T:T,T:T,A:A
ICMR 12111:1,A:A,C:C,A:A,A:A,A:A,C:C,T:T,T:T,G:G,C:C,T:T,A:A,A:A,G:G,T:T,A:A,G:G,A:A,G:G,C:C,T:T,A:A,T:T,C:C,T:T,C:A,G:C,C:C,C:C,G:G
ICMR 12111:2,A:A,T:C,A:A,A:A,A:A,C:T,T:T,T:T,G:G,C:C,T:T,A:A,A:A,G:G,T:T,A:A,G:A,A:A,A:G,C:C,C:T,A:A,T:T,C:C,T:T,A:A,C:C,C:C,T:C,G:G
ICMR 12111:3,A:A,T:T,G:G,A:A,A:A,T:T,C:C,T:T,G:A,G:C,T:T,C:A,A:G,G:G,G:G,G:G,G:G,A:A,A:A,C:C,T:T,A:A,T:T,T:T,T:T,C:C,G:G,C:C,T:T,A:A
ICMR 12111:4,A:A,T:T,G:G,A:A,A:A,T:T,C:C,T:T,A:A,G:C,T:T,C:A,A:G,G:G,G:G,G:G,G:G,A:A,A:A,C:C,T:T,A:A,T:T,T:T,T:T,C:C,G:G,C:C,T:T,A:A
ICMR 12111:5,A:A,T:T,G:G,A:A,A:A,T:T,C:C,T:T,G:A,G:C,T:T,C:A,A:G,G:G,G:G,G:G,G:G,A:A,A:A,C:C,T:T,A:A,T:T,T:T,T:T,C:C,G:G,C:C,T:T,A:A
ICMR 12111:6,A:A,T:T,G:G,A:A,A:A,T:T,C:C,T:T,G:G,G:C,T:T,C:A,A:G,G:G,G:G,G:G,G:G,A:A,A:A,C:C,T:T,A:A,T:T,T:T,T:T,C:C,G:G,C:C,T:T,A:A
ICMR 12111:7,A:A,T:C,A:A,A:A,A:A,C:C,T:T,T:T,G:G,C:C,T:T,A:A,A:A,G:G,T:T,A:A,G:A,A:A,G:G,C:C,T:T,A:A,T:T,C:C,T:T,A:A,C:C,C:C,T:C,G:G
ICMR 12111:8,A:A,T:C,A:A,A:A,A:A,C:T,T:T,T:T,G:G,C:C,T:T,A:A,A:A,G:G,T:T,A:A,A:A,A:A,A:G,C:C,T:T,A:A,T:T,C:T,T:T,C:A,G:C,C:C,T:C,G:G
ICMR 12222:1,G:G,T:T,G:G,T:T,G:G,T:T,T:T,G:G,A:A,C:C,T:T,A:A,G:G,A:A,G:G,G:G,A:A,A:A,A:A,C:C,T:T,C:C,T:T,T:T,T:T,A:A,C:C,T:T,C:C,A:A
ICMR 12222:2,G:G,T:T,G:G,T:T,G:G,T:T,T:T,G:G,A:A,C:C,T:T,A:A,G:G,A:A,G:G,G:G,A:A,A:A,A:G,C:C,T:T,C:C,T:T,T:T,T:T,A:A,C:C,T:T,C:C,A:A
ICMR 12222:3,G:G,T:T,G:G,T:T,G:G,T:T,T:T,G:G,A:A,C:C,T:T,A:A,G:G,A:A,G:G,G:G,A:A,A:A,A:G,C:C,T:T,C:C,T:T,T:T,T:T,A:A,C:C,T:T,C:C,A:A
ICMR 12222:4,G:G,T:T,G:G,T:T,G:G,T:T,T:T,G:G,A:A,C:C,T:T,A:A,G:G,A:A,G:G,G:G,A:A,A:A,A:A,C:C,T:T,C:C,T:T,T:T,T:T,A:A,C:C,T:T,C:C,A:A
ICMR 12222:5,G:G,T:T,G:G,T:T,G:G,T:T,T:T,G:G,A:A,C:C,T:T,A:A,G:G,A:A,G:G,G:G,A:A,A:A,G:G,C:C,T:T,C:C,T:T,T:T,T:T,A:A,C:C,T:T,C:C,A:A
ICMR 12222:6,G:G,T:T,G:G,T:T,G:G,T:T,T:T,G:G,A:A,C:C,T:T,A:A,G:G,A:A,G:G,G:G,A:A,A:A,A:A,C:C,T:T,C:C,T:T,T:T,T:T,A:A,C:C,T:T,C:C,A:A
ICMR 12222:7,G:G,T:T,G:G,T:T,G:G,T:T,T:T,G:G,A:A,C:C,T:T,A:A,G:G,A:A,G:G,G:G,A:A,A:A,G:G,C:C,T:T,C:C,T:T,T:T,T:T,A:A,C:C,T:T,C:C,A:A
ICMR 12222:8,G:G,T:T,G:G,T:T,G:G,T:T,T:T,G:G,A:A,C:C,T:T,A:A,G:G,A:A,G:G,G:G,A:A,A:A,G:G,C:C,T:T,C:C,T:T,T:T,T:T,A:A,C:C,T:T,C:C,A:A
ICMR 12888:1,G:G,T:T,G:G,T:T,A:A,C:C,T:T,T:G,A:A,G:G,C:C,C:C,G:G,A:A,G:G,G:G,G:A,G:G,A:A,G:G,C:C,C:C,T:T,T:T,T:T,C:C,C:C,T:T,T:T,A:A
ICMR 12888:2,G:G,T:T,G:G,T:T,A:A,C:C,T:T,T:G,?,G:G,C:C,C:C,G:G,A:A,G:G,G:G,G:A,G:G,A:A,G:G,C:C,C:C,T:T,T:T,T:T,C:C,C:C,T:T,T:T,A:A
ICMR 12888:3,G:G,T:T,G:G,T:T,A:A,C:C,T:T,T:G,A:A,G:G,C:C,C:C,G:G,A:A,G:G,G:G,G:A,G:G,A:A,G:G,C:C,C:C,T:T,T:T,T:T,C:C,C:C,T:T,T:T,A:A
ICMR 12888:4,G:G,T:T,G:G,T:T,A:A,C:C,T:T,T:G,A:A,G:G,C:C,C:C,G:G,A:A,G:G,G:G,G:A,G:G,A:A,G:G,C:C,C:C,T:T,T:T,T:T,C:C,C:C,T:T,T:T,A:A
ICMR 12888:5,G:G,T:T,G:G,T:T,A:A,C:C,T:T,T:G,G:G,G:G,C:C,C:C,G:G,A:A,G:G,G:G,G:A,G:G,A:A,G:G,C:C,C:C,T:T,T:T,T:T,C:C,C:C,T:T,T:T,A:A
ICMR 12888:6,G:G,T:T,G:G,T:T,A:A,C:C,T:T,T:G,G:G,G:G,C:C,C:C,G:G,A:A,G:G,G:G,G:A,G:G,A:A,G:G,C:C,C:C,T:T,T:T,T:T,C:C,C:C,T:T,T:T,A:A
ICMR 12888:7,G:G,T:T,G:G,T:T,A:A,C:C,T:T,T:G,?,G:G,C:C,C:C,G:G,A:A,G:G,G:G,G:A,G:G,A:A,G:G,C:C,C:C,T:T,T:T,T:T,C:C,C:C,T:T,T:T,A:A
ICMR 12888:8,G:G,T:T,G:G,T:T,A:A,C:C,T:T,T:G,G:G,G:G,C:C,C:C,G:G,A:A,G:G,G:G,G:A,G:G,A:A,G:G,C:C,C:C,T:T,T:T,T:T,C:C,C:C,T:T,T:T,A:A
ICMR 13999:1,A:A,T:T,A:A,T:T,G:G,T:T,C:C,T:G,G:G,C:C,T:T,A:A,G:G,G:G,G:G,G:G,G:G,G:G,G:G,G:G,T:T,A:A,A:A,C:C,G:G,A:A,G:G,T:T,T:T,A:A
ICMR 13999:2,A:A,T:T,A:A,T:T,G:G,T:T,C:C,T:G,G:G,C:C,T:T,A:A,G:G,G:G,G:G,G:G,G:G,G:G,G:G,G:G,T:T,?,A:A,C:C,G:G,A:A,G:G,T:T,T:T,A:A
ICMR 13999:3,A:A,T:T,A:A,T:T,G:G,T:T,C:C,T:G,G:G,C:C,T:T,A:A,G:G,G:G,G:G,G:G,G:G,G:G,G:G,G:G,T:T,A:A,A:A,C:C,G:G,A:A,G:G,T:T,T:T,A:A
ICMR 13999:4,A:A,T:T,A:A,T:T,G:G,T:T,C:C,T:G,G:G,C:C,T:T,A:A,G:G,G:G,G:G,G:G,G:G,G:G,G:G,G:G,T:T,A:A,A:A,C:C,G:G,A:A,G:G,T:T,T:T,A:A
ICMR 13999:5,A:A,T:T,A:A,T:T,G:G,T:T,C:C,T:G,G:G,C:C,T:T,A:A,G:G,G:G,G:G,G:G,G:G,G:G,G:G,G:G,T:T,A:A,A:A,C:C,G:G,A:A,G:G,T:T,T:T,A:A
ICMR 13999:6,A:A,T:T,A:A,T:T,G:G,T:T,C:C,T:G,G:G,C:C,T:T,A:A,G:G,G:G,G:G,G:G,G:G,G:G,G:G,G:G,T:T,A:A,A:A,C:C,G:G,A:A,G:G,T:T,T:T,A:A
ICMR 13999:7,A:A,T:T,A:A,T:T,G:G,T:T,C:C,T:G,G:G,C:C,T:T,A:A,G:G,G:G,G:G,G:G,G:G,G:G,G:G,G:G,T:T,A:A,A:A,C:C,G:G,A:A,G:G,T:T,T:T,A:A
ICMR 13999:8,A:A,T:T,A:A,T:T,G:G,T:T,C:C,T:G,G:G,C:C,T:T,A:A,G:G,G:G,G:G,G:G,G:G,G:G,G:G,G:G,T:T,A:A,A:A,C:C,G:G,A:A,G:G,T:T,T:T,A:A
ICMR 14222:1,G:G,T:C,G:A,Uncallable,A:G,C:T,C:C,G:G,A:A,G:C,T:T,C:A,A:G,G:A,T:G,Uncallable,A:A,G:G,A:G,C:C,T:T,A:A,A:A,T:T,T:T,A:A,C:C,T:T,C:C,A:G
ICMR 14222:2,A:A,T:C,G:A,A:A,A:G,C:T,C:C,G:G,G:A,G:C,T:T,C:A,A:G,G:A,T:G,A:G,A:A,G:G,A:G,C:C,T:T,A:C,A:A,T:T,T:T,C:A,Uncallable,T:T,C:C,Uncallable
ICMR 14222:3,G:A,T:C,G:A,A:A,A:G,C:T,C:T,G:G,G:A,G:C,T:T,C:A,A:G,G:A,T:G,G:G,A:A,G:G,A:G,C:C,T:T,A:C,A:A,T:T,T:T,A:A,C:C,T:T,C:C,A:G
ICMR 14222:4,G:A,T:C,G:A,A:T,A:G,C:T,C:C,G:G,A:A,G:C,T:T,C:A,A:G,G:A,T:G,A:G,A:A,G:G,A:G,C:C,T:T,A:A,A:A,T:T,T:T,C:A,G:C,T:T,C:C,A:G
ICMR 14222:5,G:G,T:T,G:A,A:T,A:G,C:C,C:C,G:G,A:A,G:C,T:T,C:A,A:G,G:A,T:G,A:G,A:A,G:G,A:G,C:C,T:T,A:A,A:A,T:T,T:T,C:A,G:C,T:T,C:C,A:A
ICMR 15666:1,A:A,T:T,G:G,T:T,G:G,T:T,C:C,G:G,A:A,C:C,C:C,C:C,A:A,A:A,G:G,G:G,G:A,G:G,G:G,C:C,C:C,C:C,A:A,T:T,G:G,A:A,C:C,T:T,T:T,G:G
ICMR 15666:2,A:A,T:T,G:G,T:T,G:G,T:T,C:C,G:G,A:A,C:C,C:C,C:C,A:A,A:A,G:G,G:G,G:A,G:G,G:G,C:C,C:C,C:C,A:A,T:T,G:G,A:A,C:C,T:T,T:T,G:G
ICMR 15666:3,A:A,T:T,G:G,T:T,G:G,T:T,C:C,G:G,A:A,C:C,C:C,C:C,A:A,A:A,G:G,G:G,G:A,G:G,G:G,C:C,C:C,C:C,A:A,T:T,G:G,A:A,C:C,T:T,T:T,G:G
ICMR 15666:4,A:A,T:T,G:G,T:T,G:G,T:T,C:C,G:G,A:A,C:C,C:C,C:C,A:A,A:A,G:G,G:G,G:A,G:G,G:G,C:C,C:C,C:C,A:A,T:T,G:G,A:A,C:C,T:T,T:T,G:G
ICMR 15666:5,A:A,T:T,G:G,T:T,G:G,T:T,C:C,G:G,A:A,C:C,C:C,C:C,A:A,A:A,G:G,G:G,G:A,G:G,G:G,C:C,C:C,C:C,A:A,T:T,G:G,A:A,C:C,T:T,T:T,G:G
ICMR 15666:6,A:A,T:T,G:G,T:T,G:G,T:T,C:C,G:G,A:A,C:C,C:C,C:C,A:A,A:A,G:G,G:G,G:A,G:G,G:G,C:C,C:C,C:C,A:A,T:T,G:G,A:A,C:C,T:T,T:T,G:G
ICMR 15666:7,A:A,T:T,G:G,T:T,G:G,T:T,C:C,G:G,A:A,C:C,C:C,C:C,A:A,A:A,G:G,G:G,G:A,G:G,G:G,C:C,C:C,C:C,A:A,T:T,G:G,A:A,C:C,T:T,T:T,G:G
ICMR 15666:8,A:A,T:T,G:G,T:T,G:G,T:T,C:C,G:G,A:A,C:C,C:C,C:C,A:A,A:A,G:G,G:G,G:A,G:G,G:G,C:C,C:C,C:C,A:A,T:T,G:G,A:A,C:C,T:T,T:T,G:G
ICMR 15999:1,A:A,C:C,A:A,A:A,G:G,C:C,C:C,T:T,A:A,C:C,T:T,C:C,G:G,A:A,T:T,G:G,A:A,A:A,G:G,G:G,C:C,A:A,A:A,T:T,T:T,C:C,G:G,C:C,T:T,A:A
ICMR 15999:10,A:A,T:T,G:G,T:T,A:A,T:T,C:C,G:G,A:A,C:C,C:C,C:C,G:G,A:A,G:G,A:A,A:A,G:G,G:G,C:C,C:C,C:C,A:A,T:T,G:G,A:A,C:C,T:T,T:T,G:G
ICMR 15999:11,A:A,T:T,G:G,T:T,A:A,T:T,C:C,G:G,A:A,C:C,C:C,C:C,G:G,A:A,G:G,A:A,A:A,G:G,G:G,C:C,C:C,C:C,A:A,T:T,G:G,A:A,C:C,T:T,T:T,G:G
ICMR 15999:12,A:A,T:T,G:G,T:T,A:A,T:T,C:C,G:G,A:A,C:C,C:C,C:C,G:G,A:A,G:G,A:A,A:A,G:G,G:G,C:C,C:C,C:C,A:A,T:T,G:G,A:A,C:C,?,T:T,G:G
ICMR 15999:13,A:A,T:T,G:G,T:T,A:A,T:T,C:C,G:G,A:A,C:C,C:C,C:C,G:G,A:A,G:G,A:A,A:A,G:G,G:G,C:C,C:C,C:C,A:A,T:T,G:G,A:A,C:C,T:T,T:T,G:G
ICMR 15999:14,A:A,T:T,G:G,T:T,A:A,T:T,C:C,G:G,A:A,C:C,C:C,C:C,G:G,A:A,G:G,A:A,A:A,G:G,G:G,C:C,C:C,C:C,A:A,T:T,G:G,A:A,C:C,T:T,T:T,G:G
ICMR 15999:2,A:A,C:C,A:A,A:A,G:G,C:C,C:C,T:T,A:A,C:C,T:T,C:C,G:G,A:A,T:T,G:G,A:A,A:A,G:G,G:G,C:C,A:A,A:A,T:T,T:T,C:C,G:G,C:C,T:T,A:A
ICMR 15999:3,A:A,C:C,A:A,A:A,G:G,C:C,C:C,T:T,A:A,C:C,T:T,C:C,G:G,A:A,T:T,Uncallable,A:A,A:A,G:G,G:G,C:C,A:A,A:A,T:T,T:T,C:C,G:G,C:C,T:T,A:A
ICMR 15999:4,A:A,C:C,A:A,A:A,G:G,C:C,C:C,T:T,A:A,C:C,T:T,C:C,G:G,A:A,T:T,G:G,A:A,A:A,G:G,G:G,C:C,A:A,A:A,T:T,T:T,C:C,G:G,C:C,T:T,A:A
ICMR 15999:5,A:A,C:C,A:A,A:A,G:G,C:C,C:C,T:T,A:A,C:C,T:T,C:C,G:G,A:A,T:T,G:G,A:A,A:A,G:G,G:G,C:C,A:A,A:A,T:T,T:T,C:C,G:G,C:C,T:T,A:A
ICMR 15999:6,A:A,C:C,A:A,A:A,G:G,C:C,C:C,T:T,A:A,C:C,T:T,C:C,G:G,A:A,T:T,G:G,A:A,A:A,G:G,G:G,C:C,A:A,A:A,T:T,T:T,C:C,G:G,C:C,T:T,A:A
ICMR 15999:7,A:A,C:C,A:A,A:A,G:G,C:C,C:C,T:T,A:A,C:C,T:T,C:C,G:G,A:A,T:T,G:G,A:A,A:A,G:G,G:G,C:C,A:A,A:A,T:T,T:T,C:C,G:G,C:C,T:T,A:A
ICMR 15999:8,A:A,C:C,A:A,A:A,G:G,C:C,C:C,T:T,A:A,C:C,T:T,C:C,G:G,A:A,T:T,G:G,A:A,A:A,G:G,G:G,C:C,A:A,A:A,T:T,T:T,C:C,G:G,C:C,T:T,A:A
ICMR 15999:9,A:A,T:T,G:G,T:T,A:A,T:T,C:C,G:G,A:A,C:C,C:C,C:C,G:G,A:A,G:G,A:A,A:A,G:G,G:G,C:C,C:C,C:C,A:A,T:T,G:G,A:A,C:C,T:T,T:T,G:G
ICMR 16444:1,G:G,T:T,G:G,T:T,A:A,C:C,C:C,T:T,A:A,C:C,T:T,A:A,G:G,G:G,G:G,A:A,A:A,A:A,G:G,C:C,T:T,A:A,T:T,T:T,T:T,C:C,C:C,C:C,T:T,A:A
ICMR 16444:2,G:G,T:T,G:G,T:T,A:A,C:C,C:C,T:T,A:A,C:C,T:T,A:A,G:G,G:G,G:G,A:A,A:A,A:A,G:G,C:C,T:T,A:A,T:T,T:T,T:T,C:C,C:C,C:C,T:T,A:A
ICMR 16444:3,G:G,T:T,G:G,T:T,A:A,C:C,C:C,T:T,A:A,C:C,T:T,A:A,G:G,G:G,G:G,A:A,A:A,A:A,G:G,C:C,T:T,A:A,T:T,T:T,T:T,C:C,C:C,C:C,T:T,A:A
ICMR 16444:4,G:G,T:T,G:G,T:T,A:A,C:C,C:C,T:T,A:A,C:C,T:T,A:A,G:G,G:G,G:G,A:A,A:A,A:A,G:G,C:C,T:T,A:A,T:T,T:T,T:T,C:C,C:C,C:C,T:T,A:A
ICMR 16444:5,G:G,T:T,G:G,T:T,A:A,C:C,C:C,T:T,A:A,C:C,T:T,A:A,G:G,G:G,G:G,A:A,A:A,A:A,G:G,C:C,T:T,A:A,T:T,T:T,T:T,C:C,C:C,C:C,T:T,A:A
ICMR 17222:1,A:A,C:C,G:G,T:T,A:A,T:T,T:T,G:G,A:A,G:G,T:T,A:A,G:G,A:A,G:G,G:G,A:A,G:G,G:G,G:G,C:C,C:C,A:A,T:T,T:T,A:A,G:G,C:C,C:C,?
ICMR 17222:2,A:A,C:C,G:G,T:T,A:A,T:T,T:T,G:G,A:A,G:G,T:T,A:A,G:G,A:A,G:G,G:G,A:A,G:G,G:G,G:G,C:C,C:C,A:A,T:T,T:T,A:A,G:G,C:C,C:C,A:A
ICMR 17222:3,?,?,?,?,?,?,?,?,?,?,?,?,?,G:A,?,?,?,?,?,?,?,?,?,?,?,?,?,?,?,?
ICMR 17222:4,A:A,C:C,G:G,T:T,A:A,T:T,T:T,G:G,A:A,G:G,T:T,A:A,G:G,A:A,G:G,G:G,A:A,G:G,G:G,G:G,C:C,C:C,A:A,T:T,T:T,A:A,G:G,C:C,C:C,A:A
ICMR 17222:5,A:A,C:C,G:G,T:T,A:A,T:T,T:T,G:G,A:A,G:G,T:T,A:A,G:G,A:A,G:G,G:G,A:A,G:G,G:G,G:G,C:C,C:C,A:A,T:T,T:T,A:A,G:G,C:C,C:C,A:A
ICMR 17222:6,A:A,C:C,G:G,T:T,A:A,T:T,T:T,G:G,A:A,G:G,T:T,A:A,G:G,A:A,G:G,G:G,A:A,G:G,G:G,G:G,C:C,C:C,A:A,T:T,T:T,A:A,G:G,C:C,C:C,A:A
ICMR 17222:7,A:A,C:C,G:G,T:T,A:A,T:T,T:T,G:G,A:A,G:G,T:T,A:A,G:G,A:A,G:G,G:G,A:A,G:G,G:G,G:G,C:C,C:C,A:A,T:T,T:T,A:A,G:G,C:C,C:C,A:A
ICMR 17222:8,A:A,C:C,G:G,T:T,A:A,T:T,T:T,G:G,A:A,G:G,T:T,A:A,G:G,A:A,G:G,G:G,A:A,G:G,G:G,G:G,C:C,C:C,A:A,T:T,T:T,A:A,G:G,C:C,C:C,A:A
ICMR 1804:1,A:A,T:T,G:G,A:A,G:G,T:T,C:C,T:T,G:G,C:C,T:T,C:C,A:G,A:A,T:T,G:G,A:A,G:A,A:A,C:C,T:T,A:A,T:T,T:T,G:G,C:C,G:G,T:T,C:C,A:A
ICMR 1804:2,A:A,T:T,G:G,A:A,G:G,T:T,C:C,T:T,G:G,C:C,T:T,C:C,G:G,G:G,T:T,G:G,A:A,G:G,A:A,C:C,T:T,A:A,T:T,T:T,G:G,C:C,G:G,T:T,C:C,A:A
ICMR 1804:3,A:A,T:T,G:G,A:A,G:G,T:T,C:C,T:T,G:G,C:C,T:T,C:C,G:G,G:G,T:T,G:G,A:A,G:G,A:A,C:C,T:T,A:A,T:T,T:T,G:G,C:C,G:G,T:T,C:C,A:A
ICMR 1804:4,A:A,T:T,G:G,A:A,G:G,T:T,C:C,T:T,G:G,C:C,T:T,C:C,G:G,G:A,T:T,G:G,A:A,G:G,A:A,C:C,T:T,A:A,T:T,T:T,G:G,C:C,G:G,T:T,C:C,A:A
ICMR 1804:5,A:A,T:T,G:G,A:A,G:G,T:T,C:C,T:T,G:G,C:C,T:T,C:C,G:G,G:A,T:T,G:G,A:A,G:G,A:A,C:C,T:T,A:A,T:T,T:T,G:G,C:C,G:G,T:T,C:C,A:A
ICMR 1804:6,A:A,T:T,G:G,A:A,G:G,T:T,C:C,T:T,G:G,C:C,T:T,C:C,A:G,G:A,T:T,G:G,A:A,G:G,A:A,C:C,T:T,A:A,T:T,T:T,G:G,C:C,G:G,T:T,C:C,A:A
ICMR 1804:7,A:A,T:T,G:G,A:A,G:G,T:T,C:C,T:T,G:G,C:C,T:T,C:C,G:G,A:A,T:T,G:G,A:A,G:G,A:A,C:C,T:T,A:A,T:T,T:T,G:G,C:C,G:G,T:T,C:C,A:A
ICMR 1804:8,A:A,T:T,G:G,A:A,G:G,T:T,C:C,T:T,G:G,C:C,T:T,C:C,G:G,A:A,T:T,G:G,A:A,G:G,A:A,C:C,T:T,A:A,T:T,T:T,G:G,C:C,G:G,T:T,C:C,A:A
ICMR 18777:1,G:G,C:C,A:A,T:T,G:G,C:C,C:C,T:T,A:A,C:C,T:T,A:A,G:G,A:A,G:G,A:A,A:A,G:G,A:A,G:G,T:T,A:A,A:A,T:T,T:T,C:C,G:G,C:C,T:T,A:A
ICMR 18777:2,G:G,C:C,A:A,T:T,G:G,C:C,C:C,T:T,A:A,C:C,T:T,A:A,G:G,A:A,G:G,A:A,A:A,G:G,A:A,G:G,T:T,A:A,A:A,T:T,T:T,C:C,G:G,C:C,T:T,A:A
ICMR 18777:3,G:G,C:C,A:A,T:T,G:G,C:C,C:C,T:T,A:A,C:C,T:T,A:A,G:G,A:A,G:G,A:A,A:A,G:G,A:A,G:G,T:T,A:A,A:A,T:T,T:T,C:C,G:G,C:C,T:T,A:A
ICMR 18777:4,G:G,C:C,A:A,T:T,G:G,C:C,C:C,T:T,A:A,C:C,T:T,A:A,G:G,A:A,G:G,A:A,A:A,G:G,A:A,G:G,T:T,A:A,A:A,T:T,T:T,C:C,G:G,C:C,T:T,A:A
ICMR 18777:5,G:G,C:C,A:A,T:T,G:G,C:C,C:C,T:T,A:A,C:C,T:T,A:A,G:G,A:A,G:G,A:A,A:A,G:G,A:A,G:G,T:T,A:A,A:A,T:T,T:T,C:C,G:G,C:C,T:T,A:A
ICMR 18777:6,G:G,C:C,A:A,T:T,G:G,C:C,C:C,T:T,A:A,C:C,T:T,A:A,G:G,A:A,G:G,A:A,A:A,G:G,A:A,G:G,T:T,A:A,A:A,T:T,T:T,C:C,G:G,C:C,T:T,A:A
ICMR 18777:7,G:G,C:C,A:A,T:T,G:G,C:C,C:C,T:T,A:A,C:C,T:T,A:A,G:G,A:A,G:G,A:A,A:A,G:G,A:A,G:G,T:T,A:A,A:A,T:T,T:T,C:C,G:G,C:C,T:T,A:A
ICMR 18777:8,G:G,C:C,A:A,T:T,G:G,C:C,C:C,T:T,A:A,C:C,T:T,A:A,G:G,A:A,G:G,A:A,A:A,G:G,A:A,G:G,T:T,A:A,A:A,T:T,T:T,C:C,G:G,C:C,T:T,A:A
ICMR 1905:1,G:G,C:C,A:A,T:T,G:G,C:C,C:C,T:T,A:A,C:C,T:T,A:A,G:G,G:G,G:G,A:A,A:A,G:G,A:A,G:G,T:T,A:A,A:A,T:T,T:T,C:C,C:C,C:C,T:T,A:A
ICMR 1905:2,G:G,C:C,A:A,T:T,G:G,C:C,C:C,T:T,A:A,C:C,T:T,A:A,G:G,G:G,G:G,A:A,A:A,G:G,A:A,G:G,T:T,A:A,A:A,T:T,T:T,C:C,C:C,C:C,T:T,A:A
ICMR 1905:3,G:G,C:C,A:A,T:T,G:G,C:C,C:C,T:T,A:A,C:C,T:T,A:A,G:G,G:G,G:G,A:A,A:A,G:G,A:A,G:G,T:T,A:A,A:A,T:T,T:T,C:C,C:C,C:C,T:T,A:A
ICMR 1905:4,G:G,C:C,A:A,T:T,G:G,C:C,C:C,T:T,A:A,C:C,T:T,A:A,G:G,G:G,G:G,A:A,A:A,G:G,A:A,G:G,C:T,A:A,A:A,T:T,T:T,C:C,C:C,C:C,T:T,A:A
ICMR 1905:5,G:G,C:C,A:A,T:T,G:G,C:C,C:C,T:T,A:A,C:C,T:T,A:A,G:G,G:G,G:G,A:A,A:A,G:G,A:A,G:G,T:T,A:A,A:A,T:T,T:T,C:C,C:C,C:C,T:T,A:A
ICMR 1905:6,G:G,C:C,A:A,T:T,G:G,C:C,C:C,T:T,A:A,C:C,T:T,A:A,G:G,G:G,G:G,A:A,A:A,G:G,A:A,G:G,T:T,A:A,A:A,T:T,T:T,C:C,C:C,C:C,T:T,A:A
ICMR 1905:7,G:G,C:C,A:A,T:T,G:G,C:C,C:C,T:T,A:A,C:C,T:T,A:A,G:G,G:G,G:G,A:A,A:A,G:G,A:A,G:G,T:T,A:A,A:A,T:T,T:T,C:C,C:C,C:C,T:T,A:A
ICMR 1905:8,G:G,C:C,A:A,T:T,G:G,C:C,C:C,T:T,A:A,C:C,Uncallable,A:A,G:G,G:G,G:G,A:A,A:A,G:G,A:A,G:G,T:T,A:A,A:A,T:T,T:T,C:C,C:C,C:C,T:T,A:A
ICMR 1908:1,A:A,T:T,G:G,T:T,G:G,C:C,C:C,T:T,A:A,C:C,C:C,C:C,A:A,A:A,G:G,A:A,G:G,G:G,A:A,C:C,C:C,A:A,A:A,T:T,T:T,C:C,G:G,T:T,T:T,A:A
ICMR 1908:2,A:A,T:T,G:G,T:T,G:G,C:C,C:C,T:T,A:A,C:C,C:C,C:C,A:A,A:A,G:G,A:A,G:G,G:G,A:A,C:C,C:C,A:A,A:A,T:T,T:T,C:C,G:G,T:T,T:T,A:A
ICMR 1908:3,A:A,T:T,G:G,T:T,G:G,C:C,C:C,T:T,A:A,C:C,C:C,C:C,A:G,A:A,G:G,A:A,G:A,G:G,A:A,C:C,C:C,A:A,A:A,T:T,Uncallable,C:C,G:G,T:T,Uncallable,A:A
ICMR 1908:4,A:A,T:T,G:G,T:T,G:G,C:C,C:C,T:T,A:A,C:C,C:C,C:C,A:A,A:A,T:T,A:A,G:G,G:G,A:A,C:C,C:C,A:A,A:A,T:T,T:T,C:C,G:G,T:T,T:T,A:A
ICMR 1908:5,A:A,T:T,G:G,T:T,G:G,C:C,C:C,T:T,A:A,C:C,C:C,C:C,A:A,A:A,G:G,A:A,G:G,G:G,A:A,C:C,C:C,A:A,A:A,T:T,T:T,C:C,G:G,T:T,T:T,A:A
ICMR 1908:6,A:A,T:T,G:G,T:T,G:G,C:C,C:C,T:T,A:A,C:C,C:C,C:C,A:A,A:A,T:T,A:A,G:G,G:G,A:A,C:C,C:C,A:A,A:A,T:T,T:T,C:C,G:G,T:T,T:T,A:A
ICMR 1908:7,A:A,T:T,G:G,T:T,G:G,C:C,C:C,T:T,A:A,C:C,C:C,C:C,A:A,A:A,G:G,A:A,G:G,G:G,A:A,C:C,C:C,A:A,A:A,T:T,T:T,C:C,G:G,T:T,T:T,A:A
ICMR 1908:8,A:A,T:T,G:G,T:T,G:G,C:C,C:C,T:T,A:A,C:C,C:C,C:C,A:A,A:A,G:G,A:A,G:G,G:G,A:A,C:C,C:C,A:A,A:A,T:T,T:T,C:C,G:G,T:T,T:T,A:A
ICMR 19777:1,A:A,C:C,A:A,T:T,A:A,C:C,C:C,G:G,G:G,C:C,C:C,C:C,G:G,A:A,G:G,A:A,G:A,G:G,A:A,C:C,C:C,C:C,A:A,T:T,G:G,A:A,C:C,C:C,C:C,G:G
ICMR 19777:2,A:A,C:C,A:A,T:T,A:A,C:C,C:C,G:G,G:G,C:C,C:C,C:C,G:G,A:A,G:G,A:A,G:A,G:G,A:A,C:C,C:C,C:C,A:A,T:T,G:G,A:A,C:C,C:C,C:C,G:G
ICMR 19777:3,A:A,C:C,A:A,T:T,A:A,C:C,C:C,G:G,G:G,C:C,C:C,C:C,G:G,A:A,G:G,A:A,G:A,G:G,A:A,C:C,C:C,C:C,A:A,T:T,G:G,A:A,C:C,C:C,C:C,G:G
ICMR 19777:4,A:A,C:C,A:A,T:T,A:A,C:C,C:C,G:G,G:G,C:C,C:C,C:C,G:G,A:A,G:G,A:A,G:A,G:G,A:A,C:C,C:C,C:C,A:A,T:T,G:G,A:A,C:C,C:C,C:C,G:G
ICMR 19777:5,A:A,C:C,A:A,T:T,A:A,C:C,C:C,G:G,G:G,C:C,C:C,C:C,G:G,A:A,G:G,A:A,G:A,G:G,A:A,C:C,C:C,C:C,A:A,T:T,G:G,A:A,C:C,C:C,C:C,G:G
ICMR 19777:6,A:A,C:C,A:A,T:T,A:A,C:C,C:C,G:G,G:G,C:C,C:C,C:C,G:G,A:A,G:G,A:A,G:A,G:G,A:A,C:C,C:C,C:C,A:A,T:T,G:G,A:A,C:C,C:C,C:C,G:G
ICMR 19777:7,A:A,C:C,A:A,T:T,A:A,C:C,C:C,G:G,G:G,C:C,C:C,C:C,G:G,A:A,G:G,A:A,G:A,G:G,A:A,C:C,C:C,C:C,A:A,T:T,G:G,A:A,C:C,C:C,C:C,G:G
ICMR 19777:8,A:A,C:C,A:A,T:T,A:A,C:C,C:C,G:G,G:G,C:C,C:C,C:C,G:G,A:A,G:G,A:A,G:A,G:G,A:A,C:C,C:C,C:C,A:A,T:T,G:G,A:A,C:C,C:C,C:C,G:G
ICMR 19888:1,G:G,C:C,A:A,T:T,G:G,C:C,C:C,T:T,G:G,C:C,T:T,A:A,G:G,A:A,G:G,A:A,A:A,G:G,A:A,G:G,T:T,A:A,A:A,T:T,T:T,C:C,C:C,C:C,T:T,A:A
ICMR 19888:2,G:G,C:C,A:A,T:T,G:G,C:C,C:C,T:T,G:G,C:C,T:T,A:A,G:G,A:A,G:G,A:A,A:A,G:G,A:A,G:G,T:T,A:A,A:A,T:T,T:T,C:C,C:C,C:C,T:T,A:A
ICMR 19888:3,G:G,C:C,A:A,T:T,G:G,C:C,C:C,T:T,G:G,C:C,T:T,A:A,G:G,A:A,G:G,A:A,A:A,G:G,A:A,G:G,T:T,A:A,A:A,T:T,T:T,C:C,C:C,C:C,T:T,A:A
ICMR 19888:4,G:G,C:C,A:A,T:T,G:G,C:C,C:C,T:T,G:G,C:C,T:T,A:A,G:G,A:A,G:G,A:A,A:A,G:G,A:A,G:G,T:T,A:A,A:A,T:T,T:T,C:C,C:C,C:C,T:T,A:A
ICMR 19888:5,G:G,C:C,A:A,T:T,G:G,C:C,C:C,T:T,G:G,C:C,T:T,A:A,G:G,A:A,G:G,A:A,A:A,G:G,A:A,G:G,T:T,A:A,A:A,T:T,T:T,C:C,C:C,C:C,T:T,A:A
ICMR 19888:6,G:G,C:C,A:A,T:T,G:G,C:C,C:C,T:T,G:G,C:C,T:T,A:A,G:G,A:A,G:G,A:A,A:A,G:G,A:A,G:G,T:T,A:A,A:A,T:T,T:T,C:C,C:C,C:C,T:T,A:A
ICMS 8511 S1-17-2-1-1-4-1-B-3-2-3-2-B-1-1-B:1,G:G,C:C,G:G,T:T,A:A,T:T,T:T,G:G,G:G,C:C,T:T,A:A,G:G,G:G,G:G,G:G,A:A,G:G,A:A,G:G,T:T,C:C,T:T,C:C,G:G,A:A,C:C,C:C,T:T,A:A
ICMS 8511 S1-17-2-1-1-4-1-B-3-2-3-2-B-1-1-B:2,G:G,C:C,G:G,T:T,A:A,T:T,T:T,G:G,G:G,C:C,T:T,A:A,G:G,G:G,G:G,G:G,A:A,G:G,A:A,G:G,T:T,C:C,T:T,C:C,G:G,A:A,C:C,C:C,T:T,A:A
ICMS 8511 S1-17-2-1-1-4-1-B-3-2-3-2-B-1-1-B:3,G:G,C:C,G:G,T:T,A:A,T:T,T:T,G:G,G:G,C:C,T:T,A:A,G:G,G:G,G:G,G:G,?,G:G,A:A,G:G,T:T,C:C,T:T,C:C,G:G,A:A,C:C,C:C,T:T,A:A
ICMS 8511 S1-17-2-1-1-4-1-B-3-2-3-2-B-1-1-B:4,G:G,C:C,G:G,T:T,A:A,T:T,T:T,G:G,G:G,C:C,T:T,A:A,G:G,G:G,G:G,G:G,A:A,G:G,A:A,G:G,T:T,C:C,T:T,C:C,G:G,A:A,C:C,C:C,T:T,A:A
ICMS 8511 S1-17-2-1-1-4-1-B-3-2-3-2-B-1-1-B:5,G:G,C:C,G:G,T:T,A:A,T:T,T:T,G:G,G:G,C:C,T:T,A:A,G:G,G:G,G:G,G:G,A:A,G:G,A:A,G:G,T:T,C:C,T:T,C:C,G:G,A:A,C:C,C:C,T:T,A:A
ICMS 8511 S1-17-2-1-1-4-1-B-3-2-3-2-B-1-1-B:6,G:G,C:C,G:G,T:T,A:A,T:T,T:T,G:G,G:G,C:C,T:T,A:A,G:G,G:G,G:G,G:G,A:A,G:G,A:A,G:G,T:T,C:C,T:T,C:C,G:G,A:A,C:C,C:C,T:T,A:A
ICMS 8511 S1-17-2-1-1-4-1-B-3-2-3-2-B-1-1-B:7,G:G,C:C,G:G,T:T,A:A,T:T,T:T,G:G,G:G,C:C,T:T,A:A,G:G,G:G,G:G,G:G,A:A,G:G,A:A,G:G,T:T,C:C,T:T,C:C,G:G,A:A,C:C,C:C,T:T,A:A
ICMS 8511 S1-17-2-1-1-4-1-B-3-2-3-2-B-1-1-B:8,G:G,C:C,G:G,T:T,A:A,T:T,T:T,G:G,G:G,C:C,T:T,A:A,G:G,G:G,G:G,G:G,A:A,G:G,A:A,G:G,T:T,C:C,T:T,C:C,G:G,A:A,C:C,C:C,T:T,A:A
ICMX 1410791-B-1-1-1:1,G:G,C:C,G:G,A:T,G:G,T:T,C:C,T:G,A:A,C:C,C:T,A:A,A:G,G:A,T:G,G:G,A:A,A:A,G:G,G:C,T:T,C:C,T:T,C:C,G:T,C:A,G:C,C:T,C:C,G:G
ICMX 1410791-B-1-1-1:2,G:G,T:C,G:G,T:T,G:G,T:T,C:C,T:G,A:A,C:C,C:T,A:A,A:G,G:A,T:T,G:G,A:A,G:A,A:G,G:C,T:T,A:A,T:T,T:T,T:T,C:C,G:G,C:T,C:C,A:G
ICMX 1410791-B-1-1-1:3,G:G,T:C,G:G,T:T,G:G,T:T,C:C,T:G,A:A,C:C,C:T,A:A,A:G,G:A,T:T,G:G,A:A,A:A,G:G,G:C,T:T,A:C,T:T,C:T,G:T,C:A,G:C,T:T,C:C,?
ICMX 1410791-B-1-1-1:4,G:G,C:C,G:G,A:T,G:G,T:T,C:C,T:G,A:A,C:C,C:C,A:A,A:G,G:A,T:G,G:G,A:A,A:A,G:G,G:C,T:T,A:C,T:T,C:C,G:G,A:A,C:C,C:T,C:C,G:G
ICMX 1410791-B-1-1-1:5,G:G,C:C,G:G,Uncallable,G:G,T:T,C:C,T:G,G:A,C:C,C:T,A:A,A:G,G:A,T:G,G:G,A:A,G:G,A:A,G:C,T:T,C:C,T:T,C:T,G:T,C:A,G:C,C:C,C:C,G:G
ICMX 1410791-B-1-1-1:6,G:G,T:T,G:G,T:T,G:G,T:T,C:C,T:G,G:A,C:C,C:T,A:A,A:G,G:A,T:T,G:G,A:A,G:A,A:G,G:C,T:T,C:C,T:T,C:C,G:G,A:A,C:C,C:T,C:C,A:A
ICMX 1410791-B-1-1-1:7,G:G,T:C,G:G,A:T,G:G,T:T,C:C,T:T,G:A,C:C,C:T,A:A,A:G,G:A,G:G,G:G,A:A,G:A,A:G,G:C,T:T,A:A,T:T,T:T,T:T,C:C,G:G,C:T,C:C,A:G
ICMX 1410791-B-1-1-1:8,G:G,T:C,G:G,A:T,G:G,T:T,C:C,T:G,G:A,C:C,C:T,A:A,A:G,G:A,T:G,G:G,A:A,G:A,A:G,G:C,T:T,A:A,T:T,T:T,T:T,C:C,G:G,C:T,C:C,A:G
ICMX 1410895-B-8-1-2:1,A:A,T:T,G:G,A:A,G:G,T:T,C:C,T:T,?,G:G,T:T,C:C,G:G,A:A,T:T,G:G,A:A,G:G,A:A,G:G,T:T,A:A,T:T,T:T,T:T,A:A,G:G,T:T,C:C,A:A
ICMX 1410895-B-8-1-2:2,A:A,T:T,G:G,A:A,G:G,T:T,C:C,T:T,?,G:G,T:T,C:C,G:G,A:A,T:T,G:G,A:A,G:G,A:A,G:G,T:T,A:A,T:T,T:T,T:T,A:A,G:G,T:T,C:C,A:A
ICMX 1410895-B-8-1-2:3,A:A,T:T,G:G,A:A,G:G,T:T,C:C,T:T,A:A,G:G,T:T,C:C,G:G,A:A,T:T,G:G,A:A,G:G,A:A,G:G,C:T,A:A,T:T,T:T,T:T,A:A,G:G,T:T,C:C,A:A
ICMX 1410895-B-8-1-2:4,A:A,T:T,G:G,A:A,G:G,T:T,C:C,T:T,?,G:G,T:T,C:C,G:G,A:A,T:T,G:G,A:A,G:G,A:A,G:G,T:T,A:A,T:T,T:T,T:T,A:A,G:G,T:T,C:C,A:A
ICMX 1410895-B-8-1-2:5,A:A,T:T,G:G,A:A,G:G,T:T,C:C,T:T,?,G:G,T:T,C:C,G:G,A:A,T:T,G:G,A:A,G:G,A:A,G:G,T:T,A:A,T:T,T:T,T:T,A:A,G:G,T:T,C:C,A:A
ICMX 1410895-B-8-1-2:6,A:A,T:T,G:G,A:A,G:G,T:T,C:C,T:T,?,G:G,T:T,C:C,G:G,A:A,T:T,G:G,A:A,G:G,A:A,G:G,T:T,A:A,T:T,T:T,T:T,A:A,G:G,T:T,C:C,A:A
ICMX 1410895-B-8-1-2:7,A:A,T:T,G:G,A:A,G:G,T:T,C:C,T:T,A:A,G:G,T:T,C:C,G:G,A:A,T:T,G:G,A:A,G:G,A:A,G:G,T:T,A:A,T:T,T:T,T:T,A:A,G:G,T:T,C:C,A:A
ICMX 1410895-B-8-1-2:8,A:A,T:T,G:G,A:A,G:G,T:T,C:C,T:T,?,G:G,T:T,C:C,G:G,A:A,T:T,G:G,A:A,G:G,A:A,G:G,T:T,A:A,T:T,T:T,T:T,A:A,G:G,T:T,C:C,A:A
ICMX 1510012-SB-1-2-1:1,G:G,T:T,A:A,T:T,A:A,T:T,C:C,T:G,G:G,C:C,T:T,A:A,G:G,A:A,T:T,G:G,G:G,G:G,A:A,C:C,C:C,C:C,A:A,T:T,T:T,C:C,G:G,T:T,T:T,G:G
ICMX 1510012-SB-1-2-1:2,G:G,T:T,A:A,T:T,A:A,T:T,C:C,T:G,G:G,C:C,T:T,A:A,G:G,A:A,T:T,G:G,G:G,G:G,A:A,C:C,C:C,C:C,A:A,T:T,T:T,C:C,G:G,T:T,T:T,G:G
ICMX 1510012-SB-1-2-1:3,G:G,T:T,A:A,T:T,A:A,T:T,C:C,T:G,G:G,C:C,T:T,A:A,G:G,A:A,T:T,G:G,G:G,G:G,A:A,C:C,C:C,C:C,A:A,T:T,T:T,C:C,G:G,T:T,T:T,G:G
ICMX 1510012-SB-1-2-1:4,G:G,T:T,A:A,T:T,A:A,T:T,C:C,T:G,G:G,C:C,T:T,A:A,G:G,A:A,T:T,G:G,G:G,G:G,A:A,C:C,C:C,C:C,A:A,T:T,T:T,C:C,G:G,T:T,T:T,G:G
ICMX 1510012-SB-1-2-1:5,G:G,T:T,A:A,T:T,A:A,T:T,C:C,T:G,G:G,C:C,T:T,A:A,G:G,A:A,T:T,G:G,G:G,G:G,A:A,C:C,C:C,C:C,A:A,T:T,T:T,C:C,G:G,T:T,T:T,G:G
ICMX 1510012-SB-1-2-1:6,G:G,T:T,A:A,T:T,A:A,T:T,C:C,T:G,G:G,C:C,T:T,A:A,G:G,A:A,T:T,G:G,G:G,G:G,A:A,C:C,C:C,C:C,A:A,T:T,T:T,C:C,G:G,T:T,T:T,G:G
ICMX 1510012-SB-1-2-1:7,G:G,T:T,A:A,T:T,A:A,T:T,C:C,T:G,G:G,C:C,T:T,A:A,G:G,A:A,T:T,G:G,G:G,G:G,A:A,C:C,C:C,C:C,A:A,T:T,T:T,C:C,G:G,T:T,T:T,G:G
ICMX 1510012-SB-1-2-1:8,G:G,T:T,A:A,T:T,A:A,T:T,C:C,T:G,G:G,C:C,T:T,A:A,G:G,A:A,T:T,G:G,G:G,G:G,A:A,C:C,C:C,C:C,A:A,T:T,T:T,C:C,G:G,T:T,T:T,G:G
ICMX 1510016-SB-6-3-2:1,G:G,T:T,G:G,T:T,G:G,C:C,C:C,T:G,G:G,C:C,C:C,A:A,A:A,A:A,T:T,G:G,G:G,G:G,A:A,C:C,C:C,C:C,T:T,T:T,T:T,C:C,G:G,C:C,T:T,G:G
ICMX 1510016-SB-6-3-2:2,G:G,T:T,G:G,T:T,G:G,C:C,C:C,T:G,G:G,C:C,C:C,A:A,A:A,A:A,T:T,G:G,G:G,G:G,A:A,C:C,C:C,C:C,T:T,T:T,T:T,C:C,G:G,C:C,T:T,G:G
ICMX 1510016-SB-6-3-2:3,G:G,T:T,G:G,T:T,G:G,C:C,C:C,T:G,G:G,C:C,C:C,A:A,A:A,A:A,T:T,G:G,G:G,G:G,A:A,C:C,C:C,C:C,T:T,T:T,T:T,C:C,G:G,C:C,T:T,G:G
ICMX 1510016-SB-6-3-2:4,G:G,T:T,G:G,T:T,G:G,C:C,C:C,T:G,G:G,C:C,C:C,A:A,A:A,A:A,T:T,G:G,G:G,G:G,A:A,C:C,C:C,C:C,T:T,T:T,T:T,A:A,C:C,C:C,T:T,G:G
ICMX 1510016-SB-6-3-2:5,G:G,T:T,G:G,T:T,G:G,C:C,C:C,T:G,G:G,C:C,C:C,A:A,A:A,A:A,T:T,G:G,G:G,G:G,A:A,C:C,C:C,C:C,T:T,T:T,T:T,C:A,G:G,C:C,T:T,G:G
ICMX 1510016-SB-6-3-2:6,G:G,T:T,G:G,T:T,G:G,C:C,C:C,T:G,G:G,C:C,C:C,A:A,A:A,A:A,T:T,G:G,G:G,G:G,A:A,C:C,C:C,C:C,T:T,T:T,T:T,C:A,G:C,C:C,T:T,G:G
ICMX 1510016-SB-6-3-2:7,G:G,T:T,G:G,T:T,A:G,C:C,C:C,T:G,G:G,C:C,C:C,A:A,A:A,A:A,T:T,G:G,G:G,G:G,A:A,C:C,C:C,C:C,T:T,T:T,T:T,C:A,G:C,C:C,T:T,G:G
ICMX 1510016-SB-6-3-2:8,G:G,T:T,G:G,T:T,G:G,C:C,C:C,T:G,G:G,C:C,C:C,A:A,A:A,A:A,T:T,G:G,G:G,G:G,A:A,C:C,C:C,C:C,T:T,T:T,T:T,C:C,G:G,C:C,T:T,G:G
ICMX 1510020-SB-3-1-2:1,G:A,T:T,G:G,A:T,A:G,C:T,C:T,T:G,A:A,C:C,C:C,C:A,A:G,A:A,T:G,A:A,A:A,G:A,A:G,C:C,C:C,A:C,T:T,T:T,T:T,A:A,G:C,C:T,T:C,A:G
ICMX 1510020-SB-3-1-2:2,G:G,T:T,G:G,T:T,G:G,T:T,C:C,T:G,A:A,C:C,C:C,A:A,A:A,A:A,G:G,A:A,A:A,A:A,G:G,C:C,T:T,C:C,T:T,T:T,T:T,A:A,C:C,C:C,T:T,A:A
ICMX 1510020-SB-3-1-2:3,G:G,T:T,G:A,T:T,G:G,C:T,C:C,T:G,G:A,G:C,C:T,A:A,A:A,A:A,G:G,A:G,A:A,G:A,A:G,G:C,C:C,A:C,T:T,C:T,G:T,A:A,G:C,C:T,T:T,A:A
ICMX 1510020-SB-3-1-2:4,G:G,T:T,G:G,A:T,G:G,C:T,C:C,T:G,A:A,G:C,C:C,A:A,A:G,A:A,G:G,A:G,A:A,A:A,A:G,C:C,T:T,C:C,A:T,T:T,T:T,A:A,C:C,C:T,T:C,A:A
ICMX 1510020-SB-3-1-2:5,G:G,T:T,G:G,T:T,G:G,T:T,C:C,T:G,A:A,C:C,C:C,A:A,A:A,A:A,T:G,A:A,G:G,A:A,G:G,C:C,Uncallable,C:C,T:T,T:T,T:T,A:A,C:C,C:C,T:T,A:A
ICMX 1510532-SB-2-17-2:1,A:A,T:T,A:A,T:T,G:G,T:T,C:C,T:T,A:A,C:C,T:T,A:A,A:G,A:A,G:G,A:A,A:A,G:G,A:A,G:G,T:T,A:A,T:T,T:T,T:T,C:C,C:C,T:T,C:C,A:A
ICMX 1510532-SB-2-17-2:2,A:A,T:T,A:A,T:T,G:G,T:T,C:C,T:T,A:A,C:C,T:T,A:A,A:G,A:A,G:G,A:A,A:A,G:G,A:A,G:G,T:T,A:A,T:T,T:T,T:T,C:C,C:C,T:T,C:C,A:A
ICMX 1510532-SB-2-17-2:3,A:A,T:T,A:A,T:T,G:G,T:T,C:C,T:T,A:A,C:C,T:T,A:A,A:G,A:A,G:G,A:A,A:A,G:G,A:A,G:G,T:T,A:A,T:T,T:T,T:T,C:C,C:C,T:T,C:C,A:A
ICMX 1510532-SB-2-17-2:4,A:A,T:T,A:A,T:T,G:G,T:T,C:C,T:T,A:A,C:C,T:T,A:A,G:G,A:A,G:G,A:A,A:A,G:G,A:A,G:G,T:T,A:A,T:T,T:T,T:T,C:C,C:C,T:T,C:C,A:A
ICMX 1510532-SB-2-17-2:5,A:A,T:T,A:A,T:T,G:G,T:T,C:C,T:T,A:A,C:C,T:T,A:A,A:G,A:A,G:G,A:A,A:A,G:G,A:A,G:G,T:T,A:A,T:T,T:T,T:T,C:C,C:C,T:T,C:C,A:A
ICMX 1510532-SB-2-17-2:6,A:A,T:T,A:A,T:T,G:G,T:T,C:C,T:T,A:A,C:C,T:T,A:A,A:A,A:A,G:G,A:A,A:A,G:G,A:A,G:G,T:T,A:A,T:T,T:T,T:T,C:C,C:C,T:T,C:C,A:A
ICMX 1510532-SB-2-17-2:7,A:A,T:T,A:A,T:T,G:G,T:T,C:C,T:T,A:A,C:C,T:T,A:A,A:G,A:A,G:G,A:A,A:A,G:G,A:A,G:G,T:T,A:A,T:T,T:T,T:T,C:C,C:C,T:T,C:C,A:A
ICMX 1510532-SB-2-17-2:8,A:A,T:T,A:A,T:T,G:G,T:T,C:C,T:T,A:A,C:C,T:T,A:A,A:G,A:A,G:G,A:A,A:A,G:G,A:A,G:G,T:T,A:A,T:T,T:T,T:T,C:C,C:C,T:T,C:C,A:A
ICMX 1510532-SB-2-17-3:1,A:A,C:C,A:A,T:T,G:G,T:T,C:C,T:T,A:A,C:C,T:T,A:A,G:G,A:A,G:G,A:A,A:A,G:G,A:A,G:G,T:T,A:A,A:A,T:T,T:T,C:C,C:C,T:T,C:C,A:A
ICMX 1510532-SB-2-17-3:2,A:A,T:T,A:A,T:T,G:G,T:T,C:C,T:T,A:A,C:C,T:T,A:A,G:G,A:A,G:G,A:A,A:A,G:G,A:A,G:G,T:T,A:A,A:T,T:T,T:T,C:C,C:C,T:T,C:C,A:A
ICMX 1510532-SB-2-17-3:3,A:A,C:C,A:A,T:T,G:G,T:T,C:C,T:T,A:A,C:C,T:T,A:A,G:G,A:A,G:G,A:A,A:A,G:G,A:A,G:G,T:T,A:A,A:A,T:T,T:T,C:C,C:C,T:T,C:C,A:A
ICMX 1510532-SB-2-17-3:4,A:A,T:T,A:A,T:T,G:G,T:T,C:C,T:T,A:A,C:C,T:T,A:A,G:G,A:A,G:G,A:A,A:A,G:G,A:A,G:G,T:T,A:A,A:T,T:T,T:T,C:C,C:C,T:T,C:C,A:A
ICMX 1510532-SB-2-17-3:5,A:A,T:T,A:A,T:T,G:G,T:T,C:C,T:T,A:A,C:C,T:T,A:A,G:G,A:A,G:G,A:A,A:A,G:G,A:A,G:G,T:T,A:A,T:T,T:T,T:T,C:C,C:C,T:T,C:C,A:A
ICMX 1510532-SB-2-17-3:6,A:A,T:T,A:A,T:T,G:G,T:T,C:C,T:T,A:A,C:C,T:T,A:A,G:G,A:A,G:G,A:A,A:A,G:G,A:A,G:G,T:T,A:A,A:T,T:T,T:T,C:C,C:C,T:T,C:C,A:A
ICMX 1510532-SB-2-17-3:7,A:A,C:C,A:A,T:T,G:G,T:T,C:C,T:T,A:A,C:C,T:T,A:A,G:G,A:A,G:G,A:A,A:A,G:G,A:A,G:G,T:T,A:A,A:A,T:T,T:T,C:C,C:C,T:T,C:C,A:A
ICMX 1510532-SB-2-17-3:8,A:A,T:T,A:A,T:T,G:G,T:T,C:C,T:T,A:A,C:C,T:T,A:A,G:G,A:A,G:G,A:A,A:A,G:G,A:A,G:G,T:T,A:A,A:A,T:T,T:T,C:C,C:C,T:T,C:C,A:A
ICMX 1510545-SB-4-2-1:1,G:G,T:T,A:A,T:T,G:G,C:C,C:C,T:T,A:A,C:C,C:C,C:C,A:A,A:A,G:G,A:A,A:A,G:G,A:A,G:G,T:T,A:A,T:T,T:T,T:T,A:A,G:G,T:T,C:C,A:A
ICMX 1510545-SB-4-2-1:2,G:G,T:T,A:A,T:T,G:G,C:C,C:C,T:T,?,C:C,C:C,C:A,A:A,A:A,G:G,A:A,A:A,G:G,A:A,G:G,T:T,A:A,T:T,T:T,T:T,A:A,G:G,T:T,C:C,A:A
ICMX 1510545-SB-4-2-1:3,G:G,T:T,A:A,T:T,G:G,C:C,C:C,T:T,G:G,C:C,C:C,C:A,A:A,A:A,G:G,A:A,A:A,G:G,A:A,G:G,T:T,A:A,T:T,T:T,T:T,A:A,G:G,T:T,C:C,A:A
ICMX 1510545-SB-4-2-1:4,G:G,T:T,A:A,T:T,G:G,C:C,C:C,T:T,A:A,C:C,C:C,C:A,A:A,A:A,G:G,A:A,A:A,G:G,A:A,G:G,T:T,A:A,T:T,T:T,T:T,A:A,G:G,T:T,C:C,A:A
ICMX 1510545-SB-4-2-1:5,G:G,T:T,A:A,T:T,G:G,C:C,C:C,T:T,G:G,C:C,C:C,C:C,A:A,A:A,G:G,A:A,A:A,G:G,A:A,G:G,T:T,A:A,T:T,T:T,T:T,A:A,G:G,T:T,C:C,A:A
ICMX 1510545-SB-4-2-1:6,G:G,T:T,A:A,T:T,G:G,C:C,C:C,T:T,?,C:C,C:C,C:C,A:A,A:A,G:G,A:A,A:A,G:G,A:A,G:G,T:T,A:A,T:T,T:T,T:T,A:A,G:G,T:T,C:C,A:A
ICMX 1510545-SB-4-2-1:7,G:G,T:T,A:A,T:T,G:G,C:C,C:C,T:T,A:A,C:C,C:C,C:C,A:A,A:A,G:G,A:A,A:A,G:G,A:A,G:G,T:T,A:A,T:T,T:T,T:T,A:A,G:G,T:T,C:C,A:A
ICMX 1510545-SB-4-2-1:8,G:G,T:T,A:A,T:T,G:G,C:C,C:C,T:T,?,C:C,C:C,C:A,A:A,A:A,G:G,A:A,A:A,G:G,A:A,G:G,T:T,A:A,T:T,T:T,T:T,A:A,G:G,T:T,C:C,A:A
ICMX 1510545-SB-7-2-1:1,G:G,T:T,G:A,T:T,G:G,C:C,C:C,T:T,A:A,C:C,C:C,C:C,A:A,A:A,G:G,A:A,A:A,G:G,A:A,G:G,T:T,A:A,T:T,T:T,T:T,C:A,C:C,T:T,C:C,A:A
ICMX 1510545-SB-7-2-1:2,G:G,T:T,A:A,T:T,G:G,C:C,C:C,T:T,A:A,C:C,C:C,C:C,A:A,A:A,G:G,A:A,A:A,G:G,A:A,G:G,T:T,A:A,T:T,T:T,T:T,C:A,C:C,T:T,C:C,A:A
ICMX 1510545-SB-7-2-1:3,G:G,T:T,G:A,T:T,G:G,C:C,C:C,T:T,A:A,C:C,C:C,C:C,A:A,A:A,G:G,A:A,A:A,G:G,A:A,G:G,T:T,A:A,T:T,T:T,T:T,C:A,C:C,T:T,C:C,A:A
ICMX 1510545-SB-7-2-1:4,G:G,T:T,G:A,T:T,G:G,C:C,C:C,T:T,A:A,C:C,C:C,C:C,A:A,A:A,G:G,A:A,A:A,G:G,A:A,G:G,T:T,A:A,T:T,T:T,T:T,C:A,C:C,T:T,C:C,A:A
ICMX 1510545-SB-7-2-1:5,G:G,T:T,A:A,T:T,G:G,C:C,C:C,T:T,A:A,C:C,C:C,C:C,A:A,A:A,G:G,A:A,A:A,G:G,A:A,G:G,T:T,A:A,T:T,T:T,T:T,C:A,C:C,T:T,C:C,A:A
ICMX 1510545-SB-7-2-1:6,G:G,T:T,A:A,T:T,G:G,C:C,C:C,T:T,A:A,C:C,C:C,C:C,A:A,A:A,G:G,A:A,A:A,G:G,A:A,G:G,T:T,A:A,T:T,T:T,T:T,C:A,C:C,T:T,C:C,A:A
ICMX 1510545-SB-7-2-1:7,G:G,T:T,G:A,T:T,G:G,C:C,C:C,T:T,A:A,C:C,C:C,C:C,A:A,A:A,G:G,A:A,A:A,G:G,A:A,G:G,T:T,A:A,T:T,T:T,T:T,C:C,C:C,T:T,C:C,A:A
ICMX 1510545-SB-7-2-1:8,G:G,T:T,?,T:T,G:G,C:C,C:C,T:T,A:A,C:C,C:C,C:C,A:A,A:A,G:G,A:A,A:A,G:G,A:A,G:G,T:T,A:A,T:T,T:T,?,A:A,C:C,T:T,C:C,A:A
ICMX 1510548-SB-9-1-1:1,G:G,T:T,G:A,A:A,A:G,T:T,C:C,G:G,A:A,G:C,T:T,C:C,G:G,G:G,T:T,A:G,A:A,G:G,G:G,G:G,T:T,A:C,T:T,T:T,T:T,A:A,C:C,C:T,T:T,A:A
ICMX 1510548-SB-9-1-1:2,G:G,T:T,A:A,T:T,G:G,T:T,C:C,T:T,A:A,G:C,C:T,C:A,A:G,G:G,G:G,A:G,A:A,G:A,G:G,G:G,T:T,C:C,T:T,T:T,T:T,A:A,G:C,T:T,T:C,A:G
ICMX 1510548-SB-9-1-1:3,G:G,T:T,G:A,T:T,G:G,T:T,C:C,T:T,A:A,G:C,C:T,C:A,A:G,G:G,G:G,G:G,A:A,G:A,G:G,G:G,T:T,C:C,A:T,C:T,T:T,A:A,G:C,C:T,C:C,G:G
ICMX 1510548-SB-9-1-1:4,G:G,T:T,G:G,A:T,G:G,T:T,C:C,T:G,A:A,G:C,C:T,C:A,A:G,G:G,T:G,A:A,A:A,G:A,G:G,G:G,T:T,C:C,A:T,C:T,T:T,A:A,G:C,C:C,C:C,G:G
ICMX 1510548-SB-9-1-1:5,G:G,T:T,A:A,T:T,G:G,T:T,C:C,G:G,A:A,C:C,T:T,C:C,G:G,G:G,T:T,A:G,A:A,G:A,G:G,G:G,T:T,C:C,T:T,T:T,T:T,A:A,C:C,T:T,T:T,A:A
ICMX 1510548-SB-9-1-1:6,G:G,T:T,A:A,T:T,G:G,T:T,C:C,T:T,A:A,G:G,C:C,A:A,A:A,G:G,G:G,G:G,A:A,G:A,G:G,G:G,T:T,C:C,T:T,C:T,T:T,A:A,G:C,T:T,T:C,A:G
ICMX 1510548-SB-9-1-1:7,G:G,T:T,G:G,T:T,A:G,T:T,C:C,G:G,A:A,C:C,T:T,C:C,G:G,G:G,T:T,A:G,A:A,G:A,G:G,G:G,T:T,A:C,T:T,T:T,T:T,A:A,C:C,C:C,T:T,A:A
ICMX 1510548-SB-9-1-1:8,G:G,T:T,G:A,A:A,A:G,T:T,C:C,G:G,A:A,G:C,T:T,C:C,G:G,G:G,T:T,G:G,A:A,G:G,G:G,G:G,T:T,A:C,T:T,T:T,T:T,A:A,C:C,C:T,T:T,A:A
ICMX 1510552-SB-9-5-2:1,G:G,C:C,G:G,T:T,A:A,T:T,C:C,G:G,?,G:G,C:C,A:A,G:G,G:G,G:G,G:G,G:G,G:G,A:A,C:C,T:T,C:C,T:T,C:C,G:G,A:A,C:C,C:C,T:T,G:G
ICMX 1510552-SB-9-5-2:2,G:G,C:C,G:G,T:T,A:A,T:T,C:C,G:G,A:A,G:G,C:C,A:A,G:G,G:G,G:G,G:G,G:G,A:A,A:A,C:C,T:T,C:C,T:T,C:C,G:G,A:A,C:C,C:C,T:T,G:G
ICMX 1510552-SB-9-5-2:3,G:G,C:C,G:G,T:T,A:A,T:T,C:C,G:G,A:A,G:G,C:C,A:A,G:G,G:G,G:G,G:G,G:G,G:G,A:A,C:C,T:T,C:C,T:T,C:C,G:G,A:A,C:C,C:C,T:T,G:G
ICMX 1510552-SB-9-5-2:4,G:G,C:C,G:G,T:T,A:A,T:T,C:C,G:G,A:A,G:G,C:C,A:A,G:G,G:G,G:G,G:G,G:G,G:G,A:A,C:C,T:T,C:C,T:T,C:C,G:G,A:A,C:C,C:C,T:T,G:G
ICMX 1510552-SB-9-5-2:5,G:G,C:C,G:G,T:T,A:A,T:T,C:C,G:G,A:A,G:G,C:C,A:A,G:G,G:G,G:G,G:G,G:G,G:G,A:A,C:C,T:T,C:C,T:T,C:C,G:G,A:A,C:C,C:C,T:T,G:G
ICMX 1510552-SB-9-5-2:6,G:G,C:C,G:G,T:T,A:A,T:T,C:C,G:G,A:A,G:G,C:C,A:A,G:G,G:G,G:G,G:G,G:G,G:G,A:A,C:C,T:T,C:C,T:T,C:C,G:G,A:A,C:C,C:C,T:T,G:G
ICMX 1510552-SB-9-5-2:7,G:G,C:C,G:G,T:T,A:A,T:T,C:C,G:G,A:A,G:G,C:C,A:A,G:G,G:G,G:G,G:G,G:G,G:G,A:A,C:C,T:T,C:C,T:T,C:C,G:G,A:A,C:C,C:C,T:T,G:G
ICMX 1510552-SB-9-5-2:8,G:G,C:C,G:G,T:T,A:A,T:T,C:C,G:G,A:A,G:G,C:C,A:A,G:G,G:G,G:G,G:G,G:G,G:G,A:A,C:C,T:T,C:C,T:T,C:C,G:G,A:A,C:C,C:C,?,G:G
ICMX 1511323-B-12-2:1,A:A,T:C,G:G,A:A,G:G,T:T,C:C,T:G,A:A,G:C,C:C,A:A,A:G,A:A,T:G,G:G,G:A,A:A,A:A,C:C,T:T,C:C,T:T,T:T,G:G,C:C,G:G,C:C,T:C,A:G
ICMX 1511323-B-12-2:2,A:A,C:C,G:G,A:A,G:G,T:T,C:C,T:T,?,G:C,C:C,A:A,A:G,A:A,T:T,G:G,A:A,A:A,A:A,C:C,T:T,C:C,T:T,T:T,G:G,C:C,G:G,C:C,T:T,?
ICMX 1511323-B-12-2:3,A:A,T:T,G:G,A:A,G:G,T:T,C:C,T:G,G:G,G:C,C:C,A:A,A:A,A:A,G:G,G:G,G:A,A:A,A:G,C:C,T:T,C:C,T:T,T:T,G:G,C:C,G:G,C:C,C:C,A:A
ICMX 1511323-B-12-2:4,A:A,T:C,G:G,A:A,G:G,T:T,C:C,G:G,A:A,G:G,C:C,A:A,G:G,A:A,T:T,G:G,G:G,A:A,G:G,C:C,T:T,C:C,T:T,T:T,G:G,C:C,G:G,C:C,T:C,A:G
ICMX 1511323-B-12-2:5,A:A,T:T,G:G,A:A,G:G,T:T,C:C,T:G,?,G:C,C:C,A:A,A:G,A:A,T:T,G:G,A:A,A:A,A:G,C:C,T:T,C:C,T:T,T:T,G:G,C:C,G:G,C:C,C:C,A:A
ICMX 1511323-B-12-2:6,A:A,T:C,G:G,A:A,G:G,T:T,C:C,T:G,?,G:G,C:C,A:A,A:G,A:A,T:T,G:G,G:A,A:A,A:A,C:C,T:T,C:C,T:T,T:T,G:G,C:C,G:G,C:C,T:C,A:G
ICMX 1511323-B-12-2:7,A:A,T:C,G:G,A:A,G:G,T:T,C:C,T:T,?,C:C,C:C,A:A,A:G,A:A,T:T,G:G,G:G,A:A,A:G,C:C,T:T,C:C,T:T,T:T,G:G,C:C,G:G,C:C,T:C,A:G
ICMX 1511323-B-12-2:8,A:A,T:T,G:G,A:A,G:G,T:T,C:C,G:G,A:A,G:C,C:C,A:A,A:G,A:A,T:G,G:G,G:A,A:A,A:G,C:C,T:T,C:C,T:T,T:T,G:G,C:C,G:G,C:C,T:T,G:G
ICMX 1511327-B-4-1:1,G:G,T:T,A:A,A:A,G:G,T:T,C:C,T:T,A:A,C:C,C:C,A:A,G:G,A:A,T:T,G:G,G:G,A:A,G:G,C:C,T:T,A:A,T:T,T:T,T:T,A:A,G:G,T:T,C:C,A:A
ICMX 1511327-B-4-1:2,G:G,T:T,A:A,A:A,G:G,T:T,C:C,T:T,A:A,C:C,C:C,A:A,G:G,A:A,T:T,G:G,G:G,A:A,A:G,C:C,T:T,A:A,T:T,T:T,T:T,A:A,G:G,T:T,C:C,A:A
ICMX 1511327-B-4-1:3,G:G,T:T,A:A,A:A,G:G,T:T,C:C,T:T,G:G,C:C,C:C,A:A,G:G,A:A,T:T,G:G,G:G,A:A,G:G,C:C,T:T,A:A,T:T,T:T,T:T,A:A,G:G,T:T,C:C,A:A
ICMX 1511327-B-4-1:4,G:G,T:T,A:A,A:A,G:G,T:T,C:C,T:T,?,C:C,C:C,A:A,G:G,A:A,T:T,G:G,G:G,A:A,G:G,C:C,T:T,A:A,T:T,T:T,T:T,A:A,G:G,T:T,C:C,A:A
ICMX 1511327-B-4-1:5,G:G,T:T,?,?,?,T:T,?,T:G,?,?,C:C,?,?,?,?,?,G:G,?,G:G,?,?,A:A,T:T,T:T,?,?,G:G,?,?,?
ICMX 1511327-B-4-1:6,G:G,T:T,A:A,A:A,G:G,T:T,C:C,T:T,?,C:C,C:C,A:A,G:G,A:A,T:T,G:G,G:G,A:A,G:G,C:C,T:T,A:A,T:T,T:T,T:T,A:A,G:G,T:T,C:C,A:A
ICMX 1511327-B-4-1:7,G:G,T:T,A:A,A:A,G:G,T:T,C:C,T:T,?,C:C,C:C,A:A,G:G,A:A,T:T,G:G,G:G,A:A,A:A,C:C,T:T,A:A,T:T,T:T,T:T,A:A,G:G,T:T,C:C,A:A
ICMX 1511327-B-4-1:8,G:G,T:T,A:A,A:A,G:G,T:T,C:C,T:T,?,C:C,C:C,A:A,G:G,A:A,T:T,G:G,G:G,A:A,G:G,C:C,T:T,A:A,T:T,T:T,T:T,A:A,G:G,T:T,C:C,A:A
ICMX 2010769:1,N:N,T:C,N:N,T:T,A:A,N:N,N:N,N:N,N:N,G:G,T:T,N:N,N:N,N:N,N:N,N:N,N:N,N:N,N:N,G:C,C:C,N:N,N:N,N:N,T:T,N:N,N:N,N:N,T:T,G:G
ICMX 2010769:11,N:N,T:C,N:N,T:T,A:A,N:N,N:N,N:N,N:N,G:G,T:T,N:N,N:N,N:N,N:N,N:N,N:N,N:N,N:N,G:C,C:C,N:N,N:N,N:N,T:T,N:N,N:N,N:N,T:T,G:G
ICMX 2010769:2,N:N,T:C,N:N,T:T,A:A,N:N,N:N,N:N,N:N,G:G,T:T,N:N,N:N,N:N,N:N,N:N,N:N,N:N,N:N,G:C,C:C,N:N,N:N,N:N,T:T,N:N,N:N,N:N,T:T,G:G
ICMX 2010769:3,N:N,T:C,N:N,T:T,A:A,N:N,N:N,N:N,N:N,G:G,T:T,N:N,N:N,N:N,N:N,N:N,N:N,N:N,N:N,G:C,C:C,N:N,N:N,N:N,T:T,N:N,N:N,N:N,T:T,G:G
ICMX 2010769:4,N:N,C:C,N:N,T:T,A:A,N:N,N:N,N:N,N:N,G:G,T:T,N:N,N:N,N:N,N:N,N:N,N:N,N:N,N:N,G:G,C:C,N:N,N:N,N:N,T:T,N:N,N:N,N:N,T:T,A:A
ICMX 2010769:5,N:N,T:C,N:N,T:T,A:A,N:N,N:N,N:N,N:N,G:G,T:T,N:N,N:N,N:N,N:N,N:N,N:N,N:N,N:N,G:C,C:C,N:N,N:N,N:N,T:T,N:N,N:N,N:N,T:T,G:G
ICMX 2010769:6,N:N,T:C,N:N,T:T,A:A,N:N,N:N,N:N,N:N,G:G,T:T,N:N,N:N,N:N,N:N,N:N,N:N,N:N,N:N,G:C,C:C,N:N,N:N,N:N,T:T,N:N,N:N,N:N,T:T,G:G
ICMX 2010769:7,N:N,T:C,N:N,T:T,A:A,N:N,N:N,N:N,N:N,G:G,T:T,N:N,N:N,N:N,N:N,N:N,N:N,N:N,N:N,G:C,C:C,N:N,N:N,N:N,T:T,N:N,N:N,N:N,T:T,G:G
ICMX 2010769:8,N:N,T:C,N:N,T:T,A:A,N:N,N:N,N:N,N:N,G:G,T:T,N:N,N:N,N:N,N:N,N:N,N:N,N:N,N:N,G:C,C:C,N:N,N:N,N:N,T:T,N:N,N:N,N:N,T:T,G:G
ICMX 2010769:9,N:N,T:C,N:N,T:T,A:A,N:N,N:N,N:N,N:N,G:G,T:T,N:N,N:N,N:N,N:N,N:N,N:N,N:N,N:N,G:C,C:C,N:N,N:N,N:N,T:T,N:N,N:N,N:N,T:T,G:G
ICMX 2010770:1,N:N,T:C,N:N,A:A,G:G,N:N,N:N,N:N,N:N,G:C,T:T,N:N,N:N,N:N,N:N,N:N,N:N,N:N,N:N,G:C,C:C,N:N,N:N,N:N,T:T,N:N,N:N,N:N,T:C,A:A
ICMX 2010770:3,N:N,T:C,N:N,A:A,G:G,N:N,N:N,N:N,N:N,G:C,T:T,N:N,N:N,N:N,N:N,N:N,N:N,N:N,N:N,G:C,C:C,N:N,N:N,N:N,T:T,N:N,N:N,N:N,T:C,A:A
ICMX 2010770:4,N:N,T:C,N:N,A:A,G:G,N:N,N:N,N:N,N:N,G:C,T:T,N:N,N:N,N:N,N:N,N:N,N:N,N:N,N:N,G:C,C:C,N:N,N:N,N:N,T:T,N:N,N:N,N:N,T:C,A:A
ICMX 2010770:5,N:N,T:C,N:N,A:A,G:G,N:N,N:N,N:N,N:N,G:C,T:T,N:N,N:N,N:N,N:N,N:N,N:N,N:N,N:N,G:C,C:C,N:N,N:N,N:N,T:T,N:N,N:N,N:N,T:C,A:A
ICMX 2010770:6,N:N,T:C,N:N,A:A,G:G,N:N,N:N,N:N,N:N,G:C,T:T,N:N,N:N,N:N,N:N,N:N,N:N,N:N,N:N,G:C,C:C,N:N,N:N,N:N,T:T,N:N,N:N,N:N,C:C,A:G
ICMX 2010771:1,N:N,T:C,N:N,A:T,A:G,N:N,N:N,N:N,N:N,C:C,T:T,N:N,N:N,N:N,N:N,N:N,N:N,N:N,N:N,G:C,C:C,N:N,N:N,N:N,T:T,N:N,N:N,N:N,T:T,A:A
ICMX 2010771:10,N:N,T:C,N:N,A:T,A:G,N:N,N:N,N:N,N:N,C:C,T:T,N:N,N:N,N:N,N:N,N:N,N:N,N:N,N:N,G:C,C:C,N:N,N:N,N:N,T:T,N:N,N:N,N:N,T:T,A:A
ICMX 2010771:2,N:N,T:C,N:N,A:T,A:G,N:N,N:N,N:N,N:N,C:C,T:T,N:N,N:N,N:N,N:N,N:N,N:N,N:N,N:N,G:C,C:C,N:N,N:N,N:N,T:T,N:N,N:N,N:N,T:T,A:A
ICMX 2010771:3,N:N,T:C,N:N,A:T,A:G,N:N,N:N,N:N,N:N,C:C,T:T,N:N,N:N,N:N,N:N,N:N,N:N,N:N,N:N,G:C,C:C,N:N,N:N,N:N,T:T,N:N,N:N,N:N,T:T,A:A
ICMX 2010771:4,N:N,T:C,N:N,A:T,A:G,N:N,N:N,N:N,N:N,C:C,T:T,N:N,N:N,N:N,N:N,N:N,N:N,N:N,N:N,G:C,C:C,N:N,N:N,N:N,T:T,N:N,N:N,N:N,T:T,A:A
ICMX 2010771:5,N:N,T:C,N:N,A:T,A:G,N:N,N:N,N:N,N:N,C:C,T:T,N:N,N:N,N:N,N:N,N:N,N:N,N:N,N:N,G:C,C:C,N:N,N:N,N:N,T:T,N:N,N:N,N:N,T:T,A:A
ICMX 2010771:6,N:N,T:C,N:N,A:T,A:G,N:N,N:N,N:N,N:N,C:C,T:T,N:N,N:N,N:N,N:N,N:N,N:N,N:N,N:N,G:C,C:C,N:N,N:N,N:N,T:T,N:N,N:N,N:N,T:T,A:A
ICMX 2010771:7,N:N,T:C,N:N,A:T,A:G,N:N,N:N,N:N,N:N,C:C,T:T,N:N,N:N,N:N,N:N,N:N,N:N,N:N,N:N,G:C,C:C,N:N,N:N,N:N,T:T,N:N,N:N,N:N,T:T,A:A
ICMX 2010771:8,N:N,T:C,N:N,A:T,A:G,N:N,N:N,N:N,N:N,C:C,T:T,N:N,N:N,N:N,N:N,N:N,N:N,N:N,N:N,G:C,?,N:N,N:N,N:N,?,N:N,N:N,N:N,T:T,A:A
ICMX 2010771:9,N:N,T:C,N:N,A:T,A:G,N:N,N:N,N:N,N:N,C:C,T:T,N:N,N:N,N:N,N:N,N:N,N:N,N:N,N:N,G:C,C:C,N:N,N:N,N:N,T:T,N:N,N:N,N:N,T:T,A:A
ICMX 2010772:1,N:N,T:C,N:N,A:T,A:G,N:N,N:N,N:N,N:N,G:C,T:T,N:N,N:N,N:N,N:N,N:N,N:N,N:N,N:N,C:C,C:C,N:N,N:N,N:N,?,N:N,N:N,N:N,T:T,G:G
ICMX 2010772:2,N:N,T:C,N:N,A:T,A:G,N:N,N:N,N:N,N:N,G:C,T:T,N:N,N:N,N:N,N:N,N:N,N:N,N:N,N:N,C:C,C:C,N:N,N:N,N:N,T:T,N:N,N:N,N:N,T:T,G:G
ICMX 2010772:3,N:N,T:C,N:N,A:T,A:G,N:N,N:N,N:N,N:N,G:C,T:T,N:N,N:N,N:N,N:N,N:N,N:N,N:N,N:N,C:C,C:C,N:N,N:N,N:N,T:T,N:N,N:N,N:N,T:T,G:G
ICMX 2010772:4,N:N,T:C,N:N,A:T,A:G,N:N,N:N,N:N,N:N,G:C,T:T,N:N,N:N,N:N,N:N,N:N,N:N,N:N,N:N,C:C,C:C,N:N,N:N,N:N,T:T,N:N,N:N,N:N,T:T,G:G
ICMX 2010772:5,N:N,T:C,N:N,A:T,A:G,N:N,N:N,N:N,N:N,G:C,T:T,N:N,N:N,N:N,N:N,N:N,N:N,N:N,N:N,C:C,C:C,N:N,N:N,N:N,T:T,N:N,N:N,N:N,T:T,Uncallable
ICMX 2010772:6,N:N,T:C,N:N,A:T,A:G,N:N,N:N,N:N,N:N,G:C,T:T,N:N,N:N,N:N,N:N,N:N,N:N,N:N,N:N,C:C,C:C,N:N,N:N,N:N,T:T,N:N,N:N,N:N,T:T,G:G
ICMX 2010772:7,N:N,T:C,N:N,A:T,A:G,N:N,N:N,N:N,N:N,G:C,T:T,N:N,N:N,N:N,N:N,N:N,N:N,N:N,N:N,C:C,C:C,N:N,N:N,N:N,T:T,N:N,N:N,N:N,T:T,G:G
ICMX 2010772:8,N:N,T:C,N:N,A:T,A:G,N:N,N:N,N:N,N:N,G:C,T:T,N:N,N:N,N:N,N:N,N:N,N:N,N:N,N:N,C:C,C:C,N:N,N:N,N:N,T:T,N:N,N:N,N:N,T:T,G:G
ICMX 2010773:1,N:N,T:C,N:N,A:T,G:G,N:N,N:N,N:N,N:N,G:C,T:T,N:N,N:N,N:N,N:N,N:N,N:N,N:N,N:N,C:C,C:C,N:N,N:N,N:N,T:T,N:N,N:N,N:N,T:T,G:G
ICMX 2010773:2,N:N,C:C,N:N,A:A,G:G,N:N,N:N,N:N,N:N,C:C,T:T,N:N,N:N,N:N,N:N,N:N,N:N,N:N,N:N,C:C,C:C,N:N,N:N,N:N,T:T,N:N,N:N,N:N,T:T,A:A
ICMX 2010773:3,N:N,T:C,N:N,A:T,G:G,N:N,N:N,N:N,N:N,G:C,T:T,N:N,N:N,N:N,N:N,N:N,N:N,N:N,N:N,C:C,C:C,N:N,N:N,N:N,T:T,N:N,N:N,N:N,T:T,G:G
ICMX 2010773:4,N:N,T:C,N:N,A:T,G:G,N:N,N:N,N:N,N:N,G:C,T:T,N:N,N:N,N:N,N:N,N:N,N:N,N:N,N:N,C:C,C:C,N:N,N:N,N:N,T:T,N:N,N:N,N:N,T:T,G:G
ICMX 2010774:1,N:N,T:T,N:N,T:T,A:G,N:N,N:N,N:N,N:N,G:G,T:T,N:N,N:N,N:N,N:N,N:N,N:N,N:N,N:N,C:C,T:T,N:N,N:N,N:N,T:T,N:N,N:N,N:N,T:T,G:G
ICMX 2010774:2,N:N,T:T,N:N,T:T,A:G,N:N,N:N,N:N,N:N,G:G,T:T,N:N,N:N,N:N,N:N,N:N,N:N,N:N,N:N,C:C,T:T,N:N,N:N,N:N,T:T,N:N,N:N,N:N,?,?
ICMX 2010774:3,N:N,T:T,N:N,T:T,A:G,N:N,N:N,N:N,N:N,G:G,T:T,N:N,N:N,N:N,N:N,N:N,N:N,N:N,N:N,C:C,T:T,N:N,N:N,N:N,T:T,N:N,N:N,N:N,T:T,G:G
ICMX 2010776:1,N:N,T:T,N:N,T:T,A:G,N:N,N:N,N:N,N:N,G:G,C:T,N:N,N:N,N:N,N:N,N:N,N:N,N:N,N:N,G:C,C:C,N:N,N:N,N:N,T:T,N:N,N:N,N:N,T:C,G:G
ICMX 2010776:10,N:N,T:T,N:N,T:T,A:G,N:N,N:N,N:N,N:N,G:G,C:T,N:N,N:N,N:N,N:N,N:N,N:N,N:N,N:N,G:C,C:C,N:N,N:N,N:N,T:T,N:N,N:N,N:N,T:C,G:G
ICMX 2010776:11,N:N,T:T,N:N,T:T,A:G,N:N,N:N,N:N,N:N,G:G,C:T,N:N,N:N,N:N,N:N,N:N,N:N,N:N,N:N,G:C,C:C,N:N,N:N,N:N,T:T,N:N,N:N,N:N,T:C,G:G
ICMX 2010776:12,N:N,T:T,N:N,T:T,A:G,N:N,N:N,N:N,N:N,G:G,C:T,N:N,N:N,N:N,N:N,N:N,N:N,N:N,N:N,G:C,C:C,N:N,N:N,N:N,T:T,N:N,N:N,N:N,T:C,G:G
ICMX 2010776:13,N:N,T:T,N:N,T:T,A:G,N:N,N:N,N:N,N:N,G:G,C:T,N:N,N:N,N:N,N:N,N:N,N:N,N:N,N:N,G:C,C:C,N:N,N:N,N:N,?,N:N,N:N,N:N,?,A:A
ICMX 2010776:14,N:N,T:T,N:N,T:T,A:G,N:N,N:N,N:N,N:N,G:G,C:T,N:N,N:N,N:N,N:N,N:N,N:N,N:N,N:N,G:C,C:C,N:N,N:N,N:N,T:T,N:N,N:N,N:N,T:C,G:G
ICMX 2010776:15,N:N,T:T,N:N,T:T,A:A,N:N,N:N,N:N,N:N,G:G,T:T,N:N,N:N,N:N,N:N,N:N,N:N,N:N,N:N,C:C,T:T,N:N,N:N,N:N,T:T,N:N,N:N,N:N,T:T,G:G
ICMX 2010776:2,N:N,T:T,N:N,T:T,A:G,N:N,N:N,N:N,N:N,G:G,C:T,N:N,N:N,N:N,N:N,N:N,N:N,N:N,N:N,G:C,C:C,N:N,N:N,N:N,T:T,N:N,N:N,N:N,T:C,G:G
ICMX 2010776:4,N:N,T:T,N:N,T:T,A:G,N:N,N:N,N:N,N:N,G:G,C:T,N:N,N:N,N:N,N:N,N:N,N:N,N:N,N:N,G:C,C:C,N:N,N:N,N:N,T:T,N:N,N:N,N:N,T:C,G:G
ICMX 2010776:5,N:N,T:T,N:N,T:T,A:G,N:N,N:N,N:N,N:N,G:G,C:T,N:N,N:N,N:N,N:N,N:N,N:N,N:N,N:N,G:C,C:C,N:N,N:N,N:N,T:T,N:N,N:N,N:N,T:C,G:G
ICMX 2010776:6,N:N,T:T,N:N,T:T,A:G,N:N,N:N,N:N,N:N,G:G,C:T,N:N,N:N,N:N,N:N,N:N,N:N,N:N,N:N,G:C,C:C,N:N,N:N,N:N,T:T,N:N,N:N,N:N,T:C,G:G
ICMX 2010776:7,N:N,T:T,N:N,T:T,A:G,N:N,N:N,N:N,N:N,G:G,C:T,N:N,N:N,N:N,N:N,N:N,N:N,N:N,N:N,G:C,C:C,N:N,N:N,N:N,T:T,N:N,N:N,N:N,T:C,G:G
ICMX 2010776:8,N:N,T:T,N:N,T:T,A:G,N:N,N:N,N:N,N:N,G:G,C:T,N:N,N:N,N:N,N:N,N:N,N:N,N:N,N:N,G:C,C:C,N:N,N:N,N:N,Uncallable,N:N,N:N,N:N,T:C,G:G
ICMX 2010776:9,N:N,T:T,N:N,T:T,A:G,N:N,N:N,N:N,N:N,G:G,C:T,N:N,N:N,N:N,N:N,N:N,N:N,N:N,N:N,G:C,C:C,N:N,N:N,N:N,T:T,N:N,N:N,N:N,T:C,G:G
ICMX 2010777:1,N:N,T:C,N:N,T:T,G:G,N:N,N:N,N:N,N:N,G:G,T:T,N:N,N:N,N:N,N:N,N:N,N:N,N:N,N:N,G:C,C:C,N:N,N:N,N:N,T:T,N:N,N:N,N:N,T:T,A:A
ICMX 2010777:10,N:N,T:C,N:N,T:T,G:G,N:N,N:N,N:N,N:N,G:G,T:T,N:N,N:N,N:N,N:N,N:N,N:N,N:N,N:N,G:C,C:C,N:N,N:N,N:N,T:T,N:N,N:N,N:N,T:T,A:A
ICMX 2010777:11,N:N,C:C,N:N,?,G:G,N:N,N:N,N:N,N:N,?,T:T,N:N,N:N,N:N,N:N,N:N,N:N,N:N,N:N,C:C,C:C,N:N,N:N,N:N,?,N:N,N:N,N:N,?,?
ICMX 2010777:12,N:N,T:C,N:N,T:T,G:G,N:N,N:N,N:N,N:N,G:G,T:T,N:N,N:N,N:N,N:N,N:N,N:N,N:N,N:N,G:C,C:C,N:N,N:N,N:N,T:T,N:N,N:N,N:N,T:T,A:A
ICMX 2010777:2,N:N,T:C,N:N,T:T,G:G,N:N,N:N,N:N,N:N,G:G,T:T,N:N,N:N,N:N,N:N,N:N,N:N,N:N,N:N,G:C,C:C,N:N,N:N,N:N,T:T,N:N,N:N,N:N,T:T,A:A
ICMX 2010777:3,N:N,T:C,N:N,T:T,G:G,N:N,N:N,N:N,N:N,G:G,T:T,N:N,N:N,N:N,N:N,N:N,N:N,N:N,N:N,G:C,C:C,N:N,N:N,N:N,T:T,N:N,N:N,N:N,T:T,A:A
ICMX 2010777:4,N:N,T:C,N:N,T:T,G:G,N:N,N:N,N:N,N:N,G:G,T:T,N:N,N:N,N:N,N:N,N:N,N:N,N:N,N:N,G:C,C:C,N:N,N:N,N:N,T:T,N:N,N:N,N:N,T:T,A:A
ICMX 2010777:5,N:N,T:C,N:N,T:T,G:G,N:N,N:N,N:N,N:N,G:G,T:T,N:N,N:N,N:N,N:N,N:N,N:N,N:N,N:N,G:C,C:C,N:N,N:N,N:N,T:T,N:N,N:N,N:N,T:T,A:A
ICMX 2010777:6,N:N,T:C,N:N,T:T,G:G,N:N,N:N,N:N,N:N,G:G,T:T,N:N,N:N,N:N,N:N,N:N,N:N,N:N,N:N,G:C,C:C,N:N,N:N,N:N,T:T,N:N,N:N,N:N,T:T,A:A
ICMX 2010777:7,N:N,T:C,N:N,T:T,G:G,N:N,N:N,N:N,N:N,G:G,T:T,N:N,N:N,N:N,N:N,N:N,N:N,N:N,N:N,G:C,C:C,N:N,N:N,N:N,T:T,N:N,N:N,N:N,T:T,A:A
ICMX 2010777:8,N:N,T:C,N:N,T:T,G:G,N:N,N:N,N:N,N:N,G:G,T:T,N:N,N:N,N:N,N:N,N:N,N:N,N:N,N:N,G:C,C:C,N:N,N:N,N:N,Uncallable,N:N,N:N,N:N,T:T,A:A
ICMX 2010777:9,N:N,T:C,N:N,T:T,G:G,N:N,N:N,N:N,N:N,G:G,T:T,N:N,N:N,N:N,N:N,N:N,N:N,N:N,N:N,G:C,C:C,N:N,N:N,N:N,T:T,N:N,N:N,N:N,T:T,A:A
ICMX 2010778:1,N:N,T:T,N:N,T:T,G:G,N:N,N:N,N:N,N:N,G:C,T:T,N:N,N:N,N:N,N:N,N:N,N:N,N:N,N:N,G:G,C:C,N:N,N:N,N:N,G:T,N:N,N:N,N:N,T:T,A:A
ICMX 2010778:10,N:N,?,N:N,?,G:G,N:N,N:N,N:N,N:N,?,T:T,N:N,N:N,N:N,N:N,N:N,N:N,N:N,N:N,G:G,C:C,N:N,N:N,N:N,?,N:N,N:N,N:N,T:T,?
ICMX 2010778:11,N:N,T:T,N:N,T:T,G:G,N:N,N:N,N:N,N:N,G:C,T:T,N:N,N:N,N:N,N:N,N:N,N:N,N:N,N:N,G:G,C:C,N:N,N:N,N:N,G:T,N:N,N:N,N:N,T:T,A:A
ICMX 2010778:12,N:N,T:T,N:N,T:T,G:G,N:N,N:N,N:N,N:N,G:C,T:T,N:N,N:N,N:N,N:N,N:N,N:N,N:N,N:N,G:G,C:C,N:N,N:N,N:N,G:T,N:N,N:N,N:N,T:T,A:A
ICMX 2010778:13,N:N,T:T,N:N,T:T,G:G,N:N,N:N,N:N,N:N,G:C,T:T,N:N,N:N,N:N,N:N,N:N,N:N,N:N,N:N,G:G,C:C,N:N,N:N,N:N,G:T,N:N,N:N,N:N,T:T,A:A
ICMX 2010778:2,N:N,T:T,N:N,T:T,G:G,N:N,N:N,N:N,N:N,G:C,T:T,N:N,N:N,N:N,N:N,N:N,N:N,N:N,N:N,G:G,C:C,N:N,N:N,N:N,G:T,N:N,N:N,N:N,T:T,A:A
ICMX 2010778:3,N:N,T:T,N:N,T:T,G:G,N:N,N:N,N:N,N:N,C:C,T:T,N:N,N:N,N:N,N:N,N:N,N:N,N:N,N:N,G:G,T:T,N:N,N:N,N:N,G:G,N:N,N:N,N:N,T:T,A:A
ICMX 2010778:4,N:N,T:T,N:N,T:T,G:G,N:N,N:N,N:N,N:N,G:C,T:T,N:N,N:N,N:N,N:N,N:N,N:N,N:N,N:N,G:G,C:C,N:N,N:N,N:N,G:T,N:N,N:N,N:N,T:T,A:A
ICMX 2010778:5,N:N,T:T,N:N,T:T,G:G,N:N,N:N,N:N,N:N,G:C,T:T,N:N,N:N,N:N,N:N,N:N,N:N,N:N,N:N,G:G,C:C,N:N,N:N,N:N,G:T,N:N,N:N,N:N,T:T,A:A
ICMX 2010778:6,N:N,T:T,N:N,T:T,G:G,N:N,N:N,N:N,N:N,G:C,T:T,N:N,N:N,N:N,N:N,N:N,N:N,N:N,N:N,G:G,C:C,N:N,N:N,N:N,G:T,N:N,N:N,N:N,T:T,A:A
ICMX 2010778:7,N:N,T:T,N:N,T:T,G:G,N:N,N:N,N:N,N:N,C:C,T:T,N:N,N:N,N:N,N:N,N:N,N:N,N:N,N:N,G:G,T:T,N:N,N:N,N:N,T:T,N:N,N:N,N:N,T:T,?
ICMX 2010778:8,N:N,T:T,N:N,T:T,G:G,N:N,N:N,N:N,N:N,G:C,T:T,N:N,N:N,N:N,N:N,N:N,N:N,N:N,N:N,G:G,C:C,N:N,N:N,N:N,G:T,N:N,N:N,N:N,T:T,A:A
ICMX 2010778:9,N:N,T:T,N:N,T:T,G:G,N:N,N:N,N:N,N:N,G:C,T:T,N:N,N:N,N:N,N:N,N:N,N:N,N:N,N:N,G:G,C:C,N:N,N:N,N:N,?,N:N,N:N,N:N,?,?
ICMX 2010779:1,N:N,T:T,N:N,T:T,G:G,N:N,N:N,N:N,N:N,G:C,C:T,N:N,N:N,N:N,N:N,N:N,N:N,N:N,N:N,C:C,C:C,N:N,N:N,N:N,G:T,N:N,N:N,N:N,T:T,G:G
ICMX 2010779:2,N:N,T:T,N:N,T:T,G:G,N:N,N:N,N:N,N:N,G:C,C:T,N:N,N:N,N:N,N:N,N:N,N:N,N:N,N:N,C:C,C:C,N:N,N:N,N:N,G:T,N:N,N:N,N:N,T:T,G:G
ICMX 2010779:3,N:N,T:T,N:N,T:T,G:G,N:N,N:N,N:N,N:N,G:C,C:T,N:N,N:N,N:N,N:N,N:N,N:N,N:N,N:N,C:C,C:C,N:N,N:N,N:N,G:T,N:N,N:N,N:N,T:T,G:G
ICMX 2010779:4,N:N,T:T,N:N,T:T,G:G,N:N,N:N,N:N,N:N,G:C,C:T,N:N,N:N,N:N,N:N,N:N,N:N,N:N,N:N,C:C,C:C,N:N,N:N,N:N,G:T,N:N,N:N,N:N,T:T,G:G
ICMX 2010779:5,N:N,T:T,N:N,T:T,G:G,N:N,N:N,N:N,N:N,G:C,C:T,N:N,N:N,N:N,N:N,N:N,N:N,N:N,N:N,C:C,C:C,N:N,N:N,N:N,G:T,N:N,N:N,N:N,T:T,G:G
ICMX 2010779:6,N:N,T:T,N:N,T:T,G:G,N:N,N:N,N:N,N:N,G:C,C:T,N:N,N:N,N:N,N:N,N:N,N:N,N:N,N:N,C:C,C:C,N:N,N:N,N:N,G:T,N:N,N:N,N:N,T:T,G:G
ICMX 2010779:7,N:N,T:T,N:N,T:T,G:G,N:N,N:N,N:N,N:N,G:C,C:T,N:N,N:N,N:N,N:N,N:N,N:N,N:N,N:N,C:C,C:C,N:N,N:N,N:N,G:T,N:N,N:N,N:N,T:T,G:G
ICMX 2010779:8,N:N,T:T,N:N,T:T,G:G,N:N,N:N,N:N,N:N,G:C,C:T,N:N,N:N,N:N,N:N,N:N,N:N,N:N,N:N,C:C,C:C,N:N,N:N,N:N,G:T,N:N,N:N,N:N,T:T,G:G
ICMX 2010780:1,N:N,T:C,N:N,T:T,A:G,N:N,N:N,N:N,N:N,G:G,T:T,N:N,N:N,N:N,N:N,N:N,N:N,N:N,N:N,G:C,C:C,N:N,N:N,N:N,T:T,N:N,N:N,N:N,T:C,G:G
ICMX 2010780:2,N:N,T:C,N:N,T:T,A:G,N:N,N:N,N:N,N:N,G:G,T:T,N:N,N:N,N:N,N:N,N:N,N:N,N:N,N:N,G:C,C:C,N:N,N:N,N:N,T:T,N:N,N:N,N:N,T:C,G:G
ICMX 2010780:3,N:N,C:C,N:N,T:T,A:A,N:N,N:N,N:N,N:N,G:G,T:T,N:N,N:N,N:N,N:N,N:N,N:N,N:N,N:N,G:G,C:C,N:N,N:N,N:N,T:T,N:N,N:N,N:N,C:C,?
ICMX 2010780:4,N:N,C:C,N:N,T:T,A:A,N:N,N:N,N:N,N:N,G:G,T:T,N:N,N:N,N:N,N:N,N:N,N:N,N:N,N:N,G:G,C:C,N:N,N:N,N:N,T:T,N:N,N:N,N:N,C:C,A:A
ICMX 2010780:5,N:N,T:C,N:N,T:T,A:G,N:N,N:N,N:N,N:N,G:G,T:T,N:N,N:N,N:N,N:N,N:N,N:N,N:N,N:N,G:C,C:C,N:N,N:N,N:N,?,N:N,N:N,N:N,T:C,G:G
ICMX 2010780:6,N:N,T:C,N:N,T:T,A:G,N:N,N:N,N:N,N:N,G:G,T:T,N:N,N:N,N:N,N:N,N:N,N:N,N:N,N:N,G:C,C:C,N:N,N:N,N:N,T:T,N:N,N:N,N:N,T:C,G:G
ICMX 2010780:7,N:N,T:C,N:N,T:T,A:G,N:N,N:N,N:N,N:N,G:G,T:T,N:N,N:N,N:N,N:N,N:N,N:N,N:N,N:N,G:C,C:C,N:N,N:N,N:N,T:T,N:N,N:N,N:N,T:C,G:G
ICMX 2010781:1,N:N,T:C,N:N,A:A,A:G,N:N,N:N,N:N,N:N,G:C,C:T,N:N,N:N,N:N,N:N,N:N,N:N,N:N,N:N,G:C,C:C,N:N,N:N,N:N,T:T,N:N,N:N,N:N,C:C,G:G
ICMX 2010781:10,N:N,T:C,N:N,A:A,A:G,N:N,N:N,N:N,N:N,G:C,C:T,N:N,N:N,N:N,N:N,N:N,N:N,N:N,N:N,G:C,C:C,N:N,N:N,N:N,T:T,N:N,N:N,N:N,C:C,G:G
ICMX 2010781:11,N:N,T:C,N:N,A:A,A:G,N:N,N:N,N:N,N:N,G:C,C:T,N:N,N:N,N:N,N:N,N:N,N:N,N:N,N:N,G:C,C:C,N:N,N:N,N:N,T:T,N:N,N:N,N:N,C:C,G:G
ICMX 2010781:12,N:N,T:C,N:N,A:A,A:G,N:N,N:N,N:N,N:N,G:C,C:T,N:N,N:N,N:N,N:N,N:N,N:N,N:N,N:N,G:C,C:C,N:N,N:N,N:N,T:T,N:N,N:N,N:N,C:C,G:G
ICMX 2010781:13,N:N,T:C,N:N,A:A,A:G,N:N,N:N,N:N,N:N,G:C,C:T,N:N,N:N,N:N,N:N,N:N,N:N,N:N,N:N,G:C,C:C,N:N,N:N,N:N,T:T,N:N,N:N,N:N,C:C,G:G
ICMX 2010781:14,N:N,C:C,N:N,A:A,A:A,N:N,N:N,N:N,N:N,C:C,C:C,N:N,N:N,N:N,N:N,N:N,N:N,N:N,N:N,C:C,C:C,N:N,N:N,N:N,T:T,N:N,N:N,N:N,C:C,G:G
ICMX 2010781:15,N:N,T:C,N:N,A:A,A:G,N:N,N:N,N:N,N:N,G:C,C:T,N:N,N:N,N:N,N:N,N:N,N:N,N:N,N:N,G:C,C:C,N:N,N:N,N:N,T:T,N:N,N:N,N:N,C:C,G:G
ICMX 2010781:2,N:N,C:C,N:N,A:A,A:A,N:N,N:N,N:N,N:N,C:C,C:C,N:N,N:N,N:N,N:N,N:N,N:N,N:N,N:N,C:C,C:C,N:N,N:N,N:N,?,N:N,N:N,N:N,C:C,G:G
ICMX 2010781:3,N:N,C:C,N:N,A:A,A:A,N:N,N:N,N:N,N:N,C:C,C:C,N:N,N:N,N:N,N:N,N:N,N:N,N:N,N:N,C:C,C:C,N:N,N:N,N:N,T:T,N:N,N:N,N:N,C:C,G:G
ICMX 2010781:4,N:N,T:C,N:N,A:A,A:G,N:N,N:N,N:N,N:N,G:C,C:T,N:N,N:N,N:N,N:N,N:N,N:N,N:N,N:N,G:C,C:C,N:N,N:N,N:N,T:T,N:N,N:N,N:N,C:C,G:G
ICMX 2010781:5,N:N,T:C,N:N,A:A,A:G,N:N,N:N,N:N,N:N,G:C,C:T,N:N,N:N,N:N,N:N,N:N,N:N,N:N,N:N,G:C,C:C,N:N,N:N,N:N,T:T,N:N,N:N,N:N,C:C,G:G
ICMX 2010781:6,N:N,T:C,N:N,A:A,A:G,N:N,N:N,N:N,N:N,G:C,C:T,N:N,N:N,N:N,N:N,N:N,N:N,N:N,N:N,G:C,C:C,N:N,N:N,N:N,T:T,N:N,N:N,N:N,C:C,G:G
ICMX 2010781:7,N:N,T:C,N:N,A:A,A:G,N:N,N:N,N:N,N:N,G:C,C:T,N:N,N:N,N:N,N:N,N:N,N:N,N:N,N:N,G:C,C:C,N:N,N:N,N:N,T:T,N:N,N:N,N:N,C:C,G:G
ICMX 2010781:8,N:N,T:C,N:N,A:A,A:G,N:N,N:N,N:N,N:N,G:C,C:T,N:N,N:N,N:N,N:N,N:N,N:N,N:N,N:N,G:C,C:C,N:N,N:N,N:N,T:T,N:N,N:N,N:N,C:C,G:G
ICMX 2010781:9,N:N,T:C,N:N,A:A,A:G,N:N,N:N,N:N,N:N,G:C,C:T,N:N,N:N,N:N,N:N,N:N,N:N,N:N,N:N,G:C,?,N:N,N:N,N:N,?,N:N,N:N,N:N,C:C,G:G
ICMX 2010783:1,N:N,T:C,N:N,T:T,A:G,N:N,N:N,N:N,N:N,C:C,T:T,N:N,N:N,N:N,N:N,N:N,N:N,N:N,N:N,C:C,T:T,N:N,N:N,N:N,G:T,N:N,N:N,N:N,T:T,A:A
ICMX 2010783:10,N:N,T:C,N:N,T:T,A:G,N:N,N:N,N:N,N:N,C:C,T:T,N:N,N:N,N:N,N:N,N:N,N:N,N:N,N:N,C:C,T:T,N:N,N:N,N:N,G:T,N:N,N:N,N:N,T:T,A:A
ICMX 2010783:11,N:N,T:C,N:N,T:T,A:G,N:N,N:N,N:N,N:N,C:C,T:T,N:N,N:N,N:N,N:N,N:N,N:N,N:N,N:N,C:C,T:T,N:N,N:N,N:N,G:T,N:N,N:N,N:N,T:T,A:A
ICMX 2010783:12,N:N,T:C,N:N,T:T,A:G,N:N,N:N,N:N,N:N,C:C,T:T,N:N,N:N,N:N,N:N,N:N,N:N,N:N,N:N,C:C,T:T,N:N,N:N,N:N,G:T,N:N,N:N,N:N,T:T,A:A
ICMX 2010783:13,N:N,T:C,N:N,T:T,A:G,N:N,N:N,N:N,N:N,C:C,T:T,N:N,N:N,N:N,N:N,N:N,N:N,N:N,N:N,C:C,T:T,N:N,N:N,N:N,G:T,N:N,N:N,N:N,T:T,A:A
ICMX 2010783:2,N:N,T:C,N:N,T:T,A:G,N:N,N:N,N:N,N:N,C:C,T:T,N:N,N:N,N:N,N:N,N:N,N:N,N:N,N:N,C:C,C:T,N:N,N:N,N:N,G:T,N:N,N:N,N:N,T:T,A:A
ICMX 2010783:3,N:N,C:C,N:N,T:T,A:A,N:N,N:N,N:N,N:N,C:C,T:T,N:N,N:N,N:N,N:N,N:N,N:N,N:N,N:N,G:G,T:T,N:N,N:N,N:N,G:G,N:N,N:N,N:N,T:T,A:A
ICMX 2010783:4,N:N,T:C,N:N,T:T,A:G,N:N,N:N,N:N,N:N,C:C,T:T,N:N,N:N,N:N,N:N,N:N,N:N,N:N,N:N,C:C,T:T,N:N,N:N,N:N,G:T,N:N,N:N,N:N,T:T,A:A
ICMX 2010783:5,N:N,T:C,N:N,T:T,A:G,N:N,N:N,N:N,N:N,C:C,T:T,N:N,N:N,N:N,N:N,N:N,N:N,N:N,N:N,C:C,T:T,N:N,N:N,N:N,G:T,N:N,N:N,N:N,T:T,A:A
ICMX 2010783:6,N:N,T:C,N:N,T:T,A:G,N:N,N:N,N:N,N:N,C:C,T:T,N:N,N:N,N:N,N:N,N:N,N:N,N:N,N:N,C:C,T:T,N:N,N:N,N:N,G:T,N:N,N:N,N:N,T:T,A:A
ICMX 2010783:7,N:N,T:C,N:N,T:T,A:G,N:N,N:N,N:N,N:N,C:C,T:T,N:N,N:N,N:N,N:N,N:N,N:N,N:N,N:N,G:G,T:T,N:N,N:N,N:N,G:T,N:N,N:N,N:N,T:T,A:A
ICMX 2010783:8,N:N,T:C,N:N,T:T,A:G,N:N,N:N,N:N,N:N,C:C,T:T,N:N,N:N,N:N,N:N,N:N,N:N,N:N,N:N,C:C,T:T,N:N,N:N,N:N,G:T,N:N,N:N,N:N,T:T,A:A
ICMX 2010783:9,N:N,T:C,N:N,T:T,A:G,N:N,N:N,N:N,N:N,C:C,T:T,N:N,N:N,N:N,N:N,N:N,N:N,N:N,N:N,C:C,T:T,N:N,N:N,N:N,G:T,N:N,N:N,N:N,T:T,A:A
ICMX 2010784:1,N:N,T:C,N:N,A:T,G:G,N:N,N:N,N:N,N:N,C:C,C:C,N:N,N:N,N:N,N:N,N:N,N:N,N:N,N:N,C:C,C:C,N:N,N:N,N:N,G:T,N:N,N:N,N:N,T:C,G:G
ICMX 2010784:10,N:N,T:C,N:N,A:T,G:G,N:N,N:N,N:N,N:N,C:C,C:C,N:N,N:N,N:N,N:N,N:N,N:N,N:N,N:N,C:C,C:C,N:N,N:N,N:N,G:T,N:N,N:N,N:N,T:C,G:G
ICMX 2010784:11,N:N,T:C,N:N,A:T,G:G,N:N,N:N,N:N,N:N,C:C,C:C,N:N,N:N,N:N,N:N,N:N,N:N,N:N,N:N,C:C,C:C,N:N,N:N,N:N,G:T,N:N,N:N,N:N,T:C,G:G
ICMX 2010784:12,N:N,T:C,N:N,A:T,G:G,N:N,N:N,N:N,N:N,C:C,C:C,N:N,N:N,N:N,N:N,N:N,N:N,N:N,N:N,C:C,C:C,N:N,N:N,N:N,G:T,N:N,N:N,N:N,T:C,G:G
ICMX 2010784:13,N:N,T:C,N:N,A:T,G:G,N:N,N:N,N:N,N:N,C:C,C:C,N:N,N:N,N:N,N:N,N:N,N:N,N:N,N:N,C:C,C:C,N:N,N:N,N:N,G:T,N:N,N:N,N:N,T:C,G:G
ICMX 2010784:14,N:N,T:C,N:N,A:T,G:G,N:N,N:N,N:N,N:N,C:C,C:C,N:N,N:N,N:N,N:N,N:N,N:N,N:N,N:N,C:C,C:C,N:N,N:N,N:N,G:T,N:N,N:N,N:N,T:C,G:G
ICMX 2010784:15,N:N,T:C,N:N,A:T,G:G,N:N,N:N,N:N,N:N,C:C,C:C,N:N,N:N,N:N,N:N,N:N,N:N,N:N,N:N,C:C,C:C,N:N,N:N,N:N,G:T,N:N,N:N,N:N,T:C,G:G
ICMX 2010784:2,N:N,T:C,N:N,A:T,G:G,N:N,N:N,N:N,N:N,C:C,C:C,N:N,N:N,N:N,N:N,N:N,N:N,N:N,N:N,C:C,C:C,N:N,N:N,N:N,G:T,N:N,N:N,N:N,T:C,G:G
ICMX 2010784:3,N:N,T:C,N:N,A:T,G:G,N:N,N:N,N:N,N:N,C:C,C:C,N:N,N:N,N:N,N:N,N:N,N:N,N:N,N:N,C:C,C:C,N:N,N:N,N:N,G:T,N:N,N:N,N:N,T:C,G:G
ICMX 2010784:4,N:N,T:C,N:N,A:T,G:G,N:N,N:N,N:N,N:N,C:C,C:C,N:N,N:N,N:N,N:N,N:N,N:N,N:N,N:N,C:C,C:C,N:N,N:N,N:N,G:T,N:N,N:N,N:N,T:C,G:G
ICMX 2010784:5,N:N,T:C,N:N,A:T,G:G,N:N,N:N,N:N,N:N,C:C,Uncallable,N:N,N:N,N:N,N:N,N:N,N:N,N:N,N:N,C:C,C:C,N:N,N:N,N:N,G:T,N:N,N:N,N:N,T:C,G:G
ICMX 2010784:6,N:N,T:C,N:N,A:T,G:G,N:N,N:N,N:N,N:N,C:C,C:C,N:N,N:N,N:N,N:N,N:N,N:N,N:N,N:N,C:C,C:C,N:N,N:N,N:N,G:T,N:N,N:N,N:N,T:C,G:G
ICMX 2010784:7,N:N,T:C,N:N,A:T,G:G,N:N,N:N,N:N,N:N,C:C,C:C,N:N,N:N,N:N,N:N,N:N,N:N,N:N,N:N,C:C,C:C,N:N,N:N,N:N,G:T,N:N,N:N,N:N,T:C,G:G
ICMX 2010784:8,N:N,T:C,N:N,A:T,G:G,N:N,N:N,N:N,N:N,C:C,C:C,N:N,N:N,N:N,N:N,N:N,N:N,N:N,N:N,C:C,C:C,N:N,N:N,N:N,G:T,N:N,N:N,N:N,T:C,G:G
ICMX 2010784:9,N:N,T:C,N:N,A:T,G:G,N:N,N:N,N:N,N:N,C:C,C:C,N:N,N:N,N:N,N:N,N:N,N:N,N:N,N:N,C:C,C:C,N:N,N:N,N:N,G:G,N:N,N:N,N:N,C:C,?
ICMX 2010785:1,N:N,C:C,N:N,A:T,G:G,N:N,N:N,N:N,N:N,C:C,C:T,N:N,N:N,N:N,N:N,N:N,N:N,N:N,N:N,G:C,T:T,N:N,N:N,N:N,T:T,N:N,N:N,N:N,T:C,A:G
ICMX 2010785:10,N:N,C:C,N:N,A:T,G:G,N:N,N:N,N:N,N:N,C:C,T:T,N:N,N:N,N:N,N:N,N:N,N:N,N:N,N:N,G:C,C:T,N:N,N:N,N:N,T:T,N:N,N:N,N:N,T:C,A:G
ICMX 2010785:2,N:N,C:C,N:N,A:T,G:G,N:N,N:N,N:N,N:N,C:C,C:T,N:N,N:N,N:N,N:N,N:N,N:N,N:N,N:N,G:C,T:T,N:N,N:N,N:N,T:T,N:N,N:N,N:N,T:C,A:G
ICMX 2010785:3,N:N,C:C,N:N,A:T,G:G,N:N,N:N,N:N,N:N,C:C,T:T,N:N,N:N,N:N,N:N,N:N,N:N,N:N,N:N,G:C,T:T,N:N,N:N,N:N,T:T,N:N,N:N,N:N,T:C,A:G
ICMX 2010785:4,N:N,C:C,N:N,A:T,G:G,N:N,N:N,N:N,N:N,C:C,T:T,N:N,N:N,N:N,N:N,N:N,N:N,N:N,N:N,G:C,Uncallable,N:N,N:N,N:N,T:T,N:N,N:N,N:N,T:C,A:G
ICMX 2010785:5,N:N,C:C,N:N,A:T,G:G,N:N,N:N,N:N,N:N,C:C,C:T,N:N,N:N,N:N,N:N,N:N,N:N,N:N,N:N,G:C,T:T,N:N,N:N,N:N,T:T,N:N,N:N,N:N,T:C,A:G
ICMX 2010785:6,N:N,C:C,N:N,A:T,G:G,N:N,N:N,N:N,N:N,C:C,C:T,N:N,N:N,N:N,N:N,N:N,N:N,N:N,N:N,G:C,C:T,N:N,N:N,N:N,T:T,N:N,N:N,N:N,T:C,Uncallable
ICMX 2010785:7,N:N,C:C,N:N,A:T,G:G,N:N,N:N,N:N,N:N,C:C,C:T,N:N,N:N,N:N,N:N,N:N,N:N,N:N,N:N,G:C,T:T,N:N,N:N,N:N,T:T,N:N,N:N,N:N,T:C,?
ICMX 2010785:8,N:N,C:C,N:N,A:T,G:G,N:N,N:N,N:N,N:N,C:C,T:T,N:N,N:N,N:N,N:N,N:N,N:N,N:N,N:N,G:C,C:T,N:N,N:N,N:N,T:T,N:N,N:N,N:N,T:C,A:G
ICMX 2010785:9,N:N,C:C,N:N,A:T,G:G,N:N,N:N,N:N,N:N,C:C,C:T,N:N,N:N,N:N,N:N,N:N,N:N,N:N,N:N,G:C,T:T,N:N,N:N,N:N,T:T,N:N,N:N,N:N,T:C,A:G
ICMX 2010786:1,N:N,C:C,N:N,T:T,A:G,N:N,N:N,N:N,N:N,C:C,Uncallable,N:N,N:N,N:N,N:N,N:N,N:N,N:N,N:N,C:C,C:C,N:N,N:N,N:N,G:G,N:N,N:N,N:N,C:C,G:G
ICMX 2010786:10,N:N,C:C,N:N,T:T,A:A,N:N,N:N,N:N,N:N,C:C,C:C,N:N,N:N,N:N,N:N,N:N,N:N,N:N,N:N,C:C,C:C,N:N,N:N,N:N,?,N:N,N:N,N:N,C:C,G:G
ICMX 2010786:11,N:N,C:C,N:N,T:T,A:A,N:N,N:N,N:N,N:N,C:C,C:C,N:N,N:N,N:N,N:N,N:N,N:N,N:N,N:N,C:C,C:C,N:N,N:N,N:N,G:G,N:N,N:N,N:N,C:C,G:G
ICMX 2010786:12,N:N,T:C,N:N,A:T,A:G,N:N,N:N,N:N,N:N,C:C,C:T,N:N,N:N,N:N,N:N,N:N,N:N,N:N,N:N,C:C,C:C,N:N,N:N,N:N,?,N:N,N:N,N:N,C:C,G:G
ICMX 2010786:13,N:N,C:C,N:N,T:T,A:A,N:N,N:N,N:N,N:N,C:C,C:C,N:N,N:N,N:N,N:N,N:N,N:N,N:N,N:N,C:C,C:C,N:N,N:N,N:N,G:G,N:N,N:N,N:N,C:C,G:G
ICMX 2010786:14,N:N,C:C,N:N,T:T,A:A,N:N,N:N,N:N,N:N,C:C,C:C,N:N,N:N,N:N,N:N,N:N,N:N,N:N,N:N,C:C,C:C,N:N,N:N,N:N,G:G,N:N,N:N,N:N,C:C,G:G
ICMX 2010786:2,N:N,C:C,N:N,T:T,A:A,N:N,N:N,N:N,N:N,C:C,C:C,N:N,N:N,N:N,N:N,N:N,N:N,N:N,N:N,C:C,C:C,N:N,N:N,N:N,G:G,N:N,N:N,N:N,C:C,G:G
ICMX 2010786:3,N:N,C:C,N:N,T:T,A:A,N:N,N:N,N:N,N:N,C:C,C:C,N:N,N:N,N:N,N:N,N:N,N:N,N:N,N:N,C:C,C:C,N:N,N:N,N:N,G:G,N:N,N:N,N:N,C:C,G:G
ICMX 2010786:4,N:N,C:C,N:N,T:T,A:A,N:N,N:N,N:N,N:N,C:C,C:C,N:N,N:N,N:N,N:N,N:N,N:N,N:N,N:N,C:C,C:C,N:N,N:N,N:N,G:T,N:N,N:N,N:N,C:C,G:G
ICMX 2010786:5,N:N,T:C,N:N,A:T,A:G,N:N,N:N,N:N,N:N,C:C,C:T,N:N,N:N,N:N,N:N,N:N,N:N,N:N,N:N,C:C,C:C,N:N,N:N,N:N,G:G,N:N,N:N,N:N,C:C,G:G
ICMX 2010786:6,N:N,T:C,N:N,A:T,A:G,N:N,N:N,N:N,N:N,C:C,C:T,N:N,N:N,N:N,N:N,N:N,N:N,N:N,N:N,C:C,C:C,N:N,N:N,N:N,G:G,N:N,N:N,N:N,C:C,G:G
ICMX 2010786:7,N:N,C:C,N:N,T:T,A:A,N:N,N:N,N:N,N:N,C:C,C:C,N:N,N:N,N:N,N:N,N:N,N:N,N:N,N:N,C:C,C:C,N:N,N:N,N:N,G:G,N:N,N:N,N:N,C:C,G:G
ICMX 2010786:8,N:N,C:C,N:N,T:T,A:A,N:N,N:N,N:N,N:N,C:C,C:C,N:N,N:N,N:N,N:N,N:N,N:N,N:N,N:N,C:C,C:C,N:N,N:N,N:N,G:G,N:N,N:N,N:N,C:C,G:G
ICMX 2010786:9,N:N,C:C,N:N,T:T,A:A,N:N,N:N,N:N,N:N,C:C,C:C,N:N,N:N,N:N,N:N,N:N,N:N,N:N,N:N,C:C,C:C,N:N,N:N,N:N,G:G,N:N,N:N,N:N,C:C,?
ICMX 2010787:1,N:N,T:C,N:N,A:A,A:G,N:N,N:N,N:N,N:N,G:C,C:T,N:N,N:N,N:N,N:N,N:N,N:N,N:N,N:N,C:C,C:C,N:N,N:N,N:N,T:T,N:N,N:N,N:N,T:C,G:G
ICMX 2010787:2,N:N,T:C,N:N,A:A,A:G,N:N,N:N,N:N,N:N,G:C,C:T,N:N,N:N,N:N,N:N,N:N,N:N,N:N,N:N,C:C,C:C,N:N,N:N,N:N,T:T,N:N,N:N,N:N,T:C,G:G
ICMX 2010787:3,N:N,T:C,N:N,A:A,A:G,N:N,N:N,N:N,N:N,G:C,C:T,N:N,N:N,N:N,N:N,N:N,N:N,N:N,N:N,C:C,C:C,N:N,N:N,N:N,T:T,N:N,N:N,N:N,T:C,G:G
ICMX 2010787:4,N:N,T:C,N:N,A:A,A:G,N:N,N:N,N:N,N:N,G:C,C:T,N:N,N:N,N:N,N:N,N:N,N:N,N:N,N:N,C:C,C:C,N:N,N:N,N:N,T:T,N:N,N:N,N:N,T:C,G:G
ICMX 2010787:5,N:N,T:C,N:N,A:A,A:G,N:N,N:N,N:N,N:N,G:C,C:T,N:N,N:N,N:N,N:N,N:N,N:N,N:N,N:N,C:C,C:C,N:N,N:N,N:N,T:T,N:N,N:N,N:N,C:C,A:A
ICMX 2010788:1,N:N,C:C,N:N,T:T,A:A,N:N,N:N,N:N,N:N,G:G,T:T,N:N,N:N,N:N,N:N,N:N,N:N,N:N,N:N,G:G,C:C,N:N,N:N,N:N,T:T,N:N,N:N,N:N,C:C,G:G
ICMX 2010788:2,N:N,C:C,N:N,T:T,A:A,N:N,N:N,N:N,N:N,G:G,T:T,N:N,N:N,N:N,N:N,N:N,N:N,N:N,N:N,G:G,C:C,N:N,N:N,N:N,T:T,N:N,N:N,N:N,C:C,?
ICMX 2010788:3,N:N,C:C,N:N,T:T,A:A,N:N,N:N,N:N,N:N,G:G,T:T,N:N,N:N,N:N,N:N,N:N,N:N,N:N,N:N,G:G,C:C,N:N,N:N,N:N,T:T,N:N,N:N,N:N,C:C,?
ICMX 2010788:4,N:N,C:C,N:N,T:T,A:A,N:N,N:N,N:N,N:N,G:G,T:T,N:N,N:N,N:N,N:N,N:N,N:N,N:N,N:N,G:G,C:C,N:N,N:N,N:N,T:T,N:N,N:N,N:N,C:C,A:A
ICMX 2010788:5,N:N,C:C,N:N,T:T,A:A,N:N,N:N,N:N,N:N,G:G,T:T,N:N,N:N,N:N,N:N,N:N,N:N,N:N,N:N,G:G,C:C,N:N,N:N,N:N,T:T,N:N,N:N,N:N,C:C,?
ICMX 2010788:6,N:N,T:C,N:N,A:T,A:G,N:N,N:N,N:N,N:N,G:G,T:T,N:N,N:N,N:N,N:N,N:N,N:N,N:N,N:N,G:C,C:C,N:N,N:N,N:N,T:T,N:N,N:N,N:N,T:C,A:A
ICMX 2010788:7,N:N,C:C,N:N,T:T,A:A,N:N,N:N,N:N,N:N,G:G,T:T,N:N,N:N,N:N,N:N,N:N,N:N,N:N,N:N,G:G,C:C,N:N,N:N,N:N,T:T,N:N,N:N,N:N,C:C,?
ICMX 2010788:8,N:N,C:C,N:N,T:T,A:A,N:N,N:N,N:N,N:N,G:G,T:T,N:N,N:N,N:N,N:N,N:N,N:N,N:N,N:N,G:G,C:C,N:N,N:N,N:N,T:T,N:N,N:N,N:N,C:C,?
ICMX 2010789:1,N:N,T:T,N:N,A:T,G:G,N:N,N:N,N:N,N:N,G:C,C:T,N:N,N:N,N:N,N:N,N:N,N:N,N:N,N:N,C:C,C:C,N:N,N:N,N:N,G:T,N:N,N:N,N:N,T:T,G:G
ICMX 2010789:10,N:N,T:T,N:N,A:T,G:G,N:N,N:N,N:N,N:N,G:C,C:T,N:N,N:N,N:N,N:N,N:N,N:N,N:N,N:N,C:C,C:C,N:N,N:N,N:N,G:T,N:N,N:N,N:N,T:T,G:G
ICMX 2010789:11,N:N,T:T,N:N,T:T,G:G,N:N,N:N,N:N,N:N,C:C,C:C,N:N,N:N,N:N,N:N,N:N,N:N,N:N,N:N,C:C,C:C,N:N,N:N,N:N,G:G,N:N,N:N,N:N,T:T,G:G
ICMX 2010789:12,N:N,T:T,N:N,A:T,G:G,N:N,N:N,N:N,N:N,G:C,C:T,N:N,N:N,N:N,N:N,N:N,N:N,N:N,N:N,C:C,C:C,N:N,N:N,N:N,G:T,N:N,N:N,N:N,T:T,G:G
ICMX 2010789:2,N:N,T:T,N:N,A:T,G:G,N:N,N:N,N:N,N:N,G:C,C:T,N:N,N:N,N:N,N:N,N:N,N:N,N:N,N:N,C:C,C:C,N:N,N:N,N:N,G:T,N:N,N:N,N:N,T:T,G:G
ICMX 2010789:3,N:N,T:T,N:N,A:T,G:G,N:N,N:N,N:N,N:N,G:C,C:T,N:N,N:N,N:N,N:N,N:N,N:N,N:N,N:N,C:C,C:C,N:N,N:N,N:N,G:T,N:N,N:N,N:N,T:T,G:G
ICMX 2010789:4,N:N,T:T,N:N,A:T,G:G,N:N,N:N,N:N,N:N,G:C,C:T,N:N,N:N,N:N,N:N,N:N,N:N,N:N,N:N,C:C,C:C,N:N,N:N,N:N,G:T,N:N,N:N,N:N,T:T,G:G
ICMX 2010789:5,N:N,T:T,N:N,A:T,G:G,N:N,N:N,N:N,N:N,G:C,C:T,N:N,N:N,N:N,N:N,N:N,N:N,N:N,N:N,C:C,C:C,N:N,N:N,N:N,G:T,N:N,N:N,N:N,T:T,G:G
ICMX 2010789:6,N:N,T:T,N:N,A:T,G:G,N:N,N:N,N:N,N:N,G:C,C:T,N:N,N:N,N:N,N:N,N:N,N:N,N:N,N:N,C:C,C:C,N:N,N:N,N:N,G:T,N:N,N:N,N:N,T:T,G:G
ICMX 2010789:7,N:N,T:T,N:N,A:T,G:G,N:N,N:N,N:N,N:N,G:C,C:T,N:N,N:N,N:N,N:N,N:N,N:N,N:N,N:N,C:C,C:C,N:N,N:N,N:N,G:T,N:N,N:N,N:N,T:T,G:G
ICMX 2010789:8,N:N,T:T,N:N,A:T,G:G,N:N,N:N,N:N,N:N,G:C,C:T,N:N,N:N,N:N,N:N,N:N,N:N,N:N,N:N,C:C,C:C,N:N,N:N,N:N,G:T,N:N,N:N,N:N,T:T,G:G
ICMX 2010789:9,N:N,T:T,N:N,A:T,G:G,N:N,N:N,N:N,N:N,G:C,C:T,N:N,N:N,N:N,N:N,N:N,N:N,N:N,N:N,C:C,C:C,N:N,N:N,N:N,G:T,N:N,N:N,N:N,T:T,G:G
ICMX 2010790:1,N:N,C:C,N:N,A:T,A:G,N:N,N:N,N:N,N:N,C:C,C:T,N:N,N:N,N:N,N:N,N:N,N:N,N:N,N:N,C:C,C:C,N:N,N:N,N:N,T:T,N:N,N:N,N:N,C:C,A:A
ICMX 2010790:2,N:N,C:C,N:N,A:T,A:G,N:N,N:N,N:N,N:N,C:C,C:T,N:N,N:N,N:N,N:N,N:N,N:N,N:N,N:N,C:C,C:C,N:N,N:N,N:N,T:T,N:N,N:N,N:N,T:C,G:G
ICMX 2010790:3,N:N,C:C,N:N,A:T,A:G,N:N,N:N,N:N,N:N,C:C,C:T,N:N,N:N,N:N,N:N,N:N,N:N,N:N,N:N,C:C,C:C,N:N,N:N,N:N,T:T,N:N,N:N,N:N,C:C,G:G
ICMX 2010790:4,N:N,C:C,N:N,A:T,A:G,N:N,N:N,N:N,N:N,C:C,C:T,N:N,N:N,N:N,N:N,N:N,N:N,N:N,N:N,C:C,C:C,N:N,N:N,N:N,T:T,N:N,N:N,N:N,T:C,G:G
ICMX 2010790:5,N:N,C:C,N:N,A:A,A:A,N:N,N:N,N:N,N:N,C:C,C:C,N:N,N:N,N:N,N:N,N:N,N:N,N:N,N:N,C:C,C:C,N:N,N:N,N:N,T:T,N:N,N:N,N:N,?,?
ICMX 2010790:6,N:N,C:C,N:N,A:T,A:G,N:N,N:N,N:N,N:N,C:C,C:T,N:N,N:N,N:N,N:N,N:N,N:N,N:N,N:N,C:C,C:C,N:N,N:N,N:N,T:T,N:N,N:N,N:N,T:C,G:G
ICMX 2010790:7,N:N,C:C,N:N,A:T,A:G,N:N,N:N,N:N,N:N,C:C,C:T,N:N,N:N,N:N,N:N,N:N,N:N,N:N,N:N,C:C,C:C,N:N,N:N,N:N,T:T,N:N,N:N,N:N,?,A:A
ICMX 2010791:1,N:N,C:C,N:N,T:T,A:G,N:N,N:N,N:N,N:N,G:C,T:T,N:N,N:N,N:N,N:N,N:N,N:N,N:N,N:N,G:C,C:C,N:N,N:N,N:N,T:T,N:N,N:N,N:N,C:C,A:A
ICMX 2010791:10,N:N,C:C,N:N,T:T,A:G,N:N,N:N,N:N,N:N,G:C,Uncallable,N:N,N:N,N:N,N:N,N:N,N:N,N:N,N:N,G:C,C:C,N:N,N:N,N:N,T:T,N:N,N:N,N:N,T:C,A:A
ICMX 2010791:2,N:N,C:C,N:N,T:T,A:A,N:N,N:N,N:N,N:N,G:G,T:T,N:N,N:N,N:N,N:N,N:N,N:N,N:N,N:N,G:G,C:C,N:N,N:N,N:N,T:T,N:N,N:N,N:N,C:C,A:A
ICMX 2010791:3,N:N,C:C,N:N,T:T,A:A,N:N,N:N,N:N,N:N,G:G,T:T,N:N,N:N,N:N,N:N,N:N,N:N,N:N,N:N,G:G,C:C,N:N,N:N,N:N,T:T,N:N,N:N,N:N,C:C,?
ICMX 2010791:4,N:N,C:C,N:N,T:T,A:A,N:N,N:N,N:N,N:N,G:G,T:T,N:N,N:N,N:N,N:N,N:N,N:N,N:N,N:N,G:G,C:C,N:N,N:N,N:N,T:T,N:N,N:N,N:N,C:C,A:A
ICMX 2010791:5,N:N,C:C,N:N,T:T,A:A,N:N,N:N,N:N,N:N,G:G,T:T,N:N,N:N,N:N,N:N,N:N,N:N,N:N,N:N,G:G,C:C,N:N,N:N,N:N,T:T,N:N,N:N,N:N,C:C,?
ICMX 2010791:6,N:N,C:C,N:N,T:T,A:A,N:N,N:N,N:N,N:N,G:G,T:T,N:N,N:N,N:N,N:N,N:N,N:N,N:N,N:N,G:G,C:C,N:N,N:N,N:N,T:T,N:N,N:N,N:N,C:C,A:A
ICMX 2010791:7,N:N,C:C,N:N,T:T,A:A,N:N,N:N,N:N,N:N,G:G,T:T,N:N,N:N,N:N,N:N,N:N,N:N,N:N,N:N,G:G,C:C,N:N,N:N,N:N,T:T,N:N,N:N,N:N,C:C,?
ICMX 2010791:8,N:N,C:C,N:N,T:T,A:A,N:N,N:N,N:N,N:N,G:G,T:T,N:N,N:N,N:N,N:N,N:N,N:N,N:N,N:N,G:G,C:C,N:N,N:N,N:N,T:T,N:N,N:N,N:N,C:C,?
ICMX 2010791:9,N:N,C:C,N:N,T:T,A:G,N:N,N:N,N:N,N:N,G:C,T:T,N:N,N:N,N:N,N:N,N:N,N:N,N:N,N:N,G:C,C:C,N:N,N:N,N:N,T:T,N:N,N:N,N:N,T:C,A:A
ICMX 2010792:1,N:N,C:C,N:N,T:T,A:G,N:N,N:N,N:N,N:N,C:C,T:T,N:N,N:N,N:N,N:N,N:N,N:N,N:N,N:N,C:C,C:C,N:N,N:N,N:N,G:T,N:N,N:N,N:N,T:T,A:A
ICMX 2010792:2,N:N,C:C,N:N,T:T,A:G,N:N,N:N,N:N,N:N,C:C,T:T,N:N,N:N,N:N,N:N,N:N,N:N,N:N,N:N,C:C,C:C,N:N,N:N,N:N,G:T,N:N,N:N,N:N,T:T,A:A
ICMX 2010792:3,N:N,C:C,N:N,T:T,A:G,N:N,N:N,N:N,N:N,C:C,T:T,N:N,N:N,N:N,N:N,N:N,N:N,N:N,N:N,C:C,C:C,N:N,N:N,N:N,G:T,N:N,N:N,N:N,T:T,A:A
ICMX 2010792:4,N:N,C:C,N:N,T:T,A:G,N:N,N:N,N:N,N:N,C:C,T:T,N:N,N:N,N:N,N:N,N:N,N:N,N:N,N:N,C:C,C:C,N:N,N:N,N:N,G:T,N:N,N:N,N:N,T:T,A:A
ICMX 2010792:5,N:N,C:C,N:N,T:T,A:G,N:N,N:N,N:N,N:N,C:C,T:T,N:N,N:N,N:N,N:N,N:N,N:N,N:N,N:N,C:C,C:C,N:N,N:N,N:N,G:T,N:N,N:N,N:N,T:T,A:A
ICMX 2010792:6,N:N,C:C,N:N,T:T,A:G,N:N,N:N,N:N,N:N,C:C,T:T,N:N,N:N,N:N,N:N,N:N,N:N,N:N,N:N,C:C,C:C,N:N,N:N,N:N,G:T,N:N,N:N,N:N,T:T,A:A
ICMX 2010792:7,N:N,C:C,N:N,T:T,A:G,N:N,N:N,N:N,N:N,C:C,T:T,N:N,N:N,N:N,N:N,N:N,N:N,N:N,N:N,C:C,C:C,N:N,N:N,N:N,G:T,N:N,N:N,N:N,T:T,G:G
ICMX 2010792:8,N:N,C:C,N:N,T:T,A:G,N:N,N:N,N:N,N:N,C:C,T:T,N:N,N:N,N:N,N:N,N:N,N:N,N:N,N:N,C:C,C:C,N:N,N:N,N:N,G:T,N:N,N:N,N:N,T:T,A:A
ICMX 2010792:9,N:N,C:C,N:N,T:T,A:G,N:N,N:N,N:N,N:N,?,T:T,N:N,N:N,N:N,N:N,N:N,N:N,N:N,N:N,C:C,?,N:N,N:N,N:N,T:T,N:N,N:N,N:N,?,?
ICMX 2010793:1,N:N,C:C,N:N,T:T,A:G,N:N,N:N,N:N,N:N,C:C,C:T,N:N,N:N,N:N,N:N,N:N,N:N,N:N,N:N,C:C,C:C,N:N,N:N,N:N,G:T,N:N,N:N,N:N,T:C,A:G
ICMX 2010793:10,N:N,?,N:N,?,?,N:N,N:N,N:N,N:N,?,?,N:N,N:N,N:N,N:N,N:N,N:N,N:N,N:N,?,?,N:N,N:N,N:N,?,N:N,N:N,N:N,?,?
ICMX 2010793:11,N:N,C:C,N:N,T:T,A:G,N:N,N:N,N:N,N:N,C:C,C:T,N:N,N:N,N:N,N:N,N:N,N:N,N:N,N:N,C:C,C:C,N:N,N:N,N:N,G:T,N:N,N:N,N:N,T:C,G:G
ICMX 2010793:2,N:N,C:C,N:N,T:T,A:G,N:N,N:N,N:N,N:N,C:C,C:T,N:N,N:N,N:N,N:N,N:N,N:N,N:N,N:N,C:C,C:C,N:N,N:N,N:N,G:T,N:N,N:N,N:N,T:C,G:G
ICMX 2010793:3,N:N,C:C,N:N,T:T,A:G,N:N,N:N,N:N,N:N,C:C,C:T,N:N,N:N,N:N,N:N,N:N,N:N,N:N,N:N,C:C,C:C,N:N,N:N,N:N,G:T,N:N,N:N,N:N,T:C,G:G
ICMX 2010793:4,N:N,C:C,N:N,T:T,A:G,N:N,N:N,N:N,N:N,C:C,C:T,N:N,N:N,N:N,N:N,N:N,N:N,N:N,N:N,C:C,C:C,N:N,N:N,N:N,G:T,N:N,N:N,N:N,T:C,G:G
ICMX 2010793:5,N:N,C:C,N:N,T:T,A:G,N:N,N:N,N:N,N:N,C:C,C:T,N:N,N:N,N:N,N:N,N:N,N:N,N:N,N:N,C:C,C:C,N:N,N:N,N:N,G:T,N:N,N:N,N:N,T:C,G:G
ICMX 2010793:6,N:N,C:C,N:N,T:T,A:G,N:N,N:N,N:N,N:N,C:C,C:T,N:N,N:N,N:N,N:N,N:N,N:N,N:N,N:N,C:C,C:C,N:N,N:N,N:N,G:T,N:N,N:N,N:N,T:C,G:G
ICMX 2010793:7,N:N,C:C,N:N,T:T,A:G,N:N,N:N,N:N,N:N,C:C,C:T,N:N,N:N,N:N,N:N,N:N,N:N,N:N,N:N,C:C,C:C,N:N,N:N,N:N,G:T,N:N,N:N,N:N,T:C,G:G
ICMX 2010793:8,N:N,C:C,N:N,T:T,A:G,N:N,N:N,N:N,N:N,C:C,C:T,N:N,N:N,N:N,N:N,N:N,N:N,N:N,N:N,C:C,C:C,N:N,N:N,N:N,G:T,N:N,N:N,N:N,T:C,G:G
ICMX 2010793:9,N:N,C:C,N:N,T:T,A:G,N:N,N:N,N:N,N:N,C:C,C:T,N:N,N:N,N:N,N:N,N:N,N:N,N:N,N:N,C:C,C:C,N:N,N:N,N:N,?,N:N,N:N,N:N,C:C,?
ICMX 2010794:1,N:N,T:C,N:N,T:T,A:G,N:N,N:N,N:N,N:N,G:C,T:T,N:N,N:N,N:N,N:N,N:N,N:N,N:N,N:N,C:C,C:C,N:N,N:N,N:N,T:T,N:N,N:N,N:N,T:C,A:A
ICMX 2010794:2,N:N,T:C,N:N,T:T,A:G,N:N,N:N,N:N,N:N,G:C,T:T,N:N,N:N,N:N,N:N,N:N,N:N,N:N,N:N,C:C,C:C,N:N,N:N,N:N,T:T,N:N,N:N,N:N,T:C,A:A
ICMX 2010794:3,N:N,T:C,N:N,T:T,A:G,N:N,N:N,N:N,N:N,G:C,T:T,N:N,N:N,N:N,N:N,N:N,N:N,N:N,N:N,C:C,C:C,N:N,N:N,N:N,?,N:N,N:N,N:N,C:C,?
ICMX 2010794:4,N:N,T:C,N:N,T:T,A:G,N:N,N:N,N:N,N:N,G:C,T:T,N:N,N:N,N:N,N:N,N:N,N:N,N:N,N:N,C:C,C:C,N:N,N:N,N:N,T:T,N:N,N:N,N:N,T:T,A:G
ICMX 2010794:5,N:N,T:C,N:N,T:T,A:G,N:N,N:N,N:N,N:N,G:C,T:T,N:N,N:N,N:N,N:N,N:N,N:N,N:N,N:N,C:C,C:C,N:N,N:N,N:N,T:T,N:N,N:N,N:N,T:C,A:A
ICMX 2010794:6,N:N,T:C,N:N,T:T,A:G,N:N,N:N,N:N,N:N,G:C,T:T,N:N,N:N,N:N,N:N,N:N,N:N,N:N,N:N,C:C,C:C,N:N,N:N,N:N,T:T,N:N,N:N,N:N,T:T,A:A
ICMX 2010794:7,N:N,T:C,N:N,T:T,A:G,N:N,N:N,N:N,N:N,G:C,T:T,N:N,N:N,N:N,N:N,N:N,N:N,N:N,N:N,C:C,C:C,N:N,N:N,N:N,T:T,N:N,N:N,N:N,T:T,A:A
ICMX 2010794:8,N:N,T:C,N:N,T:T,A:G,N:N,N:N,N:N,N:N,G:C,T:T,N:N,N:N,N:N,N:N,N:N,N:N,N:N,N:N,C:C,C:C,N:N,N:N,N:N,T:T,N:N,N:N,N:N,Uncallable,A:A
ICMX 2010794:9,N:N,T:C,N:N,T:T,A:G,N:N,N:N,N:N,N:N,G:C,T:T,N:N,N:N,N:N,N:N,N:N,N:N,N:N,N:N,C:C,C:C,N:N,N:N,N:N,T:T,N:N,N:N,N:N,T:T,A:A
ICMX 2010795:1,N:N,C:C,N:N,T:T,A:A,N:N,N:N,N:N,N:N,C:C,T:T,N:N,N:N,N:N,N:N,N:N,N:N,N:N,N:N,?,?,N:N,N:N,N:N,?,N:N,N:N,N:N,T:T,A:A
ICMX 2010795:2,N:N,C:C,N:N,T:T,A:G,N:N,N:N,N:N,N:N,G:C,T:T,N:N,N:N,N:N,N:N,N:N,N:N,N:N,N:N,G:G,T:T,N:N,N:N,N:N,G:T,N:N,N:N,N:N,T:C,G:G
ICMX 2010795:3,N:N,C:C,N:N,T:T,A:G,N:N,N:N,N:N,N:N,G:C,T:T,N:N,N:N,N:N,N:N,N:N,N:N,N:N,N:N,G:G,?,N:N,N:N,N:N,?,N:N,N:N,N:N,C:C,?
ICMX 2010795:4,N:N,C:C,N:N,T:T,A:G,N:N,N:N,N:N,N:N,G:C,T:T,N:N,N:N,N:N,N:N,N:N,N:N,N:N,N:N,?,?,N:N,N:N,N:N,?,N:N,N:N,N:N,T:C,A:A
ICMX 2010795:5,N:N,C:C,N:N,T:T,A:G,N:N,N:N,N:N,N:N,G:C,T:T,N:N,N:N,N:N,N:N,N:N,N:N,N:N,N:N,G:G,T:T,N:N,N:N,N:N,?,N:N,N:N,N:N,C:C,?
ICMX 2010795:6,N:N,C:C,N:N,T:T,A:G,N:N,N:N,N:N,N:N,G:C,T:T,N:N,N:N,N:N,N:N,N:N,N:N,N:N,N:N,G:G,T:T,N:N,N:N,N:N,?,N:N,N:N,N:N,T:C,G:G
ICMX 2010795:7,N:N,C:C,N:N,T:T,A:G,N:N,N:N,N:N,N:N,G:C,T:T,N:N,N:N,N:N,N:N,N:N,N:N,N:N,N:N,G:G,C:C,N:N,N:N,N:N,G:T,N:N,N:N,N:N,T:T,A:A
ICMX 2010795:8,N:N,C:C,N:N,T:T,A:G,N:N,N:N,N:N,N:N,G:C,T:T,N:N,N:N,N:N,N:N,N:N,N:N,N:N,N:N,G:G,T:T,N:N,N:N,N:N,G:T,N:N,N:N,N:N,T:C,G:G
ICMX 2010796:1,N:N,C:C,N:N,T:T,A:G,N:N,N:N,N:N,N:N,G:C,T:T,N:N,N:N,N:N,N:N,N:N,N:N,N:N,N:N,G:G,C:C,N:N,N:N,N:N,T:T,N:N,N:N,N:N,C:C,G:G
ICMX 2010796:10,N:N,C:C,N:N,T:T,A:G,N:N,N:N,N:N,N:N,G:C,T:T,N:N,N:N,N:N,N:N,N:N,N:N,N:N,N:N,G:G,C:C,N:N,N:N,N:N,T:T,N:N,N:N,N:N,T:C,A:A
ICMX 2010796:11,N:N,C:C,N:N,T:T,A:G,N:N,N:N,N:N,N:N,G:G,T:T,N:N,N:N,N:N,N:N,N:N,N:N,N:N,N:N,G:G,C:C,N:N,N:N,N:N,T:T,N:N,N:N,N:N,T:C,A:A
ICMX 2010796:12,N:N,C:C,N:N,T:T,A:G,N:N,N:N,N:N,N:N,G:G,T:T,N:N,N:N,N:N,N:N,N:N,N:N,N:N,N:N,G:G,C:C,N:N,N:N,N:N,?,N:N,N:N,N:N,C:C,G:G
ICMX 2010796:2,N:N,C:C,N:N,T:T,A:A,N:N,N:N,N:N,N:N,G:G,T:T,N:N,N:N,N:N,N:N,N:N,N:N,N:N,N:N,G:G,C:C,N:N,N:N,N:N,T:T,N:N,N:N,N:N,C:C,?
ICMX 2010796:3,N:N,C:C,N:N,T:T,A:A,N:N,N:N,N:N,N:N,G:G,T:T,N:N,N:N,N:N,N:N,N:N,N:N,N:N,N:N,G:G,C:C,N:N,N:N,N:N,T:T,N:N,N:N,N:N,C:C,?
ICMX 2010796:4,N:N,C:C,N:N,T:T,A:G,N:N,N:N,N:N,N:N,G:G,T:T,N:N,N:N,N:N,N:N,N:N,N:N,N:N,N:N,G:G,C:C,N:N,N:N,N:N,T:T,N:N,N:N,N:N,C:C,G:G
ICMX 2010796:5,N:N,C:C,N:N,T:T,A:A,N:N,N:N,N:N,N:N,G:G,T:T,N:N,N:N,N:N,N:N,N:N,N:N,N:N,N:N,G:G,C:C,N:N,N:N,N:N,T:T,N:N,N:N,N:N,C:C,?
ICMX 2010796:6,N:N,C:C,N:N,T:T,A:G,N:N,N:N,N:N,N:N,G:G,T:T,N:N,N:N,N:N,N:N,N:N,N:N,N:N,N:N,G:G,C:C,N:N,N:N,N:N,T:T,N:N,N:N,N:N,C:C,G:G
ICMX 2010796:7,N:N,C:C,N:N,T:T,A:A,N:N,N:N,N:N,N:N,G:G,T:T,N:N,N:N,N:N,N:N,N:N,N:N,N:N,N:N,G:G,C:C,N:N,N:N,N:N,T:T,N:N,N:N,N:N,C:C,A:A
ICMX 2010796:8,N:N,C:C,N:N,T:T,A:G,N:N,N:N,N:N,N:N,G:C,T:T,N:N,N:N,N:N,N:N,N:N,N:N,N:N,N:N,G:G,C:C,N:N,N:N,N:N,T:T,N:N,N:N,N:N,C:C,G:G
ICMX 2010796:9,N:N,C:C,N:N,T:T,A:G,N:N,N:N,N:N,N:N,G:G,T:T,N:N,N:N,N:N,N:N,N:N,N:N,N:N,N:N,G:G,C:C,N:N,N:N,N:N,T:T,N:N,N:N,N:N,C:C,G:G
ICMX 2010797:1,N:N,T:C,N:N,T:T,A:G,N:N,N:N,N:N,N:N,G:C,T:T,N:N,N:N,N:N,N:N,N:N,N:N,N:N,N:N,G:G,C:C,N:N,N:N,N:N,G:T,N:N,N:N,N:N,T:T,A:A
ICMX 2010797:10,N:N,T:C,N:N,T:T,A:G,N:N,N:N,N:N,N:N,G:C,T:T,N:N,N:N,N:N,N:N,N:N,N:N,N:N,N:N,G:G,C:C,N:N,N:N,N:N,G:T,N:N,N:N,N:N,T:T,A:A
ICMX 2010797:11,N:N,T:C,N:N,T:T,A:G,N:N,N:N,N:N,N:N,G:C,T:T,N:N,N:N,N:N,N:N,N:N,N:N,N:N,N:N,G:G,C:C,N:N,N:N,N:N,G:T,N:N,N:N,N:N,T:T,A:A
ICMX 2010797:2,N:N,T:C,N:N,T:T,A:G,N:N,N:N,N:N,N:N,G:C,T:T,N:N,N:N,N:N,N:N,N:N,N:N,N:N,N:N,G:G,C:C,N:N,N:N,N:N,G:T,N:N,N:N,N:N,T:T,A:A
ICMX 2010797:3,N:N,T:C,N:N,T:T,A:G,N:N,N:N,N:N,N:N,G:C,T:T,N:N,N:N,N:N,N:N,N:N,N:N,N:N,N:N,G:G,C:C,N:N,N:N,N:N,T:T,N:N,N:N,N:N,?,A:A
ICMX 2010797:4,N:N,T:C,N:N,T:T,A:G,N:N,N:N,N:N,N:N,G:C,T:T,N:N,N:N,N:N,N:N,N:N,N:N,N:N,N:N,G:G,C:C,N:N,N:N,N:N,G:T,N:N,N:N,N:N,T:T,A:A
ICMX 2010797:5,N:N,T:T,N:N,T:T,G:G,N:N,N:N,N:N,N:N,C:C,T:T,N:N,N:N,N:N,N:N,N:N,N:N,N:N,N:N,G:G,T:T,N:N,N:N,N:N,G:T,N:N,N:N,N:N,T:T,A:A
ICMX 2010797:6,N:N,T:C,N:N,T:T,A:G,N:N,N:N,N:N,N:N,G:C,T:T,N:N,N:N,N:N,N:N,N:N,N:N,N:N,N:N,G:G,C:C,N:N,N:N,N:N,G:T,N:N,N:N,N:N,T:T,A:A
ICMX 2010797:7,N:N,T:C,N:N,T:T,A:G,N:N,N:N,N:N,N:N,G:C,T:T,N:N,N:N,N:N,N:N,N:N,N:N,N:N,N:N,G:G,C:C,N:N,N:N,N:N,G:T,N:N,N:N,N:N,T:T,A:A
ICMX 2010797:8,N:N,T:T,N:N,T:T,G:G,N:N,N:N,N:N,N:N,C:C,T:T,N:N,N:N,N:N,N:N,N:N,N:N,N:N,N:N,G:G,T:T,N:N,N:N,N:N,G:G,N:N,N:N,N:N,T:T,A:A
ICMX 2010797:9,N:N,T:T,N:N,T:T,G:G,N:N,N:N,N:N,N:N,C:C,T:T,N:N,N:N,N:N,N:N,N:N,N:N,N:N,N:N,G:G,T:T,N:N,N:N,N:N,G:G,N:N,N:N,N:N,T:T,A:A
ICMX 2010798:1,N:N,C:C,N:N,T:T,A:A,N:N,N:N,N:N,N:N,G:C,C:T,N:N,N:N,N:N,N:N,N:N,N:N,N:N,N:N,G:C,C:C,N:N,N:N,N:N,?,N:N,N:N,N:N,C:C,A:A
ICMX 2010798:10,N:N,C:C,N:N,T:T,A:A,N:N,N:N,N:N,N:N,G:C,C:T,N:N,N:N,N:N,N:N,N:N,N:N,N:N,N:N,G:C,C:C,N:N,N:N,N:N,G:T,N:N,N:N,N:N,T:C,G:G
ICMX 2010798:11,N:N,C:C,N:N,T:T,A:A,N:N,N:N,N:N,N:N,G:C,C:T,N:N,N:N,N:N,N:N,N:N,N:N,N:N,N:N,G:C,C:C,N:N,N:N,N:N,Uncallable,N:N,N:N,N:N,C:C,?
ICMX 2010798:12,N:N,C:C,N:N,T:T,A:A,N:N,N:N,N:N,N:N,G:C,C:T,N:N,N:N,N:N,N:N,N:N,N:N,N:N,N:N,G:C,C:C,N:N,N:N,N:N,G:T,N:N,N:N,N:N,T:C,G:G
ICMX 2010798:2,N:N,C:C,N:N,T:T,A:A,N:N,N:N,N:N,N:N,G:C,C:T,N:N,N:N,N:N,N:N,N:N,N:N,N:N,N:N,G:C,C:C,N:N,N:N,N:N,G:T,N:N,N:N,N:N,T:C,G:G
ICMX 2010798:3,N:N,C:C,N:N,T:T,A:A,N:N,N:N,N:N,N:N,G:C,C:T,N:N,N:N,N:N,N:N,N:N,N:N,N:N,N:N,G:C,C:C,N:N,N:N,N:N,G:T,N:N,N:N,N:N,T:C,G:G
ICMX 2010798:4,N:N,C:C,N:N,T:T,A:A,N:N,N:N,N:N,N:N,C:C,C:C,N:N,N:N,N:N,N:N,N:N,N:N,N:N,N:N,C:C,C:C,N:N,N:N,N:N,G:G,N:N,N:N,N:N,C:C,G:G
ICMX 2010798:5,N:N,C:C,N:N,T:T,A:A,N:N,N:N,N:N,N:N,G:C,C:T,N:N,N:N,N:N,N:N,N:N,N:N,N:N,N:N,G:C,C:C,N:N,N:N,N:N,G:T,N:N,N:N,N:N,C:C,?
ICMX 2010798:6,N:N,C:C,N:N,T:T,A:A,N:N,N:N,N:N,N:N,G:C,C:T,N:N,N:N,N:N,N:N,N:N,N:N,N:N,N:N,G:C,C:C,N:N,N:N,N:N,G:T,N:N,N:N,N:N,T:C,G:G
ICMX 2010798:7,N:N,C:C,N:N,T:T,A:A,N:N,N:N,N:N,N:N,G:C,C:T,N:N,N:N,N:N,N:N,N:N,N:N,N:N,N:N,G:C,C:C,N:N,N:N,N:N,G:T,N:N,N:N,N:N,T:C,G:G
ICMX 2010798:8,N:N,C:C,N:N,T:T,A:A,N:N,N:N,N:N,N:N,G:C,C:T,N:N,N:N,N:N,N:N,N:N,N:N,N:N,N:N,G:C,C:C,N:N,N:N,N:N,G:T,N:N,N:N,N:N,T:C,G:G
ICMX 2010798:9,N:N,C:C,N:N,T:T,A:A,N:N,N:N,N:N,N:N,C:C,C:C,N:N,N:N,N:N,N:N,N:N,N:N,N:N,N:N,C:C,C:C,N:N,N:N,N:N,G:G,N:N,N:N,N:N,C:C,G:G
ICMX 2010799:1,N:N,T:C,N:N,T:T,A:G,N:N,N:N,N:N,N:N,G:C,C:C,N:N,N:N,N:N,N:N,N:N,N:N,N:N,N:N,C:C,T:T,N:N,N:N,N:N,G:T,N:N,N:N,N:N,T:T,G:G
ICMX 2010799:1-1,N:N,T:C,N:N,T:T,A:G,N:N,N:N,N:N,N:N,G:C,C:C,N:N,N:N,N:N,N:N,N:N,N:N,N:N,N:N,C:C,T:T,N:N,N:N,N:N,G:T,N:N,N:N,N:N,T:T,G:G
ICMX 2010799:10,N:N,T:T,N:N,T:T,G:G,N:N,N:N,N:N,N:N,C:C,C:C,N:N,N:N,N:N,N:N,N:N,N:N,N:N,N:N,C:C,C:T,N:N,N:N,N:N,G:G,N:N,N:N,N:N,T:T,A:A
ICMX 2010799:10-1,N:N,T:T,N:N,T:T,G:G,N:N,N:N,N:N,N:N,C:C,C:C,N:N,N:N,N:N,N:N,N:N,N:N,N:N,N:N,C:C,T:T,N:N,N:N,N:N,G:T,N:N,N:N,N:N,T:T,A:A
ICMX 2010799:11,N:N,T:C,N:N,T:T,A:G,N:N,N:N,N:N,N:N,G:C,C:T,N:N,N:N,N:N,N:N,N:N,N:N,N:N,N:N,C:C,?,N:N,N:N,N:N,?,N:N,N:N,N:N,T:T,G:G
ICMX 2010799:11-1,N:N,T:C,N:N,T:T,A:G,N:N,N:N,N:N,N:N,G:C,C:C,N:N,N:N,N:N,N:N,N:N,N:N,N:N,N:N,C:C,T:T,N:N,N:N,N:N,G:T,N:N,N:N,N:N,T:T,G:G
ICMX 2010799:2,N:N,T:C,N:N,T:T,A:G,N:N,N:N,N:N,N:N,G:C,C:C,N:N,N:N,N:N,N:N,N:N,N:N,N:N,N:N,C:C,T:T,N:N,N:N,N:N,G:T,N:N,N:N,N:N,T:T,G:G
ICMX 2010799:2-1,N:N,T:C,N:N,T:T,A:G,N:N,N:N,N:N,N:N,G:C,C:C,N:N,N:N,N:N,N:N,N:N,N:N,N:N,N:N,C:C,T:T,N:N,N:N,N:N,G:T,N:N,N:N,N:N,T:T,G:G
ICMX 2010799:3,N:N,T:C,N:N,T:T,A:G,N:N,N:N,N:N,N:N,G:C,C:C,N:N,N:N,N:N,N:N,N:N,N:N,N:N,N:N,C:C,T:T,N:N,N:N,N:N,G:T,N:N,N:N,N:N,T:T,G:G
ICMX 2010799:3-1,N:N,T:C,N:N,T:T,A:G,N:N,N:N,N:N,N:N,G:C,C:C,N:N,N:N,N:N,N:N,N:N,N:N,N:N,N:N,C:C,T:T,N:N,N:N,N:N,G:T,N:N,N:N,N:N,T:T,G:G
ICMX 2010799:4,N:N,T:C,N:N,T:T,A:G,N:N,N:N,N:N,N:N,G:C,C:C,N:N,N:N,N:N,N:N,N:N,N:N,N:N,N:N,C:C,T:T,N:N,N:N,N:N,G:T,N:N,N:N,N:N,T:T,G:G
ICMX 2010799:4-1,N:N,T:C,N:N,T:T,A:G,N:N,N:N,N:N,N:N,G:C,C:C,N:N,N:N,N:N,N:N,N:N,N:N,N:N,N:N,C:C,T:T,N:N,N:N,N:N,G:T,N:N,N:N,N:N,T:T,G:G
ICMX 2010799:5,N:N,T:C,N:N,T:T,A:G,N:N,N:N,N:N,N:N,G:C,C:C,N:N,N:N,N:N,N:N,N:N,N:N,N:N,N:N,C:C,T:T,N:N,N:N,N:N,G:T,N:N,N:N,N:N,T:T,G:G
ICMX 2010799:5-1,N:N,T:C,N:N,T:T,A:G,N:N,N:N,N:N,N:N,G:C,C:C,N:N,N:N,N:N,N:N,N:N,N:N,N:N,N:N,C:C,T:T,N:N,N:N,N:N,G:T,N:N,N:N,N:N,T:T,G:G
ICMX 2010799:6,N:N,T:C,N:N,T:T,A:G,N:N,N:N,N:N,N:N,G:C,C:C,N:N,N:N,N:N,N:N,N:N,N:N,N:N,N:N,C:C,T:T,N:N,N:N,N:N,G:T,N:N,N:N,N:N,T:T,G:G
ICMX 2010799:6-1,N:N,T:C,N:N,T:T,A:G,N:N,N:N,N:N,N:N,G:C,C:C,N:N,N:N,N:N,N:N,N:N,N:N,N:N,N:N,C:C,T:T,N:N,N:N,N:N,G:T,N:N,N:N,N:N,T:T,G:G
ICMX 2010799:7,N:N,T:C,N:N,?,?,N:N,N:N,N:N,N:N,?,C:C,N:N,N:N,N:N,N:N,N:N,N:N,N:N,N:N,?,?,N:N,N:N,N:N,T:T,N:N,N:N,N:N,?,?
ICMX 2010799:7-1,N:N,T:C,N:N,T:T,A:G,N:N,N:N,N:N,N:N,G:C,C:C,N:N,N:N,N:N,N:N,N:N,N:N,N:N,N:N,C:C,T:T,N:N,N:N,N:N,T:T,N:N,N:N,N:N,?,?
ICMX 2010799:8,N:N,T:C,N:N,T:T,?,N:N,N:N,N:N,N:N,G:C,C:C,N:N,N:N,N:N,N:N,N:N,N:N,N:N,N:N,C:C,?,N:N,N:N,N:N,?,N:N,N:N,N:N,?,G:G
ICMX 2010799:8-1,N:N,T:C,N:N,T:T,A:G,N:N,N:N,N:N,N:N,?,C:C,N:N,N:N,N:N,N:N,N:N,N:N,N:N,N:N,C:C,?,N:N,N:N,N:N,?,N:N,N:N,N:N,?,A:A
ICMX 2010799:9,N:N,T:C,N:N,T:T,A:G,N:N,N:N,N:N,N:N,G:C,C:C,N:N,N:N,N:N,N:N,N:N,N:N,N:N,N:N,C:C,T:T,N:N,N:N,N:N,G:T,N:N,N:N,N:N,T:T,G:G
ICMX 2010799:9-1,N:N,T:C,N:N,T:T,A:G,N:N,N:N,N:N,N:N,G:C,C:C,N:N,N:N,N:N,N:N,N:N,N:N,N:N,N:N,C:C,T:T,N:N,N:N,N:N,G:T,N:N,N:N,N:N,T:T,G:G
ICMX 2010800:1,N:N,T:C,N:N,A:T,A:A,N:N,N:N,N:N,N:N,G:G,C:T,N:N,N:N,N:N,N:N,N:N,N:N,N:N,N:N,C:C,C:C,N:N,N:N,N:N,G:T,N:N,N:N,N:N,?,A:A
ICMX 2010800:1-1,N:N,T:C,N:N,A:T,A:A,N:N,N:N,N:N,N:N,G:G,C:T,N:N,N:N,N:N,N:N,N:N,N:N,N:N,N:N,C:C,C:T,N:N,N:N,N:N,G:T,N:N,N:N,N:N,T:T,G:G
ICMX 2010800:10,N:N,T:C,N:N,A:T,A:A,N:N,N:N,N:N,N:N,G:G,C:T,N:N,N:N,N:N,N:N,N:N,N:N,N:N,N:N,C:C,T:T,N:N,N:N,N:N,G:T,N:N,N:N,N:N,T:T,G:G
ICMX 2010800:10-1,N:N,T:C,N:N,A:T,A:A,N:N,N:N,N:N,N:N,G:G,C:T,N:N,N:N,N:N,N:N,N:N,N:N,N:N,N:N,C:C,T:T,N:N,N:N,N:N,?,N:N,N:N,N:N,T:T,?
ICMX 2010800:11,N:N,T:C,N:N,A:T,A:A,N:N,N:N,N:N,N:N,G:G,C:T,N:N,N:N,N:N,N:N,N:N,N:N,N:N,N:N,C:C,T:T,N:N,N:N,N:N,G:T,N:N,N:N,N:N,T:T,G:G
ICMX 2010800:11-1,N:N,T:C,N:N,A:T,A:A,N:N,N:N,N:N,N:N,G:G,C:T,N:N,N:N,N:N,N:N,N:N,N:N,N:N,N:N,C:C,C:T,N:N,N:N,N:N,G:T,N:N,N:N,N:N,T:T,G:G
ICMX 2010800:12,N:N,T:C,N:N,A:T,A:A,N:N,N:N,N:N,N:N,G:G,C:T,N:N,N:N,N:N,N:N,N:N,N:N,N:N,N:N,C:C,T:T,N:N,N:N,N:N,G:T,N:N,N:N,N:N,T:T,G:G
ICMX 2010800:12-1,N:N,T:C,N:N,A:T,A:A,N:N,N:N,N:N,N:N,G:G,C:T,N:N,N:N,N:N,N:N,N:N,N:N,N:N,N:N,C:C,T:T,N:N,N:N,N:N,G:T,N:N,N:N,N:N,T:T,G:G
ICMX 2010800:13,N:N,T:C,N:N,A:T,A:A,N:N,N:N,N:N,N:N,G:G,C:T,N:N,N:N,N:N,N:N,N:N,N:N,N:N,N:N,C:C,T:T,N:N,N:N,N:N,G:T,N:N,N:N,N:N,T:T,G:G
ICMX 2010800:2,N:N,T:C,N:N,A:T,A:A,N:N,N:N,N:N,N:N,G:G,C:T,N:N,N:N,N:N,N:N,N:N,N:N,N:N,N:N,C:C,T:T,N:N,N:N,N:N,G:T,N:N,N:N,N:N,T:T,G:G
ICMX 2010800:2-1,N:N,T:C,N:N,A:T,A:A,N:N,N:N,N:N,N:N,G:G,C:T,N:N,N:N,N:N,N:N,N:N,N:N,N:N,N:N,C:C,T:T,N:N,N:N,N:N,G:T,N:N,N:N,N:N,T:T,G:G
ICMX 2010800:3,N:N,T:C,N:N,A:T,A:A,N:N,N:N,N:N,N:N,G:G,C:T,N:N,N:N,N:N,N:N,N:N,N:N,N:N,N:N,C:C,T:T,N:N,N:N,N:N,G:T,N:N,N:N,N:N,T:T,G:G
ICMX 2010800:3-1,N:N,T:C,N:N,A:T,A:A,N:N,N:N,N:N,N:N,G:G,C:T,N:N,N:N,N:N,N:N,N:N,N:N,N:N,N:N,C:C,C:T,N:N,N:N,N:N,G:T,N:N,N:N,N:N,T:T,G:G
ICMX 2010800:4,N:N,T:C,N:N,A:T,A:A,N:N,N:N,N:N,N:N,G:G,C:T,N:N,N:N,N:N,N:N,N:N,N:N,N:N,N:N,C:C,T:T,N:N,N:N,N:N,G:T,N:N,N:N,N:N,T:T,G:G
ICMX 2010800:4-1,N:N,T:C,N:N,A:T,A:A,N:N,N:N,N:N,N:N,G:G,C:T,N:N,N:N,N:N,N:N,N:N,N:N,N:N,N:N,C:C,T:T,N:N,N:N,N:N,G:T,N:N,N:N,N:N,T:T,G:G
ICMX 2010800:6,N:N,T:C,N:N,A:T,A:A,N:N,N:N,N:N,N:N,G:G,C:T,N:N,N:N,N:N,N:N,N:N,N:N,N:N,N:N,C:C,T:T,N:N,N:N,N:N,G:T,N:N,N:N,N:N,T:T,G:G
ICMX 2010800:6-1,N:N,T:C,N:N,A:T,A:A,N:N,N:N,N:N,N:N,G:G,C:T,N:N,N:N,N:N,N:N,N:N,N:N,N:N,N:N,C:C,T:T,N:N,N:N,N:N,?,N:N,N:N,N:N,?,?
ICMX 2010800:7,N:N,T:C,N:N,A:T,A:A,N:N,N:N,N:N,N:N,G:G,C:T,N:N,N:N,N:N,N:N,N:N,N:N,N:N,N:N,C:C,T:T,N:N,N:N,N:N,G:T,N:N,N:N,N:N,T:T,G:G
ICMX 2010800:7-1,N:N,T:C,N:N,A:T,A:A,N:N,N:N,N:N,N:N,G:G,C:T,N:N,N:N,N:N,N:N,N:N,N:N,N:N,N:N,C:C,T:T,N:N,N:N,N:N,G:T,N:N,N:N,N:N,T:T,G:G
ICMX 2010800:8,N:N,T:C,N:N,?,A:A,N:N,N:N,N:N,N:N,?,C:T,N:N,N:N,N:N,N:N,N:N,N:N,N:N,N:N,C:C,?,N:N,N:N,N:N,?,N:N,N:N,N:N,?,?
ICMX 2010800:8-1,N:N,T:C,N:N,A:T,A:A,N:N,N:N,N:N,N:N,G:G,C:T,N:N,N:N,N:N,N:N,N:N,N:N,N:N,N:N,C:C,T:T,N:N,N:N,N:N,G:T,N:N,N:N,N:N,T:T,G:G
ICMX 2010800:9,N:N,T:C,N:N,A:T,A:A,N:N,N:N,N:N,N:N,G:G,C:T,N:N,N:N,N:N,N:N,N:N,N:N,N:N,N:N,C:C,T:T,N:N,N:N,N:N,G:T,N:N,N:N,N:N,T:T,G:G
ICMX 2010800:9-1,N:N,T:C,N:N,A:T,A:A,N:N,N:N,N:N,N:N,G:G,C:T,N:N,N:N,N:N,N:N,N:N,N:N,N:N,N:N,C:C,?,N:N,N:N,N:N,?,N:N,N:N,N:N,?,?
ICMX 2010801:1,N:N,T:C,N:N,T:T,A:A,N:N,N:N,N:N,N:N,G:G,C:T,N:N,N:N,N:N,N:N,N:N,N:N,N:N,N:N,C:C,T:T,N:N,N:N,N:N,G:T,N:N,N:N,N:N,T:T,G:G
ICMX 2010801:1-1,N:N,T:C,N:N,T:T,A:A,N:N,N:N,N:N,N:N,G:G,C:T,N:N,N:N,N:N,N:N,N:N,N:N,N:N,N:N,C:C,C:C,N:N,N:N,N:N,G:T,N:N,N:N,N:N,T:T,G:G
ICMX 2010801:10,N:N,T:C,N:N,T:T,A:A,N:N,N:N,N:N,N:N,G:G,C:T,N:N,N:N,N:N,N:N,N:N,N:N,N:N,N:N,C:C,T:T,N:N,N:N,N:N,G:T,N:N,N:N,N:N,T:T,G:G
ICMX 2010801:10-1,N:N,T:C,N:N,T:T,A:A,N:N,N:N,N:N,N:N,G:G,C:T,N:N,N:N,N:N,N:N,N:N,N:N,N:N,N:N,C:C,T:T,N:N,N:N,N:N,G:T,N:N,N:N,N:N,T:T,G:G
ICMX 2010801:11,N:N,?,N:N,?,?,N:N,N:N,N:N,N:N,?,?,N:N,N:N,N:N,N:N,N:N,N:N,N:N,N:N,?,?,N:N,N:N,N:N,?,N:N,N:N,N:N,T:C,?
ICMX 2010801:11-1,N:N,T:C,N:N,T:T,A:A,N:N,N:N,N:N,N:N,G:G,C:T,N:N,N:N,N:N,N:N,N:N,N:N,N:N,N:N,C:C,Uncallable,N:N,N:N,N:N,G:T,N:N,N:N,N:N,T:T,G:G
ICMX 2010801:12,N:N,T:C,N:N,T:T,A:A,N:N,N:N,N:N,N:N,G:G,C:T,N:N,N:N,N:N,N:N,N:N,N:N,N:N,N:N,C:C,T:T,N:N,N:N,N:N,G:T,N:N,N:N,N:N,T:T,G:G
ICMX 2010801:12-1,N:N,T:C,N:N,T:T,A:A,N:N,N:N,N:N,N:N,G:G,C:T,N:N,N:N,N:N,N:N,N:N,N:N,N:N,N:N,C:C,C:T,N:N,N:N,N:N,G:T,N:N,N:N,N:N,T:T,G:G
ICMX 2010801:13,N:N,T:C,N:N,T:T,A:A,N:N,N:N,N:N,N:N,G:G,C:T,N:N,N:N,N:N,N:N,N:N,N:N,N:N,N:N,C:C,T:T,N:N,N:N,N:N,G:T,N:N,N:N,N:N,T:T,G:G
ICMX 2010801:13-1,N:N,T:C,N:N,T:T,A:A,N:N,N:N,N:N,N:N,G:G,C:T,N:N,N:N,N:N,N:N,N:N,N:N,N:N,N:N,C:C,T:T,N:N,N:N,N:N,G:T,N:N,N:N,N:N,T:T,G:G
ICMX 2010801:14,N:N,T:C,N:N,T:T,A:A,N:N,N:N,N:N,N:N,G:G,C:T,N:N,N:N,N:N,N:N,N:N,N:N,N:N,N:N,C:C,T:T,N:N,N:N,N:N,?,N:N,N:N,N:N,T:T,?
ICMX 2010801:14-1,N:N,T:C,N:N,T:T,A:A,N:N,N:N,N:N,N:N,G:G,C:T,N:N,N:N,N:N,N:N,N:N,N:N,N:N,N:N,C:C,Uncallable,N:N,N:N,N:N,G:T,N:N,N:N,N:N,T:T,G:G
ICMX 2010801:3,N:N,T:C,N:N,T:T,A:A,N:N,N:N,N:N,N:N,G:G,C:T,N:N,N:N,N:N,N:N,N:N,N:N,N:N,N:N,C:C,T:T,N:N,N:N,N:N,G:T,N:N,N:N,N:N,T:T,G:G
ICMX 2010801:3-1,N:N,T:C,N:N,T:T,A:A,N:N,N:N,N:N,N:N,G:G,C:T,N:N,N:N,N:N,N:N,N:N,N:N,N:N,N:N,C:C,T:T,N:N,N:N,N:N,G:T,N:N,N:N,N:N,T:T,G:G
ICMX 2010801:4,N:N,T:C,N:N,?,?,N:N,N:N,N:N,N:N,?,C:T,N:N,N:N,N:N,N:N,N:N,N:N,N:N,N:N,?,?,N:N,N:N,N:N,?,N:N,N:N,N:N,?,?
ICMX 2010801:4-1,N:N,T:C,N:N,T:T,A:A,N:N,N:N,N:N,N:N,G:G,C:T,N:N,N:N,N:N,N:N,N:N,N:N,N:N,N:N,C:C,C:C,N:N,N:N,N:N,G:T,N:N,N:N,N:N,T:T,G:G
ICMX 2010801:5,N:N,T:C,N:N,T:T,A:A,N:N,N:N,N:N,N:N,G:G,C:T,N:N,N:N,N:N,N:N,N:N,N:N,N:N,N:N,C:C,?,N:N,N:N,N:N,?,N:N,N:N,N:N,?,?
ICMX 2010801:5-1,N:N,T:C,N:N,T:T,A:A,N:N,N:N,N:N,N:N,G:G,C:T,N:N,N:N,N:N,N:N,N:N,N:N,N:N,N:N,C:C,T:T,N:N,N:N,N:N,G:T,N:N,N:N,N:N,T:T,G:G
ICMX 2010801:6,N:N,T:C,N:N,T:T,A:A,N:N,N:N,N:N,N:N,G:G,C:T,N:N,N:N,N:N,N:N,N:N,N:N,N:N,N:N,C:C,T:T,N:N,N:N,N:N,G:T,N:N,N:N,N:N,T:T,G:G
ICMX 2010801:6-1,N:N,T:C,N:N,T:T,A:A,N:N,N:N,N:N,N:N,G:G,C:T,N:N,N:N,N:N,N:N,N:N,N:N,N:N,N:N,C:C,T:T,N:N,N:N,N:N,G:T,N:N,N:N,N:N,T:T,G:G
ICMX 2010801:7,N:N,T:C,N:N,T:T,A:A,N:N,N:N,N:N,N:N,G:G,C:T,N:N,N:N,N:N,N:N,N:N,N:N,N:N,N:N,C:C,T:T,N:N,N:N,N:N,G:T,N:N,N:N,N:N,T:T,G:G
ICMX 2010801:7-1,N:N,T:C,N:N,?,A:A,N:N,N:N,N:N,N:N,G:G,C:T,N:N,N:N,N:N,N:N,N:N,N:N,N:N,N:N,C:C,T:T,N:N,N:N,N:N,T:T,N:N,N:N,N:N,?,A:A
ICMX 2010801:8,N:N,T:C,N:N,T:T,A:A,N:N,N:N,N:N,N:N,G:G,C:T,N:N,N:N,N:N,N:N,N:N,N:N,N:N,N:N,C:C,T:T,N:N,N:N,N:N,G:T,N:N,N:N,N:N,T:T,G:G
ICMX 2010801:8-1,N:N,T:C,N:N,T:T,A:A,N:N,N:N,N:N,N:N,G:G,C:T,N:N,N:N,N:N,N:N,N:N,N:N,N:N,N:N,C:C,T:T,N:N,N:N,N:N,G:T,N:N,N:N,N:N,T:T,G:G
ICMX 2010801:9,N:N,T:T,N:N,T:T,A:A,N:N,N:N,N:N,N:N,G:G,T:T,N:N,N:N,N:N,N:N,N:N,N:N,N:N,N:N,C:C,C:T,N:N,N:N,N:N,G:G,N:N,N:N,N:N,T:T,A:A
ICMX 2010801:9-1,N:N,T:T,N:N,T:T,A:A,N:N,N:N,N:N,N:N,G:G,T:T,N:N,N:N,N:N,N:N,N:N,N:N,N:N,N:N,C:C,T:T,N:N,N:N,N:N,Uncallable,N:N,N:N,N:N,T:T,?
ICMX 2010802:1,N:N,T:C,N:N,A:T,A:A,N:N,N:N,N:N,N:N,G:C,C:T,N:N,N:N,N:N,N:N,N:N,N:N,N:N,N:N,G:C,C:C,N:N,N:N,N:N,T:T,N:N,N:N,N:N,T:C,G:G
ICMX 2010802:1-1,N:N,T:C,N:N,A:T,A:A,N:N,N:N,N:N,N:N,G:C,C:T,N:N,N:N,N:N,N:N,N:N,N:N,N:N,N:N,G:C,C:C,N:N,N:N,N:N,G:T,N:N,N:N,N:N,T:C,G:G
ICMX 2010802:10,N:N,C:C,N:N,A:T,A:A,N:N,N:N,N:N,N:N,G:C,C:T,N:N,N:N,N:N,N:N,N:N,N:N,N:N,N:N,G:C,C:C,N:N,N:N,N:N,G:T,N:N,N:N,N:N,T:C,G:G
ICMX 2010802:10-1,N:N,C:C,N:N,A:T,A:A,N:N,N:N,N:N,N:N,G:C,C:T,N:N,N:N,N:N,N:N,N:N,N:N,N:N,N:N,G:C,C:C,N:N,N:N,N:N,?,N:N,N:N,N:N,Uncallable,G:G
ICMX 2010802:11,N:N,T:C,N:N,A:T,A:A,N:N,N:N,N:N,N:N,G:C,C:T,N:N,N:N,N:N,N:N,N:N,N:N,N:N,N:N,G:C,C:C,N:N,N:N,N:N,G:T,N:N,N:N,N:N,T:C,G:G
ICMX 2010802:11-1,N:N,T:C,N:N,A:T,A:A,N:N,N:N,N:N,N:N,G:C,C:T,N:N,N:N,N:N,N:N,N:N,N:N,N:N,N:N,G:C,C:C,N:N,N:N,N:N,T:T,N:N,N:N,N:N,C:C,?
ICMX 2010802:12,N:N,T:C,N:N,A:T,A:A,N:N,N:N,N:N,N:N,G:C,C:T,N:N,N:N,N:N,N:N,N:N,N:N,N:N,N:N,G:C,C:C,N:N,N:N,N:N,T:T,N:N,N:N,N:N,C:C,?
ICMX 2010802:12-1,N:N,T:C,N:N,A:T,A:A,N:N,N:N,N:N,N:N,G:C,C:T,N:N,N:N,N:N,N:N,N:N,N:N,N:N,N:N,G:C,C:C,N:N,N:N,N:N,G:T,N:N,N:N,N:N,T:C,G:G
ICMX 2010802:13,N:N,C:C,N:N,A:T,A:A,N:N,N:N,N:N,N:N,G:C,C:T,N:N,N:N,N:N,N:N,N:N,N:N,N:N,N:N,G:C,C:C,N:N,N:N,N:N,T:T,N:N,N:N,N:N,C:C,?
ICMX 2010802:13-1,N:N,C:C,N:N,A:T,A:A,N:N,N:N,N:N,N:N,G:C,C:T,N:N,N:N,N:N,N:N,N:N,N:N,N:N,N:N,G:C,C:C,N:N,N:N,N:N,G:T,N:N,N:N,N:N,T:C,G:G
ICMX 2010802:2,N:N,C:C,N:N,A:T,A:A,N:N,N:N,N:N,N:N,G:C,C:T,N:N,N:N,N:N,N:N,N:N,N:N,N:N,N:N,G:C,C:C,N:N,N:N,N:N,T:T,N:N,N:N,N:N,C:C,?
ICMX 2010802:2-1,N:N,C:C,N:N,A:T,A:A,N:N,N:N,N:N,N:N,G:C,C:T,N:N,N:N,N:N,N:N,N:N,N:N,N:N,N:N,G:C,C:C,N:N,N:N,N:N,G:T,N:N,N:N,N:N,T:C,G:G
ICMX 2010802:3,N:N,C:C,N:N,A:T,A:A,N:N,N:N,N:N,N:N,G:C,C:T,N:N,N:N,N:N,N:N,N:N,N:N,N:N,N:N,G:C,C:C,N:N,N:N,N:N,G:T,N:N,N:N,N:N,T:C,G:G
ICMX 2010802:3-1,N:N,C:C,N:N,A:T,A:A,N:N,N:N,N:N,N:N,G:C,C:T,N:N,N:N,N:N,N:N,N:N,N:N,N:N,N:N,G:C,C:C,N:N,N:N,N:N,G:T,N:N,N:N,N:N,T:C,G:G
ICMX 2010802:4,N:N,C:C,N:N,A:T,A:A,N:N,N:N,N:N,N:N,G:C,C:T,N:N,N:N,N:N,N:N,N:N,N:N,N:N,N:N,G:C,C:C,N:N,N:N,N:N,G:T,N:N,N:N,N:N,T:C,G:G
ICMX 2010802:4-1,N:N,C:C,N:N,A:T,A:A,N:N,N:N,N:N,N:N,G:C,C:T,N:N,N:N,N:N,N:N,N:N,N:N,N:N,N:N,G:C,C:C,N:N,N:N,N:N,G:T,N:N,N:N,N:N,T:C,G:G
ICMX 2010802:5,N:N,C:C,N:N,A:T,A:A,N:N,N:N,N:N,N:N,G:C,C:T,N:N,N:N,N:N,N:N,N:N,N:N,N:N,N:N,G:C,C:C,N:N,N:N,N:N,G:T,N:N,N:N,N:N,T:C,G:G
ICMX 2010802:5-1,N:N,C:C,N:N,A:T,A:A,N:N,N:N,N:N,N:N,G:C,C:T,N:N,N:N,N:N,N:N,N:N,N:N,N:N,N:N,G:C,C:C,N:N,N:N,N:N,G:T,N:N,N:N,N:N,T:C,G:G
ICMX 2010802:6,N:N,T:C,N:N,A:T,A:A,N:N,N:N,N:N,N:N,G:C,C:T,N:N,N:N,N:N,N:N,N:N,N:N,N:N,N:N,G:C,C:C,N:N,N:N,N:N,G:T,N:N,N:N,N:N,T:C,G:G
ICMX 2010802:6-1,N:N,T:C,N:N,A:T,A:A,N:N,N:N,N:N,N:N,G:C,C:T,N:N,N:N,N:N,N:N,N:N,N:N,N:N,N:N,G:C,C:C,N:N,N:N,N:N,G:T,N:N,N:N,N:N,T:C,G:G
ICMX 2010802:7,N:N,C:C,N:N,A:T,A:A,N:N,N:N,N:N,N:N,G:C,C:T,N:N,N:N,N:N,N:N,N:N,N:N,N:N,N:N,G:C,C:C,N:N,N:N,N:N,G:T,N:N,N:N,N:N,T:C,G:G
ICMX 2010802:7-1,N:N,C:C,N:N,A:T,A:A,N:N,N:N,N:N,N:N,G:C,C:T,N:N,N:N,N:N,N:N,N:N,N:N,N:N,N:N,G:C,C:C,N:N,N:N,N:N,G:T,N:N,N:N,N:N,T:C,G:G
ICMX 2010802:8,N:N,C:C,N:N,A:T,A:A,N:N,N:N,N:N,N:N,G:C,C:T,N:N,N:N,N:N,N:N,N:N,N:N,N:N,N:N,G:C,C:C,N:N,N:N,N:N,G:T,N:N,N:N,N:N,C:C,G:G
ICMX 2010802:8-1,N:N,C:C,N:N,A:T,A:A,N:N,N:N,N:N,N:N,G:C,C:T,N:N,N:N,N:N,N:N,N:N,N:N,N:N,N:N,G:C,C:C,N:N,N:N,N:N,T:T,N:N,N:N,N:N,C:C,A:A
ICMX 2010802:9,N:N,C:C,N:N,A:T,A:A,N:N,N:N,N:N,N:N,G:C,C:T,N:N,N:N,N:N,N:N,N:N,N:N,N:N,N:N,G:C,C:C,N:N,N:N,N:N,G:G,N:N,N:N,N:N,T:C,G:G
ICMX 2010802:9-1,N:N,C:C,N:N,A:T,A:A,N:N,N:N,N:N,N:N,G:C,C:T,N:N,N:N,N:N,N:N,N:N,N:N,N:N,N:N,?,C:C,N:N,N:N,N:N,?,N:N,N:N,N:N,?,A:A
ICMX 2010803:1,N:N,T:C,N:N,T:T,A:G,N:N,N:N,N:N,N:N,G:G,C:T,N:N,N:N,N:N,N:N,N:N,N:N,N:N,N:N,G:C,C:C,N:N,N:N,N:N,G:T,N:N,N:N,N:N,T:C,G:G
ICMX 2010803:1-1,N:N,T:C,N:N,T:T,A:G,N:N,N:N,N:N,N:N,G:G,C:T,N:N,N:N,N:N,N:N,N:N,N:N,N:N,N:N,G:C,C:C,N:N,N:N,N:N,G:T,N:N,N:N,N:N,T:C,G:G
ICMX 2010803:2,N:N,T:C,N:N,?,?,N:N,N:N,N:N,N:N,?,C:T,N:N,N:N,N:N,N:N,N:N,N:N,N:N,N:N,?,C:C,N:N,N:N,N:N,?,N:N,N:N,N:N,?,?
ICMX 2010803:2-1,N:N,T:C,N:N,T:T,A:G,N:N,N:N,N:N,N:N,G:G,C:T,N:N,N:N,N:N,N:N,N:N,N:N,N:N,N:N,G:C,C:C,N:N,N:N,N:N,G:T,N:N,N:N,N:N,T:C,G:G
ICMX 2010803:3,N:N,T:C,N:N,T:T,A:G,N:N,N:N,N:N,N:N,G:G,C:T,N:N,N:N,N:N,N:N,N:N,N:N,N:N,N:N,G:C,C:C,N:N,N:N,N:N,T:T,N:N,N:N,N:N,C:C,?
ICMX 2010803:3-1,N:N,T:C,N:N,T:T,A:G,N:N,N:N,N:N,N:N,G:G,C:T,N:N,N:N,N:N,N:N,N:N,N:N,N:N,N:N,G:C,C:C,N:N,N:N,N:N,G:T,N:N,N:N,N:N,T:C,G:G
ICMX 2010803:4,N:N,?,N:N,?,?,N:N,N:N,N:N,N:N,?,C:T,N:N,N:N,N:N,N:N,N:N,N:N,N:N,N:N,?,?,N:N,N:N,N:N,?,N:N,N:N,N:N,?,?
ICMX 2010803:4-1,N:N,T:C,N:N,T:T,A:G,N:N,N:N,N:N,N:N,G:G,C:T,N:N,N:N,N:N,N:N,N:N,N:N,N:N,N:N,G:C,C:C,N:N,N:N,N:N,?,N:N,N:N,N:N,C:C,A:A
ICMX 2010803:5,N:N,T:C,N:N,?,A:G,N:N,N:N,N:N,N:N,?,C:T,N:N,N:N,N:N,N:N,N:N,N:N,N:N,N:N,G:C,C:C,N:N,N:N,N:N,?,N:N,N:N,N:N,?,?
ICMX 2010803:5-1,N:N,T:C,N:N,T:T,A:G,N:N,N:N,N:N,N:N,G:G,C:T,N:N,N:N,N:N,N:N,N:N,N:N,N:N,N:N,G:C,C:C,N:N,N:N,N:N,G:T,N:N,N:N,N:N,T:C,G:G
ICMX 2010803:6,N:N,T:T,N:N,T:T,G:G,N:N,N:N,N:N,N:N,G:G,T:T,N:N,N:N,N:N,N:N,N:N,N:N,N:N,N:N,G:G,C:C,N:N,N:N,N:N,G:G,N:N,N:N,N:N,C:C,A:A
ICMX 2010803:6-1,N:N,T:T,N:N,T:T,G:G,N:N,N:N,N:N,N:N,G:G,T:T,N:N,N:N,N:N,N:N,N:N,N:N,N:N,N:N,G:G,C:C,N:N,N:N,N:N,G:G,N:N,N:N,N:N,C:C,A:A
ICMX 2010803:7,N:N,T:C,N:N,T:T,A:G,N:N,N:N,N:N,N:N,?,C:T,N:N,N:N,N:N,N:N,N:N,N:N,N:N,N:N,G:C,C:C,N:N,N:N,N:N,?,N:N,N:N,N:N,?,?
ICMX 2010803:7-1,N:N,T:C,N:N,T:T,A:G,N:N,N:N,N:N,N:N,G:G,C:T,N:N,N:N,N:N,N:N,N:N,N:N,N:N,N:N,G:C,C:C,N:N,N:N,N:N,G:T,N:N,N:N,N:N,T:C,G:G
ICMX 2010803:8,N:N,T:C,N:N,T:T,A:G,N:N,N:N,N:N,N:N,G:G,C:T,N:N,N:N,N:N,N:N,N:N,N:N,N:N,N:N,G:C,C:C,N:N,N:N,N:N,G:T,N:N,N:N,N:N,T:C,G:G
ICMX 2010803:8-1,N:N,T:C,N:N,T:T,A:G,N:N,N:N,N:N,N:N,G:G,C:T,N:N,N:N,N:N,N:N,N:N,N:N,N:N,N:N,G:C,C:C,N:N,N:N,N:N,G:T,N:N,N:N,N:N,T:C,G:G
ICMX 2010805:1,N:N,C:C,N:N,A:A,A:A,N:N,N:N,N:N,N:N,G:G,C:C,N:N,N:N,N:N,N:N,N:N,N:N,N:N,N:N,C:C,T:T,N:N,N:N,N:N,G:T,N:N,N:N,N:N,T:C,G:G
ICMX 2010805:1-1,N:N,C:C,N:N,A:A,A:A,N:N,N:N,N:N,N:N,G:G,C:C,N:N,N:N,N:N,N:N,N:N,N:N,N:N,N:N,C:C,C:C,N:N,N:N,N:N,G:T,N:N,N:N,N:N,T:C,G:G
ICMX 2010805:10,N:N,C:C,N:N,A:A,A:A,N:N,N:N,N:N,N:N,G:C,C:C,N:N,N:N,N:N,N:N,N:N,N:N,N:N,N:N,G:C,C:C,N:N,N:N,N:N,G:T,N:N,N:N,N:N,T:C,G:G
ICMX 2010805:10-1,N:N,C:C,N:N,A:A,A:A,N:N,N:N,N:N,N:N,G:C,C:C,N:N,N:N,N:N,N:N,N:N,N:N,N:N,N:N,G:C,C:C,N:N,N:N,N:N,G:T,N:N,N:N,N:N,T:C,G:G
ICMX 2010805:11,N:N,C:C,N:N,A:A,A:A,N:N,N:N,N:N,N:N,G:G,C:C,N:N,N:N,N:N,N:N,N:N,N:N,N:N,N:N,C:C,T:T,N:N,N:N,N:N,G:T,N:N,N:N,N:N,T:T,A:A
ICMX 2010805:11-1,N:N,C:C,N:N,A:A,A:A,N:N,N:N,N:N,N:N,G:G,C:C,N:N,N:N,N:N,N:N,N:N,N:N,N:N,N:N,C:C,T:T,N:N,N:N,N:N,G:T,N:N,N:N,N:N,T:T,A:A
ICMX 2010805:12,N:N,C:C,N:N,A:A,A:A,N:N,N:N,N:N,N:N,G:G,C:C,N:N,N:N,N:N,N:N,N:N,N:N,N:N,N:N,C:C,T:T,N:N,N:N,N:N,?,N:N,N:N,N:N,Uncallable,?
ICMX 2010805:12-1,N:N,C:C,N:N,A:A,A:A,N:N,N:N,N:N,N:N,G:G,C:C,N:N,N:N,N:N,N:N,N:N,N:N,N:N,N:N,C:C,T:T,N:N,N:N,N:N,?,N:N,N:N,N:N,T:C,G:G
ICMX 2010805:13,N:N,C:C,N:N,A:A,A:A,N:N,N:N,N:N,N:N,G:G,C:C,N:N,N:N,N:N,N:N,N:N,N:N,N:N,N:N,C:C,T:T,N:N,N:N,N:N,G:T,N:N,N:N,N:N,T:C,G:G
ICMX 2010805:13-1,N:N,C:C,N:N,A:A,A:A,N:N,N:N,N:N,N:N,G:G,C:C,N:N,N:N,N:N,N:N,N:N,N:N,N:N,N:N,C:C,C:T,N:N,N:N,N:N,?,N:N,N:N,N:N,T:C,A:G
ICMX 2010805:14,N:N,C:C,N:N,A:A,A:A,N:N,N:N,N:N,N:N,G:G,C:C,N:N,N:N,N:N,N:N,N:N,N:N,N:N,N:N,C:C,T:T,N:N,N:N,N:N,T:T,N:N,N:N,N:N,T:T,?
ICMX 2010805:14-1,N:N,C:C,N:N,A:A,A:A,N:N,N:N,N:N,N:N,G:G,C:C,N:N,N:N,N:N,N:N,N:N,N:N,N:N,N:N,C:C,T:T,N:N,N:N,N:N,T:T,N:N,N:N,N:N,T:T,A:A
ICMX 2010805:2,N:N,C:C,N:N,A:A,A:A,N:N,N:N,N:N,N:N,G:G,C:C,N:N,N:N,N:N,N:N,N:N,N:N,N:N,N:N,C:C,T:T,N:N,N:N,N:N,G:T,N:N,N:N,N:N,C:C,G:G
ICMX 2010805:2-1,N:N,C:C,N:N,A:A,A:A,N:N,N:N,N:N,N:N,G:G,C:C,N:N,N:N,N:N,N:N,N:N,N:N,N:N,N:N,C:C,T:T,N:N,N:N,N:N,G:T,N:N,N:N,N:N,C:C,G:G
ICMX 2010805:3,N:N,C:C,N:N,A:A,A:A,N:N,N:N,N:N,N:N,G:C,C:C,N:N,N:N,N:N,N:N,N:N,N:N,N:N,N:N,G:C,C:C,N:N,N:N,N:N,T:T,N:N,N:N,N:N,T:T,?
ICMX 2010805:3-1,N:N,C:C,N:N,A:A,A:A,N:N,N:N,N:N,N:N,G:C,C:C,N:N,N:N,N:N,N:N,N:N,N:N,N:N,N:N,G:C,C:C,N:N,N:N,N:N,G:T,N:N,N:N,N:N,T:T,A:A
ICMX 2010805:4,N:N,C:C,N:N,A:A,A:A,N:N,N:N,N:N,N:N,G:C,C:C,N:N,N:N,N:N,N:N,N:N,N:N,N:N,N:N,G:C,C:C,N:N,N:N,N:N,G:G,N:N,N:N,N:N,T:C,G:G
ICMX 2010805:4-1,N:N,C:C,N:N,A:A,A:A,N:N,N:N,N:N,N:N,G:C,C:C,N:N,N:N,N:N,N:N,N:N,N:N,N:N,N:N,G:C,C:C,N:N,N:N,N:N,G:G,N:N,N:N,N:N,T:C,G:G
ICMX 2010805:5,N:N,C:C,N:N,A:A,A:A,N:N,N:N,N:N,N:N,?,C:C,N:N,N:N,N:N,N:N,N:N,N:N,N:N,N:N,G:C,C:C,N:N,N:N,N:N,?,N:N,N:N,N:N,?,?
ICMX 2010805:5-1,N:N,C:C,N:N,A:A,A:A,N:N,N:N,N:N,N:N,G:C,C:C,N:N,N:N,N:N,N:N,N:N,N:N,N:N,N:N,G:C,C:C,N:N,N:N,N:N,G:T,N:N,N:N,N:N,T:T,A:A
ICMX 2010805:6,N:N,?,N:N,?,A:A,N:N,N:N,N:N,N:N,G:G,T:T,N:N,N:N,N:N,N:N,N:N,N:N,N:N,N:N,?,T:T,N:N,N:N,N:N,?,N:N,N:N,N:N,T:T,A:A
ICMX 2010805:6-1,N:N,C:C,N:N,A:A,A:A,N:N,N:N,N:N,N:N,G:G,C:C,N:N,N:N,N:N,N:N,N:N,N:N,N:N,N:N,C:C,T:T,N:N,N:N,N:N,G:T,N:N,N:N,N:N,T:T,A:A
ICMX 2010805:8,N:N,C:C,N:N,A:A,A:A,N:N,N:N,N:N,N:N,G:C,C:C,N:N,N:N,N:N,N:N,N:N,N:N,N:N,N:N,G:C,C:C,N:N,N:N,N:N,G:G,N:N,N:N,N:N,T:T,A:A
ICMX 2010805:8-1,N:N,T:C,N:N,A:A,A:A,N:N,N:N,N:N,N:N,G:C,C:C,N:N,N:N,N:N,N:N,N:N,N:N,N:N,N:N,G:C,C:C,N:N,N:N,N:N,G:G,N:N,N:N,N:N,T:T,A:G
ICMX 2010805:9,N:N,C:C,N:N,A:A,A:A,N:N,N:N,N:N,N:N,G:G,C:C,N:N,N:N,N:N,N:N,N:N,N:N,N:N,N:N,C:C,T:T,N:N,N:N,N:N,G:T,N:N,N:N,N:N,T:T,A:A
ICMX 2010805:9-1,N:N,C:C,N:N,A:A,A:A,N:N,N:N,N:N,N:N,G:G,C:C,N:N,N:N,N:N,N:N,N:N,N:N,N:N,N:N,C:C,T:T,N:N,N:N,N:N,G:T,N:N,N:N,N:N,T:T,A:A
ICMX 2010806:1,N:N,C:C,N:N,A:T,A:A,N:N,N:N,N:N,N:N,C:C,C:C,N:N,N:N,N:N,N:N,N:N,N:N,N:N,N:N,G:C,T:T,N:N,N:N,N:N,?,N:N,N:N,N:N,T:T,?
ICMX 2010806:1-1,N:N,C:C,N:N,A:T,A:A,N:N,N:N,N:N,N:N,C:C,C:C,N:N,N:N,N:N,N:N,N:N,N:N,N:N,N:N,G:C,T:T,N:N,N:N,N:N,T:T,N:N,N:N,N:N,T:T,A:A
ICMX 2010806:10,N:N,C:C,N:N,A:T,A:A,N:N,N:N,N:N,N:N,?,C:C,N:N,N:N,N:N,N:N,N:N,N:N,N:N,N:N,?,?,N:N,N:N,N:N,?,N:N,N:N,N:N,?,?
ICMX 2010806:11,N:N,C:C,N:N,A:T,A:A,N:N,N:N,N:N,N:N,C:C,C:C,N:N,N:N,N:N,N:N,N:N,N:N,N:N,N:N,G:C,T:T,N:N,N:N,N:N,T:T,N:N,N:N,N:N,T:T,A:A
ICMX 2010806:12,N:N,C:C,N:N,A:T,A:A,N:N,N:N,N:N,N:N,C:C,C:C,N:N,N:N,N:N,N:N,N:N,N:N,N:N,N:N,G:C,T:T,N:N,N:N,N:N,?,N:N,N:N,N:N,T:T,?
ICMX 2010806:13,N:N,C:C,N:N,A:T,A:A,N:N,N:N,N:N,N:N,C:C,C:C,N:N,N:N,N:N,N:N,N:N,N:N,N:N,N:N,G:C,T:T,N:N,N:N,N:N,T:T,N:N,N:N,N:N,T:T,A:A
ICMX 2010806:14,N:N,C:C,N:N,A:T,A:A,N:N,N:N,N:N,N:N,C:C,C:C,N:N,N:N,N:N,N:N,N:N,N:N,N:N,N:N,G:C,C:T,N:N,N:N,N:N,T:T,N:N,N:N,N:N,T:T,A:A
ICMX 2010806:15,N:N,C:C,N:N,A:T,A:A,N:N,N:N,N:N,N:N,C:C,C:C,N:N,N:N,N:N,N:N,N:N,N:N,N:N,N:N,G:C,T:T,N:N,N:N,N:N,T:T,N:N,N:N,N:N,T:T,A:A
ICMX 2010806:2,N:N,C:C,N:N,A:T,A:A,N:N,N:N,N:N,N:N,C:C,C:C,N:N,N:N,N:N,N:N,N:N,N:N,N:N,N:N,G:C,Uncallable,N:N,N:N,N:N,T:T,N:N,N:N,N:N,T:T,A:A
ICMX 2010806:2-1,N:N,C:C,N:N,A:T,A:A,N:N,N:N,N:N,N:N,C:C,C:C,N:N,N:N,N:N,N:N,N:N,N:N,N:N,N:N,G:C,T:T,N:N,N:N,N:N,T:T,N:N,N:N,N:N,T:T,A:A
ICMX 2010806:3,N:N,C:C,N:N,A:T,A:A,N:N,N:N,N:N,N:N,C:C,C:C,N:N,N:N,N:N,N:N,N:N,N:N,N:N,N:N,G:C,T:T,N:N,N:N,N:N,T:T,N:N,N:N,N:N,T:T,A:A
ICMX 2010806:3-1,N:N,C:C,N:N,A:T,A:A,N:N,N:N,N:N,N:N,C:C,C:C,N:N,N:N,N:N,N:N,N:N,N:N,N:N,N:N,G:C,T:T,N:N,N:N,N:N,T:T,N:N,N:N,N:N,T:T,A:A
ICMX 2010806:4,N:N,C:C,N:N,A:T,A:A,N:N,N:N,N:N,N:N,C:C,C:C,N:N,N:N,N:N,N:N,N:N,N:N,N:N,N:N,G:C,T:T,N:N,N:N,N:N,T:T,N:N,N:N,N:N,T:T,A:A
ICMX 2010806:4-1,N:N,C:C,N:N,A:T,A:A,N:N,N:N,N:N,N:N,C:C,C:C,N:N,N:N,N:N,N:N,N:N,N:N,N:N,N:N,G:C,C:T,N:N,N:N,N:N,T:T,N:N,N:N,N:N,T:T,A:A
ICMX 2010806:5,N:N,C:C,N:N,A:T,A:A,N:N,N:N,N:N,N:N,C:C,C:C,N:N,N:N,N:N,N:N,N:N,N:N,N:N,N:N,G:C,T:T,N:N,N:N,N:N,T:T,N:N,N:N,N:N,T:T,A:A
ICMX 2010806:6,N:N,C:C,N:N,A:T,A:A,N:N,N:N,N:N,N:N,C:C,C:C,N:N,N:N,N:N,N:N,N:N,N:N,N:N,N:N,G:C,C:C,N:N,N:N,N:N,?,N:N,N:N,N:N,T:T,?
ICMX 2010806:7,N:N,C:C,N:N,A:T,A:A,N:N,N:N,N:N,N:N,C:C,C:C,N:N,N:N,N:N,N:N,N:N,N:N,N:N,N:N,G:C,T:T,N:N,N:N,N:N,T:T,N:N,N:N,N:N,T:T,A:A
ICMX 2010806:8,N:N,C:C,N:N,A:T,A:A,N:N,N:N,N:N,N:N,C:C,C:C,N:N,N:N,N:N,N:N,N:N,N:N,N:N,N:N,G:C,T:T,N:N,N:N,N:N,T:T,N:N,N:N,N:N,T:T,A:A
ICMX 2010806:9,N:N,C:C,N:N,A:T,A:A,N:N,N:N,N:N,N:N,C:C,C:C,N:N,N:N,N:N,N:N,N:N,N:N,N:N,N:N,G:C,C:T,N:N,N:N,N:N,T:T,N:N,N:N,N:N,T:T,A:A
ICMX 2010807:1,N:N,T:C,N:N,A:T,A:A,N:N,N:N,N:N,N:N,G:C,C:T,N:N,N:N,N:N,N:N,N:N,N:N,N:N,N:N,C:C,T:T,N:N,N:N,N:N,G:T,N:N,N:N,N:N,T:C,G:G
ICMX 2010807:10,N:N,T:C,N:N,A:T,A:A,N:N,N:N,N:N,N:N,G:C,C:T,N:N,N:N,N:N,N:N,N:N,N:N,N:N,N:N,C:C,T:T,N:N,N:N,N:N,G:T,N:N,N:N,N:N,T:C,G:G
ICMX 2010807:11,N:N,T:C,N:N,A:T,A:A,N:N,N:N,N:N,N:N,G:C,C:T,N:N,N:N,N:N,N:N,N:N,N:N,N:N,N:N,C:C,?,N:N,N:N,N:N,?,N:N,N:N,N:N,T:C,G:G
ICMX 2010807:12,N:N,T:C,N:N,A:T,A:A,N:N,N:N,N:N,N:N,G:C,C:T,N:N,N:N,N:N,N:N,N:N,N:N,N:N,N:N,C:C,T:T,N:N,N:N,N:N,G:T,N:N,N:N,N:N,T:C,G:G
ICMX 2010807:13,N:N,T:C,N:N,A:T,A:A,N:N,N:N,N:N,N:N,G:C,C:T,N:N,N:N,N:N,N:N,N:N,N:N,N:N,N:N,C:C,T:T,N:N,N:N,N:N,G:T,N:N,N:N,N:N,T:C,G:G
ICMX 2010807:2,N:N,T:C,N:N,A:T,A:A,N:N,N:N,N:N,N:N,G:C,C:T,N:N,N:N,N:N,N:N,N:N,N:N,N:N,N:N,C:C,T:T,N:N,N:N,N:N,G:T,N:N,N:N,N:N,T:C,G:G
ICMX 2010807:3,N:N,T:C,N:N,A:T,A:A,N:N,N:N,N:N,N:N,?,C:T,N:N,N:N,N:N,N:N,N:N,N:N,N:N,N:N,C:C,C:C,N:N,N:N,N:N,T:T,N:N,N:N,N:N,C:C,?
ICMX 2010807:4,N:N,T:C,N:N,?,A:A,N:N,N:N,N:N,N:N,?,C:T,N:N,N:N,N:N,N:N,N:N,N:N,N:N,N:N,C:C,C:C,N:N,N:N,N:N,?,N:N,N:N,N:N,?,?
ICMX 2010807:5,N:N,T:C,N:N,A:T,A:A,N:N,N:N,N:N,N:N,G:C,C:T,N:N,N:N,N:N,N:N,N:N,N:N,N:N,N:N,C:C,T:T,N:N,N:N,N:N,G:T,N:N,N:N,N:N,T:C,G:G
ICMX 2010807:6,N:N,T:C,N:N,A:T,A:A,N:N,N:N,N:N,N:N,G:C,C:T,N:N,N:N,N:N,N:N,N:N,N:N,N:N,N:N,C:C,Uncallable,N:N,N:N,N:N,G:T,N:N,N:N,N:N,T:C,G:G
ICMX 2010807:7,N:N,T:C,N:N,A:T,A:A,N:N,N:N,N:N,N:N,G:C,C:T,N:N,N:N,N:N,N:N,N:N,N:N,N:N,N:N,C:C,C:T,N:N,N:N,N:N,G:T,N:N,N:N,N:N,T:C,A:G
ICMX 2010807:8,N:N,T:C,N:N,A:T,A:A,N:N,N:N,N:N,N:N,G:C,C:T,N:N,N:N,N:N,N:N,N:N,N:N,N:N,N:N,C:C,T:T,N:N,N:N,N:N,G:T,N:N,N:N,N:N,T:C,G:G
ICMX 2010807:9,N:N,T:C,N:N,A:T,A:A,N:N,N:N,N:N,N:N,G:C,C:T,N:N,N:N,N:N,N:N,N:N,N:N,N:N,N:N,C:C,T:T,N:N,N:N,N:N,G:T,N:N,N:N,N:N,T:C,G:G
ICMX 2010808:1,N:N,T:C,N:N,A:T,A:G,N:N,N:N,N:N,N:N,C:C,C:C,N:N,N:N,N:N,N:N,N:N,N:N,N:N,N:N,G:C,C:C,N:N,N:N,N:N,G:G,N:N,N:N,N:N,T:C,A:G
ICMX 2010808:10,N:N,T:C,N:N,A:T,A:G,N:N,N:N,N:N,N:N,C:C,C:C,N:N,N:N,N:N,N:N,N:N,N:N,N:N,N:N,G:C,C:C,N:N,N:N,N:N,G:G,N:N,N:N,N:N,T:C,A:G
ICMX 2010808:11,N:N,T:C,N:N,A:T,A:G,N:N,N:N,N:N,N:N,C:C,C:C,N:N,N:N,N:N,N:N,N:N,N:N,N:N,N:N,G:C,C:C,N:N,N:N,N:N,G:T,N:N,N:N,N:N,T:C,A:G
ICMX 2010808:12,N:N,T:C,N:N,A:T,A:G,N:N,N:N,N:N,N:N,C:C,C:C,N:N,N:N,N:N,N:N,N:N,N:N,N:N,N:N,G:C,C:C,N:N,N:N,N:N,G:G,N:N,N:N,N:N,T:C,A:G
ICMX 2010808:2,N:N,T:C,N:N,A:T,A:G,N:N,N:N,N:N,N:N,C:C,C:C,N:N,N:N,N:N,N:N,N:N,N:N,N:N,N:N,G:C,C:C,N:N,N:N,N:N,?,N:N,N:N,N:N,Uncallable,?
ICMX 2010808:3,N:N,T:C,N:N,A:T,A:G,N:N,N:N,N:N,N:N,C:C,C:C,N:N,N:N,N:N,N:N,N:N,N:N,N:N,N:N,G:C,C:C,N:N,N:N,N:N,?,N:N,N:N,N:N,C:C,?
ICMX 2010808:4,N:N,T:C,N:N,A:T,A:G,N:N,N:N,N:N,N:N,C:C,C:C,N:N,N:N,N:N,N:N,N:N,N:N,N:N,N:N,G:C,C:C,N:N,N:N,N:N,G:G,N:N,N:N,N:N,T:C,A:G
ICMX 2010808:5,N:N,T:C,N:N,A:T,A:G,N:N,N:N,N:N,N:N,C:C,C:C,N:N,N:N,N:N,N:N,N:N,N:N,N:N,N:N,G:C,C:C,N:N,N:N,N:N,G:G,N:N,N:N,N:N,T:C,A:G
ICMX 2010808:6,N:N,T:C,N:N,A:T,A:G,N:N,N:N,N:N,N:N,C:C,C:C,N:N,N:N,N:N,N:N,N:N,N:N,N:N,N:N,G:C,C:C,N:N,N:N,N:N,?,N:N,N:N,N:N,C:C,?
ICMX 2010808:7,N:N,T:T,N:N,T:T,G:G,N:N,N:N,N:N,N:N,C:C,C:C,N:N,N:N,N:N,N:N,N:N,N:N,N:N,N:N,C:C,T:T,N:N,N:N,N:N,G:G,N:N,N:N,N:N,C:C,G:G
ICMX 2010808:8,N:N,T:C,N:N,A:T,A:G,N:N,N:N,N:N,N:N,C:C,C:C,N:N,N:N,N:N,N:N,N:N,N:N,N:N,N:N,G:C,C:C,N:N,N:N,N:N,G:G,N:N,N:N,N:N,T:C,A:G
ICMX 2010808:9,N:N,T:C,N:N,A:T,A:G,N:N,N:N,N:N,N:N,C:C,C:C,N:N,N:N,N:N,N:N,N:N,N:N,N:N,N:N,G:C,C:C,N:N,N:N,N:N,?,N:N,N:N,N:N,?,?
ICMX 2010809:1,N:N,T:C,N:N,A:T,A:A,N:N,N:N,N:N,N:N,G:C,C:T,N:N,N:N,N:N,N:N,N:N,N:N,N:N,N:N,C:C,T:T,N:N,N:N,N:N,G:T,N:N,N:N,N:N,T:T,A:A
ICMX 2010809:10,N:N,T:C,N:N,A:T,A:A,N:N,N:N,N:N,N:N,G:C,C:T,N:N,N:N,N:N,N:N,N:N,N:N,N:N,N:N,C:C,T:T,N:N,N:N,N:N,G:T,N:N,N:N,N:N,T:T,A:A
ICMX 2010809:11,N:N,T:C,N:N,A:T,A:A,N:N,N:N,N:N,N:N,G:C,C:T,N:N,N:N,N:N,N:N,N:N,N:N,N:N,N:N,C:C,T:T,N:N,N:N,N:N,G:T,N:N,N:N,N:N,T:T,A:A
ICMX 2010809:12,N:N,T:C,N:N,A:T,A:A,N:N,N:N,N:N,N:N,G:C,C:T,N:N,N:N,N:N,N:N,N:N,N:N,N:N,N:N,C:C,T:T,N:N,N:N,N:N,G:T,N:N,N:N,N:N,T:T,A:A
ICMX 2010809:2,N:N,T:C,N:N,A:T,A:A,N:N,N:N,N:N,N:N,?,C:T,N:N,N:N,N:N,N:N,N:N,N:N,N:N,N:N,C:C,?,N:N,N:N,N:N,T:T,N:N,N:N,N:N,?,?
ICMX 2010809:3,N:N,T:C,N:N,A:T,A:A,N:N,N:N,N:N,N:N,G:C,C:T,N:N,N:N,N:N,N:N,N:N,N:N,N:N,N:N,C:C,T:T,N:N,N:N,N:N,G:T,N:N,N:N,N:N,T:T,A:A
ICMX 2010809:4,N:N,T:C,N:N,A:T,A:A,N:N,N:N,N:N,N:N,G:C,C:T,N:N,N:N,N:N,N:N,N:N,N:N,N:N,N:N,C:C,T:T,N:N,N:N,N:N,G:T,N:N,N:N,N:N,T:T,A:A
ICMX 2010809:5,N:N,T:C,N:N,A:T,A:A,N:N,N:N,N:N,N:N,G:C,C:T,N:N,N:N,N:N,N:N,N:N,N:N,N:N,N:N,C:C,C:T,N:N,N:N,N:N,G:T,N:N,N:N,N:N,T:T,A:A
ICMX 2010809:6,N:N,T:C,N:N,A:T,A:A,N:N,N:N,N:N,N:N,G:C,C:T,N:N,N:N,N:N,N:N,N:N,N:N,N:N,N:N,C:C,C:T,N:N,N:N,N:N,G:T,N:N,N:N,N:N,T:T,A:A
ICMX 2010809:7,N:N,T:C,N:N,A:T,A:A,N:N,N:N,N:N,N:N,G:C,C:T,N:N,N:N,N:N,N:N,N:N,N:N,N:N,N:N,C:C,T:T,N:N,N:N,N:N,T:T,N:N,N:N,N:N,T:T,A:A
ICMX 2010809:8,N:N,T:C,N:N,A:T,A:A,N:N,N:N,N:N,N:N,G:C,C:T,N:N,N:N,N:N,N:N,N:N,N:N,N:N,N:N,C:C,C:T,N:N,N:N,N:N,G:T,N:N,N:N,N:N,T:T,A:A
ICMX 2010809:9,N:N,T:C,N:N,A:T,A:A,N:N,N:N,N:N,N:N,G:C,C:T,N:N,N:N,N:N,N:N,N:N,N:N,N:N,N:N,C:C,C:T,N:N,N:N,N:N,G:T,N:N,N:N,N:N,T:T,A:A
ICMX 2010810:1,N:N,C:C,N:N,A:A,A:A,N:N,N:N,N:N,N:N,C:C,T:T,N:N,N:N,N:N,N:N,N:N,N:N,N:N,N:N,C:C,T:T,N:N,N:N,N:N,G:G,N:N,N:N,N:N,C:C,G:G
ICMX 2010810:10,N:N,C:C,N:N,A:A,A:A,N:N,N:N,N:N,N:N,C:C,C:T,N:N,N:N,N:N,N:N,N:N,N:N,N:N,N:N,C:C,T:T,N:N,N:N,N:N,?,N:N,N:N,N:N,Uncallable,?
ICMX 2010810:11,N:N,C:C,N:N,A:A,A:A,N:N,N:N,N:N,N:N,C:C,T:T,N:N,N:N,N:N,N:N,N:N,N:N,N:N,N:N,C:C,T:T,N:N,N:N,N:N,G:G,N:N,N:N,N:N,C:C,G:G
ICMX 2010810:12,N:N,C:C,N:N,A:A,A:A,N:N,N:N,N:N,N:N,C:C,C:T,N:N,N:N,N:N,N:N,N:N,N:N,N:N,N:N,C:C,T:T,N:N,N:N,N:N,G:T,N:N,N:N,N:N,T:C,A:G
ICMX 2010810:2,N:N,C:C,N:N,?,A:A,N:N,N:N,N:N,N:N,?,C:T,N:N,N:N,N:N,N:N,N:N,N:N,N:N,N:N,C:C,T:T,N:N,N:N,N:N,T:T,N:N,N:N,N:N,?,?
ICMX 2010810:3,N:N,C:C,N:N,A:A,Uncallable,N:N,N:N,N:N,N:N,C:C,Uncallable,N:N,N:N,N:N,N:N,N:N,N:N,N:N,N:N,C:C,T:T,N:N,N:N,N:N,G:G,N:N,N:N,N:N,C:C,G:G
ICMX 2010810:4,N:N,C:C,N:N,A:A,A:A,N:N,N:N,N:N,N:N,C:C,C:T,N:N,N:N,N:N,N:N,N:N,N:N,N:N,N:N,C:C,T:T,N:N,N:N,N:N,G:T,N:N,N:N,N:N,C:C,?
ICMX 2010810:5,N:N,C:C,N:N,A:A,A:A,N:N,N:N,N:N,N:N,C:C,C:T,N:N,N:N,N:N,N:N,N:N,N:N,N:N,N:N,C:C,C:C,N:N,N:N,N:N,G:T,N:N,N:N,N:N,T:C,A:G
ICMX 2010810:6,N:N,C:C,N:N,A:A,A:A,N:N,N:N,N:N,N:N,C:C,C:T,N:N,N:N,N:N,N:N,N:N,N:N,N:N,N:N,C:C,T:T,N:N,N:N,N:N,G:T,N:N,N:N,N:N,T:C,A:G
ICMX 2010810:7,N:N,C:C,N:N,A:A,A:A,N:N,N:N,N:N,N:N,C:C,C:T,N:N,N:N,N:N,N:N,N:N,N:N,N:N,N:N,C:C,T:T,N:N,N:N,N:N,G:T,N:N,N:N,N:N,T:C,A:G
ICMX 2010810:8,N:N,C:C,N:N,A:A,A:A,N:N,N:N,N:N,N:N,C:C,C:T,N:N,N:N,N:N,N:N,N:N,N:N,N:N,N:N,C:C,T:T,N:N,N:N,N:N,G:T,N:N,N:N,N:N,T:C,A:G
ICMX 2010810:9,N:N,C:C,N:N,A:A,A:A,N:N,N:N,N:N,N:N,C:C,T:T,N:N,N:N,N:N,N:N,N:N,N:N,N:N,N:N,C:C,T:T,N:N,N:N,N:N,G:G,N:N,N:N,N:N,C:C,G:G
ICMX 2010811:1,N:N,T:C,N:N,T:T,G:G,N:N,N:N,N:N,N:N,G:G,C:C,N:N,N:N,N:N,N:N,N:N,N:N,N:N,N:N,C:C,T:T,N:N,N:N,N:N,T:T,N:N,N:N,N:N,C:C,?
ICMX 2010811:10,N:N,T:C,N:N,T:T,G:G,N:N,N:N,N:N,N:N,G:G,C:C,N:N,N:N,N:N,N:N,N:N,N:N,N:N,N:N,C:C,T:T,N:N,N:N,N:N,T:T,N:N,N:N,N:N,T:C,A:A
ICMX 2010811:11,N:N,T:C,N:N,T:T,G:G,N:N,N:N,N:N,N:N,G:G,C:C,N:N,N:N,N:N,N:N,N:N,N:N,N:N,N:N,C:C,T:T,N:N,N:N,N:N,T:T,N:N,N:N,N:N,T:C,A:A
ICMX 2010811:12,N:N,T:C,N:N,?,G:G,N:N,N:N,N:N,N:N,?,C:C,N:N,N:N,N:N,N:N,N:N,N:N,N:N,N:N,C:C,?,N:N,N:N,N:N,?,N:N,N:N,N:N,?,?
ICMX 2010811:2,N:N,T:C,N:N,T:T,G:G,N:N,N:N,N:N,N:N,G:G,C:C,N:N,N:N,N:N,N:N,N:N,N:N,N:N,N:N,C:C,T:T,N:N,N:N,N:N,T:T,N:N,N:N,N:N,T:C,A:A
ICMX 2010811:3,N:N,T:C,N:N,T:T,G:G,N:N,N:N,N:N,N:N,G:G,C:C,N:N,N:N,N:N,N:N,N:N,N:N,N:N,N:N,C:C,T:T,N:N,N:N,N:N,T:T,N:N,N:N,N:N,T:C,A:A
ICMX 2010811:4,N:N,T:C,N:N,T:T,G:G,N:N,N:N,N:N,N:N,G:G,C:C,N:N,N:N,N:N,N:N,N:N,N:N,N:N,N:N,C:C,T:T,N:N,N:N,N:N,?,N:N,N:N,N:N,C:C,A:G
ICMX 2010811:5,N:N,T:C,N:N,T:T,G:G,N:N,N:N,N:N,N:N,G:G,C:C,N:N,N:N,N:N,N:N,N:N,N:N,N:N,N:N,C:C,C:T,N:N,N:N,N:N,T:T,N:N,N:N,N:N,T:C,A:A
ICMX 2010811:6,N:N,T:C,N:N,T:T,G:G,N:N,N:N,N:N,N:N,G:G,C:C,N:N,N:N,N:N,N:N,N:N,N:N,N:N,N:N,C:C,C:C,N:N,N:N,N:N,T:T,N:N,N:N,N:N,C:C,?
ICMX 2010811:7,N:N,T:C,N:N,T:T,G:G,N:N,N:N,N:N,N:N,G:G,C:C,N:N,N:N,N:N,N:N,N:N,N:N,N:N,N:N,C:C,C:T,N:N,N:N,N:N,T:T,N:N,N:N,N:N,T:C,A:A
ICMX 2010811:8,N:N,T:C,N:N,T:T,G:G,N:N,N:N,N:N,N:N,G:G,C:C,N:N,N:N,N:N,N:N,N:N,N:N,N:N,N:N,C:C,T:T,N:N,N:N,N:N,?,N:N,N:N,N:N,C:C,?
ICMX 2010811:9,N:N,T:C,N:N,?,?,N:N,N:N,N:N,N:N,?,C:C,N:N,N:N,N:N,N:N,N:N,N:N,N:N,N:N,?,?,N:N,N:N,N:N,?,N:N,N:N,N:N,?,?
ICMX 2010812:1,N:N,T:C,N:N,A:T,A:G,N:N,N:N,N:N,N:N,G:C,C:T,N:N,N:N,N:N,N:N,N:N,N:N,N:N,N:N,C:C,T:T,N:N,N:N,N:N,?,N:N,N:N,N:N,C:C,?
ICMX 2010812:2,N:N,T:C,N:N,A:T,A:G,N:N,N:N,N:N,N:N,?,C:T,N:N,N:N,N:N,N:N,N:N,N:N,N:N,N:N,C:C,?,N:N,N:N,N:N,?,N:N,N:N,N:N,?,?
ICMX 2010812:3,N:N,T:C,N:N,A:T,A:G,N:N,N:N,N:N,N:N,G:C,C:T,N:N,N:N,N:N,N:N,N:N,N:N,N:N,N:N,C:C,T:T,N:N,N:N,N:N,G:T,N:N,N:N,N:N,C:C,A:G
ICMX 2010812:4,N:N,T:C,N:N,A:T,A:G,N:N,N:N,N:N,N:N,G:C,C:T,N:N,N:N,N:N,N:N,N:N,N:N,N:N,N:N,C:C,T:T,N:N,N:N,N:N,G:T,N:N,N:N,N:N,C:C,A:G
ICMX 2010812:5,N:N,T:C,N:N,A:T,A:G,N:N,N:N,N:N,N:N,G:C,C:T,N:N,N:N,N:N,N:N,N:N,N:N,N:N,N:N,C:C,T:T,N:N,N:N,N:N,G:T,N:N,N:N,N:N,C:C,Uncallable
ICMX 2010812:6,N:N,T:C,N:N,A:T,A:G,N:N,N:N,N:N,N:N,G:C,C:T,N:N,N:N,N:N,N:N,N:N,N:N,N:N,N:N,C:C,Uncallable,N:N,N:N,N:N,T:T,N:N,N:N,N:N,C:C,A:A
ICMX 2010812:7,N:N,T:C,N:N,A:T,A:G,N:N,N:N,N:N,N:N,G:C,C:T,N:N,N:N,N:N,N:N,N:N,N:N,N:N,N:N,C:C,T:T,N:N,N:N,N:N,G:T,N:N,N:N,N:N,C:C,A:G
ICMX 2010812:8,N:N,T:C,N:N,A:T,A:G,N:N,N:N,N:N,N:N,G:C,C:T,N:N,N:N,N:N,N:N,N:N,N:N,N:N,N:N,C:C,C:C,N:N,N:N,N:N,T:T,N:N,N:N,N:N,C:C,?
ICMX 2010813:1,N:N,C:C,N:N,T:T,A:A,N:N,N:N,N:N,N:N,G:C,C:C,N:N,N:N,N:N,N:N,N:N,N:N,N:N,N:N,C:C,T:T,N:N,N:N,N:N,T:T,N:N,N:N,N:N,T:C,G:G
ICMX 2010813:2,N:N,C:C,N:N,T:T,A:A,N:N,N:N,N:N,N:N,G:C,C:C,N:N,N:N,N:N,N:N,N:N,N:N,N:N,N:N,C:C,T:T,N:N,N:N,N:N,T:T,N:N,N:N,N:N,T:C,G:G
ICMX 2010813:3,N:N,C:C,N:N,T:T,A:A,N:N,N:N,N:N,N:N,G:C,C:C,N:N,N:N,N:N,N:N,N:N,N:N,N:N,N:N,C:C,T:T,N:N,N:N,N:N,T:T,N:N,N:N,N:N,T:C,G:G
ICMX 2010813:4,N:N,C:C,N:N,T:T,A:A,N:N,N:N,N:N,N:N,G:G,C:C,N:N,N:N,N:N,N:N,N:N,N:N,N:N,N:N,C:C,T:T,N:N,N:N,N:N,T:T,N:N,N:N,N:N,T:T,G:G
ICMX 2010813:5,N:N,C:C,N:N,T:T,A:A,N:N,N:N,N:N,N:N,G:C,C:C,N:N,N:N,N:N,N:N,N:N,N:N,N:N,N:N,C:C,T:T,N:N,N:N,N:N,T:T,N:N,N:N,N:N,T:C,G:G
ICMX 2010813:6,N:N,C:C,N:N,T:T,A:A,N:N,N:N,N:N,N:N,G:C,C:C,N:N,N:N,N:N,N:N,N:N,N:N,N:N,N:N,C:C,T:T,N:N,N:N,N:N,T:T,N:N,N:N,N:N,T:T,G:G
ICMX 2010814:1,N:N,C:C,N:N,A:A,A:A,N:N,N:N,N:N,N:N,C:C,C:C,N:N,N:N,N:N,N:N,N:N,N:N,N:N,N:N,G:C,C:C,N:N,N:N,N:N,G:T,N:N,N:N,N:N,T:T,A:A
ICMX 2010814:10,N:N,C:C,N:N,A:A,A:A,N:N,N:N,N:N,N:N,C:C,C:C,N:N,N:N,N:N,N:N,N:N,N:N,N:N,N:N,G:C,C:C,N:N,N:N,N:N,G:T,N:N,N:N,N:N,T:T,A:A
ICMX 2010814:11,N:N,C:C,N:N,A:A,A:A,N:N,N:N,N:N,N:N,C:C,C:C,N:N,N:N,N:N,N:N,N:N,N:N,N:N,N:N,G:C,C:C,N:N,N:N,N:N,G:T,N:N,N:N,N:N,T:T,A:A
ICMX 2010814:12,N:N,C:C,N:N,A:A,A:A,N:N,N:N,N:N,N:N,C:C,C:C,N:N,N:N,N:N,N:N,N:N,N:N,N:N,N:N,G:C,C:C,N:N,N:N,N:N,G:T,N:N,N:N,N:N,T:T,A:A
ICMX 2010814:13,N:N,C:C,N:N,A:A,A:A,N:N,N:N,N:N,N:N,C:C,C:C,N:N,N:N,N:N,N:N,N:N,N:N,N:N,N:N,G:C,C:C,N:N,N:N,N:N,G:T,N:N,N:N,N:N,T:T,A:A
ICMX 2010814:14,N:N,C:C,N:N,A:A,A:A,N:N,N:N,N:N,N:N,C:C,C:C,N:N,N:N,N:N,N:N,N:N,N:N,N:N,N:N,G:C,C:C,N:N,N:N,N:N,G:T,N:N,N:N,N:N,T:T,A:A
ICMX 2010814:2,N:N,C:C,N:N,A:A,A:A,N:N,N:N,N:N,N:N,C:C,C:C,N:N,N:N,N:N,N:N,N:N,N:N,N:N,N:N,G:C,C:C,N:N,N:N,N:N,G:T,N:N,N:N,N:N,T:T,A:A
ICMX 2010814:3,N:N,C:C,N:N,A:A,A:A,N:N,N:N,N:N,N:N,C:C,C:C,N:N,N:N,N:N,N:N,N:N,N:N,N:N,N:N,G:C,C:C,N:N,N:N,N:N,G:T,N:N,N:N,N:N,T:T,A:A
ICMX 2010814:4,N:N,C:C,N:N,A:A,A:A,N:N,N:N,N:N,N:N,C:C,C:C,N:N,N:N,N:N,N:N,N:N,N:N,N:N,N:N,G:C,C:C,N:N,N:N,N:N,G:T,N:N,N:N,N:N,T:T,A:A
ICMX 2010814:5,N:N,C:C,N:N,A:A,A:A,N:N,N:N,N:N,N:N,C:C,C:C,N:N,N:N,N:N,N:N,N:N,N:N,N:N,N:N,G:C,C:C,N:N,N:N,N:N,G:T,N:N,N:N,N:N,T:T,A:A
ICMX 2010814:6,N:N,C:C,N:N,A:A,A:A,N:N,N:N,N:N,N:N,C:C,C:C,N:N,N:N,N:N,N:N,N:N,N:N,N:N,N:N,G:C,C:C,N:N,N:N,N:N,G:T,N:N,N:N,N:N,T:T,A:A
ICMX 2010814:7,N:N,C:C,N:N,A:A,A:A,N:N,N:N,N:N,N:N,C:C,C:C,N:N,N:N,N:N,N:N,N:N,N:N,N:N,N:N,G:C,C:C,N:N,N:N,N:N,?,N:N,N:N,N:N,T:T,?
ICMX 2010814:8,N:N,C:C,N:N,A:A,A:A,N:N,N:N,N:N,N:N,C:C,C:C,N:N,N:N,N:N,N:N,N:N,N:N,N:N,N:N,G:C,C:C,N:N,N:N,N:N,G:T,N:N,N:N,N:N,T:T,A:A
ICMX 2010814:9,N:N,C:C,N:N,A:A,A:A,N:N,N:N,N:N,N:N,C:C,C:C,N:N,N:N,N:N,N:N,N:N,N:N,N:N,N:N,G:C,C:C,N:N,N:N,N:N,G:T,N:N,N:N,N:N,T:T,A:A
ICMX 2010815:1,N:N,T:C,N:N,A:T,A:G,N:N,N:N,N:N,N:N,G:C,C:C,N:N,N:N,N:N,N:N,N:N,N:N,N:N,N:N,G:C,C:C,N:N,N:N,N:N,G:T,N:N,N:N,N:N,T:C,A:A
ICMX 2010815:2,N:N,T:C,N:N,A:T,A:G,N:N,N:N,N:N,N:N,G:C,C:C,N:N,N:N,N:N,N:N,N:N,N:N,N:N,N:N,G:C,C:C,N:N,N:N,N:N,G:T,N:N,N:N,N:N,T:C,A:A
ICMX 2010815:3,N:N,?,N:N,?,?,N:N,N:N,N:N,N:N,?,C:C,N:N,N:N,N:N,N:N,N:N,N:N,N:N,N:N,?,?,N:N,N:N,N:N,?,N:N,N:N,N:N,?,?
ICMX 2010815:4,N:N,T:C,N:N,A:T,A:G,N:N,N:N,N:N,N:N,G:C,C:C,N:N,N:N,N:N,N:N,N:N,N:N,N:N,N:N,G:C,C:C,N:N,N:N,N:N,T:T,N:N,N:N,N:N,C:C,A:A
ICMX 2010815:5,N:N,T:C,N:N,A:T,A:G,N:N,N:N,N:N,N:N,G:C,C:C,N:N,N:N,N:N,N:N,N:N,N:N,N:N,N:N,G:C,C:C,N:N,N:N,N:N,G:T,N:N,N:N,N:N,T:C,A:A
ICMX 2010815:6,N:N,T:C,N:N,A:T,A:G,N:N,N:N,N:N,N:N,G:C,C:C,N:N,N:N,N:N,N:N,N:N,N:N,N:N,N:N,G:C,C:C,N:N,N:N,N:N,G:T,N:N,N:N,N:N,T:C,A:A
ICMX 2010815:7,N:N,T:C,N:N,A:T,A:G,N:N,N:N,N:N,N:N,G:C,C:C,N:N,N:N,N:N,N:N,N:N,N:N,N:N,N:N,G:C,C:C,N:N,N:N,N:N,G:T,N:N,N:N,N:N,T:C,A:A
ICMX 2010815:8,N:N,T:C,N:N,A:T,A:G,N:N,N:N,N:N,N:N,G:C,C:C,N:N,N:N,N:N,N:N,N:N,N:N,N:N,N:N,G:C,C:C,N:N,N:N,N:N,G:T,N:N,N:N,N:N,T:C,A:A
ICMX 2010815:9,N:N,T:C,N:N,A:T,A:G,N:N,N:N,N:N,N:N,G:C,C:C,N:N,N:N,N:N,N:N,N:N,N:N,N:N,N:N,G:C,C:C,N:N,N:N,N:N,G:T,N:N,N:N,N:N,T:C,A:A
ICMX 2010816:1,N:N,C:C,N:N,A:T,A:A,N:N,N:N,N:N,N:N,C:C,C:T,N:N,N:N,N:N,N:N,N:N,N:N,N:N,N:N,G:C,C:C,N:N,N:N,N:N,T:T,N:N,N:N,N:N,T:C,G:G
ICMX 2010816:2,N:N,C:C,N:N,A:T,A:A,N:N,N:N,N:N,N:N,C:C,C:T,N:N,N:N,N:N,N:N,N:N,N:N,N:N,N:N,G:C,C:C,N:N,N:N,N:N,T:T,N:N,N:N,N:N,C:C,?
ICMX 2010816:3,N:N,C:C,N:N,A:T,A:A,N:N,N:N,N:N,N:N,C:C,C:T,N:N,N:N,N:N,N:N,N:N,N:N,N:N,N:N,C:C,C:C,N:N,N:N,N:N,T:T,N:N,N:N,N:N,T:C,G:G
ICMX 2010816:4,N:N,T:C,N:N,A:T,A:A,N:N,N:N,N:N,N:N,?,C:T,N:N,N:N,N:N,N:N,N:N,N:N,N:N,N:N,?,C:C,N:N,N:N,N:N,T:T,N:N,N:N,N:N,?,A:A
ICMX 2010816:5,N:N,C:C,N:N,A:T,A:A,N:N,N:N,N:N,N:N,C:C,C:T,N:N,N:N,N:N,N:N,N:N,N:N,N:N,N:N,G:C,C:C,N:N,N:N,N:N,T:T,N:N,N:N,N:N,T:C,G:G
ICMX 2010816:6,N:N,C:C,N:N,T:T,A:G,N:N,N:N,N:N,N:N,?,C:T,N:N,N:N,N:N,N:N,N:N,N:N,N:N,N:N,G:C,C:C,N:N,N:N,N:N,?,N:N,N:N,N:N,?,?
ICMX 2010816:7,N:N,C:C,N:N,A:T,A:A,N:N,N:N,N:N,N:N,C:C,C:T,N:N,N:N,N:N,N:N,N:N,N:N,N:N,N:N,C:C,C:C,N:N,N:N,N:N,T:T,N:N,N:N,N:N,T:C,G:G
ICMX 2010817:1,N:N,T:C,N:N,A:T,A:G,N:N,N:N,N:N,N:N,G:C,T:T,N:N,N:N,N:N,N:N,N:N,N:N,N:N,N:N,G:C,C:C,N:N,N:N,N:N,G:G,N:N,N:N,N:N,T:T,G:G
ICMX 2010817:10,N:N,T:C,N:N,A:T,A:G,N:N,N:N,N:N,N:N,G:C,T:T,N:N,N:N,N:N,N:N,N:N,N:N,N:N,N:N,G:C,C:C,N:N,N:N,N:N,T:T,N:N,N:N,N:N,T:T,G:G
ICMX 2010817:11,N:N,T:C,N:N,A:T,A:G,N:N,N:N,N:N,N:N,G:C,T:T,N:N,N:N,N:N,N:N,N:N,N:N,N:N,N:N,G:C,C:C,N:N,N:N,N:N,G:G,N:N,N:N,N:N,T:T,G:G
ICMX 2010817:12,N:N,T:C,N:N,A:T,A:G,N:N,N:N,N:N,N:N,G:C,T:T,N:N,N:N,N:N,N:N,N:N,N:N,N:N,N:N,G:C,Uncallable,N:N,N:N,N:N,G:T,N:N,N:N,N:N,?,Uncallable
ICMX 2010817:13,N:N,T:C,N:N,A:T,A:G,N:N,N:N,N:N,N:N,G:C,T:T,N:N,N:N,N:N,N:N,N:N,N:N,N:N,N:N,G:C,C:C,N:N,N:N,N:N,G:G,N:N,N:N,N:N,T:T,G:G
ICMX 2010817:14,N:N,T:C,N:N,A:T,A:G,N:N,N:N,N:N,N:N,G:C,T:T,N:N,N:N,N:N,N:N,N:N,N:N,N:N,N:N,G:C,C:C,N:N,N:N,N:N,G:G,N:N,N:N,N:N,T:T,G:G
ICMX 2010817:15,N:N,T:C,N:N,A:T,A:G,N:N,N:N,N:N,N:N,G:C,T:T,N:N,N:N,N:N,N:N,N:N,N:N,N:N,N:N,G:C,C:C,N:N,N:N,N:N,G:G,N:N,N:N,N:N,T:T,G:G
ICMX 2010817:2,N:N,C:C,N:N,T:T,A:A,N:N,N:N,N:N,N:N,C:C,T:T,N:N,N:N,N:N,N:N,N:N,N:N,N:N,N:N,G:G,C:C,N:N,N:N,N:N,G:G,N:N,N:N,N:N,T:T,G:G
ICMX 2010817:3,N:N,T:C,N:N,A:T,A:G,N:N,N:N,N:N,N:N,G:C,T:T,N:N,N:N,N:N,N:N,N:N,N:N,N:N,N:N,G:C,C:C,N:N,N:N,N:N,G:G,N:N,N:N,N:N,T:T,G:G
ICMX 2010817:4,N:N,C:C,N:N,T:T,A:A,N:N,N:N,N:N,N:N,C:C,T:T,N:N,N:N,N:N,N:N,N:N,N:N,N:N,N:N,G:G,C:C,N:N,N:N,N:N,G:G,N:N,N:N,N:N,C:C,G:G
ICMX 2010817:5,N:N,T:C,N:N,A:T,A:G,N:N,N:N,N:N,N:N,G:C,T:T,N:N,N:N,N:N,N:N,N:N,N:N,N:N,N:N,G:C,C:C,N:N,N:N,N:N,G:G,N:N,N:N,N:N,T:T,G:G
ICMX 2010817:6,N:N,T:C,N:N,A:T,A:G,N:N,N:N,N:N,N:N,G:C,T:T,N:N,N:N,N:N,N:N,N:N,N:N,N:N,N:N,G:C,C:C,N:N,N:N,N:N,G:G,N:N,N:N,N:N,T:T,G:G
ICMX 2010817:7,N:N,T:C,N:N,A:T,A:G,N:N,N:N,N:N,N:N,G:C,T:T,N:N,N:N,N:N,N:N,N:N,N:N,N:N,N:N,G:C,C:C,N:N,N:N,N:N,G:G,N:N,N:N,N:N,T:T,G:G
ICMX 2010817:8,N:N,T:C,N:N,A:T,A:G,N:N,N:N,N:N,N:N,G:C,T:T,N:N,N:N,N:N,N:N,N:N,N:N,N:N,N:N,G:C,C:C,N:N,N:N,N:N,G:G,N:N,N:N,N:N,T:T,G:G
ICMX 2010817:9,N:N,T:C,N:N,A:T,A:G,N:N,N:N,N:N,N:N,G:C,T:T,N:N,N:N,N:N,N:N,N:N,N:N,N:N,N:N,G:C,C:C,N:N,N:N,N:N,G:G,N:N,N:N,N:N,T:T,G:G
ICMX 2010818:1,N:N,T:C,N:N,A:T,A:G,N:N,N:N,N:N,N:N,G:G,T:T,N:N,N:N,N:N,N:N,N:N,N:N,N:N,N:N,C:C,C:C,N:N,N:N,N:N,?,N:N,N:N,N:N,?,A:A
ICMX 2010818:10,N:N,T:C,N:N,A:T,A:G,N:N,N:N,N:N,N:N,G:G,T:T,N:N,N:N,N:N,N:N,N:N,N:N,N:N,N:N,C:C,C:C,N:N,N:N,N:N,G:G,N:N,N:N,N:N,T:C,A:A
ICMX 2010818:11,N:N,T:C,N:N,A:T,A:G,N:N,N:N,N:N,N:N,G:G,T:T,N:N,N:N,N:N,N:N,N:N,N:N,N:N,N:N,C:C,C:C,N:N,N:N,N:N,G:G,N:N,N:N,N:N,T:C,A:A
ICMX 2010818:12,N:N,T:C,N:N,A:T,A:G,N:N,N:N,N:N,N:N,G:G,T:T,N:N,N:N,N:N,N:N,N:N,N:N,N:N,N:N,C:C,C:C,N:N,N:N,N:N,G:G,N:N,N:N,N:N,T:C,A:A
ICMX 2010818:13,N:N,T:C,N:N,A:T,A:G,N:N,N:N,N:N,N:N,G:G,T:T,N:N,N:N,N:N,N:N,N:N,N:N,N:N,N:N,C:C,C:C,N:N,N:N,N:N,G:G,N:N,N:N,N:N,T:C,A:A
ICMX 2010818:14,N:N,T:C,N:N,A:T,A:G,N:N,N:N,N:N,N:N,G:G,T:T,N:N,N:N,N:N,N:N,N:N,N:N,N:N,N:N,C:C,C:C,N:N,N:N,N:N,G:G,N:N,N:N,N:N,T:C,A:A
ICMX 2010818:2,N:N,T:C,N:N,A:T,A:G,N:N,N:N,N:N,N:N,G:G,T:T,N:N,N:N,N:N,N:N,N:N,N:N,N:N,N:N,C:C,C:C,N:N,N:N,N:N,G:G,N:N,N:N,N:N,T:C,A:A
ICMX 2010818:3,N:N,T:C,N:N,A:T,A:G,N:N,N:N,N:N,N:N,G:G,T:T,N:N,N:N,N:N,N:N,N:N,N:N,N:N,N:N,C:C,C:C,N:N,N:N,N:N,G:G,N:N,N:N,N:N,T:C,A:A
ICMX 2010818:4,N:N,T:C,N:N,A:T,A:G,N:N,N:N,N:N,N:N,G:G,T:T,N:N,N:N,N:N,N:N,N:N,N:N,N:N,N:N,C:C,C:C,N:N,N:N,N:N,G:G,N:N,N:N,N:N,T:C,A:A
ICMX 2010818:5,N:N,T:C,N:N,A:T,A:G,N:N,N:N,N:N,N:N,G:G,T:T,N:N,N:N,N:N,N:N,N:N,N:N,N:N,N:N,C:C,C:C,N:N,N:N,N:N,G:G,N:N,N:N,N:N,T:C,A:A
ICMX 2010818:6,N:N,T:C,N:N,A:T,A:G,N:N,N:N,N:N,N:N,G:G,T:T,N:N,N:N,N:N,N:N,N:N,N:N,N:N,N:N,C:C,C:C,N:N,N:N,N:N,G:G,N:N,N:N,N:N,T:C,A:A
ICMX 2010818:7,N:N,T:C,N:N,?,A:G,N:N,N:N,N:N,N:N,?,T:T,N:N,N:N,N:N,N:N,N:N,N:N,N:N,N:N,C:C,C:C,N:N,N:N,N:N,?,N:N,N:N,N:N,?,?
ICMX 2010818:8,N:N,T:C,N:N,A:T,A:G,N:N,N:N,N:N,N:N,G:G,T:T,N:N,N:N,N:N,N:N,N:N,N:N,N:N,N:N,C:C,C:C,N:N,N:N,N:N,G:G,N:N,N:N,N:N,T:C,A:A
ICMX 2010818:9,N:N,T:C,N:N,A:T,A:G,N:N,N:N,N:N,N:N,Uncallable,T:T,N:N,N:N,N:N,N:N,N:N,N:N,N:N,N:N,C:C,C:C,N:N,N:N,N:N,G:G,N:N,N:N,N:N,T:C,?
ICMX 2010819:1,N:N,C:C,N:N,A:T,A:A,N:N,N:N,N:N,N:N,G:C,T:T,N:N,N:N,N:N,N:N,N:N,N:N,N:N,N:N,G:C,C:C,N:N,N:N,N:N,G:T,N:N,N:N,N:N,T:C,A:A
ICMX 2010819:10,N:N,C:C,N:N,A:T,A:A,N:N,N:N,N:N,N:N,G:C,T:T,N:N,N:N,N:N,N:N,N:N,N:N,N:N,N:N,G:C,C:C,N:N,N:N,N:N,?,N:N,N:N,N:N,C:C,?
ICMX 2010819:11,N:N,C:C,N:N,A:T,A:A,N:N,N:N,N:N,N:N,G:C,T:T,N:N,N:N,N:N,N:N,N:N,N:N,N:N,N:N,G:C,C:C,N:N,N:N,N:N,?,N:N,N:N,N:N,C:C,?
ICMX 2010819:2,N:N,C:C,N:N,T:T,A:A,N:N,N:N,N:N,N:N,G:C,T:T,N:N,N:N,N:N,N:N,N:N,N:N,N:N,N:N,G:C,C:C,N:N,N:N,N:N,G:T,N:N,N:N,N:N,T:C,A:A
ICMX 2010819:3,N:N,C:C,N:N,A:T,A:A,N:N,N:N,N:N,N:N,?,T:T,N:N,N:N,N:N,N:N,N:N,N:N,N:N,N:N,G:C,C:C,N:N,N:N,N:N,G:T,N:N,N:N,N:N,T:C,A:G
ICMX 2010819:4,N:N,C:C,N:N,A:T,A:A,N:N,N:N,N:N,N:N,G:C,T:T,N:N,N:N,N:N,N:N,N:N,N:N,N:N,N:N,G:C,C:C,N:N,N:N,N:N,G:T,N:N,N:N,N:N,T:C,A:A
ICMX 2010819:5,N:N,C:C,N:N,A:T,A:A,N:N,N:N,N:N,N:N,G:C,T:T,N:N,N:N,N:N,N:N,N:N,N:N,N:N,N:N,G:C,C:C,N:N,N:N,N:N,G:T,N:N,N:N,N:N,T:C,A:A
ICMX 2010819:6,N:N,C:C,N:N,A:T,A:A,N:N,N:N,N:N,N:N,G:C,T:T,N:N,N:N,N:N,N:N,N:N,N:N,N:N,N:N,G:C,C:C,N:N,N:N,N:N,G:T,N:N,N:N,N:N,T:C,A:A
ICMX 2010819:7,N:N,C:C,N:N,A:T,A:A,N:N,N:N,N:N,N:N,G:C,T:T,N:N,N:N,N:N,N:N,N:N,N:N,N:N,N:N,G:C,C:C,N:N,N:N,N:N,G:G,N:N,N:N,N:N,T:C,A:A
ICMX 2010819:8,N:N,C:C,N:N,A:T,A:A,N:N,N:N,N:N,N:N,G:C,T:T,N:N,N:N,N:N,N:N,N:N,N:N,N:N,N:N,G:C,C:C,N:N,N:N,N:N,G:T,N:N,N:N,N:N,T:C,A:A
ICMX 2010819:9,N:N,C:C,N:N,T:T,A:A,N:N,N:N,N:N,N:N,G:C,T:T,N:N,N:N,N:N,N:N,N:N,N:N,N:N,N:N,G:C,C:C,N:N,N:N,N:N,G:T,N:N,N:N,N:N,T:C,A:A
ICMX 2010820:1,N:N,C:C,N:N,A:A,A:A,N:N,N:N,N:N,N:N,C:C,C:T,N:N,N:N,N:N,N:N,N:N,N:N,N:N,N:N,G:C,C:C,N:N,N:N,N:N,G:G,N:N,N:N,N:N,T:C,A:G
ICMX 2010820:10,N:N,C:C,N:N,A:A,A:A,N:N,N:N,N:N,N:N,C:C,C:T,N:N,N:N,N:N,N:N,N:N,N:N,N:N,N:N,G:C,C:C,N:N,N:N,N:N,G:G,N:N,N:N,N:N,T:C,A:G
ICMX 2010820:11,N:N,C:C,N:N,A:A,A:A,N:N,N:N,N:N,N:N,C:C,C:T,N:N,N:N,N:N,N:N,N:N,N:N,N:N,N:N,G:C,C:C,N:N,N:N,N:N,T:T,N:N,N:N,N:N,C:C,?
ICMX 2010820:12,N:N,C:C,N:N,A:A,A:A,N:N,N:N,N:N,N:N,C:C,C:T,N:N,N:N,N:N,N:N,N:N,N:N,N:N,N:N,G:C,C:C,N:N,N:N,N:N,G:G,N:N,N:N,N:N,T:C,?
ICMX 2010820:2,N:N,C:C,N:N,A:A,A:A,N:N,N:N,N:N,N:N,C:C,C:T,N:N,N:N,N:N,N:N,N:N,N:N,N:N,N:N,G:C,C:C,N:N,N:N,N:N,T:T,N:N,N:N,N:N,C:C,?
ICMX 2010820:3,N:N,C:C,N:N,A:A,A:A,N:N,N:N,N:N,N:N,C:C,C:T,N:N,N:N,N:N,N:N,N:N,N:N,N:N,N:N,G:C,C:C,N:N,N:N,N:N,G:G,N:N,N:N,N:N,T:C,A:G
ICMX 2010820:4,N:N,C:C,N:N,A:A,A:A,N:N,N:N,N:N,N:N,C:C,C:T,N:N,N:N,N:N,N:N,N:N,N:N,N:N,N:N,G:C,C:C,N:N,N:N,N:N,T:T,N:N,N:N,N:N,T:C,?
ICMX 2010820:5,N:N,C:C,N:N,A:A,A:A,N:N,N:N,N:N,N:N,C:C,C:T,N:N,N:N,N:N,N:N,N:N,N:N,N:N,N:N,G:C,C:C,N:N,N:N,N:N,G:G,N:N,N:N,N:N,T:C,A:G
ICMX 2010820:6,N:N,C:C,N:N,A:A,A:A,N:N,N:N,N:N,N:N,C:C,C:T,N:N,N:N,N:N,N:N,N:N,N:N,N:N,N:N,G:C,C:C,N:N,N:N,N:N,G:G,N:N,N:N,N:N,T:C,A:G
ICMX 2010820:7,N:N,C:C,N:N,A:A,A:A,N:N,N:N,N:N,N:N,C:C,C:T,N:N,N:N,N:N,N:N,N:N,N:N,N:N,N:N,G:C,C:C,N:N,N:N,N:N,G:G,N:N,N:N,N:N,T:C,A:G
ICMX 2010820:8,N:N,C:C,N:N,A:A,A:A,N:N,N:N,N:N,N:N,C:C,C:T,N:N,N:N,N:N,N:N,N:N,N:N,N:N,N:N,G:C,C:C,N:N,N:N,N:N,G:G,N:N,N:N,N:N,T:C,Uncallable
ICMX 2010820:9,N:N,C:C,N:N,A:A,A:A,N:N,N:N,N:N,N:N,C:C,C:T,N:N,N:N,N:N,N:N,N:N,N:N,N:N,N:N,G:C,C:C,N:N,N:N,N:N,G:G,N:N,N:N,N:N,T:C,?
ICMX 2010821:1,N:N,T:C,N:N,T:T,A:G,N:N,N:N,N:N,N:N,C:C,T:T,N:N,N:N,N:N,N:N,N:N,N:N,N:N,N:N,C:C,C:C,N:N,N:N,N:N,?,N:N,N:N,N:N,T:C,A:A
ICMX 2010821:10,N:N,T:T,N:N,A:T,G:G,N:N,N:N,N:N,N:N,C:C,C:T,N:N,N:N,N:N,N:N,N:N,N:N,N:N,N:N,C:C,T:T,N:N,N:N,N:N,G:T,N:N,N:N,N:N,C:C,A:A
ICMX 2010821:2,N:N,T:T,N:N,A:T,G:G,N:N,N:N,N:N,N:N,C:C,C:T,N:N,N:N,N:N,N:N,N:N,N:N,N:N,N:N,C:C,T:T,N:N,N:N,N:N,T:T,N:N,N:N,N:N,C:C,?
ICMX 2010821:3,N:N,T:T,N:N,?,G:G,N:N,N:N,N:N,N:N,C:C,C:T,N:N,N:N,N:N,N:N,N:N,N:N,N:N,N:N,C:C,?,N:N,N:N,N:N,T:T,N:N,N:N,N:N,?,?
ICMX 2010821:4,N:N,T:T,N:N,A:T,G:G,N:N,N:N,N:N,N:N,C:C,C:T,N:N,N:N,N:N,N:N,N:N,N:N,N:N,N:N,C:C,T:T,N:N,N:N,N:N,Uncallable,N:N,N:N,N:N,C:C,A:A
ICMX 2010821:5,N:N,T:T,N:N,A:T,G:G,N:N,N:N,N:N,N:N,C:C,C:T,N:N,N:N,N:N,N:N,N:N,N:N,N:N,N:N,C:C,T:T,N:N,N:N,N:N,G:T,N:N,N:N,N:N,C:C,A:A
ICMX 2010821:6,N:N,T:T,N:N,A:T,G:G,N:N,N:N,N:N,N:N,C:C,C:T,N:N,N:N,N:N,N:N,N:N,N:N,N:N,N:N,C:C,T:T,N:N,N:N,N:N,G:T,N:N,N:N,N:N,C:C,A:A
ICMX 2010821:7,N:N,T:T,N:N,A:T,G:G,N:N,N:N,N:N,N:N,C:C,C:T,N:N,N:N,N:N,N:N,N:N,N:N,N:N,N:N,C:C,T:T,N:N,N:N,N:N,G:T,N:N,N:N,N:N,C:C,A:A
ICMX 2010821:8,N:N,T:T,N:N,A:T,G:G,N:N,N:N,N:N,N:N,C:C,C:T,N:N,N:N,N:N,N:N,N:N,N:N,N:N,N:N,C:C,T:T,N:N,N:N,N:N,G:T,N:N,N:N,N:N,C:C,A:A
ICMX 2010821:9,N:N,T:T,N:N,A:T,G:G,N:N,N:N,N:N,N:N,C:C,C:T,N:N,N:N,N:N,N:N,N:N,N:N,N:N,N:N,C:C,T:T,N:N,N:N,N:N,?,N:N,N:N,N:N,C:C,?
ICMX 2010822:1,N:N,T:C,N:N,A:A,A:A,N:N,N:N,N:N,N:N,C:C,C:T,N:N,N:N,N:N,N:N,N:N,N:N,N:N,N:N,G:C,C:C,N:N,N:N,N:N,G:G,N:N,N:N,N:N,T:C,A:A
ICMX 2010822:10,N:N,C:C,N:N,A:T,A:G,N:N,N:N,N:N,N:N,C:C,T:T,N:N,N:N,N:N,N:N,N:N,N:N,N:N,N:N,G:C,C:C,N:N,N:N,N:N,G:G,N:N,N:N,N:N,T:T,A:A
ICMX 2010822:11,N:N,C:C,N:N,A:A,A:G,N:N,N:N,N:N,N:N,C:C,C:T,N:N,N:N,N:N,N:N,N:N,N:N,N:N,N:N,G:C,C:C,N:N,N:N,N:N,G:G,N:N,N:N,N:N,T:T,A:A
ICMX 2010822:12,N:N,C:C,N:N,A:T,A:A,N:N,N:N,N:N,N:N,C:C,T:T,N:N,N:N,N:N,N:N,N:N,N:N,N:N,N:N,G:C,C:C,N:N,N:N,N:N,G:G,N:N,N:N,N:N,T:T,A:A
ICMX 2010822:13,N:N,T:C,N:N,A:T,A:A,N:N,N:N,N:N,N:N,C:C,C:T,N:N,N:N,N:N,N:N,N:N,N:N,N:N,N:N,G:C,C:C,N:N,N:N,N:N,G:G,N:N,N:N,N:N,T:C,A:A
ICMX 2010822:2,N:N,C:C,N:N,A:A,A:A,N:N,N:N,N:N,N:N,C:C,T:T,N:N,N:N,N:N,N:N,N:N,N:N,N:N,N:N,G:C,C:C,N:N,N:N,N:N,G:G,N:N,N:N,N:N,T:T,A:A
ICMX 2010822:3,N:N,T:C,N:N,A:A,A:G,N:N,N:N,N:N,N:N,C:C,C:T,N:N,N:N,N:N,N:N,N:N,N:N,N:N,N:N,G:C,C:C,N:N,N:N,N:N,G:G,N:N,N:N,N:N,T:C,A:A
ICMX 2010822:4,N:N,T:C,N:N,A:T,A:G,N:N,N:N,N:N,N:N,C:C,C:T,N:N,N:N,N:N,N:N,N:N,N:N,N:N,N:N,G:C,C:C,N:N,N:N,N:N,G:G,N:N,N:N,N:N,T:C,A:A
ICMX 2010822:5,N:N,C:C,N:N,A:T,A:G,N:N,N:N,N:N,N:N,C:C,T:T,N:N,N:N,N:N,N:N,N:N,N:N,N:N,N:N,G:C,C:C,N:N,N:N,N:N,G:G,N:N,N:N,N:N,T:T,A:A
ICMX 2010822:6,N:N,T:T,N:N,T:T,G:G,N:N,N:N,N:N,N:N,C:C,T:T,N:N,N:N,N:N,N:N,N:N,N:N,N:N,N:N,C:C,?,N:N,N:N,N:N,T:T,N:N,N:N,N:N,C:C,?
ICMX 2010822:7,N:N,C:C,N:N,A:A,A:G,N:N,N:N,N:N,N:N,C:C,T:T,N:N,N:N,N:N,N:N,N:N,N:N,N:N,N:N,G:C,C:C,N:N,N:N,N:N,G:G,N:N,N:N,N:N,T:T,A:A
ICMX 2010822:8,N:N,T:C,N:N,A:A,A:G,N:N,N:N,N:N,N:N,C:C,C:T,N:N,N:N,N:N,N:N,N:N,N:N,N:N,N:N,G:C,C:C,N:N,N:N,N:N,G:T,N:N,N:N,N:N,T:C,A:A
ICMX 2010822:9,N:N,C:C,N:N,A:T,A:A,N:N,N:N,N:N,N:N,C:C,T:T,N:N,N:N,N:N,N:N,N:N,N:N,N:N,N:N,G:C,C:C,N:N,N:N,N:N,G:G,N:N,N:N,N:N,T:T,A:A
ICMX 2010823:1,N:N,C:C,N:N,T:T,A:G,N:N,N:N,N:N,N:N,G:C,C:C,N:N,N:N,N:N,N:N,N:N,N:N,N:N,N:N,G:C,C:C,N:N,N:N,N:N,T:T,N:N,N:N,N:N,T:T,A:A
ICMX 2010823:10,N:N,C:C,N:N,T:T,A:G,N:N,N:N,N:N,N:N,G:C,C:C,N:N,N:N,N:N,N:N,N:N,N:N,N:N,N:N,G:C,C:C,N:N,N:N,N:N,T:T,N:N,N:N,N:N,T:T,A:G
ICMX 2010823:11,N:N,C:C,N:N,T:T,A:G,N:N,N:N,N:N,N:N,G:C,C:C,N:N,N:N,N:N,N:N,N:N,N:N,N:N,N:N,G:C,C:C,N:N,N:N,N:N,T:T,N:N,N:N,N:N,T:T,A:A
ICMX 2010823:12,N:N,C:C,N:N,T:T,A:G,N:N,N:N,N:N,N:N,G:C,C:C,N:N,N:N,N:N,N:N,N:N,N:N,N:N,N:N,G:C,C:C,N:N,N:N,N:N,T:T,N:N,N:N,N:N,T:T,A:A
ICMX 2010823:2,N:N,C:C,N:N,T:T,A:G,N:N,N:N,N:N,N:N,G:C,C:C,N:N,N:N,N:N,N:N,N:N,N:N,N:N,N:N,G:C,C:C,N:N,N:N,N:N,T:T,N:N,N:N,N:N,T:T,A:A
ICMX 2010823:3,N:N,C:C,N:N,T:T,A:G,N:N,N:N,N:N,N:N,G:C,C:C,N:N,N:N,N:N,N:N,N:N,N:N,N:N,N:N,G:C,C:C,N:N,N:N,N:N,T:T,N:N,N:N,N:N,T:T,A:A
ICMX 2010823:4,N:N,C:C,N:N,T:T,A:G,N:N,N:N,N:N,N:N,G:C,C:C,N:N,N:N,N:N,N:N,N:N,N:N,N:N,N:N,G:C,C:C,N:N,N:N,N:N,T:T,N:N,N:N,N:N,T:T,A:A
ICMX 2010823:5,N:N,C:C,N:N,T:T,A:G,N:N,N:N,N:N,N:N,G:C,C:C,N:N,N:N,N:N,N:N,N:N,N:N,N:N,N:N,G:C,C:C,N:N,N:N,N:N,T:T,N:N,N:N,N:N,T:T,A:A
ICMX 2010823:6,N:N,C:C,N:N,T:T,A:G,N:N,N:N,N:N,N:N,G:C,C:C,N:N,N:N,N:N,N:N,N:N,N:N,N:N,N:N,G:C,C:C,N:N,N:N,N:N,T:T,N:N,N:N,N:N,T:T,A:A
ICMX 2010823:7,N:N,C:C,N:N,T:T,A:G,N:N,N:N,N:N,N:N,G:C,C:C,N:N,N:N,N:N,N:N,N:N,N:N,N:N,N:N,G:C,C:C,N:N,N:N,N:N,T:T,N:N,N:N,N:N,T:T,A:A
ICMX 2010823:8,N:N,C:C,N:N,T:T,A:G,N:N,N:N,N:N,N:N,G:C,C:C,N:N,N:N,N:N,N:N,N:N,N:N,N:N,N:N,G:C,C:C,N:N,N:N,N:N,T:T,N:N,N:N,N:N,T:T,A:A
ICMX 2010823:9,N:N,C:C,N:N,T:T,A:G,N:N,N:N,N:N,N:N,G:C,C:C,N:N,N:N,N:N,N:N,N:N,N:N,N:N,N:N,G:C,C:C,N:N,N:N,N:N,T:T,N:N,N:N,N:N,T:T,A:A
ICMX 2010824:1,N:N,C:C,N:N,A:T,A:G,N:N,N:N,N:N,N:N,G:G,C:T,N:N,N:N,N:N,N:N,N:N,N:N,N:N,N:N,G:C,C:C,N:N,N:N,N:N,G:T,N:N,N:N,N:N,T:C,A:G
ICMX 2010824:10,N:N,C:C,N:N,A:T,A:G,N:N,N:N,N:N,N:N,G:G,C:T,N:N,N:N,N:N,N:N,N:N,N:N,N:N,N:N,G:C,C:C,N:N,N:N,N:N,G:T,N:N,N:N,N:N,T:C,A:G
ICMX 2010824:2,N:N,C:C,N:N,A:T,A:G,N:N,N:N,N:N,N:N,G:G,C:T,N:N,N:N,N:N,N:N,N:N,N:N,N:N,N:N,G:C,C:C,N:N,N:N,N:N,G:T,N:N,N:N,N:N,T:C,A:G
ICMX 2010824:3,N:N,C:C,N:N,A:T,A:G,N:N,N:N,N:N,N:N,G:G,C:T,N:N,N:N,N:N,N:N,N:N,N:N,N:N,N:N,G:C,C:C,N:N,N:N,N:N,G:T,N:N,N:N,N:N,T:C,A:G
ICMX 2010824:4,N:N,C:C,N:N,A:T,A:G,N:N,N:N,N:N,N:N,G:G,C:T,N:N,N:N,N:N,N:N,N:N,N:N,N:N,N:N,G:C,C:C,N:N,N:N,N:N,G:T,N:N,N:N,N:N,T:C,A:G
ICMX 2010824:5,N:N,C:C,N:N,A:T,A:G,N:N,N:N,N:N,N:N,G:G,C:T,N:N,N:N,N:N,N:N,N:N,N:N,N:N,N:N,G:C,C:C,N:N,N:N,N:N,G:T,N:N,N:N,N:N,T:C,A:G
ICMX 2010824:6,N:N,C:C,N:N,A:T,A:G,N:N,N:N,N:N,N:N,G:G,C:T,N:N,N:N,N:N,N:N,N:N,N:N,N:N,N:N,G:C,C:C,N:N,N:N,N:N,G:T,N:N,N:N,N:N,T:C,A:G
ICMX 2010824:7,N:N,C:C,N:N,A:T,A:G,N:N,N:N,N:N,N:N,G:G,C:T,N:N,N:N,N:N,N:N,N:N,N:N,N:N,N:N,G:C,C:C,N:N,N:N,N:N,G:T,N:N,N:N,N:N,T:C,A:G
ICMX 2010824:8,N:N,C:C,N:N,A:A,A:A,N:N,N:N,N:N,N:N,G:G,T:T,N:N,N:N,N:N,N:N,N:N,N:N,N:N,N:N,C:C,T:T,N:N,N:N,N:N,G:G,N:N,N:N,N:N,C:C,G:G
ICMX 2010824:9,N:N,C:C,N:N,A:T,A:G,N:N,N:N,N:N,N:N,G:G,C:T,N:N,N:N,N:N,N:N,N:N,N:N,N:N,N:N,G:C,C:C,N:N,N:N,N:N,G:T,N:N,N:N,N:N,T:C,A:G
ICMX 2010825:1,N:N,C:C,N:N,T:T,A:G,N:N,N:N,N:N,N:N,G:C,C:T,N:N,N:N,N:N,N:N,N:N,N:N,N:N,N:N,G:C,C:C,N:N,N:N,N:N,G:T,N:N,N:N,N:N,T:C,A:G
ICMX 2010825:10,N:N,C:C,N:N,T:T,A:G,N:N,N:N,N:N,N:N,G:C,C:T,N:N,N:N,N:N,N:N,N:N,N:N,N:N,N:N,G:C,C:C,N:N,N:N,N:N,G:T,N:N,N:N,N:N,T:C,A:G
ICMX 2010825:11,N:N,C:C,N:N,T:T,A:G,N:N,N:N,N:N,N:N,G:C,C:T,N:N,N:N,N:N,N:N,N:N,N:N,N:N,N:N,G:C,C:C,N:N,N:N,N:N,G:T,N:N,N:N,N:N,T:C,A:G
ICMX 2010825:2,N:N,C:C,N:N,T:T,A:G,N:N,N:N,N:N,N:N,G:C,C:T,N:N,N:N,N:N,N:N,N:N,N:N,N:N,N:N,G:C,C:C,N:N,N:N,N:N,G:T,N:N,N:N,N:N,Uncallable,?
ICMX 2010825:3,N:N,C:C,N:N,T:T,A:G,N:N,N:N,N:N,N:N,G:C,C:T,N:N,N:N,N:N,N:N,N:N,N:N,N:N,N:N,G:C,C:C,N:N,N:N,N:N,G:T,N:N,N:N,N:N,T:C,A:G
ICMX 2010825:4,N:N,C:C,N:N,T:T,A:G,N:N,N:N,N:N,N:N,G:C,C:T,N:N,N:N,N:N,N:N,N:N,N:N,N:N,N:N,G:C,C:C,N:N,N:N,N:N,G:T,N:N,N:N,N:N,T:C,A:G
ICMX 2010825:5,N:N,C:C,N:N,T:T,A:G,N:N,N:N,N:N,N:N,G:C,C:T,N:N,N:N,N:N,N:N,N:N,N:N,N:N,N:N,G:C,C:C,N:N,N:N,N:N,G:T,N:N,N:N,N:N,T:C,A:G
ICMX 2010825:6,N:N,C:C,N:N,T:T,A:G,N:N,N:N,N:N,N:N,G:C,C:T,N:N,N:N,N:N,N:N,N:N,N:N,N:N,N:N,G:C,C:C,N:N,N:N,N:N,G:T,N:N,N:N,N:N,T:C,A:G
ICMX 2010825:7,N:N,C:C,N:N,T:T,A:G,N:N,N:N,N:N,N:N,G:C,C:T,N:N,N:N,N:N,N:N,N:N,N:N,N:N,N:N,G:C,C:C,N:N,N:N,N:N,G:T,N:N,N:N,N:N,T:C,A:G
ICMX 2010825:8,N:N,C:C,N:N,T:T,A:G,N:N,N:N,N:N,N:N,G:C,C:T,N:N,N:N,N:N,N:N,N:N,N:N,N:N,N:N,G:C,C:C,N:N,N:N,N:N,G:T,N:N,N:N,N:N,T:C,?
ICMX 2010825:9,N:N,C:C,N:N,T:T,A:G,N:N,N:N,N:N,N:N,G:C,C:T,N:N,N:N,N:N,N:N,N:N,N:N,N:N,N:N,G:C,C:C,N:N,N:N,N:N,G:T,N:N,N:N,N:N,T:C,A:G
ICMX 2010826:1,N:N,C:C,N:N,T:T,G:G,N:N,N:N,N:N,N:N,G:C,C:T,N:N,N:N,N:N,N:N,N:N,N:N,N:N,N:N,G:G,C:C,N:N,N:N,N:N,G:T,N:N,N:N,N:N,T:T,G:G
ICMX 2010826:10,N:N,C:C,N:N,T:T,G:G,N:N,N:N,N:N,N:N,G:C,C:T,N:N,N:N,N:N,N:N,N:N,N:N,N:N,N:N,G:G,C:C,N:N,N:N,N:N,G:T,N:N,N:N,N:N,T:T,G:G
ICMX 2010826:11,N:N,C:C,N:N,T:T,G:G,N:N,N:N,N:N,N:N,G:C,C:T,N:N,N:N,N:N,N:N,N:N,N:N,N:N,N:N,G:G,C:C,N:N,N:N,N:N,G:T,N:N,N:N,N:N,T:T,G:G
ICMX 2010826:12,N:N,C:C,N:N,T:T,G:G,N:N,N:N,N:N,N:N,G:C,C:T,N:N,N:N,N:N,N:N,N:N,N:N,N:N,N:N,G:G,C:C,N:N,N:N,N:N,G:T,N:N,N:N,N:N,T:T,G:G
ICMX 2010826:13,N:N,C:C,N:N,T:T,G:G,N:N,N:N,N:N,N:N,G:C,C:T,N:N,N:N,N:N,N:N,N:N,N:N,N:N,N:N,G:G,C:C,N:N,N:N,N:N,G:T,N:N,N:N,N:N,T:T,G:G
ICMX 2010826:2,N:N,C:C,N:N,T:T,G:G,N:N,N:N,N:N,N:N,G:C,C:T,N:N,N:N,N:N,N:N,N:N,N:N,N:N,N:N,G:G,C:C,N:N,N:N,N:N,G:T,N:N,N:N,N:N,T:T,G:G
ICMX 2010826:3,N:N,C:C,N:N,T:T,G:G,N:N,N:N,N:N,N:N,G:C,C:T,N:N,N:N,N:N,N:N,N:N,N:N,N:N,N:N,G:G,C:C,N:N,N:N,N:N,G:T,N:N,N:N,N:N,T:T,G:G
ICMX 2010826:4,N:N,C:C,N:N,T:T,G:G,N:N,N:N,N:N,N:N,?,C:T,N:N,N:N,N:N,N:N,N:N,N:N,N:N,N:N,G:G,C:C,N:N,N:N,N:N,T:T,N:N,N:N,N:N,?,A:A
ICMX 2010826:5,N:N,C:C,N:N,T:T,G:G,N:N,N:N,N:N,N:N,G:C,C:T,N:N,N:N,N:N,N:N,N:N,N:N,N:N,N:N,G:G,C:C,N:N,N:N,N:N,G:T,N:N,N:N,N:N,T:T,G:G
ICMX 2010826:6,N:N,C:C,N:N,T:T,G:G,N:N,N:N,N:N,N:N,G:C,C:T,N:N,N:N,N:N,N:N,N:N,N:N,N:N,N:N,G:G,C:C,N:N,N:N,N:N,G:T,N:N,N:N,N:N,T:T,G:G
ICMX 2010826:7,N:N,C:C,N:N,T:T,G:G,N:N,N:N,N:N,N:N,G:C,C:T,N:N,N:N,N:N,N:N,N:N,N:N,N:N,N:N,G:G,C:C,N:N,N:N,N:N,G:T,N:N,N:N,N:N,T:T,?
ICMX 2010826:8,N:N,C:C,N:N,T:T,G:G,N:N,N:N,N:N,N:N,G:C,C:T,N:N,N:N,N:N,N:N,N:N,N:N,N:N,N:N,G:G,C:C,N:N,N:N,N:N,G:T,N:N,N:N,N:N,T:T,G:G
ICMX 2010826:9,N:N,C:C,N:N,T:T,G:G,N:N,N:N,N:N,N:N,G:C,C:T,N:N,N:N,N:N,N:N,N:N,N:N,N:N,N:N,G:G,C:C,N:N,N:N,N:N,G:T,N:N,N:N,N:N,T:T,G:G
ICMX 2010827:1,N:N,C:C,N:N,A:T,A:G,N:N,N:N,N:N,N:N,G:C,C:C,N:N,N:N,N:N,N:N,N:N,N:N,N:N,N:N,G:G,C:C,N:N,N:N,N:N,T:T,N:N,N:N,N:N,T:T,G:G
ICMX 2010827:10,N:N,C:C,N:N,A:T,A:G,N:N,N:N,N:N,N:N,G:C,C:C,N:N,N:N,N:N,N:N,N:N,N:N,N:N,N:N,G:G,C:C,N:N,N:N,N:N,T:T,N:N,N:N,N:N,T:T,G:G
ICMX 2010827:11,N:N,C:C,N:N,A:T,A:G,N:N,N:N,N:N,N:N,G:C,C:C,N:N,N:N,N:N,N:N,N:N,N:N,N:N,N:N,G:G,C:C,N:N,N:N,N:N,T:T,N:N,N:N,N:N,T:T,?
ICMX 2010827:12,N:N,C:C,N:N,A:T,A:G,N:N,N:N,N:N,N:N,G:C,C:C,N:N,N:N,N:N,N:N,N:N,N:N,N:N,N:N,G:G,C:C,N:N,N:N,N:N,T:T,N:N,N:N,N:N,T:T,G:G
ICMX 2010827:13,N:N,C:C,N:N,A:T,A:G,N:N,N:N,N:N,N:N,G:C,C:C,N:N,N:N,N:N,N:N,N:N,N:N,N:N,N:N,G:G,C:C,N:N,N:N,N:N,T:T,N:N,N:N,N:N,T:T,G:G
ICMX 2010827:14,N:N,C:C,N:N,A:T,A:G,N:N,N:N,N:N,N:N,G:C,C:C,N:N,N:N,N:N,N:N,N:N,N:N,N:N,N:N,G:G,C:C,N:N,N:N,N:N,?,N:N,N:N,N:N,?,?
ICMX 2010827:15,N:N,C:C,N:N,A:T,A:G,N:N,N:N,N:N,N:N,G:C,C:C,N:N,N:N,N:N,N:N,N:N,N:N,N:N,N:N,G:G,C:C,N:N,N:N,N:N,T:T,N:N,N:N,N:N,T:T,G:G
ICMX 2010827:2,N:N,C:C,N:N,A:T,A:G,N:N,N:N,N:N,N:N,G:C,C:C,N:N,N:N,N:N,N:N,N:N,N:N,N:N,N:N,G:G,C:C,N:N,N:N,N:N,T:T,N:N,N:N,N:N,T:T,G:G
ICMX 2010827:3,N:N,C:C,N:N,A:T,A:G,N:N,N:N,N:N,N:N,G:C,C:C,N:N,N:N,N:N,N:N,N:N,N:N,N:N,N:N,G:G,C:C,N:N,N:N,N:N,T:T,N:N,N:N,N:N,T:T,G:G
ICMX 2010827:4,N:N,C:C,N:N,A:T,A:G,N:N,N:N,N:N,N:N,G:C,C:C,N:N,N:N,N:N,N:N,N:N,N:N,N:N,N:N,G:G,C:C,N:N,N:N,N:N,T:T,N:N,N:N,N:N,T:T,G:G
ICMX 2010827:5,N:N,C:C,N:N,A:T,A:G,N:N,N:N,N:N,N:N,G:C,C:C,N:N,N:N,N:N,N:N,N:N,N:N,N:N,N:N,G:G,C:C,N:N,N:N,N:N,T:T,N:N,N:N,N:N,T:T,G:G
ICMX 2010827:6,N:N,C:C,N:N,A:T,A:G,N:N,N:N,N:N,N:N,G:C,C:C,N:N,N:N,N:N,N:N,N:N,N:N,N:N,N:N,G:G,C:C,N:N,N:N,N:N,T:T,N:N,N:N,N:N,T:T,G:G
ICMX 2010827:7,N:N,C:C,N:N,A:T,A:G,N:N,N:N,N:N,N:N,G:C,C:C,N:N,N:N,N:N,N:N,N:N,N:N,N:N,N:N,G:G,C:C,N:N,N:N,N:N,?,N:N,N:N,N:N,T:T,?
ICMX 2010827:8,N:N,C:C,N:N,A:T,A:G,N:N,N:N,N:N,N:N,G:C,C:C,N:N,N:N,N:N,N:N,N:N,N:N,N:N,N:N,G:G,C:C,N:N,N:N,N:N,T:T,N:N,N:N,N:N,T:T,G:G
ICMX 2010827:9,N:N,C:C,N:N,A:T,A:G,N:N,N:N,N:N,N:N,G:C,C:C,N:N,N:N,N:N,N:N,N:N,N:N,N:N,N:N,G:G,C:C,N:N,N:N,N:N,T:T,N:N,N:N,N:N,T:T,G:G
ICMX 2010828:1,N:N,T:C,N:N,T:T,A:G,N:N,N:N,N:N,N:N,G:C,C:T,N:N,N:N,N:N,N:N,N:N,N:N,N:N,N:N,G:C,C:C,N:N,N:N,N:N,?,N:N,N:N,N:N,T:T,?
ICMX 2010828:10,N:N,T:C,N:N,A:T,A:G,N:N,N:N,N:N,N:N,C:C,C:T,N:N,N:N,N:N,N:N,N:N,N:N,N:N,N:N,G:C,C:C,N:N,N:N,N:N,G:T,N:N,N:N,N:N,T:T,G:G
ICMX 2010828:11,N:N,T:C,N:N,A:T,G:G,N:N,N:N,N:N,N:N,C:C,C:T,N:N,N:N,N:N,N:N,N:N,N:N,N:N,N:N,G:C,C:C,N:N,N:N,N:N,G:T,N:N,N:N,N:N,T:T,G:G
ICMX 2010828:12,N:N,T:C,N:N,T:T,G:G,N:N,N:N,N:N,N:N,G:C,C:T,N:N,N:N,N:N,N:N,N:N,N:N,N:N,N:N,G:C,C:C,N:N,N:N,N:N,G:G,N:N,N:N,N:N,T:T,G:G
ICMX 2010828:2,N:N,T:C,N:N,T:T,G:G,N:N,N:N,N:N,N:N,C:C,C:T,N:N,N:N,N:N,N:N,N:N,N:N,N:N,N:N,G:C,C:C,N:N,N:N,N:N,G:T,N:N,N:N,N:N,T:T,G:G
ICMX 2010828:3,N:N,C:C,N:N,?,?,N:N,N:N,N:N,N:N,?,C:T,N:N,N:N,N:N,N:N,N:N,N:N,N:N,N:N,?,C:C,N:N,N:N,N:N,?,N:N,N:N,N:N,?,?
ICMX 2010828:4,N:N,T:C,N:N,T:T,G:G,N:N,N:N,N:N,N:N,C:C,C:T,N:N,N:N,N:N,N:N,N:N,N:N,N:N,N:N,G:C,C:C,N:N,N:N,N:N,G:G,N:N,N:N,N:N,T:T,G:G
ICMX 2010828:5,N:N,T:C,N:N,T:T,A:G,N:N,N:N,N:N,N:N,G:C,C:T,N:N,N:N,N:N,N:N,N:N,N:N,N:N,N:N,G:C,C:C,N:N,N:N,N:N,G:G,N:N,N:N,N:N,T:T,G:G
ICMX 2010828:6,N:N,C:C,N:N,T:T,A:G,N:N,N:N,N:N,N:N,C:C,C:T,N:N,N:N,N:N,N:N,N:N,N:N,N:N,N:N,G:C,C:C,N:N,N:N,N:N,G:T,N:N,N:N,N:N,T:T,G:G
ICMX 2010828:7,N:N,T:C,N:N,T:T,G:G,N:N,N:N,N:N,N:N,C:C,C:T,N:N,N:N,N:N,N:N,N:N,N:N,N:N,N:N,G:C,C:C,N:N,N:N,N:N,G:G,N:N,N:N,N:N,T:T,G:G
ICMX 2010828:8,N:N,T:C,N:N,T:T,A:G,N:N,N:N,N:N,N:N,G:C,C:T,N:N,N:N,N:N,N:N,N:N,N:N,N:N,N:N,G:C,C:C,N:N,N:N,N:N,G:T,N:N,N:N,N:N,T:T,G:G
ICMX 2010828:9,N:N,T:C,N:N,T:T,G:G,N:N,N:N,N:N,N:N,G:C,C:T,N:N,N:N,N:N,N:N,N:N,N:N,N:N,N:N,G:C,C:C,N:N,N:N,N:N,G:G,N:N,N:N,N:N,T:T,G:G
IP 21187:1,A:A,T:T,G:G,T:T,G:G,T:T,C:C,G:G,A:A,G:G,C:C,A:A,G:G,A:A,G:G,A:A,A:A,G:G,A:A,G:G,C:C,C:C,A:T,T:T,T:T,C:C,C:C,T:T,C:C,A:A
IP 21187:2,A:A,T:T,G:G,T:T,G:G,T:T,C:C,G:G,A:A,G:G,C:C,A:A,G:G,A:A,G:G,A:A,A:A,G:G,A:A,G:G,C:C,C:C,A:T,T:T,T:T,C:C,C:C,T:T,C:C,A:A
IP 21187:3,A:A,T:T,G:G,T:T,G:G,T:T,C:C,G:G,A:A,G:G,C:C,A:A,G:G,A:A,G:G,A:A,A:A,G:G,A:A,G:G,C:C,A:C,A:T,T:T,T:T,C:C,C:C,T:T,C:C,A:A
IP 21187:4,A:A,T:T,G:G,T:T,G:G,T:T,C:C,G:G,A:A,G:G,C:C,A:A,G:G,A:A,G:G,A:A,A:A,G:G,A:A,G:G,C:C,C:C,A:A,C:C,T:T,C:C,C:C,T:T,C:C,A:A
IP 21187:5,A:A,T:T,G:G,T:T,G:G,T:T,C:C,G:G,A:A,G:G,C:C,A:A,G:G,A:A,G:G,A:A,A:A,G:G,A:A,G:G,C:C,A:C,A:T,T:T,T:T,C:C,C:C,T:T,C:C,A:A
IP 21187:6,A:A,T:T,G:G,T:T,G:G,T:T,C:C,G:G,A:A,G:G,C:C,A:A,G:G,A:A,G:G,A:A,A:A,G:G,A:A,G:G,C:C,A:A,A:T,T:T,T:T,C:C,C:C,T:T,C:C,A:A
IP 21187:7,A:A,T:T,G:G,T:T,G:G,T:T,C:C,G:G,A:A,G:G,C:C,A:A,G:G,A:A,G:G,A:A,A:A,G:G,A:A,G:G,C:C,C:C,A:T,T:T,T:T,C:C,C:C,T:T,C:C,A:A
IP 21187:8,A:A,T:T,G:G,T:T,G:G,T:T,C:C,G:G,A:A,G:G,C:C,A:A,G:G,A:A,G:G,A:A,A:A,G:G,A:A,G:G,C:C,A:C,A:T,T:T,T:T,C:C,C:C,T:T,C:C,A:A
RDC Composite 1401 (RM2)-HS140-1-1-1-1:1,A:A,T:T,G:G,A:A,G:G,T:T,C:C,T:T,A:A,C:C,T:T,C:C,A:A,G:G,T:T,G:G,A:A,A:A,G:G,C:C,T:T,A:A,T:T,T:T,T:T,A:A,G:G,T:T,C:C,A:A
RDC Composite 1401 (RM2)-HS140-1-1-1-1:2,A:A,T:T,G:G,?,G:G,T:T,C:C,T:T,A:A,C:C,T:T,C:C,A:A,G:G,T:T,G:G,A:A,A:A,G:G,C:C,T:T,A:A,T:T,T:T,T:T,A:A,G:G,T:T,C:C,A:A
RDC Composite 1401 (RM2)-HS140-1-1-1-1:3,A:A,T:T,G:G,A:A,G:G,T:T,C:C,T:T,A:A,C:C,T:T,C:C,A:A,G:G,T:T,G:G,A:A,A:A,G:G,C:C,T:T,A:A,T:T,T:T,?,A:A,G:G,T:T,C:C,A:A
RDC Composite 1401 (RM2)-HS140-1-1-1-1:4,A:A,T:T,G:G,A:A,G:G,T:T,C:C,T:T,A:A,C:C,T:T,C:C,A:A,G:G,T:T,G:G,A:A,A:A,G:G,C:C,T:T,A:A,T:T,T:T,T:T,A:A,G:G,T:T,C:C,A:A
RDC Composite 1401 (RM2)-HS140-1-1-1-1:5,A:A,T:T,G:G,A:A,G:G,T:T,C:C,T:T,A:A,C:C,T:T,C:C,A:A,G:G,T:T,G:G,A:A,A:A,G:G,C:C,T:T,A:A,T:T,T:T,T:T,A:A,G:G,T:T,C:C,A:A
RDC Composite 1401 (RM2)-HS140-1-1-1-1:6,A:A,T:T,G:G,A:A,G:G,T:T,C:C,T:T,A:A,C:C,T:T,C:C,A:A,?,T:T,G:G,A:A,A:A,G:G,C:C,T:T,A:A,T:T,T:T,?,A:A,G:G,T:T,C:C,?
RDC Composite 1401 (RM2)-HS140-1-1-1-1:7,A:A,T:T,G:G,A:A,G:G,T:T,C:C,T:T,A:A,C:C,T:T,C:C,A:A,G:G,T:T,G:G,A:A,A:A,G:G,C:C,T:T,A:A,T:T,T:T,T:T,A:A,G:G,T:T,C:C,A:A
RDC Composite 1401 (RM2)-HS140-1-1-1-1:8,A:A,T:T,G:G,A:A,G:G,T:T,C:C,T:T,A:A,C:C,T:T,C:C,A:A,G:G,T:T,G:G,A:A,A:A,G:G,C:C,T:T,A:A,T:T,T:T,T:T,A:A,G:G,T:T,C:C,A:A
RDC Composite 1401 (RM2)-HS158-2-1-2-4:1,A:A,T:T,G:G,A:A,G:G,C:C,C:C,T:G,A:A,G:G,T:T,C:C,G:G,A:A,G:G,G:G,A:A,G:A,A:G,C:C,C:C,C:C,A:A,T:T,T:T,A:A,G:G,T:T,T:T,A:A
RDC Composite 1401 (RM2)-HS158-2-1-2-4:2,A:A,T:T,G:G,A:A,G:G,C:C,C:C,T:T,A:A,G:G,T:T,C:C,G:G,A:A,G:G,G:G,A:A,G:A,A:G,C:C,C:C,C:C,A:A,T:T,T:T,A:A,G:G,T:T,T:T,A:A
RDC Composite 1401 (RM2)-HS158-2-1-2-4:3,A:A,T:T,G:G,A:A,G:G,C:C,C:C,T:G,A:A,G:G,T:T,C:C,G:G,A:A,G:G,G:G,A:A,G:A,A:G,C:C,C:C,C:C,A:A,T:T,T:T,A:A,G:G,T:T,T:T,A:A
RDC Composite 1401 (RM2)-HS158-2-1-2-4:4,A:A,T:T,G:G,A:A,G:G,C:C,C:C,T:G,A:A,G:G,T:T,C:C,G:G,A:A,G:G,G:G,A:A,G:A,A:G,C:C,C:C,C:C,A:A,T:T,T:T,A:A,G:G,T:T,T:T,A:A
RDC Composite 1401 (RM2)-HS158-2-1-2-4:5,A:A,T:T,G:G,A:A,A:G,C:C,C:C,T:G,A:A,G:G,T:T,C:C,G:G,A:A,G:G,G:G,A:A,A:A,G:G,C:C,T:T,C:C,A:A,T:T,T:T,A:A,G:G,C:C,C:C,A:A
RDC Composite 1401 (RM2)-HS158-2-1-2-4:6,A:A,T:T,G:G,A:A,G:G,C:C,C:C,T:G,A:A,G:G,T:T,C:C,G:G,A:A,G:G,G:G,A:A,A:A,G:G,C:C,C:C,C:C,A:A,T:T,T:T,A:A,G:G,T:T,T:T,A:A
RDC Composite 1401 (RM2)-HS158-2-1-2-4:7,A:A,T:T,G:G,A:A,A:G,C:C,C:C,G:G,G:A,G:G,T:T,C:C,G:G,A:A,G:G,G:G,A:A,G:G,A:A,C:C,T:T,C:C,A:A,T:T,T:T,A:A,G:G,C:C,C:C,A:A
RDC Composite 1401 (RM2)-HS158-2-1-2-4:8,A:A,T:T,G:G,A:A,G:G,C:C,C:C,T:G,A:A,G:G,T:T,C:C,G:G,A:A,G:G,G:G,A:A,A:A,G:G,C:C,C:C,C:C,A:A,T:T,T:T,A:A,G:G,T:T,T:T,A:A
RDC Composite 1401 (RM2)-HS522-4-3-1-1:1,A:A,C:C,G:G,T:T,G:G,T:T,C:C,T:G,G:G,C:C,T:T,A:A,G:G,A:A,G:G,G:G,A:A,G:G,A:A,C:C,T:T,C:C,T:T,C:C,T:T,C:C,C:C,T:T,C:C,G:G
RDC Composite 1401 (RM2)-HS522-4-3-1-1:2,A:A,C:C,G:G,T:T,G:G,T:T,C:C,T:G,G:G,C:C,T:T,A:A,G:G,A:A,G:G,G:G,A:A,G:G,A:A,C:C,T:T,C:C,T:T,C:C,T:T,C:C,C:C,T:T,C:C,G:G
RDC Composite 1401 (RM2)-HS522-4-3-1-1:3,A:A,C:C,G:G,T:T,G:G,T:T,C:C,T:G,G:G,C:C,T:T,A:A,G:G,A:A,G:G,G:G,A:A,G:G,A:A,C:C,T:T,C:C,T:T,C:C,T:T,C:C,C:C,T:T,C:C,G:G
RDC Composite 1401 (RM2)-HS522-4-3-1-1:4,A:A,C:C,G:G,T:T,G:G,T:T,C:C,T:G,G:G,C:C,T:T,A:A,G:G,A:A,G:G,G:G,A:A,G:G,A:A,C:C,T:T,C:C,T:T,C:C,T:T,C:C,C:C,T:T,C:C,G:G
RDC Composite 1401 (RM2)-HS522-4-3-1-1:5,A:A,C:C,G:G,T:T,G:G,T:T,C:C,T:G,G:G,C:C,T:T,A:A,G:G,A:A,G:G,G:G,A:A,G:G,A:A,C:C,T:T,C:C,T:T,C:C,?,C:C,C:C,T:T,C:C,?
RDC Composite 1401 (RM2)-HS522-4-3-1-1:6,A:A,C:C,G:G,T:T,G:G,T:T,C:C,T:G,G:G,C:C,T:T,A:A,G:G,A:A,G:G,G:G,A:A,G:G,A:A,C:C,T:T,C:C,T:T,C:C,T:T,C:C,C:C,T:T,C:C,G:G
RDC Composite 1401 (RM2)-HS522-4-3-1-1:7,A:A,C:C,G:G,T:T,G:G,T:T,C:C,T:G,G:G,C:C,T:T,A:A,G:G,A:A,G:G,G:G,A:A,G:G,A:A,C:C,T:T,C:C,T:T,C:C,T:T,C:C,C:C,T:T,C:C,G:G
RDC Composite 1401 (RM2)-HS522-4-3-1-1:8,A:A,C:C,G:G,T:T,G:G,T:T,C:C,T:G,G:G,C:C,T:T,A:A,G:G,A:A,G:G,G:G,A:A,G:G,A:A,C:C,T:T,C:C,T:T,C:C,T:T,C:C,C:C,T:T,C:C,G:G
RDC Composite 1401 (RM2)-HS625-1-1-2-1:1,A:A,T:T,G:G,T:T,A:G,T:T,C:C,T:T,A:A,G:C,C:T,C:A,G:G,G:G,G:G,A:A,A:A,G:G,A:A,C:C,T:T,C:C,A:A,T:T,T:T,C:C,C:C,T:T,C:C,A:A
RDC Composite 1401 (RM2)-HS625-1-1-2-1:2,A:A,T:T,G:G,T:T,A:G,T:T,C:C,T:T,A:A,C:C,C:C,C:C,G:G,A:A,G:G,A:A,A:A,G:G,A:A,C:C,T:T,C:C,A:A,T:T,T:T,C:C,C:C,T:T,C:C,A:A
RDC Composite 1401 (RM2)-HS625-1-1-2-1:3,A:A,T:T,G:G,T:T,G:G,T:T,C:C,T:T,A:A,C:C,C:C,C:C,G:G,A:A,G:G,A:A,A:A,G:G,A:A,C:C,T:T,C:C,A:A,T:T,T:T,C:C,C:C,T:T,C:C,A:A
RDC Composite 1401 (RM2)-HS625-1-1-2-1:4,A:A,T:T,G:G,T:T,G:G,T:T,C:C,T:T,A:A,C:C,C:C,C:C,G:G,A:A,G:G,A:A,A:A,G:G,A:A,C:C,T:T,C:C,A:A,T:T,T:T,C:C,C:C,T:T,C:C,A:A
RDC Composite 1401 (RM2)-HS625-1-1-2-1:5,A:A,T:T,G:G,T:T,G:G,T:T,C:C,T:T,A:A,C:C,C:C,C:C,G:G,A:A,G:G,A:A,A:A,A:A,A:A,C:C,C:C,C:C,A:A,T:T,T:T,C:C,C:C,T:T,C:C,A:A
RDC Composite 1401 (RM2)-HS625-1-1-2-1:6,A:A,T:T,G:G,T:T,A:A,T:T,C:C,T:T,A:A,C:C,C:C,C:C,G:G,A:A,G:G,A:A,A:A,G:G,A:A,C:C,T:T,C:C,A:A,T:T,T:T,C:C,C:C,T:T,C:C,A:A
RDC Composite 1401 (RM2)-HS625-1-1-2-1:7,A:A,T:T,G:G,T:T,G:G,T:T,C:C,T:T,A:A,G:C,C:T,C:A,G:G,G:G,G:G,A:A,A:A,G:G,A:A,C:C,T:T,C:C,A:A,T:T,T:T,C:C,C:C,T:T,C:C,A:A
RDC Composite 1401 (RM2)-HS625-1-1-2-1:8,A:A,T:T,G:G,T:T,G:G,T:T,C:C,T:T,A:A,C:C,C:C,C:C,G:G,A:A,G:G,A:A,A:A,A:A,A:A,C:C,C:C,C:C,A:A,T:T,T:T,C:C,C:C,T:T,C:C,A:A
