DNA \ Assay,snpPG00048,snpPG00051,snpPG00055,snpPG00076,snpPG00078,snpPG00084,snpPG00087,snpPG00092,snpPG00100,snpPG00101,snpPG00107,snpPG00110,snpPG00111,snpPG00112,snpPG00117,snpPG00118,snpPG00119,snpPG00121,snpPG00122,snpPG00126,snpPG00127,snpPG00129,snpPG00133,snpPG00134,snpPG00135,snpPG00136,snpPG00137,snpPG00140,snpPG00142,snpPG00143
ICMB 07444,A:A,C:C,A:A,A:A,G:G,T:T,C:C,T:G,N:N,G:G,T:T,A:A,A:A,A:A,T:T,A:A,A:A,A:A,G:G,C:C,T:T,A:A,A:A,T:T,T:T,A:A,C:C,C:C,C:C,G:G
ICMB 07444:1,A:A,C:C,A:A,A:A,G:G,T:T,C:C,T:G,G:G,G:G,T:T,A:A,A:A,A:A,T:T,A:A,A:A,A:A,G:G,C:C,T:T,A:A,A:A,T:T,T:T,A:A,C:C,C:C,C:C,G:G
ICMB 07444:2,A:A,C:C,A:A,A:A,G:G,T:T,C:C,T:G,G:A,G:G,T:T,A:A,A:A,A:A,T:T,A:A,A:A,A:A,G:G,C:C,T:T,A:A,A:A,T:T,T:T,A:A,C:C,C:C,C:C,G:G
ICMB 07444:3,A:A,C:C,A:A,A:A,G:G,T:T,C:C,T:G,G:A,G:G,T:T,A:A,A:A,A:A,T:T,A:A,A:A,A:A,G:G,C:C,T:T,A:A,A:A,T:T,T:T,A:A,C:C,C:C,C:C,G:G
ICMB 07444:4,A:A,C:C,A:A,A:A,G:G,T:T,C:C,T:G,G:G,G:G,T:T,A:A,A:A,A:A,T:T,A:A,A:A,A:A,G:G,C:C,T:T,A:A,A:A,T:T,T:T,A:A,C:C,C:C,C:C,G:G
ICMB 07444:5,A:A,C:C,A:A,A:A,G:G,T:T,C:C,T:G,G:G,G:G,T:T,A:A,A:A,A:A,T:T,A:A,A:A,A:A,G:G,C:C,T:T,A:A,A:A,T:T,T:T,A:A,C:C,C:C,C:C,G:G
ICMB 08999,G:G,C:C,A:A,T:T,A:A,T:T,C:C,G:G,A:A,G:G,T:T,A:A,G:G,G:G,T:T,A:A,A:A,A:A,A:A,C:C,C:C,C:C,T:T,T:T,T:T,A:A,C:C,T:T,C:C,A:A
ICMB 08999:1,G:G,C:C,A:A,T:T,A:A,T:T,C:C,G:G,A:A,G:G,T:T,A:A,G:G,G:G,T:T,A:A,A:A,A:A,A:A,C:C,C:C,C:C,T:T,T:T,T:T,A:A,C:C,T:T,C:C,A:A
ICMB 08999:2,G:G,C:C,A:A,T:T,A:A,T:T,C:C,G:G,A:A,G:G,T:T,A:A,G:G,G:G,T:T,A:A,A:A,A:A,A:A,C:C,C:C,C:C,T:T,T:T,T:T,A:A,C:C,T:T,C:C,A:A
ICMB 08999:3,G:G,C:C,A:A,T:T,A:A,T:T,C:C,G:G,A:A,G:G,T:T,A:A,G:G,G:G,T:T,A:A,A:A,A:A,A:A,C:C,C:C,C:C,T:T,T:T,T:T,A:A,C:C,T:T,C:C,A:A
ICMB 08999:4,G:G,C:C,A:A,T:T,A:A,T:T,C:C,G:G,A:A,G:G,T:T,A:A,G:G,G:G,T:T,A:A,A:A,A:A,A:A,C:C,C:C,C:C,T:T,T:T,T:T,A:A,C:C,T:T,C:C,A:A
ICMB 08999:5,G:G,C:C,A:A,T:T,A:A,T:T,C:C,G:G,A:A,G:G,T:T,A:A,G:G,G:G,T:T,A:A,A:A,A:A,A:A,C:C,C:C,C:C,T:T,T:T,T:T,A:A,C:C,T:T,C:C,A:A
ICMB 09555,N:N,T:T,G:G,T:T,A:G,N:N,C:C,T:G,A:A,G:C,N:N,C:A,A:G,N:N,N:N,A:A,A:A,G:G,G:G,N:N,T:T,C:C,N:N,T:T,N:N,N:N,N:N,C:C,T:C,N:N
ICMB 09555:1,G:G,T:T,G:G,T:T,A:G,C:C,C:C,T:G,A:A,G:C,C:T,C:A,A:G,A:A,G:G,A:A,A:A,G:G,G:G,G:C,T:T,C:C,A:A,T:T,G:G,C:C,G:G,C:C,T:C,A:G
ICMB 09555:2,G:A,T:T,G:G,T:T,A:G,C:T,C:C,T:G,A:A,G:C,C:T,C:A,A:G,G:A,T:G,A:A,A:A,G:G,G:G,C:C,T:T,C:C,A:T,T:T,G:T,C:A,G:C,C:C,T:C,A:G
ICMB 09555:3,G:G,T:T,G:G,T:T,A:A,C:C,C:C,T:G,A:A,G:G,T:T,A:A,G:G,A:A,G:G,A:A,A:A,G:G,G:G,C:C,T:T,C:C,A:A,T:T,G:G,C:C,G:G,C:C,C:C,A:A
ICMB 09555:4,G:A,T:T,G:G,T:T,A:G,Uncallable,C:C,T:G,A:A,G:C,C:C,Uncallable,Uncallable,G:A,T:G,A:A,A:A,G:G,G:G,G:C,T:T,C:C,A:T,T:T,G:T,C:A,G:C,C:C,T:C,G:G
ICMB 09555:5,G:G,T:T,G:G,Uncallable,A:G,C:T,C:C,T:G,A:A,G:C,C:T,C:A,A:G,G:A,T:G,A:A,A:A,G:G,G:G,Uncallable,T:T,C:C,A:T,T:T,G:G,C:C,G:G,C:C,T:C,A:G
ICMB 100103,G:G,C:C,G:G,A:A,A:A,T:T,T:T,G:G,A:A,G:G,T:T,A:A,G:G,A:A,T:T,A:A,A:A,A:A,A:A,G:G,C:C,A:A,T:T,T:T,T:T,A:A,C:C,T:T,C:C,G:G
ICMB 100103:1,G:G,C:C,G:G,A:A,A:A,T:T,T:T,G:G,A:A,G:G,T:T,A:A,G:G,A:A,T:T,A:A,A:A,A:A,A:A,G:G,C:C,A:A,T:T,T:T,T:T,A:A,C:C,T:T,C:C,G:G
ICMB 100103:2,G:G,C:C,G:G,A:A,A:A,T:T,T:T,G:G,A:A,G:G,T:T,A:A,G:G,A:A,T:T,A:A,A:A,A:A,A:A,G:G,C:C,A:A,T:T,T:T,T:T,A:A,C:C,T:T,C:C,G:G
ICMB 100103:3,G:G,C:C,G:G,A:A,A:A,T:T,T:T,G:G,A:A,G:G,T:T,A:A,G:G,A:A,T:T,A:A,A:A,A:A,A:A,G:G,C:C,A:A,T:T,T:T,T:T,A:A,C:C,T:T,C:C,G:G
ICMB 100103:4,G:G,C:C,G:G,A:A,A:A,T:T,T:T,G:G,A:A,G:G,T:T,A:A,G:G,A:A,T:T,A:A,A:A,A:A,A:A,G:G,C:C,A:A,T:T,T:T,T:T,A:A,C:C,T:T,C:C,G:G
ICMB 100103:5,G:G,C:C,G:G,A:A,A:A,T:T,T:T,G:G,A:A,G:G,T:T,A:A,G:G,A:A,T:T,A:A,A:A,A:A,A:A,G:G,C:C,A:A,T:T,T:T,T:T,A:A,C:C,T:T,C:C,G:G
ICMB 100132,G:G,C:C,A:A,A:A,G:G,T:T,T:T,G:G,A:A,G:G,T:T,A:A,G:G,A:A,G:G,A:A,A:A,A:A,G:G,C:C,C:C,C:C,T:T,C:C,G:G,A:A,C:C,T:T,C:C,G:G
ICMB 100132:1,G:G,C:C,A:A,A:A,G:G,T:T,T:T,G:G,A:A,G:G,T:T,A:A,G:G,A:A,G:G,A:A,A:A,A:A,G:G,C:C,C:C,C:C,T:T,C:C,G:G,A:A,C:C,T:T,C:C,G:G
ICMB 100132:2,G:G,C:C,A:A,A:A,G:G,T:T,T:T,G:G,A:A,G:G,T:T,A:A,G:G,A:A,G:G,A:A,A:A,A:A,G:G,C:C,C:C,C:C,T:T,C:C,G:G,A:A,C:C,T:T,C:C,G:G
ICMB 100132:3,G:G,C:C,A:A,A:A,G:G,T:T,T:T,G:G,A:A,G:G,T:T,A:A,G:G,A:A,G:G,A:A,A:A,A:A,G:G,C:C,C:C,C:C,T:T,C:C,G:G,A:A,C:C,T:T,C:C,G:G
ICMB 100132:4,G:G,C:C,A:A,A:A,G:G,T:T,T:T,G:G,A:A,G:G,T:T,A:A,G:G,A:A,G:G,A:A,A:A,A:A,G:G,C:C,C:C,C:C,T:T,C:C,G:G,A:A,C:C,T:T,C:C,G:G
ICMB 100132:5,G:G,C:C,A:A,A:A,G:G,T:T,T:T,G:G,A:A,G:G,T:T,A:A,G:G,A:A,G:G,A:A,A:A,A:A,G:G,C:C,C:C,C:C,T:T,C:C,G:G,A:A,C:C,T:T,C:C,G:G
ICMB 100133,G:G,C:C,A:A,A:A,A:A,T:T,T:T,G:G,A:A,C:C,C:C,A:A,G:G,A:A,G:G,A:A,A:A,G:G,A:A,C:C,C:C,A:A,A:A,C:C,G:G,A:A,G:G,C:C,C:C,G:G
ICMB 100133:1,G:G,C:C,A:A,A:A,A:A,T:T,T:T,G:G,A:A,C:C,C:C,A:A,G:G,A:A,G:G,A:A,A:A,G:G,A:A,C:C,C:C,A:A,A:A,C:C,G:G,A:A,G:G,C:C,C:C,G:G
ICMB 100133:2,G:G,C:C,A:A,A:A,A:G,T:T,Uncallable,G:G,A:A,G:C,C:C,A:A,A:G,A:A,G:G,A:A,A:A,G:G,A:A,C:C,C:C,A:A,A:A,C:C,G:G,A:A,Uncallable,C:C,C:C,G:G
ICMB 100133:3,G:G,C:C,A:A,A:A,A:A,T:T,T:T,G:G,A:A,C:C,C:C,A:A,G:G,A:A,G:G,A:A,A:A,G:G,A:A,C:C,C:C,A:A,A:A,C:C,G:G,A:A,G:G,C:C,C:C,G:G
ICMB 100133:4,G:G,C:C,A:A,A:A,A:A,T:T,T:T,G:G,A:A,C:C,C:C,A:A,G:G,A:A,G:G,A:A,A:A,G:G,A:A,C:C,C:C,A:A,A:A,C:C,G:G,A:A,G:G,C:C,C:C,G:G
ICMB 100133:5,G:G,C:C,A:A,A:A,A:A,T:T,T:T,G:G,A:A,C:C,C:C,A:A,G:G,A:A,G:G,A:A,A:A,G:G,A:A,C:C,C:C,A:A,A:A,C:C,G:G,A:A,G:G,C:C,C:C,G:G
ICMB 100157,G:G,C:C,G:G,T:T,G:G,C:C,C:C,G:G,A:A,G:G,C:C,A:A,G:G,G:G,G:G,G:G,A:A,A:A,G:G,C:C,T:T,C:C,A:A,T:T,T:T,A:A,C:C,T:T,T:T,A:A
ICMB 100157:1,G:G,C:C,G:G,T:T,G:G,C:C,C:C,G:G,A:A,G:G,C:C,A:A,G:G,G:G,G:G,G:G,A:A,A:A,G:G,C:C,T:T,C:C,A:A,T:T,T:T,A:A,C:C,T:T,T:T,A:A
ICMB 100157:2,G:G,C:C,G:G,T:T,G:G,C:C,C:C,G:G,A:A,G:G,C:C,A:A,G:G,G:G,G:G,G:G,A:A,A:A,G:G,C:C,T:T,C:C,A:A,T:T,T:T,A:A,C:C,T:T,T:T,A:A
ICMB 100157:3,G:G,C:C,G:G,T:T,G:G,C:C,C:C,G:G,A:A,G:G,C:C,A:A,G:G,G:G,G:G,G:G,A:A,A:A,G:G,C:C,T:T,C:C,A:A,T:T,T:T,A:A,C:C,T:T,T:T,A:A
ICMB 100157:4,G:G,C:C,G:G,T:T,G:G,C:C,C:C,G:G,A:A,G:G,C:C,A:A,G:G,G:G,G:G,G:G,A:A,A:A,G:G,C:C,T:T,C:C,A:A,T:T,T:T,A:A,C:C,T:T,T:T,A:A
ICMB 100157:5,G:G,C:C,G:G,T:T,G:G,C:C,C:C,G:G,A:A,G:G,C:C,A:A,G:G,G:G,G:G,G:G,A:A,A:A,G:G,C:C,T:T,C:C,A:A,T:T,T:T,A:A,C:C,T:T,T:T,A:A
ICMB 100613,G:G,T:T,A:A,T:T,G:G,T:T,T:T,T:G,G:G,C:C,T:T,C:A,G:G,A:A,T:T,A:A,A:A,A:A,G:G,N:N,C:C,N:N,A:T,T:T,G:G,A:A,C:C,C:C,C:C,A:A
ICMB 100613:1,G:G,T:T,A:A,T:T,G:G,T:T,T:T,T:G,G:A,C:C,T:T,C:A,G:G,A:A,T:T,A:A,A:A,A:A,G:G,C:C,C:C,A:C,A:T,T:T,G:G,A:A,C:C,C:C,C:C,A:A
ICMB 100613:2,G:G,T:T,A:A,T:T,G:G,T:T,T:T,T:G,G:G,C:C,T:T,C:A,G:G,A:A,T:T,A:A,A:A,A:A,G:G,C:C,C:T,A:A,A:T,T:T,G:G,A:A,C:C,C:C,C:C,A:A
ICMB 100613:3,G:G,T:T,A:A,T:T,G:G,T:T,T:T,T:G,Uncallable,C:C,T:T,C:A,G:G,A:A,T:T,A:A,A:A,A:A,G:G,C:C,C:C,A:C,A:T,T:T,G:G,A:A,C:C,C:C,C:C,A:A
ICMB 100613:4,G:G,T:T,A:A,Uncallable,Uncallable,T:T,T:T,T:G,G:G,C:C,T:T,C:A,G:G,G:A,T:T,A:A,A:A,A:A,G:G,G:C,C:C,A:C,A:T,T:T,G:G,A:A,C:C,C:C,C:C,A:A
ICMB 100613:5,G:G,T:T,A:A,T:T,G:G,T:T,T:T,T:G,G:G,C:C,T:T,C:A,G:G,A:A,T:T,A:A,A:A,A:A,G:G,G:C,C:C,A:A,A:T,T:T,G:G,A:A,C:C,C:C,C:C,A:A
ICMB 101410,A:A,T:T,A:A,A:A,A:A,C:C,C:C,G:G,G:G,G:G,C:C,A:A,A:A,G:G,T:T,A:A,A:A,A:A,N:N,C:C,C:C,C:C,A:A,C:C,T:T,A:A,G:G,T:T,C:C,A:A
ICMB 101410:1,A:A,T:T,A:A,A:A,A:A,C:C,C:C,G:G,G:G,G:G,C:C,A:A,A:A,G:G,T:T,A:A,A:A,A:A,A:A,C:C,C:C,C:C,A:A,C:C,T:T,?,G:G,T:T,C:C,A:A
ICMB 101410:2,A:A,T:T,A:A,A:A,A:A,C:C,C:C,G:G,G:G,G:G,C:C,A:A,A:A,G:G,T:T,A:A,A:A,A:A,A:G,C:C,C:C,C:C,A:A,C:C,T:T,A:A,G:G,T:T,C:C,A:A
ICMB 101410:3,A:A,T:T,A:A,A:A,A:A,C:C,C:C,G:G,G:G,G:G,C:C,A:A,A:A,G:G,T:T,A:A,A:A,A:A,A:A,C:C,C:C,C:C,A:A,C:C,T:T,A:A,G:G,T:T,C:C,A:A
ICMB 101410:4,A:A,T:T,A:A,A:A,A:A,C:C,C:C,G:G,G:G,G:G,C:C,A:A,A:A,G:G,T:T,A:A,A:A,A:A,A:A,C:C,C:C,C:C,A:A,C:C,T:T,A:A,G:G,T:T,C:C,A:A
ICMB 101410:5,A:A,T:T,A:A,A:A,A:A,C:C,C:C,G:G,G:G,G:G,C:C,A:A,A:A,G:G,T:T,A:A,A:A,A:A,A:G,C:C,C:C,C:C,A:A,C:C,T:T,A:A,G:G,T:T,C:C,A:A
ICMB 101426,G:G,T:T,A:A,A:A,A:A,T:T,T:T,G:G,G:G,G:G,T:T,A:A,A:A,G:G,G:G,G:G,A:A,N:N,N:N,C:C,T:T,C:C,T:T,C:C,G:G,A:A,C:C,C:C,C:C,A:A
ICMB 101426:1,G:G,T:T,A:A,A:A,A:A,T:T,T:T,G:G,G:G,G:G,T:T,A:A,A:A,G:G,G:G,G:G,A:A,G:G,G:G,C:C,T:T,C:C,T:T,C:C,G:G,A:A,C:C,C:C,C:C,A:A
ICMB 101426:2,G:G,T:T,A:A,A:A,A:A,T:T,T:T,G:G,G:G,G:G,T:T,A:A,A:A,G:G,G:G,G:G,A:A,G:A,A:G,C:C,T:T,C:C,T:T,C:C,G:G,A:A,C:C,C:C,C:C,A:A
ICMB 101426:3,G:G,T:T,A:A,A:A,A:A,T:T,T:T,G:G,G:G,G:G,T:T,A:A,A:A,G:G,G:G,G:G,A:A,G:A,A:G,C:C,T:T,C:C,T:T,C:C,G:G,A:A,C:C,C:C,C:C,A:A
ICMB 101426:4,G:G,T:T,A:A,A:A,A:A,T:T,T:T,G:G,G:G,G:G,T:T,A:A,A:A,G:G,G:G,G:G,A:A,G:G,G:G,C:C,T:T,C:C,T:T,C:C,G:G,A:A,C:C,C:C,C:C,A:A
ICMB 101426:5,G:G,T:T,A:A,A:A,A:A,T:T,T:T,G:G,G:G,G:G,T:T,A:A,A:A,G:G,G:G,G:G,A:A,G:G,G:G,C:C,T:T,C:C,T:T,C:C,G:G,A:A,C:C,C:C,C:C,A:A
ICMB 101551,G:G,T:T,G:G,A:A,A:A,T:T,T:T,G:G,A:A,C:C,T:T,A:A,A:A,A:A,N:N,G:G,A:A,A:A,G:G,G:G,T:T,C:C,T:T,C:C,G:G,A:A,C:C,C:C,C:C,G:G
ICMB 101551:1,G:G,T:T,G:G,A:A,A:A,T:T,T:T,G:G,A:A,C:C,T:T,A:A,A:A,A:A,G:G,G:G,A:A,A:A,G:G,G:G,T:T,C:C,T:T,C:C,G:G,A:A,C:C,C:C,C:C,G:G
ICMB 101551:2,G:G,T:T,G:G,A:A,A:A,T:T,T:T,G:G,A:A,C:C,T:T,A:A,A:A,A:A,T:G,G:G,A:A,A:A,G:G,G:G,T:T,C:C,T:T,C:C,G:G,A:A,C:C,C:C,C:C,G:G
ICMB 101551:3,G:G,T:T,G:G,A:A,A:A,T:T,T:T,G:G,A:A,C:C,T:T,A:A,A:A,A:A,G:G,G:G,A:A,A:A,G:G,G:G,T:T,C:C,T:T,C:C,G:G,A:A,C:C,C:C,C:C,G:G
ICMB 101551:4,G:G,T:T,G:G,A:A,A:A,T:T,T:T,G:G,A:A,C:C,T:T,A:A,A:A,A:A,T:G,G:G,A:A,A:A,G:G,G:G,T:T,C:C,T:T,C:C,G:G,A:A,C:C,C:C,C:C,G:G
ICMB 101551:5,G:G,T:T,G:G,A:A,A:A,T:T,T:T,G:G,A:A,C:C,T:T,A:A,A:A,A:A,G:G,G:G,A:A,A:A,G:G,G:G,T:T,C:C,T:T,C:C,G:G,A:A,C:C,C:C,C:C,G:G
ICMB 101644,G:G,C:C,G:G,N:N,A:A,T:T,T:T,G:G,A:A,C:C,C:C,A:A,G:G,A:A,N:N,A:A,A:A,G:G,G:G,G:G,C:C,A:A,A:A,T:T,T:T,A:A,C:C,T:T,T:T,G:G
ICMB 101644:10,G:G,C:C,G:G,A:A,A:A,T:T,T:T,G:G,A:A,C:C,C:C,A:A,G:G,A:A,G:G,A:A,A:A,G:G,G:G,G:G,C:C,A:A,A:A,T:T,T:T,A:A,C:C,T:T,T:T,G:G
ICMB 101644:11,G:G,C:C,G:G,A:T,A:A,T:T,T:T,G:G,A:A,C:C,C:C,A:A,G:G,A:A,G:G,A:A,A:A,G:G,G:G,G:G,C:C,A:A,A:A,T:T,T:T,A:A,C:C,T:T,T:T,G:G
ICMB 101644:12,G:G,C:C,G:G,A:A,A:A,T:T,T:T,G:G,A:A,C:C,C:C,A:A,G:G,A:A,T:G,A:A,A:A,G:G,G:G,G:G,C:C,A:A,A:A,T:T,T:T,A:A,C:C,T:T,T:T,G:G
ICMB 101644:13,G:G,C:C,G:G,A:A,A:A,T:T,T:T,G:G,A:A,C:C,C:C,A:A,G:G,A:A,T:G,A:A,A:A,G:G,G:G,G:G,C:C,A:A,A:A,T:T,T:T,A:A,C:C,T:T,T:T,G:G
ICMB 101644:9,G:G,C:C,G:G,A:T,A:A,T:T,T:T,G:G,A:A,C:C,C:C,A:A,G:G,G:A,T:G,A:A,A:A,G:G,G:G,G:G,C:C,A:A,A:A,T:T,T:T,A:A,C:C,T:T,T:T,G:G
ICMB 101806,A:A,T:T,G:G,T:T,A:A,C:C,C:T,G:G,G:G,G:G,C:C,A:A,A:A,A:A,T:T,A:A,A:A,G:G,G:G,C:C,C:C,C:C,T:T,C:C,G:G,A:A,C:C,T:T,T:C,A:A
ICMB 101806:1,A:A,T:T,G:G,T:T,A:A,C:C,Uncallable,G:G,G:G,G:G,C:C,A:A,A:A,A:A,T:T,A:A,A:A,G:G,G:G,C:C,C:C,C:C,T:T,C:C,G:G,A:A,C:C,T:T,T:C,A:A
ICMB 101806:2,A:A,T:T,G:G,T:T,A:A,C:C,C:T,G:G,G:G,G:G,C:C,A:A,A:A,A:A,T:T,A:A,A:A,G:G,G:G,C:C,C:C,C:C,T:T,C:C,G:G,A:A,C:C,T:T,T:C,A:A
ICMB 101806:3,A:A,T:T,G:G,T:T,A:A,C:C,C:T,G:G,G:G,G:G,C:C,A:A,A:A,A:A,T:T,A:A,A:A,G:G,G:G,C:C,C:C,C:C,T:T,C:C,G:G,A:A,C:C,T:T,T:C,A:A
ICMB 101806:4,A:A,T:T,G:G,T:T,A:A,C:C,C:C,G:G,G:G,G:G,C:C,A:A,A:A,A:A,T:T,A:A,A:A,G:G,G:G,C:C,C:C,C:C,T:T,C:C,G:G,A:A,C:C,T:T,T:C,A:A
ICMB 101806:5,A:A,T:T,G:G,T:T,A:A,C:C,C:T,G:G,G:G,G:G,C:C,A:A,A:A,A:A,T:T,A:A,A:A,G:G,G:G,C:C,C:C,C:C,T:T,C:C,G:G,A:A,C:C,T:T,T:C,A:A
ICMB 101815,G:G,C:C,G:G,T:T,G:G,C:C,C:C,G:G,A:A,G:G,C:C,A:A,G:G,A:A,G:G,A:A,A:A,A:A,G:G,C:C,T:T,C:C,A:A,T:T,G:G,A:A,C:C,T:T,T:T,A:A
ICMB 101815:1,G:G,C:C,G:G,T:T,G:G,C:C,C:C,G:G,A:A,G:G,C:C,A:A,G:G,A:A,G:G,A:A,A:A,A:A,G:G,C:C,T:T,C:C,A:A,T:T,G:G,A:A,C:C,T:T,T:T,A:A
ICMB 101815:2,G:G,C:C,G:G,T:T,G:G,C:C,C:C,G:G,A:A,G:G,C:C,A:A,G:G,A:A,G:G,A:A,A:A,A:A,G:G,C:C,T:T,C:C,A:A,T:T,G:G,A:A,C:C,T:T,T:T,A:A
ICMB 101815:3,G:G,C:C,G:G,T:T,G:G,C:C,C:C,G:G,A:A,G:G,C:C,A:A,G:G,A:A,G:G,A:A,A:A,A:A,G:G,C:C,T:T,C:C,A:A,T:T,G:G,A:A,C:C,T:T,T:T,A:A
ICMB 101815:4,G:G,C:C,G:G,T:T,G:G,C:C,C:C,G:G,A:A,G:G,C:C,A:A,G:G,A:A,G:G,A:A,A:A,A:A,G:G,C:C,T:T,C:C,A:A,T:T,G:G,A:A,C:C,T:T,T:T,A:A
ICMB 101815:5,G:G,C:C,G:G,T:T,G:G,C:C,C:C,G:G,A:A,G:G,C:C,A:A,G:G,A:A,G:G,A:A,A:A,A:A,G:G,C:C,T:T,C:C,A:A,T:T,G:G,A:A,C:C,T:T,T:T,A:A
ICMB 101853,A:A,T:T,G:G,T:T,A:A,T:T,T:T,T:T,A:A,G:C,C:C,C:C,G:G,G:G,G:G,G:G,A:A,G:A,A:G,C:C,T:T,C:C,T:T,T:T,T:T,A:A,C:C,T:T,T:T,A:A
ICMB 101853:1,A:A,T:T,G:G,T:T,A:A,T:T,T:T,T:T,A:A,G:C,C:C,C:C,G:G,G:G,G:G,G:G,A:A,G:A,A:G,C:C,T:T,C:C,T:T,T:T,T:T,A:A,C:C,T:T,T:T,A:A
ICMB 101853:2,A:A,T:T,G:G,T:T,A:A,T:T,T:T,T:T,A:A,G:C,C:C,C:C,G:G,G:G,G:G,G:G,A:A,G:A,A:G,C:C,T:T,C:C,T:T,T:T,T:T,A:A,C:C,T:T,T:T,A:A
ICMB 101853:3,A:A,T:T,G:G,T:T,A:A,T:T,T:T,T:T,A:A,G:C,C:C,C:C,G:G,G:G,G:G,G:G,A:A,G:A,A:G,C:C,T:T,C:C,T:T,T:T,T:T,A:A,C:C,T:T,T:T,A:A
ICMB 101853:4,A:A,T:T,G:G,T:T,A:A,T:T,T:T,T:T,A:A,G:C,C:C,C:C,G:G,G:G,G:G,G:G,A:A,G:A,A:G,C:C,T:T,C:C,T:T,T:T,T:T,A:A,C:C,T:T,T:T,A:A
ICMB 101853:5,A:A,T:T,G:G,T:T,A:A,T:T,T:T,T:T,A:A,G:C,C:C,C:C,G:G,G:G,G:G,G:G,A:A,G:A,A:G,C:C,T:T,C:C,T:T,T:T,T:T,A:A,C:C,T:T,T:T,A:A
ICMB 101922,G:G,C:C,G:G,T:T,G:G,T:T,T:T,G:G,G:A,C:C,T:T,A:A,G:G,G:A,G:G,G:G,A:A,A:A,A:A,C:C,C:C,C:C,T:T,C:C,G:G,A:A,C:C,C:C,T:C,G:G
ICMB 101922:1,G:G,C:C,G:G,T:T,G:G,T:T,T:T,G:G,G:A,C:C,T:T,A:A,G:G,G:A,G:G,G:G,A:A,A:A,A:A,C:C,C:C,C:C,T:T,C:C,G:G,A:A,C:C,C:C,T:T,G:G
ICMB 101922:2,G:G,C:C,G:G,T:T,G:G,T:T,T:T,G:G,Uncallable,C:C,T:T,A:A,G:G,G:A,T:G,G:G,A:A,A:A,A:A,C:C,C:C,C:C,T:T,C:C,G:T,A:A,C:C,C:C,T:C,G:G
ICMB 101922:3,G:G,C:C,G:G,Uncallable,G:G,T:T,T:T,G:G,Uncallable,C:C,T:T,A:A,G:G,G:A,G:G,G:G,A:A,A:A,A:A,C:C,C:C,C:C,T:T,C:C,G:G,A:A,C:C,C:C,T:C,G:G
ICMB 101922:4,G:G,C:C,G:G,T:T,G:G,T:T,T:T,G:G,G:A,C:C,T:T,A:A,G:G,G:A,G:G,G:G,A:A,A:A,A:A,C:C,C:C,C:C,T:T,C:C,G:G,A:A,C:C,C:C,T:C,G:G
ICMB 101922:5,G:G,C:C,G:G,T:T,G:G,T:T,T:T,G:G,G:A,C:C,T:T,A:A,G:G,G:A,G:G,G:G,A:A,A:A,A:A,C:C,C:C,C:C,T:T,C:C,G:G,A:A,C:C,C:C,T:C,G:G
ICMB 101932,G:G,T:T,G:G,T:T,G:G,C:C,T:T,T:G,A:A,G:G,T:T,A:A,G:G,A:A,G:G,G:G,A:A,A:A,A:A,G:G,T:T,C:C,T:T,C:C,G:G,A:A,C:C,T:T,C:C,G:G
ICMB 101932:1,G:G,T:T,G:G,T:T,G:G,C:C,T:T,T:G,A:A,G:G,T:T,A:A,G:G,A:A,G:G,G:G,A:A,A:A,A:A,G:G,T:T,C:C,T:T,C:C,G:G,A:A,C:C,T:T,C:C,G:G
ICMB 101932:2,G:G,T:T,G:G,T:T,G:G,C:C,T:T,T:G,A:A,G:G,T:T,A:A,G:G,A:A,G:G,G:G,A:A,A:A,A:A,G:G,T:T,C:C,T:T,C:C,G:G,A:A,C:C,T:T,C:C,G:G
ICMB 101932:3,G:G,T:T,G:G,T:T,G:G,C:C,T:T,T:G,A:A,G:G,T:T,A:A,G:G,A:A,G:G,G:G,A:A,A:A,A:A,G:G,T:T,C:C,T:T,C:C,G:G,A:A,C:C,T:T,C:C,G:G
ICMB 101932:4,G:G,T:T,G:G,T:T,G:G,C:C,T:T,T:G,A:A,G:G,T:T,A:A,G:G,A:A,G:G,G:G,A:A,A:A,A:A,G:G,T:T,C:C,T:T,C:C,G:G,A:A,Uncallable,T:T,C:C,G:G
ICMB 101932:5,G:G,T:T,G:G,T:T,G:G,C:C,T:T,T:G,A:A,G:G,T:T,A:A,G:G,A:A,G:G,G:G,A:A,A:A,A:A,G:G,T:T,C:C,T:T,C:C,G:G,A:A,C:C,T:T,C:C,G:G
ICMB 101965,A:A,T:C,G:G,T:T,G:G,C:C,N:N,G:G,A:A,G:G,C:C,A:A,G:G,A:A,G:G,A:A,A:A,A:A,G:G,C:C,T:T,A:A,A:A,T:T,T:T,A:A,C:C,T:T,T:T,A:A
ICMB 101965:1,A:A,T:C,G:G,T:T,G:G,C:C,C:C,G:G,A:A,G:G,C:C,A:A,G:G,A:A,G:G,A:A,A:A,A:A,G:G,C:C,T:T,A:A,A:A,T:T,T:T,A:A,C:C,T:T,T:T,A:A
ICMB 101965:2,A:A,T:C,G:G,T:T,G:G,C:C,C:C,G:G,A:A,G:G,C:C,A:A,G:G,A:A,G:G,A:A,A:A,A:A,G:G,C:C,T:T,A:A,A:A,T:T,T:T,A:A,C:C,T:T,T:T,A:A
ICMB 101965:3,A:A,T:C,G:G,T:T,G:G,C:C,C:T,G:G,A:A,G:G,C:C,A:A,G:G,A:A,G:G,A:A,A:A,A:A,G:G,C:C,T:T,A:A,A:A,T:T,T:T,A:A,C:C,T:T,T:T,A:A
ICMB 101965:4,A:A,T:C,G:G,T:T,G:G,C:C,C:C,G:G,A:A,G:G,C:C,A:A,G:G,A:A,G:G,A:A,A:A,A:A,G:G,C:C,T:T,A:A,A:A,T:T,T:T,A:A,C:C,T:T,T:T,A:A
ICMB 101965:5,A:A,T:T,G:G,T:T,G:G,C:C,C:T,G:G,A:A,G:G,C:C,A:A,G:G,A:A,G:G,A:A,A:A,Uncallable,G:G,C:C,T:T,A:A,A:A,T:T,T:T,A:A,C:C,T:T,T:T,A:A
ICMB 101967,G:G,C:C,A:A,T:T,A:A,C:C,C:C,T:T,G:G,C:C,T:T,A:A,A:A,A:A,G:G,A:A,G:A,A:A,A:A,G:G,C:C,A:A,A:A,T:T,T:T,A:A,G:G,T:T,T:T,A:A
ICMB 101967:1,G:G,C:C,A:A,T:T,A:A,C:C,C:C,T:T,G:G,C:C,T:T,A:A,A:A,A:A,G:G,A:A,G:A,A:A,A:A,G:G,C:C,A:A,A:A,T:T,T:T,A:A,G:G,T:T,T:T,A:A
ICMB 101967:2,G:G,C:C,A:A,T:T,A:A,C:C,C:C,T:T,G:G,C:C,T:T,A:A,A:A,A:A,G:G,A:A,G:A,A:A,A:A,G:G,C:C,A:A,A:A,T:T,T:T,A:A,G:G,T:T,T:T,A:A
ICMB 101967:3,G:G,C:C,A:A,T:T,A:A,C:C,C:C,T:T,G:G,C:C,T:T,A:A,A:A,A:A,G:G,A:A,G:A,A:A,A:A,G:G,C:C,A:A,A:A,T:T,T:T,A:A,G:G,T:T,T:T,A:A
ICMB 101967:4,G:G,C:C,A:A,T:T,A:A,C:C,C:C,T:T,G:G,C:C,T:T,A:A,A:A,A:A,G:G,A:A,G:A,A:A,A:A,G:G,C:C,A:A,A:A,T:T,T:T,A:A,G:G,T:T,T:T,A:A
ICMB 101967:5,G:G,C:C,A:A,T:T,A:A,C:C,C:C,T:T,G:G,C:C,T:T,A:A,A:A,A:A,G:G,A:A,G:A,A:A,A:A,G:G,C:C,A:A,A:A,T:T,T:T,A:A,G:G,T:T,T:T,A:A
ICMB 101968,G:G,T:T,N:N,A:A,N:N,N:N,T:T,G:G,N:N,G:G,N:N,A:A,N:N,N:N,G:G,N:N,A:A,A:A,N:N,C:C,C:C,C:C,N:N,N:N,G:G,A:A,C:C,N:N,T:T,A:A
ICMB 101968:1,G:G,T:T,A:A,A:A,A:A,T:T,Uncallable,G:G,G:G,G:G,C:T,A:A,A:G,G:A,G:G,Uncallable,A:A,A:A,Uncallable,C:C,C:C,C:C,T:T,C:C,G:G,A:A,C:C,C:C,T:T,A:A
ICMB 101968:2,G:G,T:T,G:A,A:A,A:G,C:T,T:T,G:G,G:A,G:G,C:T,A:A,A:G,G:A,G:G,Uncallable,A:A,A:A,A:G,C:C,C:C,C:C,T:T,C:C,G:G,A:A,C:C,C:T,T:T,A:A
ICMB 101968:3,G:G,T:T,A:A,A:A,A:G,T:T,T:T,G:G,G:G,G:G,T:T,A:A,A:A,G:G,G:G,Uncallable,A:A,A:A,A:A,C:C,C:C,C:C,A:T,C:T,G:G,A:A,C:C,C:C,T:T,A:A
ICMB 101968:4,G:G,T:T,G:A,A:A,A:G,C:T,T:T,G:G,G:A,G:G,C:T,A:A,A:G,G:A,G:G,A:G,A:A,A:A,A:G,C:C,C:C,C:C,A:T,C:T,G:G,A:A,C:C,C:T,T:T,A:A
ICMB 101968:5,G:G,T:T,A:A,A:A,A:A,T:T,T:T,G:G,G:G,G:G,T:T,A:A,A:A,G:G,G:G,G:G,A:A,A:A,A:A,C:C,C:C,C:C,T:T,C:C,G:G,A:A,C:C,C:C,T:T,A:A
ICMB 101969,G:G,C:C,G:G,A:A,A:A,T:T,C:C,G:G,A:A,C:C,C:C,A:A,G:G,G:G,G:G,A:A,A:A,A:A,G:G,C:C,T:T,C:C,T:T,T:T,G:G,C:C,G:G,T:T,C:C,G:G
ICMB 101969:1,G:G,C:C,G:G,A:A,A:A,T:T,C:C,G:G,A:A,C:C,C:C,A:A,G:G,G:G,G:G,A:A,A:A,A:A,G:G,C:C,T:T,C:C,T:T,T:T,G:G,C:C,G:G,T:T,C:C,G:G
ICMB 101969:2,G:G,C:C,G:G,A:A,A:A,T:T,C:C,G:G,A:A,C:C,C:C,A:A,G:G,G:G,G:G,A:A,A:A,A:A,G:G,C:C,T:T,C:C,T:T,T:T,G:G,C:C,G:G,T:T,C:C,G:G
ICMB 101969:3,G:G,C:C,G:G,A:A,A:A,T:T,C:C,G:G,A:A,C:C,C:C,A:A,G:G,G:G,G:G,A:A,A:A,A:A,G:G,C:C,T:T,C:C,T:T,T:T,G:G,C:C,G:G,T:T,C:C,G:G
ICMB 101969:4,G:G,C:C,G:G,A:A,A:A,T:T,C:C,G:G,A:A,C:C,C:C,A:A,G:G,G:G,G:G,A:A,A:A,A:A,G:G,C:C,T:T,C:C,T:T,T:T,G:G,C:C,G:G,T:T,C:C,G:G
ICMB 101969:5,G:G,C:C,G:G,A:A,A:A,T:T,C:C,G:G,A:A,C:C,C:C,A:A,G:G,G:G,G:G,A:A,A:A,A:A,G:G,C:C,T:T,C:C,T:T,T:T,G:G,C:C,G:G,T:T,C:C,G:G
ICMB 101970,A:A,C:C,G:G,T:T,G:G,T:T,T:T,T:G,G:G,C:C,T:T,A:A,G:G,A:A,G:G,G:G,A:A,G:G,G:G,C:C,T:T,C:C,T:T,C:C,G:G,A:A,C:C,C:C,C:C,G:G
ICMB 101970:1,A:A,C:C,G:G,T:T,G:G,T:T,T:T,T:G,G:G,C:C,T:T,A:A,G:G,A:A,G:G,G:G,A:A,G:G,G:G,C:C,T:T,C:C,T:T,C:C,G:G,A:A,C:C,C:C,C:C,G:G
ICMB 101970:2,A:A,C:C,G:G,T:T,G:G,T:T,T:T,T:G,G:G,C:C,T:T,A:A,G:G,A:A,G:G,G:G,A:A,G:G,G:G,C:C,T:T,C:C,T:T,C:C,G:G,A:A,C:C,C:C,C:C,G:G
ICMB 101970:3,A:A,C:C,G:G,T:T,G:G,T:T,T:T,T:G,G:G,C:C,T:T,A:A,G:G,A:A,G:G,G:G,A:A,G:G,G:G,C:C,T:T,C:C,T:T,C:C,G:G,A:A,C:C,C:C,C:C,G:G
ICMB 101970:4,A:A,C:C,G:G,T:T,G:G,T:T,T:T,T:G,G:G,C:C,T:T,A:A,G:G,A:A,G:G,G:G,A:A,G:G,G:G,C:C,T:T,C:C,T:T,C:C,G:G,A:A,C:C,C:C,C:C,G:G
ICMB 101970:5,A:A,C:C,G:G,T:T,G:G,T:T,T:T,T:G,G:G,C:C,T:T,A:A,G:G,A:A,G:G,G:G,A:A,G:G,G:G,C:C,T:T,C:C,T:T,C:C,G:G,A:A,C:C,C:C,C:C,G:G
ICMB 101971,A:A,T:T,A:A,T:T,G:G,T:T,T:T,T:G,A:A,G:G,T:T,A:A,G:G,G:G,G:G,G:G,A:A,G:G,G:G,C:C,T:T,C:C,T:T,C:C,G:G,A:A,C:C,C:C,T:T,A:A
ICMB 101971:1,A:A,T:T,A:A,T:T,G:G,T:T,T:T,T:G,A:A,G:G,T:T,A:A,G:G,G:G,G:G,G:G,A:A,G:G,G:G,C:C,T:T,C:C,T:T,C:C,G:G,A:A,C:C,C:C,T:T,A:A
ICMB 101971:2,A:A,T:T,A:A,T:T,G:G,T:T,T:T,T:G,A:A,G:G,T:T,A:A,G:G,G:G,G:G,G:G,A:A,G:G,G:G,C:C,T:T,C:C,T:T,C:C,G:G,A:A,C:C,C:C,T:T,A:A
ICMB 101971:3,A:A,T:T,A:A,T:T,G:G,T:T,T:T,T:G,A:A,G:G,T:T,A:A,G:G,G:G,G:G,G:G,A:A,G:G,G:G,C:C,T:T,C:C,T:T,C:C,G:G,A:A,C:C,C:C,T:T,A:A
ICMB 101971:4,A:A,T:T,A:A,T:T,G:G,T:T,T:T,T:G,A:A,G:G,T:T,A:A,G:G,G:G,G:G,G:G,A:A,G:G,G:G,C:C,T:T,C:C,T:T,C:C,G:G,A:A,C:C,C:C,T:T,A:A
ICMB 101971:5,A:A,T:T,A:A,T:T,G:G,T:T,T:T,T:G,A:A,G:G,T:T,A:A,G:G,G:G,G:G,G:G,A:A,G:G,G:G,C:C,T:T,C:C,T:T,C:C,G:G,A:A,C:C,C:C,T:T,A:A
ICMB 101972,A:A,C:C,G:A,T:T,G:G,C:C,C:C,G:G,A:A,G:G,C:C,A:A,G:G,A:A,G:G,G:G,A:A,G:G,G:G,C:C,T:T,C:C,T:T,T:T,T:T,A:A,C:C,N:N,T:T,A:A
ICMB 101972:1,A:A,C:C,G:A,T:T,G:G,C:C,C:C,G:G,A:A,G:G,C:C,A:A,G:G,A:A,G:G,G:G,A:A,G:G,G:G,C:C,T:T,C:C,T:T,T:T,T:T,A:A,C:C,C:C,T:T,A:A
ICMB 101972:2,A:A,C:C,G:A,T:T,G:G,C:C,C:C,G:G,A:A,G:G,C:C,A:A,G:G,A:A,G:G,G:G,A:A,G:G,G:G,C:C,T:T,C:C,T:T,T:T,T:T,A:A,C:C,C:T,T:T,A:A
ICMB 101972:3,A:A,C:C,G:A,T:T,G:G,C:C,C:C,G:G,A:A,G:G,C:C,A:A,G:G,A:A,G:G,G:G,A:A,G:G,G:G,C:C,T:T,C:C,T:T,T:T,T:T,A:A,C:C,C:T,T:T,A:A
ICMB 101972:4,A:A,C:C,G:G,T:T,G:G,C:C,C:C,G:G,A:A,G:G,C:C,A:A,G:G,A:A,G:G,G:G,A:A,G:G,G:G,C:C,T:T,C:C,T:T,T:T,T:T,A:A,C:C,C:C,T:T,A:A
ICMB 101972:5,A:A,C:C,G:A,T:T,G:G,C:C,C:C,G:G,A:A,G:G,C:C,A:A,G:G,A:A,G:G,G:G,A:A,G:G,G:G,C:C,T:T,C:C,T:T,T:T,T:T,A:A,C:C,C:T,T:T,A:A
ICMB 101973,G:G,T:T,G:G,A:A,A:A,C:C,T:T,G:G,G:G,G:G,T:T,A:A,A:A,G:G,G:G,A:A,A:A,A:A,G:G,G:G,C:C,C:C,A:A,T:T,T:T,A:A,C:C,T:T,C:C,G:G
ICMB 101973:1,G:G,T:T,G:G,A:A,A:A,C:C,T:T,G:G,G:G,G:G,T:T,A:A,A:A,G:G,G:G,A:A,A:A,A:A,G:G,G:G,C:C,C:C,A:A,T:T,T:T,A:A,C:C,T:T,C:C,G:G
ICMB 101973:2,G:G,T:T,G:G,A:A,A:A,C:C,T:T,G:G,G:G,G:G,T:T,A:A,A:A,G:G,G:G,A:A,A:A,A:A,G:G,G:G,C:C,C:C,A:A,T:T,T:T,A:A,C:C,T:T,C:C,G:G
ICMB 101973:3,G:G,T:T,G:G,A:A,A:A,C:C,T:T,G:G,G:G,G:G,T:T,A:A,A:A,G:G,?,A:A,A:A,A:A,G:G,G:G,C:C,C:C,A:A,T:T,T:T,A:A,C:C,T:T,C:C,G:G
ICMB 101973:4,G:G,T:T,G:G,A:A,A:A,C:C,T:T,G:G,G:G,G:G,T:T,A:A,A:A,G:G,G:G,A:A,A:A,A:A,G:G,G:G,C:C,C:C,A:A,T:T,T:T,A:A,C:C,T:T,C:C,G:G
ICMB 101973:5,G:G,T:T,G:G,A:A,A:A,C:C,T:T,G:G,G:G,G:G,T:T,A:A,A:A,G:G,?,A:A,A:A,A:A,G:G,G:G,C:C,C:C,A:A,T:T,T:T,A:A,C:C,T:T,C:C,G:G
ICMB 101974,G:G,N:N,N:N,N:N,N:N,N:N,N:N,N:N,N:N,C:C,C:C,A:A,G:G,N:N,N:N,N:N,A:A,N:N,G:G,C:C,T:T,C:C,N:N,N:N,N:N,A:A,C:C,N:N,T:T,A:A
ICMB 101974:1,G:G,C:C,G:G,T:T,G:G,C:C,C:C,T:G,G:G,C:C,C:C,A:A,G:G,G:G,G:G,G:G,A:A,G:G,G:G,C:C,T:T,C:C,A:A,T:T,T:T,A:A,C:C,T:T,T:T,A:A
ICMB 101974:2,G:G,T:C,G:A,A:T,A:G,C:C,C:C,T:G,G:A,C:C,C:C,A:A,G:G,G:A,G:G,A:G,A:A,Uncallable,G:G,C:C,T:T,C:C,A:T,C:T,G:T,A:A,C:C,Uncallable,T:T,A:A
ICMB 101974:3,G:G,T:T,G:A,A:A,A:G,T:T,Uncallable,G:G,A:A,G:C,C:T,A:A,A:G,G:A,T:G,A:A,A:A,A:A,G:G,C:C,T:T,C:C,T:T,C:C,G:G,A:A,C:C,C:C,T:T,A:A
ICMB 101974:4,G:G,T:C,G:A,A:T,A:G,C:T,C:T,T:G,G:A,C:C,C:C,A:A,G:G,G:A,T:G,A:A,A:A,G:A,G:G,C:C,C:T,C:C,A:T,C:T,G:T,A:A,C:C,C:T,T:T,A:A
ICMB 101974:5,G:G,T:T,A:A,A:A,A:A,T:T,T:T,G:G,A:A,C:C,C:C,A:A,G:G,A:A,G:G,A:A,A:A,A:A,G:G,C:C,T:T,C:C,T:T,C:C,G:G,A:A,C:C,C:C,T:T,A:A
ICMB 101975,G:G,C:C,N:N,T:T,G:G,C:C,C:C,T:G,G:G,C:C,C:C,A:A,G:G,G:G,G:G,A:G,A:A,G:G,G:G,C:C,T:T,C:C,A:A,T:T,T:T,A:A,C:C,N:N,T:T,A:A
ICMB 101975:1,G:G,T:C,G:A,A:T,A:G,C:T,C:T,T:G,G:A,C:C,C:C,A:A,G:G,G:A,G:G,A:G,A:A,G:A,G:G,C:C,T:T,C:C,A:T,C:T,G:T,A:A,C:C,C:T,T:T,A:A
ICMB 101975:2,G:G,C:C,G:G,T:T,G:G,C:C,C:C,T:G,G:G,C:C,C:C,A:A,G:G,G:G,G:G,G:G,A:A,G:G,G:G,C:C,T:T,C:C,A:A,T:T,T:T,A:A,C:C,T:T,T:T,A:A
ICMB 101975:3,G:G,C:C,G:A,T:T,G:G,C:C,C:C,T:G,G:G,C:C,C:C,A:A,G:G,G:G,G:G,A:G,A:A,G:G,G:G,C:C,T:T,C:C,A:A,T:T,T:T,A:A,C:C,C:T,T:T,A:A
ICMB 101975:4,G:G,C:C,G:G,T:T,G:G,C:C,C:C,T:G,G:G,C:C,C:C,A:A,G:G,G:G,G:G,A:G,A:A,G:G,G:G,C:C,T:T,C:C,A:A,T:T,T:T,A:A,C:C,Uncallable,T:T,A:A
ICMB 101975:5,G:G,C:C,G:G,T:T,G:G,C:C,C:C,T:G,G:G,C:C,C:C,A:A,G:G,G:G,G:G,A:G,A:A,G:G,G:G,C:C,T:T,C:C,A:A,T:T,T:T,A:A,C:C,Uncallable,T:T,A:A
ICMB 101980,A:A,T:T,G:G,T:T,A:A,T:T,T:T,G:G,A:A,C:C,T:T,A:A,A:A,G:G,T:T,G:G,A:A,G:G,G:G,G:G,T:T,C:C,T:T,T:T,T:T,C:C,G:G,T:T,C:C,G:G
ICMB 101980:1,A:A,T:T,G:G,T:T,A:A,T:T,T:T,G:G,A:A,C:C,T:T,A:A,A:A,G:G,T:T,G:G,A:A,G:G,G:G,G:G,T:T,C:C,T:T,T:T,T:T,C:C,G:G,T:T,C:C,G:G
ICMB 101980:2,A:A,T:T,G:G,T:T,A:A,T:T,T:T,G:G,A:A,C:C,T:T,A:A,A:A,G:G,T:T,G:G,A:A,G:G,G:G,G:G,T:T,C:C,T:T,T:T,T:T,C:C,G:G,T:T,C:C,G:G
ICMB 101980:3,A:A,T:T,G:G,T:T,A:A,T:T,T:T,G:G,A:A,C:C,T:T,A:A,A:A,G:G,T:T,G:G,A:A,G:G,G:G,G:G,T:T,C:C,T:T,T:T,T:T,C:C,G:G,T:T,C:C,G:G
ICMB 101980:4,A:A,T:T,G:G,T:T,A:A,T:T,T:T,G:G,A:A,C:C,T:T,A:A,A:A,G:G,T:T,G:G,A:A,G:G,G:G,G:G,T:T,C:C,T:T,T:T,T:T,C:C,G:G,T:T,C:C,G:G
ICMB 101980:5,A:A,T:T,G:G,T:T,A:A,T:T,T:T,G:G,A:A,C:C,T:T,A:A,A:A,G:G,T:T,G:G,A:A,G:G,G:G,G:G,T:T,C:C,T:T,T:T,T:T,C:C,G:G,T:T,C:C,G:G
ICMB 101981,A:A,T:T,G:G,T:T,G:G,C:C,N:N,T:G,A:A,G:C,T:T,N:N,A:G,G:A,G:G,G:G,A:A,G:A,G:G,C:C,T:T,C:C,T:T,C:T,N:N,C:C,G:C,C:C,C:C,A:G
ICMB 101981:1,A:A,T:T,G:G,T:T,G:G,C:C,C:C,T:G,A:A,G:C,T:T,C:A,A:G,G:A,G:G,G:G,A:A,A:A,G:G,C:C,T:T,C:C,T:T,C:C,G:G,A:A,G:G,C:C,C:C,Uncallable
ICMB 101981:2,A:A,T:T,G:G,T:T,G:G,C:C,T:T,T:G,A:A,G:C,T:T,A:A,G:G,A:A,G:G,G:G,A:A,G:A,G:G,C:C,T:T,C:C,T:T,C:T,G:G,C:C,G:C,C:C,C:C,G:G
ICMB 101981:3,A:A,T:T,G:G,T:T,G:G,C:C,C:T,T:G,A:A,G:C,T:T,C:A,A:G,G:A,G:G,G:G,A:A,G:A,G:G,C:C,T:T,C:C,T:T,C:T,G:T,C:C,G:C,C:C,C:C,A:G
ICMB 101981:4,A:A,T:T,G:G,T:T,G:G,C:C,C:T,T:G,A:A,G:C,T:T,C:A,A:G,G:A,G:G,G:G,A:A,Uncallable,G:G,C:C,T:T,C:C,T:T,C:T,G:T,C:C,G:C,C:C,C:C,A:G
ICMB 101981:5,A:A,T:T,G:G,T:T,G:G,C:C,C:T,G:G,A:A,G:C,T:T,A:A,A:G,G:A,G:G,G:G,A:A,G:A,G:G,C:C,T:T,C:C,T:T,C:T,G:G,C:C,G:C,C:C,C:C,A:G
ICMB 101982,A:A,N:N,A:A,A:A,G:G,T:T,T:T,T:G,N:N,G:G,N:N,C:A,G:G,G:A,G:G,G:G,A:A,A:A,A:G,G:C,C:C,N:N,N:N,C:C,G:G,A:A,N:N,C:T,T:T,N:N
ICMB 101982:1,A:A,T:C,A:A,A:A,G:G,T:T,T:T,T:G,A:A,G:G,C:T,C:A,G:G,G:A,G:G,G:G,A:A,A:A,A:G,Uncallable,C:C,A:C,A:T,C:C,G:G,A:A,G:C,C:T,T:T,A:G
ICMB 101982:2,A:A,T:C,A:A,A:T,G:G,T:T,Uncallable,T:G,Uncallable,G:C,C:T,C:A,A:G,G:A,G:G,G:G,A:A,Uncallable,A:G,G:C,C:C,C:C,A:T,C:C,G:G,A:A,G:C,C:T,T:T,A:G
ICMB 101982:3,A:A,C:C,A:A,A:A,G:G,T:T,T:T,T:G,G:A,G:G,C:T,C:A,G:G,G:A,G:G,G:G,A:A,A:A,A:G,G:C,C:C,C:C,A:A,C:C,G:G,A:A,G:G,C:T,T:T,A:A
ICMB 101982:4,A:A,C:C,A:A,Uncallable,G:G,T:T,T:T,T:T,A:A,G:G,C:C,Uncallable,G:G,G:A,G:G,G:G,A:A,A:A,A:G,Uncallable,C:C,C:C,A:A,C:C,G:G,A:A,G:G,C:T,T:T,A:A
ICMB 101982:5,A:A,T:C,A:A,A:A,G:G,T:T,T:T,T:G,G:A,G:G,C:C,Uncallable,G:G,G:A,G:G,G:G,A:A,A:A,A:G,G:C,C:C,A:C,A:T,C:C,G:G,A:A,Uncallable,C:T,T:T,A:A
ICMB 101986,A:A,C:C,G:G,T:T,A:A,C:C,C:C,G:G,A:A,C:C,C:C,A:A,G:G,G:G,G:G,A:A,A:A,A:A,G:G,C:C,N:N,C:C,T:T,C:C,G:G,A:A,C:C,T:T,T:T,A:A
ICMB 101986:1,A:A,C:C,G:G,T:T,A:A,C:C,C:C,G:G,A:A,C:C,C:C,A:A,G:G,G:G,G:G,A:A,A:A,A:A,G:G,C:C,T:T,C:C,T:T,C:C,G:G,A:A,C:C,T:T,T:T,A:A
ICMB 101986:2,A:A,C:C,G:G,T:T,A:A,C:C,C:C,G:G,A:A,C:C,C:C,A:A,G:G,G:G,G:G,A:A,A:A,A:A,G:G,C:C,T:T,C:C,T:T,C:C,G:G,A:A,C:C,T:T,T:T,A:A
ICMB 101986:3,A:A,C:C,G:G,T:T,A:A,C:C,C:C,G:G,A:A,C:C,C:C,A:A,G:G,G:G,G:G,A:A,A:A,A:A,G:G,C:C,T:T,C:C,T:T,C:C,G:G,A:A,C:C,T:T,T:T,A:A
ICMB 101986:4,A:A,C:C,G:G,T:T,A:A,C:C,C:C,G:G,A:A,C:C,C:C,A:A,G:G,G:G,G:G,A:A,A:A,A:A,G:G,C:C,C:C,C:C,T:T,C:C,G:G,A:A,C:C,T:T,T:T,A:A
ICMB 101986:5,A:A,C:C,G:G,T:T,A:A,C:C,C:C,G:G,A:A,C:C,C:C,A:A,G:G,G:G,G:G,A:A,A:A,A:A,G:G,C:C,C:T,C:C,T:T,C:C,G:G,A:A,C:C,T:T,T:T,A:A
ICMB 101987,G:G,T:T,G:G,T:T,A:A,C:C,T:T,G:G,A:A,G:G,C:C,A:A,G:G,A:A,G:G,A:A,A:A,A:A,G:G,C:C,T:T,C:C,N:N,T:T,T:T,A:A,C:C,T:T,T:T,A:A
ICMB 101987:1,G:G,T:T,G:G,T:T,A:A,C:C,T:T,G:G,A:A,G:G,C:C,A:A,G:G,A:A,G:G,A:A,A:A,A:A,G:G,C:C,T:T,C:C,A:T,T:T,T:T,A:A,C:C,T:T,T:T,A:A
ICMB 101987:2,G:G,T:T,G:G,T:T,A:A,C:C,T:T,G:G,A:A,G:G,C:C,A:A,G:G,A:A,G:G,A:A,A:A,A:A,G:G,C:C,T:T,C:C,A:A,T:T,T:T,A:A,C:C,T:T,T:T,A:A
ICMB 101987:3,G:G,T:T,G:G,T:T,A:A,C:C,T:T,G:G,A:A,G:G,C:C,A:A,G:G,A:A,G:G,A:A,A:A,A:A,G:G,C:C,T:T,C:C,A:T,T:T,T:T,A:A,C:C,T:T,T:T,A:A
ICMB 101987:4,G:G,T:T,G:G,T:T,A:A,C:C,T:T,G:G,A:A,G:G,C:C,A:A,G:G,A:A,G:G,A:A,A:A,A:A,G:G,C:C,T:T,C:C,A:T,T:T,T:T,A:A,C:C,T:T,T:T,A:A
ICMB 101987:5,G:G,T:T,G:G,T:T,A:A,C:C,T:T,G:G,A:A,G:G,C:C,A:A,G:G,A:A,G:G,A:A,A:A,A:A,G:G,C:C,T:T,C:C,A:A,T:T,T:T,A:A,C:C,T:T,T:T,A:A
ICMB 101988,G:G,C:C,G:G,T:T,G:G,C:C,C:C,G:G,A:A,G:G,C:C,A:A,G:G,G:G,G:G,G:G,A:A,A:A,G:G,C:C,T:T,C:C,A:A,T:T,T:T,A:A,C:C,T:T,T:T,A:A
ICMB 101988:1,G:G,C:C,G:G,T:T,G:G,C:C,C:C,G:G,A:A,G:G,C:C,A:A,G:G,G:G,G:G,G:G,A:A,A:A,G:G,C:C,T:T,C:C,A:A,T:T,T:T,A:A,C:C,T:T,T:T,A:A
ICMB 101988:2,G:G,C:C,G:G,T:T,G:G,C:C,C:C,G:G,A:A,G:G,C:C,A:A,G:G,G:G,G:G,G:G,A:A,A:A,G:G,C:C,T:T,C:C,A:A,T:T,T:T,A:A,C:C,T:T,T:T,A:A
ICMB 101988:3,G:G,C:C,G:G,T:T,G:G,C:C,C:C,G:G,A:A,G:G,C:C,A:A,G:G,G:G,G:G,G:G,A:A,A:A,G:G,C:C,T:T,C:C,A:A,T:T,T:T,A:A,C:C,T:T,T:T,A:A
ICMB 101988:4,G:G,C:C,G:G,T:T,G:G,C:C,C:C,G:G,A:A,G:G,C:C,A:A,G:G,G:G,G:G,G:G,A:A,A:A,G:G,C:C,T:T,C:C,A:A,T:T,T:T,A:A,C:C,T:T,T:T,A:A
ICMB 101988:5,G:G,C:C,G:G,T:T,G:G,C:C,C:C,G:G,A:A,G:G,C:C,A:A,G:G,G:G,G:G,G:G,A:A,A:A,G:G,C:C,T:T,C:C,A:A,T:T,T:T,A:A,C:C,T:T,T:T,A:A
ICMB 101989,A:A,C:C,G:G,T:T,G:G,C:C,C:C,G:G,A:A,G:G,C:C,A:A,G:G,A:A,G:G,G:G,A:A,A:A,G:G,C:C,T:T,C:C,A:A,T:T,T:T,A:A,C:C,C:T,T:T,A:A
ICMB 101989:1,A:A,C:C,G:G,T:T,G:G,C:C,C:C,G:G,A:A,G:G,C:C,A:A,G:G,A:A,G:G,G:G,A:A,A:A,G:G,C:C,T:T,C:C,A:A,T:T,T:T,A:A,C:C,C:C,T:T,A:A
ICMB 101989:2,A:A,C:C,G:G,T:T,G:G,C:C,C:C,G:G,A:A,G:G,C:C,A:A,G:G,A:A,G:G,G:G,A:A,A:A,G:G,C:C,T:T,C:C,A:A,T:T,T:T,A:A,C:C,C:T,T:T,A:A
ICMB 101989:3,A:A,C:C,G:G,T:T,G:G,C:C,C:C,G:G,A:A,G:G,C:C,A:A,G:G,A:A,G:G,G:G,A:A,A:A,G:G,C:C,T:T,C:C,A:A,T:T,T:T,A:A,C:C,C:T,T:T,A:A
ICMB 101989:4,A:A,C:C,G:G,T:T,G:G,C:C,C:C,G:G,A:A,G:G,C:C,A:A,G:G,A:A,G:G,G:G,A:A,A:A,G:G,C:C,T:T,C:C,A:A,T:T,T:T,A:A,C:C,C:T,T:T,A:A
ICMB 101989:5,A:A,C:C,G:G,T:T,G:G,C:C,C:C,G:G,A:A,G:G,C:C,A:A,G:G,A:A,G:G,G:G,A:A,A:A,G:G,C:C,T:T,C:C,A:A,T:T,T:T,A:A,C:C,C:T,T:T,A:A
ICMB 101990,G:G,C:C,G:G,A:A,A:A,T:T,C:C,G:G,A:A,G:C,C:T,A:A,G:G,A:A,G:G,A:A,A:A,A:A,G:G,C:C,T:T,C:C,T:T,C:C,G:G,A:A,C:C,T:T,T:T,A:A
ICMB 101990:1,G:G,C:C,G:G,A:A,A:A,T:T,C:C,G:G,A:A,G:C,T:T,A:A,G:G,A:A,G:G,A:A,A:A,A:A,G:G,C:C,T:T,C:C,T:T,C:C,G:G,A:A,C:C,T:T,T:T,A:A
ICMB 101990:2,G:G,C:C,G:G,A:A,A:A,T:T,C:C,G:G,A:A,G:C,C:T,A:A,G:G,A:A,G:G,A:A,A:A,A:A,G:G,C:C,T:T,C:C,T:T,C:C,G:G,A:A,C:C,T:T,T:T,A:A
ICMB 101990:3,G:G,C:C,G:G,A:A,A:A,T:T,C:C,G:G,A:A,G:C,C:T,A:A,G:G,A:A,G:G,A:A,A:A,A:A,G:G,C:C,T:T,C:C,T:T,C:C,G:G,A:A,C:C,T:T,T:T,A:A
ICMB 101990:4,G:G,C:C,G:G,A:A,A:A,T:T,C:C,G:G,A:A,G:C,C:T,A:A,G:G,A:A,G:G,A:A,A:A,A:A,G:G,C:C,T:T,C:C,T:T,C:C,G:G,A:A,C:C,T:T,T:T,A:A
ICMB 101990:5,G:G,C:C,G:G,A:A,A:A,T:T,C:C,G:G,A:A,G:C,C:T,A:A,G:G,A:A,G:G,A:A,A:A,A:A,G:G,C:C,T:T,C:C,T:T,C:C,G:G,A:A,C:C,T:T,T:T,A:A
ICMB 101991,G:G,C:C,G:G,T:T,A:A,T:T,C:C,G:G,A:A,G:G,C:C,A:A,G:G,G:G,T:T,A:A,A:A,A:A,G:G,C:C,T:T,C:C,T:T,C:C,G:G,A:A,C:C,T:T,T:T,A:A
ICMB 101991:1,G:G,C:C,G:G,T:T,A:A,T:T,C:C,G:G,A:A,G:G,C:C,A:A,G:G,G:G,T:T,A:A,A:A,A:A,G:G,C:C,T:T,C:C,T:T,C:C,G:G,A:A,C:C,T:T,T:T,A:A
ICMB 101991:2,G:G,C:C,G:G,T:T,A:A,T:T,C:C,G:G,A:A,G:G,C:C,A:A,G:G,G:G,T:T,A:A,A:A,A:A,G:G,C:C,T:T,C:C,T:T,C:C,G:G,A:A,C:C,T:T,T:T,A:A
ICMB 101991:3,G:G,C:C,G:G,T:T,A:A,T:T,C:C,G:G,A:A,G:G,C:C,A:A,G:G,G:G,T:T,A:A,A:A,A:A,G:G,C:C,T:T,C:C,T:T,C:C,G:G,A:A,C:C,T:T,T:T,A:A
ICMB 101991:4,G:G,C:C,G:G,T:T,A:A,T:T,C:C,G:G,A:A,G:G,C:C,A:A,G:G,G:G,T:T,A:A,A:A,A:A,G:G,C:C,T:T,C:C,T:T,C:C,G:G,A:A,C:C,T:T,T:T,A:A
ICMB 101991:5,G:G,C:C,G:G,T:T,A:A,T:T,C:C,G:G,A:A,G:G,C:C,A:A,G:G,G:G,T:T,A:A,A:A,A:A,G:G,C:C,T:T,C:C,T:T,C:C,G:G,A:A,C:C,T:T,T:T,A:A
ICMB 101992,G:G,C:C,G:G,A:A,A:A,C:C,C:C,T:G,A:A,C:C,C:C,A:A,G:G,A:A,G:G,G:G,A:A,A:A,G:G,C:C,T:T,C:C,T:T,C:C,G:G,A:A,C:C,T:T,T:C,A:A
ICMB 101992:1,G:G,C:C,G:G,A:A,A:A,C:T,C:C,T:G,A:A,C:C,C:C,A:A,G:G,A:A,G:G,G:G,A:A,A:A,G:G,C:C,T:T,C:C,T:T,C:C,G:G,A:A,C:C,T:T,Uncallable,A:A
ICMB 101992:2,G:G,C:C,G:G,A:A,A:A,C:C,C:C,T:G,A:A,C:C,C:C,A:A,G:G,A:A,G:G,G:G,A:A,A:A,G:G,C:C,T:T,C:C,T:T,C:C,G:G,A:A,C:C,T:T,T:C,Uncallable
ICMB 101992:3,G:G,C:C,G:G,A:A,A:A,C:C,Uncallable,T:G,A:A,C:C,C:C,A:A,G:G,A:A,G:G,G:G,A:A,A:A,G:G,C:C,T:T,C:C,T:T,C:C,G:G,A:A,C:C,T:T,T:C,Uncallable
ICMB 101992:4,G:G,C:C,G:G,A:A,A:A,C:C,C:C,T:G,A:A,C:C,C:C,A:A,G:G,A:A,G:G,G:G,A:A,A:A,G:G,C:C,T:T,C:C,T:T,C:C,G:G,A:A,C:C,T:T,T:C,A:A
ICMB 101992:5,G:G,C:C,G:G,A:A,A:A,C:C,C:C,T:G,A:A,C:C,C:C,A:A,G:G,A:A,G:G,G:G,A:A,A:A,G:G,C:C,T:T,C:C,T:T,C:C,G:G,A:A,C:C,T:T,T:C,Uncallable
ICMB 101993,G:G,T:T,A:A,A:A,A:G,T:T,T:T,T:G,A:A,C:C,T:T,A:A,G:G,G:G,T:T,G:G,A:A,A:A,A:A,C:C,T:T,N:N,T:T,T:T,G:G,A:A,C:C,T:T,C:C,A:A
ICMB 101993:1,G:G,T:T,A:A,A:A,A:G,T:T,T:T,T:G,A:A,C:C,T:T,A:A,G:G,G:G,T:T,G:G,A:A,A:A,A:A,C:C,T:T,Uncallable,T:T,T:T,G:G,A:A,C:C,T:T,C:C,A:A
ICMB 101993:2,G:G,T:T,A:A,A:A,Uncallable,T:T,T:T,T:G,A:A,C:C,T:T,A:A,G:G,G:G,T:T,G:G,A:A,A:A,A:A,C:C,T:T,A:A,T:T,T:T,G:G,A:A,C:C,T:T,C:C,A:A
ICMB 101993:3,G:G,T:T,A:A,A:A,A:G,T:T,T:T,T:G,A:A,C:C,T:T,A:A,G:G,G:G,T:T,G:G,A:A,A:A,A:A,C:C,T:T,A:C,T:T,T:T,G:G,A:A,C:C,T:T,C:C,A:A
ICMB 101993:4,G:G,T:T,A:A,A:A,A:G,T:T,T:T,T:G,A:A,C:C,T:T,A:A,G:G,G:G,T:T,G:G,A:A,A:A,A:A,C:C,T:T,A:A,T:T,T:T,G:G,A:A,C:C,T:T,C:C,A:A
ICMB 101993:5,G:G,T:T,A:A,A:A,A:G,T:T,T:T,T:G,A:A,C:C,T:T,A:A,G:G,G:G,T:T,G:G,A:A,A:A,A:A,C:C,T:T,A:C,T:T,T:T,G:G,A:A,C:C,T:T,C:C,A:A
ICMB 101994,A:A,C:C,G:G,A:A,A:A,C:C,C:C,T:G,A:A,G:G,C:C,A:A,A:A,G:G,N:N,A:A,A:A,G:G,G:G,C:C,T:T,C:C,T:T,C:C,G:G,A:A,C:C,T:T,T:T,A:A
ICMB 101994:1,A:A,C:C,G:G,A:A,A:A,C:C,C:C,T:G,A:A,G:G,C:C,A:A,A:A,G:G,T:G,A:A,A:A,G:G,G:G,C:C,T:T,C:C,T:T,C:C,G:G,A:A,C:C,T:T,T:T,A:A
ICMB 101994:2,A:A,C:C,G:G,A:A,A:A,C:C,C:C,T:G,A:A,G:G,C:C,A:A,A:A,G:G,T:G,A:A,A:A,G:G,G:G,C:C,T:T,C:C,T:T,C:C,G:G,A:A,C:C,T:T,T:T,A:A
ICMB 101994:3,A:A,C:C,G:G,A:A,A:A,C:C,C:C,T:G,A:A,G:G,C:C,A:A,A:A,G:G,T:G,A:A,A:A,G:G,G:G,C:C,T:T,C:C,T:T,C:C,G:G,A:A,C:C,T:T,T:T,A:A
ICMB 101994:4,A:A,C:C,G:G,A:A,A:A,C:C,C:C,T:G,A:A,G:G,C:C,A:A,A:A,G:G,T:T,A:A,A:A,G:G,G:G,C:C,T:T,C:C,T:T,C:C,G:G,A:A,C:C,T:T,T:T,A:A
ICMB 101994:5,A:A,C:C,G:G,A:A,A:A,C:C,C:C,G:G,A:A,G:G,C:C,A:A,A:A,G:G,T:T,A:A,A:A,G:G,G:G,C:C,T:T,C:C,T:T,C:C,G:G,A:A,C:C,T:T,T:T,A:A
ICMB 10222,A:A,T:T,A:A,A:A,A:A,T:T,T:T,T:G,A:A,G:G,T:T,A:A,A:A,G:G,G:G,G:G,A:A,A:A,G:G,C:C,C:C,C:C,T:T,C:C,G:G,A:A,C:C,C:C,T:T,A:A
ICMB 10222:1,A:A,T:T,A:A,A:A,A:A,T:T,T:T,T:G,A:A,G:G,T:T,A:A,A:A,G:G,G:G,G:G,A:A,A:A,G:G,C:C,C:C,C:C,T:T,C:C,G:G,A:A,C:C,C:C,T:T,A:A
ICMB 10222:2,A:A,T:T,A:A,A:A,A:A,T:T,T:T,T:G,A:A,G:G,T:T,A:A,A:A,G:G,G:G,G:G,A:A,A:A,G:G,C:C,C:C,C:C,T:T,C:C,G:G,A:A,C:C,C:C,T:T,A:A
ICMB 10222:3,A:A,T:T,A:A,A:A,A:A,T:T,T:T,T:G,A:A,G:G,T:T,A:A,A:A,G:G,G:G,G:G,A:A,A:A,G:G,C:C,C:C,C:C,T:T,C:C,G:G,A:A,C:C,C:C,T:T,A:A
ICMB 10222:4,A:A,T:T,A:A,A:A,A:A,T:T,T:T,T:G,A:A,G:G,T:T,A:A,A:A,G:G,G:G,G:G,A:A,A:A,G:G,C:C,C:C,C:C,T:T,C:C,G:G,A:A,C:C,C:C,T:T,A:A
ICMB 10222:5,A:A,T:T,A:A,A:A,A:A,T:T,T:T,T:G,A:A,G:G,T:T,A:A,A:A,G:G,G:G,G:G,A:A,A:A,G:G,C:C,C:C,C:C,T:T,C:C,G:G,A:A,C:C,C:C,T:T,A:A
ICMB 10777,G:G,T:T,A:A,A:A,A:A,T:T,T:T,T:G,A:A,G:G,T:T,A:A,A:A,G:G,T:T,A:A,A:A,A:A,G:G,C:C,T:T,C:C,T:T,C:C,G:G,A:A,C:C,C:C,T:T,A:A
ICMB 10777:1,G:G,T:T,A:A,A:A,A:A,T:T,T:T,T:G,A:A,G:G,T:T,A:A,A:A,G:G,T:T,A:A,A:A,A:A,G:G,C:C,T:T,C:C,T:T,C:C,G:G,A:A,C:C,C:C,T:T,A:A
ICMB 10777:2,G:G,T:T,A:A,A:A,A:A,T:T,T:T,T:G,A:A,G:G,T:T,A:A,A:A,G:G,T:T,A:A,A:A,A:A,G:G,C:C,T:T,C:C,T:T,C:C,G:G,A:A,C:C,C:C,T:T,A:A
ICMB 10777:3,G:G,T:T,A:A,A:A,A:A,T:T,T:T,T:G,A:A,G:G,T:T,A:A,A:A,G:G,T:T,A:A,A:A,A:A,G:G,C:C,T:T,C:C,T:T,C:C,G:G,A:A,C:C,C:C,T:T,A:A
ICMB 10777:4,G:G,T:T,A:A,A:A,A:A,T:T,T:T,T:G,A:A,G:G,T:T,A:A,A:A,G:G,T:T,A:A,A:A,A:A,G:G,C:C,T:T,C:C,T:T,C:C,G:G,A:A,C:C,C:C,T:T,A:A
ICMB 10777:5,G:G,T:T,A:A,A:A,A:A,T:T,T:T,T:G,A:A,G:G,T:T,A:A,A:A,G:G,T:T,A:A,A:A,A:A,G:G,C:C,T:T,C:C,T:T,C:C,G:G,A:A,C:C,C:C,T:T,A:A
ICMB 11222,G:G,C:C,A:A,T:T,G:G,T:T,T:T,G:G,A:A,G:G,C:C,C:C,G:G,G:G,T:T,A:A,A:A,A:A,A:A,C:C,T:T,C:C,T:T,T:T,G:G,A:A,C:C,C:C,C:C,G:G
ICMB 11222:10,G:G,C:C,A:A,T:T,G:G,T:T,T:T,G:G,A:A,G:G,C:C,C:C,G:G,G:G,T:T,A:A,A:A,A:A,A:A,C:C,T:T,C:C,T:T,T:T,G:G,A:A,C:C,C:C,C:C,G:G
ICMB 11222:11,G:G,C:C,A:A,T:T,G:G,T:T,T:T,G:G,A:A,G:G,C:C,C:C,G:G,G:G,T:T,A:A,A:A,A:A,A:A,C:C,T:T,C:C,T:T,T:T,G:G,A:A,C:C,C:C,C:C,G:G
ICMB 11222:12,G:G,C:C,A:A,T:T,G:G,T:T,T:T,G:G,A:A,G:G,C:C,C:C,G:G,G:G,T:T,A:A,A:A,A:A,A:A,C:C,T:T,C:C,T:T,T:T,G:G,A:A,C:C,C:C,C:C,G:G
ICMB 11222:13,G:G,C:C,A:A,T:T,G:G,T:T,T:T,G:G,A:A,G:G,C:C,C:C,G:G,G:G,T:T,A:A,A:A,A:A,A:A,C:C,T:T,C:C,T:T,T:T,G:G,A:A,C:C,C:C,C:C,G:G
ICMB 11222:9,G:G,C:C,A:A,T:T,G:G,T:T,T:T,G:G,A:A,G:G,C:C,C:C,G:G,G:G,T:T,A:A,A:A,A:A,A:A,C:C,T:T,C:C,T:T,T:T,G:G,A:A,C:C,C:C,C:C,G:G
ICMB 13777,G:G,T:T,A:A,A:A,A:A,T:T,T:T,G:G,G:G,G:G,T:T,A:A,A:A,G:G,G:G,G:G,A:A,A:A,A:A,C:C,C:C,C:C,T:T,C:C,G:G,A:A,C:C,C:C,T:T,A:A
ICMB 13777:1,G:G,T:T,A:A,A:A,A:A,T:T,T:T,G:G,G:G,G:G,T:T,A:A,A:A,G:G,G:G,G:G,A:A,A:A,A:A,C:C,C:C,C:C,T:T,C:C,G:G,A:A,C:C,C:C,T:T,A:A
ICMB 13777:2,G:G,T:T,A:A,A:A,A:A,T:T,T:T,G:G,G:G,G:G,T:T,A:A,A:A,G:G,G:G,G:G,A:A,A:A,A:A,C:C,C:C,C:C,T:T,C:C,G:G,A:A,C:C,C:C,T:T,A:A
ICMB 13777:3,G:G,T:T,A:A,A:A,A:A,T:T,T:T,G:G,G:G,G:G,T:T,A:A,A:A,G:G,G:G,G:G,A:A,A:A,A:A,C:C,C:C,C:C,T:T,C:C,G:G,A:A,C:C,C:C,T:T,A:A
ICMB 13777:4,G:G,T:T,A:A,A:A,A:A,T:T,T:T,G:G,G:G,G:G,T:T,A:A,A:A,G:G,G:G,G:G,A:A,A:A,A:A,C:C,C:C,C:C,T:T,C:C,G:G,A:A,C:C,C:C,T:T,A:A
ICMB 13777:5,G:G,T:T,A:A,A:A,A:A,T:T,T:T,G:G,G:G,G:G,T:T,A:A,A:A,G:G,G:G,G:G,A:A,A:A,A:A,C:C,C:C,C:C,T:T,C:C,G:G,A:A,C:C,C:C,T:T,A:A
ICMB 14222,A:A,C:C,A:A,T:T,A:A,T:T,T:T,G:G,G:G,C:C,T:T,A:A,G:G,G:G,G:G,A:A,A:A,G:G,G:G,C:C,T:T,A:A,T:T,C:C,G:G,A:A,C:C,T:T,C:C,G:G
ICMB 14222:17,A:A,C:C,A:A,T:T,A:A,T:T,T:T,G:G,G:G,C:C,T:T,A:A,G:G,G:G,G:G,A:A,A:A,G:G,G:G,C:C,T:T,A:A,T:T,C:C,G:G,A:A,C:C,T:T,C:C,G:G
ICMB 14222:18,A:A,C:C,G:A,T:T,A:A,T:T,T:T,G:G,G:G,Uncallable,T:T,A:A,G:G,G:G,G:G,A:A,A:A,G:G,G:G,C:C,T:T,A:A,T:T,C:C,G:G,A:A,C:C,T:T,C:C,G:G
ICMB 14222:19,A:A,C:C,A:A,T:T,A:A,T:T,T:T,G:G,G:G,C:C,T:T,A:A,G:G,G:G,G:G,A:A,A:A,G:G,G:G,C:C,T:T,A:A,T:T,C:C,G:G,A:A,C:C,T:T,C:C,G:G
ICMB 14222:20,A:A,C:C,A:A,T:T,A:A,T:T,T:T,G:G,G:G,C:C,T:T,A:A,G:G,G:G,G:G,A:A,A:A,G:G,G:G,C:C,T:T,A:A,T:T,C:C,G:G,A:A,C:C,T:T,C:C,G:G
ICMB 14222:21,A:A,C:C,A:A,T:T,A:A,T:T,T:T,G:G,G:G,C:C,T:T,A:A,G:G,G:G,G:G,A:A,A:A,G:G,G:G,C:C,T:T,A:A,T:T,C:C,G:G,A:A,C:C,T:T,C:C,G:G
ICMB 1502,G:G,T:T,A:A,T:T,G:G,C:C,C:C,T:T,G:G,G:G,T:T,A:A,G:G,G:G,G:G,G:G,G:G,A:A,A:A,C:C,T:T,A:A,A:A,T:T,T:T,A:A,G:G,T:T,C:C,A:A
ICMB 1502:1,G:G,T:T,A:A,T:T,G:G,C:C,C:C,T:T,G:G,G:G,T:T,A:A,G:G,G:G,G:G,G:G,G:G,A:A,A:A,C:C,T:T,A:A,A:A,T:T,T:T,A:A,G:G,T:T,C:C,A:A
ICMB 1502:2,G:G,T:T,A:A,T:T,G:G,C:C,C:C,T:T,G:G,G:G,T:T,A:A,G:G,G:G,G:G,G:G,G:G,A:A,A:A,C:C,T:T,A:A,A:A,T:T,T:T,A:A,G:G,T:T,C:C,A:A
ICMB 1502:3,G:G,T:T,A:A,T:T,G:G,C:C,C:C,T:T,G:G,G:G,T:T,A:A,G:G,G:G,G:G,G:G,G:G,A:A,A:A,C:C,T:T,A:A,A:A,T:T,T:T,A:A,G:G,T:T,C:C,A:A
ICMB 1502:4,G:G,T:T,A:A,T:T,G:G,C:C,C:C,T:T,G:G,G:G,T:T,A:A,G:G,G:G,G:G,G:G,G:G,A:A,A:A,C:C,T:T,A:A,A:A,T:T,T:T,A:A,G:G,T:T,C:C,A:A
ICMB 1502:5,G:G,T:T,A:A,T:T,G:G,C:C,C:C,T:T,G:G,G:G,T:T,A:A,G:G,G:G,G:G,G:G,G:G,A:A,A:A,C:C,T:T,A:A,A:A,T:T,T:T,A:A,G:G,T:T,C:C,A:A
ICMB 15666,G:G,C:C,G:G,T:T,G:G,C:C,C:C,G:G,A:A,G:G,C:C,A:A,G:G,A:A,G:G,A:A,A:A,A:A,G:G,C:C,T:T,C:C,A:A,T:T,G:G,A:A,C:C,T:T,T:T,A:A
ICMB 15666:1,G:G,C:C,G:G,T:T,G:G,C:C,C:C,G:G,A:A,G:G,C:C,A:A,G:G,A:A,G:G,A:A,A:A,A:A,G:G,C:C,T:T,C:C,A:A,T:T,G:G,A:A,C:C,T:T,T:T,A:A
ICMB 15666:2,G:G,C:C,G:G,T:T,G:G,C:C,C:C,G:G,A:A,G:G,C:C,A:A,G:G,A:A,G:G,A:A,A:A,A:A,G:G,C:C,T:T,C:C,A:A,T:T,G:G,A:A,C:C,T:T,T:T,A:A
ICMB 15666:3,G:G,C:C,G:G,T:T,G:G,C:C,C:C,G:G,A:A,G:G,C:C,A:A,G:G,A:A,G:G,A:A,A:A,A:A,G:G,C:C,T:T,C:C,A:A,T:T,G:G,A:A,C:C,T:T,T:T,A:A
ICMB 15666:4,G:G,C:C,G:G,T:T,G:G,C:C,C:C,G:G,A:A,G:G,C:C,A:A,G:G,A:A,G:G,A:A,A:A,A:A,G:G,C:C,T:T,C:C,A:A,T:T,G:G,A:A,C:C,T:T,T:T,A:A
ICMB 15666:5,G:G,C:C,G:G,T:T,G:G,C:C,C:C,G:G,A:A,G:G,C:C,A:A,G:G,A:A,G:G,A:A,A:A,A:A,G:G,C:C,T:T,C:C,A:A,T:T,G:G,A:A,C:C,T:T,T:T,A:A
ICMB 15777,A:A,C:C,G:G,A:A,A:A,T:T,C:C,G:G,A:A,C:C,C:C,A:A,G:G,G:G,G:G,G:G,A:A,A:A,G:G,C:C,T:T,C:C,T:T,C:C,G:G,A:A,C:C,T:T,C:C,G:G
ICMB 15777:1,A:A,C:C,G:G,A:A,A:A,T:T,C:C,G:G,A:A,C:C,C:C,A:A,G:G,G:G,G:G,G:G,A:A,A:A,G:G,C:C,T:T,C:C,T:T,C:C,G:G,A:A,C:C,T:T,C:C,G:G
ICMB 15777:2,A:A,C:C,G:G,A:A,A:A,T:T,C:C,G:G,A:A,C:C,C:C,A:A,G:G,G:G,G:G,G:G,A:A,A:A,G:G,C:C,T:T,C:C,T:T,C:C,G:G,A:A,C:C,T:T,C:C,G:G
ICMB 15777:3,A:A,C:C,G:G,A:A,A:A,T:T,C:C,G:G,A:A,C:C,C:C,A:A,G:G,G:G,G:G,G:G,A:A,A:A,G:G,C:C,T:T,C:C,T:T,C:C,G:G,A:A,C:C,T:T,C:C,G:G
ICMB 15777:4,A:A,C:C,G:G,A:A,A:A,T:T,C:C,G:G,A:A,C:C,C:C,A:A,G:G,G:G,G:G,G:G,A:A,A:A,G:G,C:C,T:T,C:C,T:T,C:C,G:G,A:A,C:C,T:T,C:C,G:G
ICMB 15777:5,A:A,C:C,G:G,A:A,A:A,T:T,C:C,G:G,A:A,C:C,C:C,A:A,G:G,G:G,G:G,G:G,A:A,A:A,G:G,C:C,T:T,C:C,T:T,C:C,G:G,A:A,C:C,T:T,C:C,G:G
ICMB 1608,G:G,T:T,G:G,T:T,G:G,C:C,C:C,T:G,G:G,G:G,T:T,A:A,G:G,A:A,T:T,G:G,G:G,A:A,A:A,C:C,T:T,A:A,A:A,T:T,T:T,A:A,G:G,C:C,C:C,A:A
ICMB 1608:1,G:G,T:T,G:G,T:T,G:G,C:C,C:C,T:G,G:G,G:G,T:T,A:A,G:G,A:A,T:T,G:G,G:G,A:A,A:A,C:C,T:T,A:A,A:A,T:T,T:T,A:A,G:G,C:C,C:C,A:A
ICMB 1608:2,G:G,T:T,G:G,T:T,G:G,C:C,C:C,T:G,G:G,G:G,T:T,A:A,G:G,A:A,T:T,G:G,G:G,A:A,A:A,C:C,T:T,A:A,A:A,T:T,T:T,A:A,G:G,C:C,C:C,A:A
ICMB 1608:3,G:G,T:T,G:G,T:T,G:G,C:C,C:C,T:G,G:G,G:G,T:T,A:A,G:G,A:A,T:T,G:G,G:G,A:A,A:A,C:C,T:T,A:A,A:A,T:T,T:T,A:A,G:G,C:C,C:C,A:A
ICMB 1608:4,G:G,T:T,G:G,T:T,G:G,C:C,C:C,T:G,G:G,G:G,T:T,A:A,G:G,A:A,T:T,G:G,G:G,A:A,A:A,C:C,T:T,A:A,A:A,T:T,T:T,A:A,G:G,C:C,C:C,A:A
ICMB 1608:5,G:G,T:T,G:G,T:T,G:G,C:C,C:C,T:G,G:G,G:G,T:T,A:A,G:G,A:A,T:T,G:G,G:G,A:A,A:A,C:C,T:T,A:A,A:A,T:T,T:T,A:A,G:G,C:C,C:C,A:A
ICMB 16222,A:A,C:C,G:G,A:A,A:A,T:T,C:C,G:G,A:A,C:C,T:T,C:C,G:G,A:A,G:G,A:A,A:A,A:A,G:G,C:C,C:C,A:A,T:T,T:T,T:T,A:A,G:G,T:T,C:C,A:A
ICMB 16222:1,A:A,C:C,G:G,A:A,A:A,T:T,C:C,G:G,A:A,C:C,T:T,C:C,G:G,A:A,G:G,A:A,A:A,A:A,G:G,C:C,C:C,A:A,T:T,T:T,T:T,A:A,G:G,T:T,C:C,A:A
ICMB 16222:2,A:A,C:C,G:G,A:A,A:A,T:T,C:C,G:G,A:A,C:C,T:T,C:C,G:G,A:A,G:G,A:A,A:A,A:A,G:G,C:C,C:C,A:A,T:T,T:T,T:T,A:A,G:G,T:T,C:C,A:A
ICMB 16222:3,A:A,C:C,G:G,A:A,A:A,T:T,C:C,G:G,A:A,C:C,T:T,C:C,G:G,A:A,G:G,A:A,A:A,A:A,G:G,C:C,C:C,A:A,T:T,T:T,T:T,A:A,G:G,T:T,C:C,A:A
ICMB 16222:4,A:A,C:C,G:G,A:A,A:A,T:T,C:C,G:G,A:A,C:C,T:T,C:C,G:G,A:A,G:G,A:A,A:A,A:A,G:G,C:C,C:C,A:A,T:T,T:T,T:T,A:A,G:G,T:T,C:C,A:A
ICMB 16222:5,A:A,C:C,G:G,A:A,A:A,T:T,C:C,G:G,A:A,C:C,T:T,C:C,G:G,A:A,G:G,A:A,A:A,A:A,G:G,C:C,C:C,A:A,T:T,T:T,T:T,A:A,G:G,T:T,C:C,A:A
ICMB 16444,A:A,T:T,G:G,A:A,A:A,T:T,T:T,G:G,A:A,C:C,C:C,A:A,G:G,A:A,G:G,A:A,A:A,A:A,G:G,C:C,T:T,C:C,T:T,C:C,G:G,A:A,C:C,T:T,C:C,A:A
ICMB 16444:1,A:A,T:T,G:G,A:A,A:A,T:T,T:T,G:G,A:A,C:C,C:C,A:A,G:G,A:A,G:G,A:A,A:A,A:A,G:G,C:C,T:T,C:C,T:T,C:C,G:G,A:A,C:C,T:T,C:C,A:A
ICMB 16444:2,A:A,T:T,G:G,A:A,A:A,T:T,T:T,G:G,A:A,C:C,C:C,A:A,G:G,A:A,G:G,A:A,A:A,A:A,G:G,C:C,T:T,C:C,T:T,C:C,G:G,A:A,C:C,T:T,C:C,A:A
ICMB 16444:3,A:A,T:T,G:G,A:A,A:A,T:T,T:T,G:G,A:A,C:C,C:C,A:A,G:G,A:A,G:G,A:A,A:A,A:A,G:G,C:C,T:T,C:C,T:T,C:C,G:G,A:A,C:C,T:T,C:C,A:A
ICMB 16444:4,A:A,T:T,G:G,A:A,A:A,T:T,T:T,G:G,A:A,C:C,C:C,A:A,G:G,A:A,G:G,A:A,A:A,A:A,G:G,C:C,T:T,C:C,T:T,C:C,G:G,A:A,C:C,T:T,C:C,A:A
ICMB 16444:5,A:A,T:T,G:G,A:A,A:A,T:T,T:T,G:G,A:A,C:C,C:C,A:A,G:G,A:A,G:G,A:A,A:A,A:A,G:G,C:C,T:T,C:C,T:T,C:C,G:G,A:A,C:C,T:T,C:C,A:A
ICMB 16666,G:G,C:C,G:G,A:A,A:A,T:T,C:C,G:G,N:N,G:G,T:T,C:C,G:G,A:A,G:G,G:G,A:A,A:A,G:G,G:G,T:T,C:C,T:T,C:C,G:G,A:A,C:C,T:T,C:C,A:A
ICMB 16666:1,G:G,C:C,G:G,A:A,A:A,T:T,C:C,G:G,A:A,G:G,T:T,C:C,G:G,A:A,G:G,G:G,A:A,A:A,G:G,G:G,T:T,C:C,T:T,C:C,G:G,A:A,C:C,T:T,C:C,A:A
ICMB 16666:2,G:G,C:C,G:G,A:A,A:A,T:T,C:C,G:G,?,G:G,T:T,C:C,G:G,A:A,G:G,G:G,A:A,A:A,G:G,G:G,T:T,C:C,T:T,C:C,G:G,A:A,C:C,T:T,C:C,A:A
ICMB 16666:3,G:G,C:C,G:G,A:A,A:A,T:T,C:C,G:G,G:G,G:G,T:T,C:C,G:G,A:A,G:G,G:G,A:A,A:A,G:G,G:G,T:T,C:C,T:T,C:C,G:G,A:A,C:C,T:T,C:C,A:A
ICMB 16666:4,G:G,C:C,G:G,A:A,A:A,T:T,C:C,G:G,G:G,G:G,T:T,C:C,G:G,A:A,G:G,G:G,A:A,A:A,G:G,G:G,T:T,C:C,T:T,C:C,G:G,A:A,C:C,T:T,C:C,A:A
ICMB 16666:5,G:G,C:C,G:G,A:A,A:A,T:T,C:C,G:G,G:A,G:G,T:T,C:C,G:G,A:A,G:G,G:G,A:A,A:A,G:G,G:G,T:T,C:C,T:T,C:C,G:G,A:A,C:C,T:T,C:C,A:A
ICMB 17555,G:G,C:C,G:G,A:A,A:A,T:T,N:N,T:G,A:A,C:C,T:T,C:C,A:A,G:G,G:G,G:G,A:A,A:A,G:G,C:C,T:T,C:C,T:T,C:C,G:G,A:A,C:C,T:T,C:C,G:G
ICMB 17555:10,G:G,C:C,G:G,A:A,A:A,T:T,C:T,T:G,A:A,C:C,T:T,C:C,A:A,G:G,G:G,G:G,A:A,A:A,G:G,C:C,T:T,C:C,T:T,C:C,G:G,A:A,C:C,T:T,C:C,G:G
ICMB 17555:11,G:G,C:C,G:G,A:A,A:A,T:T,T:T,T:G,A:A,C:C,T:T,C:C,A:A,G:G,G:G,G:G,A:A,A:A,G:G,C:C,T:T,C:C,T:T,C:C,G:G,A:A,C:C,T:T,C:C,G:G
ICMB 17555:12,G:G,C:C,G:G,A:A,A:A,T:T,C:T,T:G,A:A,C:C,T:T,C:C,A:A,G:G,G:G,G:G,A:A,A:A,G:G,C:C,T:T,C:C,T:T,C:C,G:G,A:A,C:C,T:T,C:C,G:G
ICMB 17555:13,G:G,C:C,G:G,A:A,A:A,T:T,T:T,T:G,A:A,C:C,T:T,C:C,A:A,G:G,G:G,G:G,A:A,A:A,G:G,C:C,T:T,C:C,T:T,C:C,G:G,A:A,C:C,T:T,C:C,G:G
ICMB 17555:9,G:G,C:C,G:G,A:A,A:A,T:T,C:T,T:G,A:A,C:C,T:T,C:C,A:A,G:G,G:G,G:G,A:A,A:A,G:G,C:C,T:T,C:C,T:T,C:C,G:G,A:A,C:C,T:T,C:C,G:G
ICMB 18111,G:G,C:C,A:A,A:A,A:A,C:C,C:C,G:G,G:G,G:G,C:C,C:C,G:G,G:G,G:G,G:G,A:A,G:G,A:A,G:G,C:C,A:A,A:A,T:T,G:G,A:A,C:C,T:T,T:T,A:A
ICMB 18111:1,G:G,C:C,A:A,A:A,A:A,C:C,C:C,G:G,G:G,G:G,C:C,C:C,G:G,G:G,G:G,G:G,A:A,G:G,A:A,G:G,C:C,A:A,A:A,T:T,G:G,A:A,C:C,T:T,T:T,A:A
ICMB 18111:2,G:G,C:C,A:A,A:A,A:A,C:C,C:C,G:G,G:G,G:G,C:C,C:C,G:G,G:G,G:G,G:G,A:A,G:G,A:A,G:G,C:C,A:A,A:A,T:T,G:G,A:A,C:C,T:T,T:T,A:A
ICMB 18111:3,G:G,C:C,A:A,A:A,A:A,C:C,C:C,G:G,G:G,G:G,C:C,C:C,G:G,G:G,G:G,G:G,A:A,G:G,A:A,G:G,C:C,A:A,A:A,T:T,G:G,A:A,C:C,T:T,T:T,A:A
ICMB 18111:4,G:G,C:C,A:A,A:A,A:A,C:C,C:C,G:G,G:G,G:G,C:C,C:C,G:G,G:G,G:G,G:G,A:A,G:G,A:A,G:G,C:C,A:A,A:A,T:T,G:G,A:A,C:C,T:T,T:T,A:A
ICMB 18111:5,G:G,C:C,A:A,A:A,A:A,C:C,C:C,G:G,G:G,G:G,C:C,C:C,G:G,G:G,G:G,G:G,A:A,G:G,A:A,G:G,C:C,A:A,A:A,T:T,G:G,A:A,C:C,T:T,T:T,A:A
ICMB 18333,G:G,T:T,A:A,A:T,A:A,T:T,T:T,T:G,A:A,G:G,T:T,A:A,A:A,G:G,T:T,A:A,A:A,A:A,G:G,C:C,T:T,C:C,T:T,C:C,G:G,A:A,C:C,C:C,T:T,A:A
ICMB 18333:1,G:G,T:T,A:A,A:T,A:A,T:T,T:T,T:G,A:A,G:G,T:T,A:A,A:A,G:G,T:T,A:A,A:A,A:A,G:G,C:C,T:T,C:C,T:T,C:C,G:G,A:A,C:C,C:C,T:T,A:A
ICMB 18333:2,G:G,T:T,A:A,Uncallable,A:A,T:T,T:T,T:G,A:A,G:G,T:T,A:A,A:A,G:G,T:T,A:A,A:A,A:A,G:G,C:C,T:T,C:C,T:T,C:C,G:G,A:A,C:C,C:C,T:T,A:A
ICMB 18333:3,G:G,T:T,A:A,T:T,A:A,T:T,T:T,T:G,A:A,G:G,T:T,A:A,A:A,G:G,T:T,A:A,A:A,A:A,G:G,C:C,T:T,C:C,T:T,C:C,G:G,A:A,C:C,C:C,T:T,A:A
ICMB 18333:4,G:G,T:T,A:A,A:T,A:A,T:T,T:T,T:G,A:A,G:G,T:T,A:A,A:A,G:G,T:T,A:A,A:A,A:A,G:G,C:C,T:T,C:C,T:T,C:C,G:G,A:A,C:C,C:C,T:T,A:A
ICMB 18333:5,G:G,T:T,A:A,A:T,A:A,T:T,T:T,T:G,A:A,G:G,T:T,A:A,A:A,G:G,T:T,A:A,A:A,A:A,G:G,C:C,T:T,C:C,T:T,C:C,G:G,A:A,C:C,C:C,T:T,A:A
ICMB 18444,G:G,T:T,A:A,N:N,A:A,T:T,T:T,T:G,A:A,G:G,T:T,A:A,A:A,G:G,T:T,A:A,A:A,A:A,G:G,C:C,T:T,C:C,T:T,C:C,G:G,A:A,C:C,C:C,T:T,A:A
ICMB 18444:4,G:G,T:T,A:A,A:T,A:A,T:T,T:T,T:G,A:A,G:G,T:T,A:A,A:A,G:G,T:T,A:A,A:A,A:A,G:G,C:C,T:T,C:C,T:T,C:C,G:G,A:A,C:C,C:C,T:T,A:A
ICMB 18444:5,G:G,T:T,A:A,A:A,A:A,T:T,T:T,T:G,A:A,G:G,T:T,A:A,A:A,G:G,T:T,A:A,A:A,A:A,G:G,C:C,T:T,C:C,T:T,C:C,G:G,A:A,C:C,C:C,T:T,A:A
ICMB 18444:6,G:G,T:T,A:A,A:T,A:A,T:T,T:T,T:G,A:A,G:G,T:T,A:A,A:A,G:G,T:T,A:A,A:A,A:A,G:G,C:C,T:T,C:C,T:T,C:C,G:G,A:A,C:C,C:C,T:T,A:A
ICMB 18444:7,G:G,T:T,A:A,A:A,A:A,T:T,T:T,T:G,A:A,G:G,T:T,A:A,A:A,G:G,T:T,A:A,A:A,A:A,G:G,C:C,T:T,C:C,T:T,C:C,G:G,A:A,C:C,C:C,T:T,A:A
ICMB 18444:8,G:G,T:T,A:A,A:A,A:A,T:T,T:T,T:G,A:A,G:G,T:T,A:A,A:A,G:G,T:T,A:A,A:A,A:A,G:G,C:C,T:T,C:C,T:T,C:C,G:G,A:A,C:C,C:C,T:T,A:A
ICMB 18666,G:G,C:C,G:G,A:A,G:G,C:C,C:C,G:G,A:A,G:G,C:C,A:A,G:G,G:G,G:G,G:G,A:A,A:A,G:G,C:C,T:T,C:C,A:A,C:C,G:G,A:A,C:C,T:T,T:T,A:A
ICMB 18666:1,G:G,C:C,G:G,A:A,G:G,C:C,C:C,G:G,A:A,G:G,C:C,A:A,G:G,G:G,G:G,G:G,A:A,A:A,G:G,C:C,T:T,C:C,A:A,C:C,G:G,A:A,C:C,T:T,T:T,A:A
ICMB 18666:2,G:G,C:C,G:G,A:T,G:G,C:C,C:C,G:G,A:A,G:G,C:C,A:A,G:G,G:G,G:G,G:G,A:A,A:A,G:G,C:C,T:T,C:C,A:A,C:C,G:G,A:A,C:C,T:T,T:T,A:A
ICMB 18666:3,G:G,C:C,G:G,A:A,G:G,C:C,C:C,G:G,A:A,G:G,C:C,A:A,G:G,G:G,G:G,G:G,A:A,A:A,G:G,C:C,T:T,C:C,A:A,C:C,G:G,A:A,C:C,T:T,T:T,A:A
ICMB 18666:4,G:G,C:C,G:G,A:A,G:G,C:C,C:C,G:G,A:A,G:G,C:C,A:A,G:G,G:G,G:G,G:G,A:A,A:A,G:G,C:C,T:T,C:C,A:A,C:C,G:G,A:A,C:C,T:T,T:T,A:A
ICMB 18666:5,G:G,C:C,G:G,A:A,G:G,C:C,C:C,G:G,A:A,G:G,C:C,A:A,G:G,G:G,G:G,G:G,A:A,A:A,G:G,C:C,T:T,C:C,A:A,C:C,G:G,A:A,C:C,T:T,T:T,A:A
ICMR 06222,A:A,T:T,G:G,T:T,A:A,T:T,T:T,G:G,G:G,G:G,T:T,A:A,A:A,G:G,G:G,G:G,A:A,A:A,G:G,C:C,T:T,C:C,A:A,C:C,T:T,C:C,G:G,C:C,T:T,G:G
ICMR 06222:1,A:A,T:T,G:G,T:T,A:A,T:T,T:T,G:G,G:G,G:G,T:T,A:A,A:A,G:G,G:G,G:G,A:A,A:A,G:G,C:C,T:T,C:C,A:A,C:C,T:T,C:C,G:G,C:C,T:T,G:G
ICMR 06222:2,A:A,T:T,G:G,T:T,A:A,T:T,T:T,G:G,G:G,G:G,T:T,A:A,A:A,G:G,G:G,G:G,A:A,A:A,G:G,C:C,T:T,C:C,A:A,C:C,T:T,C:C,G:G,C:C,T:T,G:G
ICMR 06222:3,A:A,T:T,G:G,T:T,A:A,T:T,T:T,G:G,G:G,G:G,T:T,A:A,A:A,G:G,G:G,G:G,A:A,A:A,G:G,C:C,T:T,C:C,A:A,C:C,T:T,C:C,G:G,C:C,T:T,G:G
ICMR 06222:4,A:A,T:T,G:G,T:T,A:A,T:T,T:T,G:G,G:G,G:G,T:T,A:A,A:A,G:G,G:G,G:G,A:A,A:A,G:G,C:C,T:T,C:C,A:A,C:C,T:T,C:C,G:G,C:C,T:T,G:G
ICMR 06222:5,A:A,T:T,G:G,T:T,A:A,T:T,T:T,G:G,G:G,G:G,T:T,A:A,A:A,G:G,G:G,G:G,A:A,A:A,G:G,C:C,T:T,C:C,A:A,C:C,T:T,C:C,G:G,C:C,T:T,G:G
ICMR 06222:6,A:A,T:T,G:G,T:T,A:A,T:T,T:T,G:G,G:G,G:G,T:T,A:A,A:A,G:G,G:G,G:G,A:A,A:A,G:G,C:C,T:T,C:C,A:A,C:C,T:T,C:C,G:G,C:C,T:T,G:G
ICMR 06222:7,A:A,T:T,G:G,T:T,A:A,T:T,T:T,G:G,G:G,G:G,T:T,A:A,A:A,G:G,G:G,G:G,A:A,A:A,G:G,C:C,T:T,C:C,A:A,C:C,T:T,C:C,G:G,C:C,T:T,Uncallable
ICMR 06222:8,A:A,T:T,G:G,T:T,A:A,T:T,T:T,G:G,G:G,G:G,T:T,A:A,A:A,G:G,G:G,G:G,A:A,A:A,G:G,C:C,T:T,C:C,A:A,C:C,T:T,C:C,G:G,C:C,T:T,G:G
ICMR 08111,A:A,C:C,A:A,A:A,G:G,C:C,C:C,T:T,A:A,C:C,T:T,C:C,G:G,A:A,G:G,A:A,A:A,G:G,A:A,C:C,C:C,A:A,A:A,T:T,T:T,C:C,G:G,T:T,T:T,A:A
ICMR 08111:10,A:A,C:C,A:A,A:A,G:G,C:C,C:C,T:T,A:A,C:C,T:T,C:C,G:G,A:A,G:G,A:A,A:A,G:G,A:A,C:C,C:C,A:A,A:A,T:T,T:T,C:C,G:G,T:T,T:T,A:A
ICMR 08111:3,A:A,C:C,A:A,A:A,G:G,C:C,C:C,T:T,A:A,C:C,T:T,C:C,G:G,A:A,G:G,A:A,A:A,G:G,A:A,C:C,C:C,A:A,A:A,T:T,T:T,C:C,G:G,T:T,T:T,A:A
ICMR 08111:4,A:A,C:C,A:A,A:A,G:G,C:C,C:C,T:T,A:A,C:C,T:T,C:C,G:G,A:A,G:G,A:A,A:A,G:G,A:A,C:C,C:C,A:A,A:A,T:T,T:T,C:C,G:G,T:T,T:T,A:A
ICMR 08111:5,A:A,C:C,A:A,A:A,G:G,C:C,C:C,T:T,A:A,C:C,T:T,C:C,G:G,A:A,G:G,A:A,A:A,G:G,A:A,C:C,C:C,A:A,A:A,T:T,T:T,C:C,G:G,T:T,T:T,A:A
ICMR 08111:6,A:A,C:C,A:A,A:A,G:G,C:C,C:C,T:T,A:A,C:C,T:T,C:C,G:G,A:A,G:G,A:A,A:A,G:G,A:A,C:C,C:C,A:A,A:A,T:T,T:T,C:C,G:G,T:T,T:T,A:A
ICMR 08111:7,A:A,C:C,A:A,A:A,G:G,C:C,C:C,T:T,A:A,C:C,T:T,C:C,G:G,A:A,G:G,A:A,A:A,G:G,A:A,C:C,C:C,A:A,A:A,T:T,T:T,C:C,G:G,T:T,T:T,A:A
ICMR 08111:8,A:A,C:C,A:A,A:A,G:G,C:C,C:C,T:T,A:A,C:C,T:T,C:C,G:G,A:A,G:G,A:A,A:A,G:G,A:A,C:C,C:C,A:A,A:A,T:T,T:T,C:C,G:G,T:T,T:T,A:A
ICMR 08111:9,A:A,C:C,A:A,A:A,G:G,C:C,C:C,T:T,A:A,C:C,T:T,C:C,G:G,A:A,G:G,A:A,A:A,G:G,A:A,C:C,C:C,A:A,A:A,T:T,T:T,C:C,G:G,T:T,T:T,A:A
ICMR 08222,G:G,T:T,G:G,A:A,G:G,T:T,C:C,T:T,G:G,C:C,T:T,A:A,G:G,G:G,G:G,G:G,A:A,A:A,G:G,C:C,T:T,A:A,A:A,T:T,T:T,A:A,G:G,T:T,T:T,A:A
ICMR 08222:1,G:G,T:T,G:G,A:A,G:G,T:T,C:C,T:T,G:G,C:C,T:T,A:A,G:G,G:G,G:G,G:G,A:A,A:A,G:G,C:C,T:T,A:A,A:A,T:T,T:T,A:A,G:G,T:T,T:T,A:A
ICMR 08222:2,G:G,T:T,G:G,A:A,G:G,T:T,C:C,T:T,G:G,C:C,T:T,A:A,G:G,G:G,G:G,G:G,A:A,A:A,G:G,C:C,C:T,A:A,A:A,T:T,T:T,A:A,G:G,T:T,T:T,A:A
ICMR 08222:3,G:G,T:T,G:G,A:A,G:G,T:T,C:C,T:T,G:G,C:C,T:T,A:A,G:G,G:G,G:G,G:G,A:A,A:A,G:G,C:C,T:T,A:A,A:A,T:T,T:T,A:A,G:G,T:T,T:T,A:A
ICMR 08222:4,G:G,T:T,G:G,A:A,G:G,T:T,C:C,T:T,G:G,C:C,T:T,A:A,G:G,G:G,G:G,G:G,A:A,A:A,G:G,C:C,T:T,A:A,A:A,T:T,T:T,A:A,G:G,T:T,T:T,A:A
ICMR 08222:5,G:G,T:T,G:G,A:A,G:G,T:T,C:C,T:T,G:G,C:C,T:T,A:A,G:G,G:G,G:G,G:G,A:A,A:A,G:G,C:C,T:T,A:A,A:A,T:T,T:T,A:A,G:G,T:T,T:T,A:A
ICMR 08222:6,G:G,T:T,G:G,A:A,G:G,T:T,C:C,T:T,G:G,C:C,T:T,A:A,G:G,G:G,G:G,G:G,A:A,A:A,G:G,C:C,T:T,A:A,A:A,T:T,T:T,A:A,G:G,T:T,T:T,A:A
ICMR 08222:7,G:G,T:T,G:G,A:A,G:G,T:T,C:C,T:T,G:G,C:C,T:T,A:A,G:G,G:G,G:G,G:G,A:A,A:A,G:G,C:C,T:T,A:A,A:A,T:T,T:T,A:A,G:G,T:T,T:T,A:A
ICMR 08222:8,G:G,T:T,G:G,A:A,G:G,T:T,C:C,T:T,G:G,C:C,T:T,A:A,G:G,G:G,G:G,G:G,A:A,A:A,G:G,C:C,T:T,A:A,A:A,T:T,T:T,A:A,G:G,T:T,T:T,A:A
ICMR 09888,A:A,T:T,G:G,T:T,G:G,T:T,C:C,T:G,A:A,G:G,C:C,A:A,G:G,A:A,N:N,N:N,N:N,N:N,N:N,N:N,C:C,N:N,N:N,T:T,T:T,A:A,C:C,T:T,T:T,N:N
ICMR 09888:1,A:A,T:T,G:G,T:T,G:G,T:T,C:C,T:G,A:A,G:G,C:C,A:A,G:G,A:A,T:T,G:G,G:A,A:A,A:A,G:C,C:C,A:C,T:T,T:T,T:T,A:A,C:C,T:T,T:T,A:A
ICMR 09888:2,A:A,T:T,G:G,T:T,G:G,T:T,C:C,T:G,A:A,G:G,C:C,A:A,G:G,A:A,T:G,G:G,G:A,A:A,A:A,G:C,C:C,A:A,T:T,T:T,T:T,A:A,C:C,T:T,T:T,?
ICMR 09888:3,A:A,T:T,G:G,T:T,G:G,T:T,C:C,T:G,A:A,G:G,C:C,A:A,G:G,A:A,T:G,G:G,G:A,A:A,A:A,C:C,C:C,A:A,T:T,T:T,T:T,A:A,C:C,T:T,T:T,Uncallable
ICMR 09888:4,A:A,T:T,G:G,T:T,G:G,T:T,C:C,G:G,A:A,G:G,C:C,A:A,G:G,A:A,G:G,A:A,A:A,Uncallable,A:G,G:C,C:C,A:C,A:A,T:T,T:T,A:A,C:C,C:T,T:T,G:G
ICMR 09888:5,A:A,T:T,G:G,T:T,G:G,T:T,C:C,T:G,A:A,G:G,C:C,A:A,G:G,A:A,T:G,A:A,A:A,G:A,A:G,C:C,C:C,A:C,A:T,T:T,T:T,A:A,C:C,T:T,T:T,G:G
ICMR 09888:6,A:A,T:T,G:G,T:T,G:G,T:T,C:C,T:G,A:A,G:G,C:C,A:A,G:G,A:A,T:G,A:A,A:A,G:G,G:G,G:G,T:T,A:C,A:T,T:T,T:T,A:A,C:C,T:T,T:T,G:G
ICMR 09888:7,A:A,T:T,G:G,T:T,G:G,T:T,C:C,T:G,A:A,G:G,C:C,A:A,G:G,A:A,T:T,G:G,G:A,A:A,A:A,G:C,C:C,A:A,T:T,T:T,T:T,A:A,C:C,T:T,T:T,A:A
ICMR 09888:8,A:A,T:T,G:G,T:T,G:G,T:T,C:C,G:G,A:A,G:G,C:C,A:A,G:G,A:A,G:G,A:A,A:A,G:A,A:G,G:C,C:C,A:A,T:T,T:T,T:T,A:A,C:C,T:T,T:T,A:A
ICMR 100187,A:A,C:C,A:A,A:A,G:G,C:C,C:C,T:T,A:A,C:C,T:T,C:C,G:G,A:A,G:G,A:A,A:A,G:G,A:A,C:C,T:T,A:A,A:A,T:T,T:T,C:C,G:G,C:C,T:T,A:A
ICMR 100187:1,A:A,C:C,?,A:A,G:G,C:C,C:C,T:T,A:A,C:C,T:T,C:C,G:G,A:A,G:G,A:A,A:A,G:G,A:A,C:C,T:T,A:A,A:A,T:T,T:T,C:C,G:G,C:C,T:T,A:A
ICMR 100187:2,A:A,C:C,?,A:A,G:G,C:C,C:C,T:T,A:A,C:C,T:T,C:C,G:G,A:A,G:G,A:A,A:A,G:G,A:A,C:C,T:T,A:A,A:A,T:T,?,C:C,G:G,C:C,T:T,?
ICMR 100187:3,A:A,C:C,A:A,A:A,G:G,C:C,C:C,T:T,A:A,C:C,T:T,C:C,G:G,A:A,G:G,A:A,A:A,G:G,A:A,C:C,T:T,A:A,A:A,T:T,T:T,C:C,G:G,C:C,T:T,A:A
ICMR 100187:4,A:A,C:C,A:A,A:A,G:G,C:C,C:C,T:T,A:A,C:C,T:T,C:C,G:G,A:A,G:G,A:A,A:A,G:G,A:A,C:C,T:T,A:A,A:A,T:T,T:T,C:C,G:G,C:C,T:T,A:A
ICMR 100187:5,A:A,C:C,A:A,A:A,G:G,C:C,C:C,T:T,A:A,C:C,T:T,C:C,G:G,A:A,G:G,A:A,A:A,G:G,A:A,C:C,T:T,A:A,A:A,T:T,T:T,C:C,G:G,C:C,T:T,A:A
ICMR 100187:6,A:A,C:C,A:A,A:A,G:G,C:C,C:C,T:T,A:A,C:C,T:T,C:C,G:G,A:A,G:G,A:A,A:A,G:G,A:A,C:C,T:T,A:A,A:A,T:T,T:T,C:C,G:G,C:C,T:T,A:A
ICMR 100187:7,A:A,C:C,A:A,A:A,G:G,C:C,C:C,T:T,A:A,C:C,T:T,C:C,G:G,A:A,G:G,A:A,A:A,G:G,A:A,C:C,T:T,A:A,A:A,T:T,T:T,C:C,G:G,C:C,T:T,A:A
ICMR 100187:8,A:A,C:C,A:A,A:A,G:G,C:C,C:C,T:T,A:A,C:C,T:T,C:C,G:G,A:A,G:G,A:A,A:A,G:G,A:A,C:C,T:T,A:A,A:A,T:T,T:T,C:C,G:G,C:C,T:T,A:A
ICMR 100294,A:A,T:T,G:G,T:T,A:A,T:T,C:C,G:G,A:A,C:C,C:C,C:C,G:G,A:A,G:G,A:A,A:A,A:A,G:G,C:C,C:C,C:C,A:A,T:T,G:G,A:A,C:C,T:T,T:T,G:G
ICMR 100294:1,A:A,T:T,G:G,T:T,A:A,T:T,C:C,G:G,A:A,C:C,C:C,C:C,G:G,A:A,G:G,A:A,A:A,A:A,G:G,C:C,C:C,C:C,A:A,T:T,G:G,A:A,C:C,T:T,T:T,G:G
ICMR 100294:2,A:A,T:T,G:G,T:T,A:A,T:T,C:C,G:G,A:A,C:C,C:C,C:C,G:G,A:A,G:G,A:A,A:A,A:A,G:G,C:C,C:C,C:C,A:A,T:T,G:G,A:A,C:C,T:T,T:T,G:G
ICMR 100294:3,A:A,T:T,G:G,T:T,A:A,T:T,C:C,G:G,A:A,C:C,C:C,C:C,G:G,A:A,G:G,A:A,A:A,A:A,G:G,C:C,C:C,C:C,A:A,T:T,G:G,A:A,C:C,T:T,T:T,G:G
ICMR 100294:4,A:A,T:T,G:G,T:T,A:A,T:T,C:C,G:G,A:A,C:C,C:C,C:C,G:G,A:A,G:G,A:A,A:A,A:A,G:G,C:C,C:C,C:C,A:A,T:T,G:G,A:A,C:C,T:T,T:T,G:G
ICMR 100294:5,A:A,T:T,G:G,T:T,A:A,T:T,C:C,G:G,A:A,C:C,C:C,C:C,G:G,A:A,G:G,A:A,A:A,A:A,G:G,C:C,C:C,C:C,A:A,T:T,G:G,A:A,C:C,T:T,T:T,G:G
ICMR 100294:6,A:A,T:T,G:G,T:T,A:A,T:T,C:C,G:G,A:A,C:C,C:C,C:C,G:G,A:A,G:G,A:A,A:A,A:A,G:G,C:C,C:C,C:C,A:A,T:T,G:G,A:A,C:C,T:T,T:T,G:G
ICMR 100294:7,A:A,T:T,G:G,T:T,A:A,T:T,C:C,G:G,A:A,C:C,C:C,C:C,G:G,A:A,G:G,A:A,A:A,A:A,G:G,C:C,C:C,C:C,A:A,T:T,G:G,A:A,C:C,T:T,T:T,G:G
ICMR 100294:8,A:A,T:T,G:G,T:T,A:A,T:T,C:C,G:G,A:A,C:C,C:C,C:C,G:G,A:A,G:G,A:G,A:A,G:A,A:G,C:C,C:C,Uncallable,Uncallable,C:T,G:G,A:A,C:C,T:T,T:T,G:G
ICMR 100437,A:A,C:C,G:G,T:T,A:A,T:T,T:T,G:G,A:A,G:G,T:T,A:A,G:G,A:A,G:G,G:G,A:A,G:G,G:G,G:G,C:C,C:C,A:A,T:T,T:T,A:A,G:G,C:C,C:C,A:A
ICMR 100437:1,A:A,C:C,G:G,T:T,A:A,T:T,T:T,G:G,A:A,G:G,T:T,A:A,G:G,A:A,G:G,G:G,A:A,G:G,G:G,G:G,C:C,C:C,A:A,T:T,T:T,A:A,G:G,C:C,C:C,A:A
ICMR 100437:2,A:A,C:C,G:G,T:T,A:A,T:T,T:T,G:G,A:A,G:G,T:T,A:A,G:G,A:A,G:G,G:G,A:A,G:G,G:G,G:G,C:C,C:C,A:A,T:T,T:T,A:A,G:G,C:C,C:C,A:A
ICMR 100437:3,A:A,C:C,G:G,T:T,A:A,T:T,T:T,G:G,A:A,G:G,T:T,A:A,G:G,A:A,G:G,G:G,A:A,G:G,G:G,G:G,C:C,C:C,A:A,T:T,T:T,A:A,G:G,C:C,C:C,A:A
ICMR 100437:4,A:A,C:C,G:G,T:T,A:A,T:T,T:T,G:G,A:A,G:G,T:T,A:A,G:G,A:A,G:G,G:G,A:A,G:G,G:G,G:G,C:C,C:C,A:A,T:T,T:T,A:A,G:G,C:C,C:C,A:A
ICMR 100437:5,A:A,C:C,G:G,T:T,A:A,T:T,T:T,G:G,A:A,G:G,T:T,A:A,G:G,A:A,G:G,G:G,A:A,G:G,G:G,G:G,C:C,C:C,A:A,T:T,T:T,A:A,G:G,C:C,C:C,?
ICMR 100437:6,A:A,C:C,G:G,T:T,A:A,T:T,T:T,G:G,A:A,G:G,T:T,A:A,G:G,A:A,G:G,G:G,A:A,G:G,G:G,G:G,C:C,C:C,A:A,T:T,T:T,A:A,G:G,C:C,C:C,A:A
ICMR 100437:7,A:A,C:C,G:G,T:T,A:A,T:T,T:T,G:G,A:A,G:G,T:T,A:A,G:G,A:A,G:G,G:G,A:A,G:G,G:G,G:G,C:C,C:C,A:A,T:T,T:T,A:A,G:G,C:C,C:C,?
ICMR 100437:8,A:A,C:C,G:G,T:T,A:A,T:T,T:T,G:G,A:A,G:G,T:T,A:A,G:G,A:A,G:G,G:G,A:A,G:G,G:G,G:G,C:C,C:C,A:A,T:T,T:T,A:A,G:G,C:C,C:C,A:A
ICMR 100458,A:A,C:C,G:G,T:T,A:A,T:T,T:T,G:G,G:G,G:G,T:T,A:A,G:G,A:A,G:G,G:G,G:A,G:G,G:G,G:G,C:C,C:C,A:A,T:T,T:T,A:A,G:G,C:C,C:C,A:G
ICMR 100458:3,A:A,C:C,G:G,T:T,A:A,T:T,T:T,G:G,G:G,G:G,T:T,A:A,G:G,A:A,G:G,G:G,G:A,G:G,G:G,G:G,C:C,C:C,A:A,T:T,T:T,A:A,G:G,C:C,C:C,A:G
ICMR 100458:4,A:A,C:C,G:G,T:T,A:A,T:T,T:T,G:G,G:G,G:G,T:T,A:A,G:G,A:A,G:G,G:G,G:A,G:G,G:G,G:G,C:C,C:C,A:A,T:T,T:T,A:A,G:G,C:C,C:C,A:G
ICMR 100458:5,A:A,C:C,G:G,T:T,A:A,T:T,T:T,G:G,G:G,G:G,T:T,A:A,G:G,A:A,G:G,G:G,G:A,G:G,G:G,G:G,C:C,C:C,A:A,T:T,T:T,A:A,G:G,C:C,C:C,A:G
ICMR 100458:6,A:A,C:C,G:G,T:T,A:A,T:T,T:T,G:G,G:G,G:G,T:T,A:A,G:G,A:A,G:G,G:G,G:A,G:G,G:G,G:G,C:C,C:C,A:A,T:T,T:T,A:A,G:G,C:C,C:C,A:G
ICMR 100458:7,A:A,C:C,G:G,T:T,A:A,T:T,T:T,G:G,G:G,G:G,T:T,A:A,G:G,A:A,G:G,G:G,G:A,G:G,G:G,G:G,C:C,C:C,A:A,T:T,T:T,A:A,G:G,C:C,C:C,A:G
ICMR 100458:8,A:A,C:C,G:G,T:T,A:A,T:T,T:T,G:G,G:G,G:G,T:T,A:A,G:G,A:A,G:G,G:G,G:A,G:G,G:G,G:G,C:C,C:C,A:A,T:T,T:T,A:A,G:G,C:C,C:C,A:G
ICMR 100487,A:A,C:C,A:A,T:T,G:G,C:C,C:C,T:T,A:A,G:G,T:T,C:C,A:A,A:A,G:G,G:G,G:G,G:G,A:A,C:C,C:C,C:C,T:T,T:T,T:T,C:C,C:C,T:T,T:T,A:A
ICMR 100487:1,A:A,C:C,A:A,T:T,G:G,C:C,C:C,T:T,A:A,G:G,T:T,C:C,A:A,A:A,G:G,G:G,G:G,G:G,A:A,C:C,C:C,C:C,T:T,T:T,T:T,C:C,C:C,T:T,T:T,A:A
ICMR 100487:2,A:A,C:C,A:A,T:T,G:G,C:C,C:C,T:T,A:A,G:G,T:T,C:C,A:A,A:A,G:G,G:G,G:G,G:G,A:A,C:C,C:C,C:C,T:T,T:T,T:T,C:C,C:C,T:T,T:T,A:A
ICMR 100487:3,A:A,C:C,A:A,T:T,G:G,C:C,C:C,T:T,A:A,G:G,T:T,C:C,A:A,A:A,G:G,G:G,G:G,G:G,A:A,C:C,C:C,C:C,T:T,T:T,T:T,C:C,C:C,T:T,T:T,A:A
ICMR 100487:4,A:A,C:C,?,T:T,G:G,C:C,?,T:T,A:A,G:G,T:T,C:C,?,?,G:G,G:G,G:G,?,A:A,C:C,C:C,C:C,T:T,T:T,?,C:C,C:C,T:T,T:T,?
ICMR 100487:5,A:A,C:C,A:A,T:T,G:G,C:C,C:C,T:T,A:A,G:G,T:T,C:C,A:A,A:A,G:G,G:G,G:G,G:G,A:A,C:C,C:C,C:C,T:T,T:T,T:T,C:C,C:C,T:T,T:T,A:A
ICMR 100487:6,A:A,C:C,A:A,T:T,G:G,C:C,C:C,T:T,A:A,G:G,T:T,C:C,A:A,A:A,G:G,G:G,G:G,G:G,A:A,C:C,C:C,C:C,T:T,T:T,T:T,C:C,C:C,T:T,T:T,A:A
ICMR 100487:7,A:A,C:C,A:A,T:T,G:G,C:C,C:C,T:T,A:A,G:G,T:T,C:C,A:A,A:A,G:G,G:G,G:G,G:G,A:A,C:C,C:C,C:C,T:T,T:T,T:T,C:C,C:C,T:T,T:T,A:A
ICMR 100487:8,A:A,C:C,A:A,T:T,G:G,C:C,C:C,T:T,A:A,G:G,T:T,C:C,A:A,A:A,G:G,G:G,G:G,G:G,A:A,C:C,C:C,C:C,T:T,T:T,T:T,C:C,C:C,T:T,T:T,A:A
ICMR 100499,A:A,T:T,N:N,T:T,A:A,T:T,C:C,G:G,A:A,N:N,C:C,A:A,N:N,A:A,G:G,A:A,A:A,A:A,G:G,C:C,C:C,A:A,A:A,T:T,T:T,N:N,G:G,T:T,N:N,A:A
ICMR 100499:1,A:A,T:T,G:A,T:T,A:A,T:T,C:C,G:G,A:A,G:C,C:C,A:A,G:G,A:A,G:G,Uncallable,A:A,A:A,G:G,C:C,C:C,A:A,A:A,T:T,T:T,C:A,G:G,T:T,T:C,A:G
ICMR 100499:2,A:A,T:T,G:A,T:T,A:G,T:T,C:C,G:G,A:A,G:C,C:C,A:A,G:G,G:A,G:G,A:A,A:A,A:A,G:G,C:C,C:C,A:A,A:A,T:T,T:T,C:A,Uncallable,T:T,T:C,A:A
ICMR 100499:3,A:A,T:T,A:A,T:T,A:A,T:T,C:C,G:G,A:A,G:G,C:C,A:A,G:G,A:A,G:G,A:A,A:A,A:A,G:G,C:C,C:C,A:A,A:A,T:T,T:T,A:A,G:G,T:T,C:C,A:A
ICMR 100499:4,A:A,T:T,A:A,T:T,A:A,T:T,C:C,G:G,A:A,G:G,C:C,A:A,A:G,A:A,?,A:A,A:A,A:A,G:G,C:C,C:C,A:A,A:A,T:T,T:T,A:A,G:G,T:T,C:C,A:A
ICMR 100499:5,A:A,T:T,A:A,T:T,A:A,T:T,C:C,G:G,A:A,G:G,C:C,A:A,A:G,A:A,G:G,A:A,A:A,A:A,G:G,C:C,C:C,A:A,A:A,T:T,T:T,A:A,G:G,T:T,C:C,A:A
ICMR 100499:6,A:A,T:T,G:A,T:T,A:A,T:T,C:C,G:G,A:A,G:G,C:C,A:A,A:G,A:A,G:G,A:A,A:A,A:A,G:G,C:C,C:C,A:A,Uncallable,T:T,T:T,A:A,G:G,T:T,C:C,A:A
ICMR 100505,N:N,N:N,G:G,T:T,G:G,T:T,C:C,T:T,G:A,C:C,T:T,C:A,G:G,G:G,G:G,G:G,A:A,G:G,A:A,G:G,T:T,A:A,A:A,T:T,T:T,C:A,G:C,T:T,T:T,A:A
ICMR 100505:1,G:A,T:C,G:G,T:T,G:G,T:T,C:C,T:T,G:A,C:C,T:T,C:A,G:G,G:G,G:G,G:G,A:A,G:G,A:A,G:G,T:T,A:A,A:A,T:T,T:T,C:A,G:C,T:T,T:T,A:A
ICMR 100505:2,G:A,T:C,G:G,T:T,G:G,T:T,C:C,T:T,G:A,C:C,T:T,C:A,G:G,G:G,G:G,G:G,A:A,G:G,A:A,G:G,T:T,A:A,A:A,T:T,T:T,C:A,G:C,T:T,T:T,A:A
ICMR 100505:3,G:A,C:C,G:G,T:T,G:G,T:T,C:C,T:T,Uncallable,C:C,T:T,C:A,G:G,G:G,G:G,G:G,A:A,G:G,A:A,G:G,T:T,A:A,A:A,T:T,T:T,C:A,G:C,T:T,T:T,A:A
ICMR 100505:4,G:G,C:C,G:G,T:T,G:G,T:T,C:C,T:T,G:A,C:C,T:T,C:A,G:G,G:G,G:G,G:G,A:A,G:G,A:A,G:G,T:T,A:A,A:A,T:T,T:T,C:A,G:C,T:T,T:T,A:A
ICMR 100505:5,G:G,C:C,G:G,T:T,G:G,T:T,C:C,T:T,G:A,C:C,T:T,C:A,G:G,G:G,G:G,G:G,A:A,G:G,A:A,G:G,C:T,A:A,A:A,T:T,T:T,C:A,G:C,T:T,T:T,A:A
ICMR 100505:6,G:G,C:C,G:G,T:T,G:G,T:T,C:C,T:T,G:A,C:C,T:T,C:A,G:G,G:G,G:G,G:G,A:A,G:G,A:A,G:G,T:T,A:A,A:A,T:T,T:T,C:A,G:C,T:T,T:T,A:A
ICMR 100509,A:A,C:C,A:A,T:T,A:A,T:T,C:C,G:G,A:A,G:G,T:T,C:C,A:A,A:A,G:G,G:G,A:A,A:A,G:G,C:C,C:C,C:C,T:T,T:T,N:N,A:A,G:C,T:T,C:C,G:G
ICMR 100509:1,A:A,C:C,A:A,T:T,A:A,T:T,C:C,G:G,A:A,G:G,T:T,C:C,A:A,A:A,G:G,G:G,A:A,A:A,G:G,C:C,C:C,C:C,T:T,T:T,G:T,A:A,G:C,T:T,C:C,G:G
ICMR 100509:2,A:A,C:C,A:A,T:T,A:A,T:T,C:C,G:G,A:A,G:G,T:T,C:C,A:A,A:A,G:G,G:G,A:A,A:A,G:G,C:C,C:C,C:C,T:T,T:T,T:T,A:A,G:C,T:T,C:C,A:A
ICMR 100509:3,A:A,C:C,A:A,T:T,A:A,T:T,C:C,G:G,A:A,G:G,T:T,C:C,A:A,A:A,G:G,G:G,A:A,A:A,G:G,C:C,C:C,C:C,T:T,T:T,G:T,A:A,G:C,T:T,C:C,G:G
ICMR 100509:4,A:A,C:C,A:A,T:T,A:A,T:T,C:C,G:G,A:A,G:G,T:T,C:C,A:A,A:A,G:G,G:G,A:A,A:A,G:G,C:C,C:C,C:C,T:T,T:T,G:T,A:A,G:C,T:T,C:C,G:G
ICMR 100509:5,A:A,C:C,A:A,T:T,A:A,T:T,C:C,G:G,A:A,G:G,T:T,C:C,A:A,A:A,G:G,G:G,A:A,A:A,G:G,C:C,C:C,C:C,T:T,T:T,T:T,A:A,G:C,T:T,C:C,G:G
ICMR 100509:6,A:A,C:C,A:A,T:T,A:A,T:T,C:C,G:G,A:A,G:G,T:T,C:C,A:A,A:A,G:G,G:G,A:A,A:A,G:G,C:C,C:C,C:C,T:T,T:T,G:T,A:A,G:C,T:T,C:C,G:G
ICMR 100511,A:A,T:T,A:A,T:T,G:G,C:C,C:C,T:T,A:A,C:C,T:T,C:C,A:G,A:A,G:G,G:G,A:A,G:G,A:G,N:N,C:C,C:C,T:T,T:T,T:T,C:C,C:C,T:T,C:C,A:A
ICMR 100511:1,A:A,T:T,A:A,T:T,G:G,C:C,C:C,T:T,A:A,C:C,T:T,C:C,Uncallable,A:A,G:G,G:G,A:A,G:G,A:G,C:C,C:C,C:C,T:T,T:T,T:T,C:C,C:C,T:T,C:C,A:A
ICMR 100511:2,A:A,T:T,A:A,T:T,G:G,C:C,C:C,T:T,A:A,C:C,T:T,C:C,A:G,A:A,G:G,G:G,A:A,G:G,A:G,C:C,C:C,C:C,T:T,T:T,T:T,C:C,C:C,T:T,C:C,A:A
ICMR 100511:3,A:A,T:T,A:A,T:T,G:G,C:C,C:C,T:T,A:A,C:C,T:T,C:C,A:G,A:A,G:G,G:G,A:A,G:G,G:G,G:C,C:C,C:C,T:T,T:T,T:T,C:C,C:C,T:T,C:C,A:A
ICMR 100511:4,A:A,T:T,A:A,T:T,G:G,C:C,C:C,T:T,A:A,C:C,T:T,C:C,A:G,A:A,G:G,G:G,A:A,G:G,A:G,G:C,C:C,C:C,T:T,T:T,T:T,C:C,C:C,T:T,C:C,A:A
ICMR 100511:5,A:A,T:T,A:A,T:T,G:G,C:C,C:C,T:T,A:A,C:C,T:T,C:C,A:G,A:A,G:G,G:G,A:A,G:G,A:G,G:C,C:C,C:C,T:T,T:T,T:T,C:C,C:C,T:T,C:C,A:A
ICMR 100511:6,A:A,T:T,A:A,T:T,G:G,C:C,C:C,T:T,A:A,C:C,T:T,C:C,A:G,A:A,G:G,G:G,A:A,G:G,A:G,G:C,C:C,C:C,T:T,T:T,T:T,C:C,C:C,T:T,C:C,A:A
ICMR 100540,G:G,T:T,G:A,T:T,N:N,C:C,T:T,G:G,A:A,C:C,T:T,C:C,G:G,A:A,T:T,G:G,A:A,A:A,N:N,C:C,C:C,C:C,T:T,T:T,T:T,C:C,C:C,T:T,T:T,A:A
ICMR 100540:1,G:G,T:T,G:A,T:T,A:A,C:C,T:T,G:G,A:A,C:C,T:T,C:C,G:G,A:A,T:T,G:G,A:A,A:A,A:G,C:C,C:C,C:C,T:T,T:T,T:T,C:C,C:C,T:T,T:T,A:A
ICMR 100540:2,G:G,T:T,A:A,T:T,A:A,C:C,T:T,G:G,A:A,C:C,T:T,C:C,G:G,A:A,T:T,G:G,A:A,A:A,A:A,C:C,C:C,C:C,T:T,T:T,T:T,C:C,C:C,T:T,T:T,A:A
ICMR 100540:3,G:G,T:T,G:A,T:T,A:A,C:C,T:T,G:G,A:A,C:C,T:T,C:C,G:G,A:A,T:T,G:G,A:A,A:A,A:A,C:C,C:C,C:C,T:T,T:T,T:T,C:C,C:C,T:T,T:T,A:A
ICMR 100540:4,G:G,T:T,G:A,T:T,A:A,C:C,T:T,G:G,A:A,C:C,T:T,C:C,G:G,A:A,T:T,G:G,A:A,A:A,A:G,C:C,C:C,C:C,T:T,T:T,T:T,C:C,C:C,T:T,T:T,A:A
ICMR 100540:5,G:G,T:T,G:A,T:T,A:G,C:C,Uncallable,G:G,A:A,C:C,T:T,C:C,G:G,G:A,T:T,G:G,A:A,A:A,A:G,C:C,C:C,Uncallable,T:T,T:T,T:T,C:C,C:C,T:T,T:T,A:A
ICMR 100540:6,G:G,T:T,G:A,T:T,A:G,C:C,T:T,G:G,A:A,C:C,T:T,C:C,G:G,A:A,T:T,G:G,A:A,A:A,A:A,C:C,C:C,C:C,T:T,T:T,T:T,C:C,C:C,T:T,T:T,A:A
ICMR 100931,A:A,T:T,G:G,T:T,G:G,C:C,C:C,T:G,G:G,G:G,T:T,C:C,G:G,A:A,T:T,A:A,G:G,G:G,A:A,C:C,C:C,A:A,A:A,T:T,T:T,C:C,G:G,T:T,T:T,G:G
ICMR 100931:1,A:A,T:T,G:G,T:T,G:G,C:C,C:C,T:G,G:G,G:G,T:T,C:C,G:G,A:A,T:T,A:A,G:G,G:G,A:A,C:C,C:C,A:A,A:A,T:T,T:T,C:C,G:G,T:T,T:T,G:G
ICMR 100931:2,A:A,T:T,G:G,T:T,G:G,C:C,C:C,T:G,G:G,G:G,T:T,C:C,G:G,A:A,T:T,A:A,G:G,G:G,A:A,C:C,C:C,A:A,A:A,T:T,T:T,C:C,G:G,T:T,T:T,G:G
ICMR 100931:3,A:A,T:T,G:G,T:T,G:G,C:C,C:C,T:G,G:G,G:G,T:T,C:C,G:G,A:A,T:T,A:A,G:G,G:G,A:A,C:C,C:C,A:A,A:A,T:T,T:T,C:C,G:G,T:T,T:T,G:G
ICMR 100931:4,A:A,T:T,G:G,T:T,G:G,C:C,C:C,T:G,G:G,G:G,T:T,C:C,G:G,A:A,T:T,A:A,G:G,G:G,A:A,C:C,C:C,A:A,A:A,T:T,T:T,C:C,G:G,T:T,T:T,G:G
ICMR 100931:5,A:A,T:T,G:G,T:T,G:G,C:C,C:C,T:G,G:G,G:G,T:T,C:C,G:G,A:A,T:T,A:A,G:G,G:G,A:A,C:C,C:C,A:A,A:A,T:T,T:T,C:C,G:G,T:T,T:T,G:G
ICMR 100931:6,A:A,T:T,G:G,T:T,G:G,C:C,C:C,T:G,G:G,G:G,T:T,C:C,G:G,A:A,T:T,A:A,G:G,G:G,A:A,C:C,C:C,A:A,A:A,T:T,T:T,C:C,G:G,T:T,T:T,G:G
ICMR 100931:7,A:A,T:T,G:G,T:T,G:G,C:C,C:C,T:G,G:G,G:G,T:T,C:C,G:G,A:A,T:T,A:A,G:G,G:G,A:A,C:C,C:C,A:A,A:A,T:T,T:T,C:C,G:G,T:T,T:T,G:G
ICMR 100931:8,A:A,T:T,G:G,T:T,G:G,C:C,C:C,T:G,G:G,G:G,T:T,C:C,G:G,A:A,T:T,A:A,G:G,G:G,A:A,C:C,C:C,A:A,A:A,T:T,T:T,C:C,G:G,T:T,T:T,G:G
ICMR 101049,A:A,C:C,G:G,A:A,G:G,C:C,C:C,T:T,A:A,C:C,T:T,C:C,G:G,A:A,G:G,A:A,G:G,G:G,A:A,G:G,C:C,A:A,T:T,T:T,T:T,A:A,G:G,C:C,C:C,G:G
ICMR 101049:1,A:A,C:C,G:G,A:A,G:G,C:C,C:C,T:T,A:A,C:C,T:T,C:C,G:G,A:A,G:G,A:A,G:G,G:G,A:A,G:G,C:C,A:A,T:T,T:T,T:T,A:A,G:G,C:C,C:C,G:G
ICMR 101049:2,A:A,C:C,G:G,A:A,G:G,C:C,C:C,T:T,A:A,C:C,T:T,C:C,G:G,A:A,G:G,A:A,G:G,G:G,A:A,G:G,C:C,A:A,T:T,T:T,T:T,A:A,G:G,C:C,C:C,G:G
ICMR 101049:3,A:A,C:C,G:G,A:A,G:G,C:C,C:C,T:T,A:A,C:C,T:T,C:C,G:G,A:A,G:G,A:A,G:G,G:G,A:A,G:G,C:C,A:A,T:T,T:T,T:T,A:A,G:G,C:C,C:C,G:G
ICMR 101049:4,A:A,C:C,G:G,A:A,G:G,C:C,C:C,T:T,A:A,C:C,T:T,C:C,G:G,A:A,G:G,A:A,G:G,G:G,A:A,G:G,C:C,A:A,T:T,T:T,T:T,A:A,G:G,C:C,C:C,G:G
ICMR 101049:5,A:A,C:C,G:G,A:A,G:G,C:C,C:C,T:T,A:A,C:C,T:T,C:C,G:G,A:A,G:G,A:A,G:G,G:G,A:A,G:G,C:C,A:A,T:T,T:T,T:T,A:A,G:G,C:C,C:C,G:G
ICMR 101049:6,A:A,C:C,G:G,A:A,G:G,C:C,C:C,T:T,A:A,C:C,T:T,C:C,G:G,A:A,G:G,A:A,G:G,G:G,A:A,G:G,C:C,A:A,T:T,T:T,T:T,A:A,G:G,C:C,C:C,G:G
ICMR 101087,G:G,T:T,A:A,A:A,A:A,T:T,C:C,T:T,A:A,G:G,T:T,A:A,G:G,A:A,G:G,A:A,A:A,G:G,A:A,G:G,T:T,A:A,T:T,T:T,T:T,C:C,G:G,C:C,T:T,A:A
ICMR 101087:1,G:G,T:T,A:A,A:A,A:A,T:T,C:C,T:T,A:A,G:G,T:T,A:A,G:G,A:A,G:G,A:A,A:A,G:G,A:A,G:G,T:T,A:A,T:T,T:T,T:T,C:C,G:G,C:C,T:T,A:A
ICMR 101087:2,G:G,T:T,A:A,A:A,A:A,T:T,C:C,T:T,A:A,G:G,T:T,A:A,G:G,A:A,G:G,A:A,A:A,G:G,A:A,G:G,T:T,A:A,T:T,T:T,T:T,C:C,G:G,C:C,T:T,A:A
ICMR 101087:3,G:G,T:T,A:A,A:A,A:A,T:T,C:C,T:T,A:A,G:G,T:T,A:A,G:G,A:A,G:G,A:A,A:A,G:G,A:A,G:G,T:T,A:A,T:T,T:T,T:T,C:C,G:G,C:C,T:T,A:A
ICMR 101087:4,G:G,T:T,A:A,A:A,A:A,T:T,C:C,T:T,A:A,G:G,T:T,A:A,G:G,A:A,G:G,A:A,A:A,G:G,A:A,G:G,T:T,A:A,T:T,T:T,T:T,C:C,G:G,C:C,T:T,A:A
ICMR 101087:5,G:G,T:T,A:A,A:A,A:A,T:T,C:C,T:T,A:A,G:G,T:T,A:A,G:G,A:A,G:G,A:A,A:A,G:G,A:A,G:G,T:T,A:A,T:T,T:T,T:T,C:C,G:G,C:C,T:T,A:A
ICMR 101087:6,G:G,T:T,A:A,A:A,A:A,T:T,C:C,T:T,A:A,G:G,T:T,A:A,G:G,A:A,G:G,A:A,A:A,G:G,A:A,G:G,T:T,A:A,T:T,T:T,T:T,C:C,G:G,C:C,T:T,A:A
ICMR 101140,G:G,C:C,G:A,A:A,G:G,N:N,C:C,T:T,N:N,G:C,T:T,A:A,G:G,A:A,G:G,A:A,A:A,A:A,A:A,C:C,C:C,C:C,A:A,T:T,T:T,C:C,G:G,T:T,T:C,A:G
ICMR 101140:1,G:G,C:C,G:A,A:A,G:G,C:C,C:C,T:T,A:A,G:C,T:T,A:A,G:G,A:A,G:G,A:A,A:A,A:A,A:A,C:C,C:C,C:C,A:A,T:T,T:T,C:C,G:G,T:T,T:C,A:G
ICMR 101140:2,G:G,C:C,G:A,A:A,G:G,C:T,C:C,T:T,G:A,G:C,T:T,A:A,G:G,A:A,G:G,A:A,A:A,A:A,A:A,C:C,C:C,C:C,A:A,T:T,T:T,C:C,G:G,T:T,T:C,A:G
ICMR 101140:3,G:G,C:C,G:A,A:A,G:G,C:C,C:C,T:T,A:A,C:C,T:T,A:A,G:G,A:A,G:G,A:A,A:A,A:A,A:A,C:C,C:C,C:C,A:A,T:T,T:T,C:C,G:G,T:T,T:C,A:G
ICMR 101140:4,G:G,C:C,G:A,A:A,G:G,C:C,C:C,T:T,G:A,G:C,T:T,A:A,G:G,A:A,G:G,A:A,A:A,A:A,A:A,C:C,C:C,C:C,A:A,T:T,T:T,C:C,G:G,T:T,T:C,A:G
ICMR 101140:5,G:G,C:C,G:A,A:A,G:G,C:C,C:C,T:T,G:A,G:C,T:T,A:A,G:G,A:A,G:G,A:A,A:A,A:A,A:A,C:C,C:C,C:C,A:A,T:T,T:T,C:C,G:G,T:T,T:C,A:G
ICMR 101140:6,G:G,C:C,G:A,A:A,G:G,C:T,C:C,T:T,G:A,G:C,T:T,A:A,G:G,A:A,G:G,A:A,A:A,A:A,A:A,C:C,C:C,C:C,A:A,T:T,T:T,C:C,G:G,T:T,T:C,A:G
ICMR 101415,A:A,T:T,G:G,T:T,G:G,T:T,C:C,G:G,A:A,G:G,T:T,C:C,G:G,G:G,T:T,A:A,A:A,G:G,A:A,G:G,C:C,A:A,T:T,T:T,T:T,A:A,G:G,C:C,T:T,A:A
ICMR 101415:1,A:A,T:T,G:G,T:T,G:G,T:T,C:C,G:G,?,G:G,T:T,C:C,G:G,G:G,T:T,A:A,A:A,G:G,A:A,G:G,C:C,A:A,T:T,T:T,T:T,A:A,G:G,C:C,T:T,A:A
ICMR 101415:2,A:A,T:T,G:G,T:T,G:G,T:T,C:C,G:G,A:A,G:G,T:T,C:C,G:G,G:G,T:T,A:A,A:A,G:G,A:A,G:G,C:C,A:A,T:T,T:T,T:T,A:A,G:G,C:C,T:T,A:A
ICMR 101415:3,A:A,T:T,G:G,T:T,G:G,T:T,C:C,G:G,A:A,G:G,T:T,C:C,G:G,G:G,T:T,A:A,A:A,G:G,A:A,G:G,C:C,A:A,T:T,?,T:T,A:A,G:G,C:C,T:T,A:A
ICMR 101415:4,A:A,T:T,G:G,T:T,G:G,T:T,C:C,G:G,A:A,G:G,T:T,C:C,G:G,G:G,T:T,A:A,A:A,G:G,A:A,G:G,C:C,A:A,T:T,T:T,T:T,A:A,G:G,C:C,T:T,A:A
ICMR 101415:5,A:A,T:T,G:G,T:T,G:G,T:T,C:C,G:G,?,G:G,T:T,C:C,G:G,G:G,T:T,A:A,A:A,G:G,A:A,G:G,C:C,A:A,T:T,T:T,T:T,A:A,G:G,C:C,T:T,A:A
ICMR 101415:6,A:A,T:T,G:G,T:T,G:G,T:T,C:C,G:G,?,G:G,T:T,C:C,G:G,G:G,T:T,A:A,A:A,G:G,A:A,G:G,C:C,A:A,T:T,T:T,T:T,A:A,G:G,C:C,T:T,A:A
ICMR 101415:7,A:A,T:T,G:G,T:T,G:G,T:T,C:C,G:G,?,G:G,T:T,C:C,G:G,G:G,T:T,A:A,A:A,G:G,A:A,G:G,C:C,A:A,T:T,T:T,T:T,A:A,G:G,C:C,T:T,A:A
ICMR 101415:8,A:A,T:T,G:G,T:T,G:G,T:T,C:C,G:G,A:A,G:G,T:T,C:C,G:G,G:G,T:T,A:A,A:A,G:G,A:A,G:G,C:C,A:A,T:T,T:T,T:T,A:A,G:G,C:C,T:T,A:A
ICMR 101699,A:A,T:T,G:G,A:A,G:G,C:C,C:C,G:G,A:A,G:G,C:C,A:A,G:G,G:G,G:G,G:G,A:A,A:A,G:G,C:C,T:T,A:A,A:A,T:T,T:T,A:A,G:G,T:T,T:T,G:G
ICMR 101699:1,A:A,T:T,G:G,A:A,G:G,C:C,C:C,G:G,A:A,G:G,C:C,A:A,G:G,G:G,G:G,G:G,A:A,A:A,G:G,C:C,T:T,A:A,A:A,T:T,T:T,A:A,G:G,T:T,T:T,G:G
ICMR 101699:2,A:A,T:T,G:G,A:A,G:G,C:C,C:C,G:G,A:A,G:G,C:C,A:A,G:G,G:G,G:G,G:G,A:A,A:A,G:G,C:C,T:T,A:A,A:A,T:T,T:T,A:A,G:G,T:T,T:T,G:G
ICMR 101699:3,A:A,T:T,G:G,A:A,G:G,C:C,C:C,G:G,A:A,G:G,C:C,A:A,G:G,G:G,G:G,G:G,A:A,A:A,G:G,C:C,T:T,A:A,A:A,T:T,T:T,A:A,G:G,T:T,T:T,G:G
ICMR 101699:4,A:A,T:T,G:G,A:A,G:G,C:C,C:C,G:G,A:A,G:G,C:C,A:A,G:G,G:G,G:G,G:G,A:A,A:A,G:G,C:C,T:T,A:A,A:A,T:T,T:T,A:A,G:G,T:T,T:T,G:G
ICMR 101699:5,A:A,T:T,G:G,A:A,G:G,C:C,C:C,G:G,A:A,G:G,C:C,A:A,G:G,G:G,G:G,G:G,A:A,A:A,G:G,C:C,T:T,A:A,A:A,T:T,T:T,A:A,G:G,T:T,T:T,Uncallable
ICMR 101699:6,A:A,T:T,G:G,A:A,G:G,C:C,C:C,G:G,A:A,G:G,C:C,A:A,G:G,G:G,G:G,G:G,A:A,A:A,G:G,C:C,T:T,A:A,A:A,T:T,T:T,A:A,G:G,T:T,T:T,A:G
ICMR 101707,A:A,T:T,G:G,T:T,G:G,T:T,C:C,G:G,A:A,C:C,T:T,A:A,A:A,A:A,G:G,G:G,G:A,G:G,G:G,C:C,C:C,C:C,A:A,T:T,G:G,A:A,C:C,T:T,C:C,A:A
ICMR 101707:1,A:A,T:T,G:G,T:T,G:G,T:T,C:C,G:G,A:A,C:C,T:T,A:A,A:A,A:A,G:G,G:G,G:A,G:G,G:G,C:C,C:C,C:C,A:A,T:T,G:G,A:A,C:C,T:T,C:C,A:A
ICMR 101707:2,A:A,T:T,G:G,T:T,G:G,T:T,C:C,G:G,A:A,C:C,T:T,A:A,A:A,A:A,G:G,G:G,G:A,G:G,G:G,C:C,C:C,C:C,A:A,T:T,G:G,A:A,C:C,T:T,C:C,A:A
ICMR 101707:3,A:A,T:T,G:G,T:T,G:G,T:T,C:C,G:G,A:A,C:C,T:T,A:A,A:A,A:A,G:G,G:G,G:A,G:G,G:G,C:C,C:C,C:C,A:A,T:T,G:G,A:A,C:C,T:T,C:C,A:A
ICMR 101707:4,A:A,T:T,G:G,T:T,G:G,T:T,C:C,G:G,A:A,C:C,T:T,A:A,A:A,A:A,G:G,G:G,G:A,G:G,G:G,C:C,C:C,C:C,A:A,T:T,G:G,A:A,C:C,T:T,C:C,A:A
ICMR 101707:5,A:A,T:T,G:G,T:T,G:G,T:T,C:C,G:G,A:A,C:C,T:T,A:A,A:A,A:A,G:G,G:G,G:A,G:G,G:G,C:C,C:C,C:C,A:A,T:T,G:G,A:A,C:C,T:T,C:C,A:A
ICMR 101707:6,A:A,T:T,G:G,T:T,G:G,T:T,C:C,G:G,A:A,C:C,T:T,A:A,A:A,A:A,G:G,G:G,G:A,G:G,G:G,C:C,C:C,C:C,A:A,T:T,G:G,A:A,C:C,T:T,C:C,A:A
ICMR 101728,A:A,C:C,A:A,T:T,G:G,C:C,T:T,G:G,A:A,C:C,C:C,C:C,G:G,A:A,G:G,A:A,A:A,G:G,G:G,C:C,T:T,C:C,T:T,T:T,T:T,C:C,C:C,T:T,T:T,A:A
ICMR 101728:1,A:A,C:C,A:A,T:T,G:G,C:C,T:T,G:G,A:A,C:C,C:C,C:C,G:G,A:A,G:G,A:A,A:A,G:G,G:G,C:C,T:T,C:C,T:T,T:T,T:T,C:C,C:C,T:T,T:T,A:A
ICMR 101728:2,A:A,C:C,A:A,T:T,G:G,C:C,T:T,G:G,A:A,C:C,C:C,C:C,G:G,A:A,G:G,A:A,A:A,G:G,G:G,C:C,T:T,C:C,T:T,T:T,T:T,C:C,C:C,T:T,T:T,?
ICMR 101728:3,A:A,C:C,A:A,T:T,G:G,C:C,T:T,G:G,A:A,C:C,C:C,C:C,G:G,A:A,T:T,A:A,A:A,G:G,G:G,C:C,T:T,C:C,T:T,T:T,T:T,C:C,C:C,T:T,T:T,?
ICMR 101728:4,A:A,C:C,A:A,T:T,G:G,C:C,T:T,G:G,A:A,C:C,C:C,C:C,G:G,A:A,G:G,A:A,A:A,G:G,G:G,C:C,T:T,C:C,T:T,T:T,T:T,C:C,C:C,T:T,T:T,A:A
ICMR 101728:5,G:A,C:C,G:A,T:T,A:G,C:T,T:T,G:G,G:A,C:C,C:T,C:A,G:G,G:A,T:G,A:G,A:A,G:G,A:G,G:C,T:T,C:C,T:T,C:T,G:T,C:A,C:C,C:T,T:T,A:A
ICMR 101728:6,A:A,C:C,A:A,T:T,G:G,C:C,T:T,G:G,A:A,C:C,C:C,C:C,G:G,A:A,G:G,A:A,A:A,G:G,G:G,C:C,T:T,C:C,T:T,T:T,T:T,C:C,C:C,T:T,T:T,A:A
ICMR 101728:7,A:A,C:C,A:A,T:T,G:G,C:C,T:T,G:G,A:A,C:C,C:C,C:C,G:G,A:A,G:G,A:A,A:A,G:G,G:G,C:C,T:T,C:C,T:T,T:T,T:T,C:C,C:C,T:T,T:T,A:A
ICMR 101728:8,A:A,C:C,A:A,T:T,G:G,C:C,T:T,G:G,A:A,C:C,C:C,C:C,G:G,A:A,G:G,A:A,A:A,G:G,G:G,C:C,T:T,C:C,T:T,T:T,T:T,C:C,C:C,T:T,T:T,?
ICMR 101742,A:A,T:T,A:A,T:T,A:A,T:T,C:C,G:G,A:A,G:G,T:T,C:C,A:A,A:A,G:G,G:G,A:A,A:A,G:G,C:C,C:C,C:C,T:T,T:T,N:N,A:A,G:C,T:T,N:N,G:G
ICMR 101742:1,A:A,T:T,A:A,T:T,A:A,T:T,C:C,G:G,A:A,G:G,T:T,C:C,A:A,A:A,G:G,G:G,A:A,A:A,G:G,C:C,C:C,C:C,T:T,T:T,G:T,A:A,G:C,T:T,T:C,G:G
ICMR 101742:2,A:A,T:T,A:A,T:T,A:A,T:T,C:C,G:G,A:A,G:G,T:T,C:C,A:A,A:A,G:G,G:G,A:A,A:A,G:G,C:C,C:C,C:C,T:T,T:T,G:G,A:A,G:C,T:T,T:T,G:G
ICMR 101742:3,A:A,T:T,A:A,T:T,A:A,T:T,C:C,G:G,A:A,G:G,T:T,C:C,A:A,A:A,G:G,G:G,A:A,A:A,G:G,C:C,C:C,C:C,T:T,T:T,G:T,A:A,G:G,T:T,T:C,G:G
ICMR 101742:4,A:A,T:T,A:A,T:T,A:A,T:T,C:C,G:G,A:A,G:G,T:T,C:C,A:A,A:A,G:G,G:G,A:A,A:A,G:G,C:C,C:C,C:C,T:T,T:T,G:G,A:A,G:C,T:T,T:C,G:G
ICMR 101742:5,A:A,T:T,A:A,T:T,A:A,T:T,C:C,G:G,A:A,G:G,T:T,C:C,A:A,A:A,G:G,G:G,A:A,A:A,G:G,C:C,C:C,C:C,T:T,T:T,G:G,A:A,G:C,T:T,T:C,G:G
ICMR 101742:6,A:A,T:T,A:A,T:T,A:A,T:T,C:C,G:G,A:A,G:G,T:T,C:C,A:A,A:A,G:G,G:G,A:A,A:A,G:G,C:C,C:C,C:C,T:T,T:T,G:G,A:A,G:C,T:T,T:T,G:G
ICMR 101779,G:G,C:C,A:A,T:T,G:G,C:C,C:C,T:T,G:G,C:C,T:T,C:C,G:G,G:G,G:G,A:A,G:A,G:G,A:A,G:G,T:T,A:A,A:A,T:T,T:T,C:C,G:G,C:C,T:T,A:A
ICMR 101779:1,G:G,C:C,A:A,T:T,G:G,C:C,C:C,T:T,G:G,C:C,T:T,C:C,G:G,G:G,G:G,A:A,G:A,G:G,A:A,G:G,T:T,A:A,A:A,T:T,T:T,C:C,G:G,C:C,T:T,A:A
ICMR 101779:2,G:G,C:C,A:A,T:T,G:G,C:C,C:C,T:T,G:G,C:C,T:T,C:C,G:G,G:G,G:G,A:A,G:A,G:G,A:A,G:G,T:T,A:A,A:A,T:T,T:T,C:C,G:G,C:C,T:T,A:A
ICMR 101779:3,G:G,C:C,A:A,T:T,G:G,C:C,C:C,T:T,G:G,C:C,T:T,C:C,G:G,G:G,G:G,A:A,G:A,G:G,A:A,G:G,T:T,A:A,A:A,T:T,T:T,C:C,G:G,C:C,T:T,A:A
ICMR 101779:4,G:G,C:C,A:A,T:T,G:G,C:C,C:C,T:T,G:G,C:C,T:T,C:C,G:G,G:G,G:G,A:A,G:A,G:G,A:A,G:G,T:T,A:A,A:A,T:T,T:T,C:C,G:G,C:C,T:T,A:A
ICMR 101779:5,G:G,C:C,A:A,T:T,G:G,C:C,C:C,T:T,G:G,C:C,T:T,C:C,G:G,G:G,G:G,A:A,G:A,G:G,A:A,G:G,T:T,A:A,A:A,T:T,T:T,C:C,G:G,C:C,T:T,A:A
ICMR 101779:6,G:G,C:C,A:A,T:T,G:G,C:C,C:C,T:T,G:G,C:C,T:T,C:C,G:G,G:G,G:G,A:A,G:A,G:G,A:A,G:G,T:T,A:A,A:A,T:T,T:T,C:C,G:G,C:C,T:T,A:A
ICMR 101788,G:A,C:C,A:A,A:T,G:G,C:C,T:T,N:N,A:A,G:C,T:T,C:A,A:G,G:G,G:G,A:G,A:A,N:N,G:G,C:C,T:T,A:A,A:T,T:T,T:T,A:A,G:G,T:T,N:N,A:A
ICMR 101788:1,G:A,C:C,A:A,A:T,G:G,C:C,T:T,T:T,A:A,G:C,T:T,C:A,A:G,G:G,G:G,A:G,A:A,G:G,G:G,C:C,T:T,A:A,A:T,T:T,T:T,A:A,G:G,T:T,Uncallable,A:A
ICMR 101788:2,?,C:C,G:G,T:T,?,?,?,?,A:A,G:G,T:T,?,?,A:A,?,?,?,A:A,?,?,T:T,?,?,?,T:T,C:A,?,?,?,A:A
ICMR 101788:3,G:A,C:C,A:A,Uncallable,G:G,C:C,T:T,T:T,A:A,G:C,T:T,C:A,A:G,G:G,G:G,Uncallable,A:A,G:G,G:G,C:C,T:T,A:A,A:T,T:T,T:T,A:A,G:G,T:T,T:C,A:A
ICMR 101788:4,G:A,C:C,A:A,Uncallable,G:G,C:C,T:T,T:G,A:A,G:C,T:T,C:A,A:G,G:G,G:G,Uncallable,A:A,G:A,G:G,C:C,T:T,A:A,A:T,T:T,T:T,A:A,G:G,T:T,T:T,A:A
ICMR 101788:5,G:G,C:C,A:A,A:T,G:G,C:C,T:T,T:G,A:A,G:C,T:T,C:A,A:G,G:G,G:G,A:G,A:A,G:A,G:G,C:C,T:T,A:A,T:T,T:T,T:T,A:A,G:C,T:T,Uncallable,A:A
ICMR 101788:6,G:A,C:C,A:A,A:T,G:G,C:C,T:T,T:T,A:A,G:C,T:T,C:A,A:G,G:G,G:G,A:G,A:A,G:A,G:G,C:C,T:T,A:A,A:T,T:T,T:T,A:A,G:G,T:T,T:T,A:A
ICMR 101989,A:A,C:C,A:A,T:T,A:A,C:C,C:C,G:G,G:G,C:C,C:C,C:C,G:G,A:A,G:G,A:A,G:A,G:G,G:G,C:C,T:T,C:C,A:A,T:T,G:G,A:A,C:C,C:C,C:C,G:G
ICMR 101989:1,A:A,C:C,A:A,T:T,A:A,C:C,C:C,G:G,G:G,C:C,C:C,C:C,G:G,A:A,G:G,A:A,G:A,G:G,G:G,C:C,T:T,C:C,A:A,T:T,G:G,A:A,C:C,C:C,C:C,G:G
ICMR 101989:2,A:A,C:C,A:A,T:T,A:A,C:C,C:C,G:G,G:G,C:C,C:C,C:C,G:G,A:A,G:G,A:A,G:A,G:G,G:G,C:C,T:T,C:C,A:A,T:T,G:G,A:A,C:C,C:C,C:C,G:G
ICMR 101989:3,A:A,C:C,A:A,T:T,A:A,C:C,C:C,G:G,G:G,C:C,C:C,C:C,G:G,A:A,G:G,A:A,G:A,G:G,G:G,C:C,T:T,C:C,A:A,T:T,G:G,A:A,C:C,C:C,C:C,G:G
ICMR 101989:4,A:A,C:C,A:A,T:T,A:A,C:C,C:C,G:G,G:G,C:C,C:C,C:C,G:G,A:A,G:G,A:A,G:A,G:G,G:G,C:C,T:T,C:C,A:A,T:T,G:G,A:A,C:C,C:C,C:C,G:G
ICMR 101989:5,A:A,C:C,A:A,T:T,A:A,C:C,C:C,G:G,G:G,C:C,C:C,C:C,G:G,A:A,G:G,A:A,G:A,G:G,G:G,C:C,T:T,C:C,A:A,T:T,G:G,A:A,C:C,C:C,?,G:G
ICMR 101989:6,A:A,C:C,A:A,T:T,A:A,C:C,C:C,G:G,G:G,C:C,C:C,C:C,G:G,A:A,G:G,A:A,G:A,G:G,G:G,C:C,T:T,C:C,A:A,C:T,G:G,A:A,C:C,C:C,C:C,G:G
ICMR 101989:7,A:A,C:C,A:A,T:T,A:A,C:C,C:C,G:G,G:G,C:C,C:C,C:C,G:G,A:A,G:G,A:A,G:A,G:G,G:G,C:C,T:T,C:C,A:A,T:T,G:G,A:A,C:C,C:C,C:C,G:G
ICMR 101989:8,A:A,C:C,A:A,T:T,A:A,C:C,C:C,G:G,G:G,C:C,C:C,C:C,G:G,A:A,G:G,A:A,G:A,G:G,G:G,C:C,T:T,C:C,A:A,T:T,G:G,A:A,C:C,C:C,C:C,G:G
ICMR 102003,A:A,C:C,A:A,A:A,A:A,C:C,T:T,G:G,G:G,C:C,T:T,C:C,A:A,G:G,T:T,G:G,G:G,A:A,G:G,C:C,T:T,A:A,A:A,T:T,G:G,C:C,C:C,C:C,C:C,G:G
ICMR 102003:1,A:A,C:C,A:A,A:A,A:A,C:C,T:T,G:G,G:G,C:C,T:T,C:C,A:A,G:G,T:T,G:G,G:G,A:A,G:G,C:C,T:T,A:A,A:A,T:T,G:G,C:C,C:C,C:C,C:C,G:G
ICMR 102003:2,A:A,C:C,A:A,A:A,A:A,C:C,T:T,G:G,G:G,C:C,T:T,C:C,A:A,G:G,T:T,G:G,G:G,A:A,G:G,C:C,T:T,A:A,A:A,T:T,G:G,C:C,C:C,C:C,C:C,G:G
ICMR 102003:3,A:A,C:C,A:A,A:A,A:A,C:C,T:T,G:G,G:G,C:C,T:T,C:C,A:A,G:G,T:T,G:G,G:G,A:A,G:G,C:C,T:T,A:A,A:A,T:T,G:G,C:C,C:C,C:C,C:C,G:G
ICMR 102003:4,A:A,C:C,A:A,A:A,A:A,C:C,T:T,G:G,G:G,C:C,T:T,C:C,A:A,G:G,T:T,G:G,G:G,A:A,G:G,C:C,T:T,A:A,A:A,T:T,G:G,C:C,C:C,C:C,C:C,G:G
ICMR 102003:5,A:A,C:C,A:A,A:A,A:A,C:C,T:T,G:G,G:G,C:C,T:T,C:C,A:A,G:G,T:T,G:G,G:G,A:A,G:G,C:C,T:T,A:A,A:A,T:T,G:G,C:C,C:C,C:C,C:C,G:G
ICMR 102003:6,A:A,C:C,A:A,A:A,A:A,C:C,T:T,G:G,G:G,C:C,T:T,C:C,A:A,G:G,T:T,G:G,G:G,A:A,G:G,C:C,T:T,A:A,A:A,T:T,G:G,C:C,C:C,C:C,C:C,G:G
ICMR 102004,A:A,T:T,A:A,T:T,A:A,T:T,C:C,G:G,A:A,G:G,C:C,A:A,A:A,A:A,G:G,A:A,A:A,A:A,G:G,C:C,C:C,C:C,T:T,T:T,T:T,A:A,G:G,T:T,C:C,A:A
ICMR 102004:1,A:A,T:T,A:A,T:T,A:A,T:T,C:C,G:G,A:A,G:G,C:C,A:A,A:A,A:A,G:G,A:A,A:A,A:A,G:G,C:C,C:C,C:C,T:T,T:T,T:T,A:A,G:G,T:T,C:C,A:A
ICMR 102004:2,A:A,T:T,A:A,T:T,A:A,T:T,C:C,G:G,A:A,G:G,C:C,A:A,A:A,A:A,G:G,A:A,A:A,A:A,G:G,C:C,C:C,C:C,T:T,T:T,T:T,A:A,G:G,T:T,C:C,A:A
ICMR 102004:3,A:A,T:T,A:A,T:T,A:A,T:T,C:C,G:G,A:A,G:G,C:C,A:A,A:A,A:A,G:G,A:A,A:A,A:A,G:G,C:C,C:C,C:C,T:T,T:T,T:T,A:A,G:G,T:T,C:C,A:A
ICMR 102004:4,A:A,T:T,A:A,T:T,A:A,T:T,C:C,G:G,A:A,G:G,C:C,A:A,A:A,A:A,G:G,A:A,A:A,A:A,G:G,C:C,C:C,C:C,T:T,T:T,T:T,A:A,G:G,T:T,C:C,A:A
ICMR 102004:5,A:A,T:T,A:A,T:T,A:A,T:T,C:C,G:G,A:A,G:G,C:C,A:A,A:A,A:A,G:G,A:A,A:A,A:A,G:G,C:C,C:C,C:C,T:T,T:T,T:T,A:A,G:G,T:T,C:C,A:A
ICMR 102004:6,A:A,T:T,A:A,T:T,A:A,T:T,C:C,G:G,A:A,G:G,C:C,A:A,A:A,A:A,G:G,A:A,A:A,A:A,G:G,C:C,C:C,C:C,T:T,T:T,T:T,A:A,G:G,T:T,C:C,A:A
ICMR 102061,N:N,C:C,A:A,T:T,G:G,C:C,C:C,T:T,A:A,C:C,N:N,C:C,G:G,A:A,G:G,A:A,N:N,G:G,A:A,G:G,T:T,A:C,N:N,T:T,T:T,C:C,N:N,T:T,T:T,A:A
ICMR 102061:1,A:A,C:C,A:A,T:T,G:G,C:C,C:C,T:T,A:A,C:C,T:T,C:C,G:G,A:A,G:G,A:A,A:A,G:G,A:A,G:G,T:T,A:C,T:T,T:T,T:T,C:C,G:G,T:T,T:T,A:A
ICMR 102061:2,A:A,C:C,A:A,T:T,G:G,C:C,C:C,T:T,A:A,C:C,T:T,C:C,G:G,A:A,G:G,A:A,A:A,G:G,A:A,G:G,T:T,A:C,T:T,T:T,T:T,C:C,G:G,T:T,T:T,A:A
ICMR 102061:3,G:A,C:C,A:A,T:T,G:G,C:C,C:C,T:T,A:A,C:C,T:T,C:C,G:G,A:A,G:G,A:A,G:A,G:G,A:A,G:G,T:T,A:C,A:A,T:T,T:T,C:C,G:C,T:T,T:T,A:A
ICMR 102061:4,G:A,C:C,A:A,T:T,G:G,C:C,C:C,T:T,A:A,C:C,C:T,C:C,G:G,A:A,G:G,A:A,G:A,G:G,A:A,G:G,T:T,A:C,A:A,T:T,T:T,C:C,G:C,T:T,T:T,A:A
ICMR 102061:5,G:G,C:C,A:A,T:T,G:G,C:C,C:C,T:T,A:A,C:C,T:T,C:C,G:G,A:A,G:G,A:A,G:A,G:G,A:A,G:G,T:T,A:A,A:A,T:T,T:T,C:C,G:C,T:T,T:T,A:A
ICMR 102061:6,A:A,C:C,A:A,T:T,G:G,C:C,C:C,T:T,A:A,C:C,C:T,C:C,G:G,A:A,G:G,A:A,G:A,G:G,A:A,G:G,T:T,C:C,A:A,T:T,T:T,C:C,G:G,T:T,T:T,A:A
ICMR 102061:7,G:A,C:C,A:A,T:T,G:G,C:C,C:C,T:T,A:A,C:C,C:C,C:C,G:G,A:A,G:G,A:A,G:A,G:G,A:A,G:G,T:T,A:C,A:A,T:T,T:T,C:C,G:C,T:T,T:T,A:A
ICMR 102061:8,A:A,C:C,A:A,T:T,G:G,C:C,C:C,T:T,A:A,C:C,T:T,C:C,G:G,A:A,G:G,A:A,A:A,G:G,A:A,G:G,T:T,A:C,T:T,T:T,T:T,C:C,G:G,T:T,T:T,A:A
ICMR 102122,A:A,T:T,G:G,T:T,A:A,T:T,C:C,G:G,A:A,C:C,C:C,C:C,G:G,A:A,G:G,A:A,G:A,G:G,G:G,C:C,C:C,C:C,A:A,T:T,G:G,A:A,C:C,T:T,T:T,G:G
ICMR 102122:1,A:A,T:T,G:G,T:T,A:A,T:T,C:C,G:G,A:A,C:C,C:C,C:C,G:G,A:A,G:G,A:A,G:A,G:G,G:G,C:C,C:C,C:C,A:A,T:T,G:G,A:A,C:C,T:T,T:T,G:G
ICMR 102122:2,A:A,T:T,G:G,T:T,A:A,T:T,C:C,G:G,A:A,C:C,C:C,C:C,G:G,A:A,G:G,A:A,G:A,G:G,G:G,C:C,C:C,C:C,A:A,T:T,G:G,A:A,C:C,T:T,T:T,G:G
ICMR 102122:3,A:A,T:T,G:G,T:T,A:A,T:T,C:C,G:G,A:A,C:C,C:C,C:C,G:G,A:A,G:G,A:A,G:A,G:G,G:G,C:C,C:C,C:C,A:A,T:T,G:G,A:A,C:C,T:T,T:T,G:G
ICMR 102122:4,A:A,T:T,G:G,T:T,A:A,T:T,C:C,G:G,A:A,C:C,C:C,C:C,G:G,A:A,G:G,A:A,G:A,G:G,G:G,C:C,C:C,C:C,A:A,T:T,G:G,A:A,C:C,T:T,T:T,A:A
ICMR 102122:5,A:A,T:T,G:G,T:T,A:A,T:T,C:C,G:G,A:A,C:C,C:C,C:C,G:G,A:A,G:G,A:A,G:A,G:G,G:G,C:C,C:C,C:C,A:A,T:T,G:G,A:A,C:C,T:T,T:T,G:G
ICMR 102122:6,A:A,T:T,G:G,T:T,A:A,T:T,C:C,G:G,A:A,C:C,C:C,C:C,G:G,A:A,G:G,A:A,G:A,G:G,G:G,C:C,C:C,C:C,A:A,T:T,G:G,A:A,C:C,T:T,T:T,A:A
ICMR 102122:7,A:A,T:T,G:G,T:T,A:A,T:T,C:C,G:G,A:A,C:C,C:C,C:C,G:G,A:A,G:G,A:A,G:A,G:G,G:G,C:C,C:C,C:C,A:A,T:T,G:G,A:A,C:C,T:T,T:T,G:G
ICMR 102122:8,A:A,T:T,G:G,T:T,A:A,T:T,C:C,G:G,A:A,C:C,?,C:C,G:G,A:A,G:G,A:A,G:A,G:G,G:G,C:C,C:C,C:C,A:A,T:T,G:G,A:A,C:C,T:T,T:T,G:G
ICMR 102124,G:G,T:T,G:G,T:T,G:G,T:T,C:C,T:T,G:G,C:C,T:T,A:A,G:G,G:G,G:G,G:G,A:A,G:G,A:A,G:G,T:T,A:A,A:A,T:T,T:T,A:A,G:G,T:T,T:T,A:A
ICMR 102124:1,G:G,T:T,G:G,T:T,G:G,T:T,C:C,T:T,G:G,C:C,T:T,A:A,G:G,G:G,G:G,G:G,A:A,G:G,A:A,G:G,T:T,A:A,A:A,T:T,T:T,A:A,G:G,T:T,T:T,A:A
ICMR 102124:2,G:G,T:T,G:G,T:T,G:G,T:T,C:C,T:T,G:G,C:C,T:T,A:A,G:G,G:G,G:G,G:G,A:A,G:G,A:A,G:G,T:T,A:A,A:A,T:T,T:T,A:A,G:G,T:T,T:T,A:A
ICMR 102124:3,G:G,T:T,G:G,T:T,G:G,T:T,C:C,T:T,G:G,C:C,T:T,A:A,G:G,G:G,G:G,G:G,A:A,G:G,A:A,G:G,T:T,A:A,A:A,T:T,T:T,A:A,G:G,T:T,T:T,A:A
ICMR 102124:4,G:G,T:T,G:G,T:T,G:G,T:T,C:C,T:T,G:G,C:C,T:T,A:A,G:G,G:G,G:G,G:G,A:A,G:G,A:A,G:G,T:T,A:A,A:A,T:T,T:T,A:A,G:G,T:T,T:T,A:A
ICMR 102124:5,G:G,T:T,G:G,T:T,G:G,T:T,C:C,T:T,G:G,C:C,T:T,A:A,G:G,G:G,G:G,G:G,A:A,G:G,A:A,G:G,T:T,A:A,A:A,T:T,T:T,A:A,G:G,T:T,T:T,A:A
ICMR 102124:6,G:G,T:T,G:G,T:T,G:G,T:T,C:C,T:T,G:G,C:C,T:T,A:A,G:G,G:G,G:G,G:G,A:A,G:G,A:A,G:G,T:T,A:A,A:A,T:T,T:T,A:A,G:G,T:T,T:T,A:A
ICMR 102124:7,G:G,T:T,G:G,T:T,G:G,T:T,C:C,T:T,G:G,C:C,T:T,A:A,G:G,G:G,G:G,G:G,A:A,G:G,A:A,G:G,T:T,A:A,A:A,T:T,T:T,A:A,G:G,T:T,T:T,A:A
ICMR 102124:8,G:G,T:T,G:G,T:T,G:G,T:T,C:C,T:T,G:G,C:C,T:T,A:A,G:G,G:G,G:G,G:G,A:A,G:G,A:A,G:G,T:T,A:A,A:A,T:T,T:T,A:A,G:G,T:T,T:T,A:A
ICMR 102180,G:G,C:C,G:G,A:A,G:G,T:T,T:T,T:T,G:G,C:C,C:C,A:A,G:G,A:A,T:T,G:G,A:A,G:G,G:G,C:C,T:T,C:C,A:A,T:T,T:T,N:N,G:G,T:T,C:C,G:G
ICMR 102180:1,G:G,C:C,G:G,A:A,G:G,T:T,T:T,T:T,G:G,C:C,C:C,A:A,G:G,A:A,T:T,G:G,A:A,G:G,G:G,C:C,T:T,C:C,A:A,T:T,T:T,?,G:G,T:T,C:C,G:G
ICMR 102180:2,G:G,C:C,G:G,A:A,G:G,T:T,T:T,T:T,G:G,C:C,C:C,A:A,G:G,A:A,T:T,G:G,A:A,G:G,G:G,C:C,T:T,C:C,A:A,T:T,T:T,?,G:G,T:T,C:C,G:G
ICMR 102180:3,G:G,C:C,G:G,A:A,G:G,T:T,T:T,T:T,G:G,C:C,C:T,A:A,G:G,A:A,T:T,G:G,A:A,G:G,G:G,C:C,T:T,C:C,A:A,T:T,T:T,?,G:G,T:T,C:C,G:G
ICMR 102180:4,G:G,C:C,G:G,A:A,G:G,T:T,T:T,T:T,G:G,C:C,C:C,A:A,G:G,A:A,T:T,G:G,A:A,G:G,G:G,C:C,T:T,C:C,A:A,T:T,T:T,A:A,G:G,T:T,C:C,G:G
ICMR 102180:5,G:G,C:C,G:G,A:A,G:G,T:T,T:T,T:T,G:G,C:C,C:C,A:A,G:G,A:A,T:T,G:G,A:A,G:G,G:G,C:C,T:T,C:C,A:A,T:T,T:T,C:C,G:G,T:T,C:C,G:G
ICMR 102180:6,G:G,C:C,G:G,A:A,G:G,T:T,T:T,T:T,G:G,C:C,C:C,A:A,G:G,A:A,T:T,G:G,A:A,G:G,G:G,C:C,T:T,C:C,A:A,T:T,T:T,C:C,G:G,T:T,C:C,G:G
ICMR 102180:7,G:G,C:C,G:G,A:A,G:G,T:T,T:T,T:T,G:G,C:C,C:C,A:A,G:G,A:A,T:T,G:G,A:A,G:G,G:G,C:C,T:T,C:C,A:A,T:T,T:T,?,G:G,T:T,C:C,G:G
ICMR 102180:8,G:G,C:C,G:G,A:A,G:G,T:T,T:T,T:T,G:G,C:C,C:C,A:A,G:G,A:A,T:T,G:G,A:A,G:G,G:G,C:C,T:T,C:C,A:A,T:T,T:T,?,G:G,T:T,C:C,G:G
ICMR 102289,A:A,T:T,G:G,A:A,A:A,T:T,C:T,T:T,A:A,C:C,T:T,A:A,G:G,A:A,G:G,G:G,G:A,G:G,G:G,C:C,C:C,C:C,A:A,T:T,G:T,A:A,G:G,C:C,T:C,N:N
ICMR 102289:1,A:A,T:T,G:G,A:A,A:A,T:T,C:T,T:T,A:A,C:C,T:T,A:A,G:G,A:A,G:G,G:G,G:A,G:G,G:G,C:C,C:C,C:C,A:A,T:T,G:T,A:A,G:G,C:C,T:C,A:G
ICMR 102289:2,A:A,T:T,G:G,A:A,A:A,T:T,Uncallable,T:T,A:A,C:C,T:T,A:A,G:G,A:A,G:G,G:G,G:A,G:G,G:G,C:C,C:C,C:C,A:A,T:T,G:T,A:A,G:G,C:C,T:C,G:G
ICMR 102289:3,A:A,T:T,G:G,A:A,A:A,T:T,C:T,T:T,A:A,C:C,T:T,A:A,G:G,A:A,G:G,G:G,G:A,G:G,G:G,C:C,C:C,C:C,A:A,T:T,G:T,A:A,G:G,C:C,T:C,A:G
ICMR 102289:4,A:A,T:T,G:G,A:A,A:A,T:T,C:T,T:T,A:A,C:C,T:T,A:A,G:G,A:A,G:G,G:G,G:A,G:G,G:G,C:C,C:C,C:C,A:A,T:T,G:T,A:A,G:G,C:C,T:C,A:G
ICMR 102289:5,A:A,T:T,G:G,A:A,A:A,T:T,C:T,T:T,A:A,G:C,T:T,A:A,A:G,G:A,G:G,G:G,G:A,G:G,G:G,C:C,C:C,C:C,A:A,T:T,G:T,C:A,G:G,C:C,T:C,G:G
ICMR 102289:6,A:A,T:T,G:G,A:A,A:A,T:T,C:T,T:T,A:A,C:C,T:T,A:A,G:G,A:A,G:G,G:G,G:A,G:G,G:G,C:C,C:C,C:C,A:A,T:T,G:T,A:A,G:G,C:C,T:C,A:G
ICMR 102337,A:A,N:N,G:G,A:A,G:G,T:T,C:C,T:G,N:N,C:C,C:C,C:C,G:G,A:A,T:T,G:G,A:A,G:G,A:A,C:C,T:T,A:A,A:A,T:T,T:T,A:A,G:G,T:T,C:C,G:G
ICMR 102337:1,A:A,T:C,G:G,A:A,G:G,T:T,C:C,T:G,G:G,C:C,C:C,C:C,G:G,A:A,T:T,G:G,A:A,G:G,A:A,C:C,T:T,A:A,A:A,T:T,T:T,A:A,G:G,T:T,C:C,G:G
ICMR 102337:2,A:A,C:C,G:G,A:A,G:G,T:T,C:C,T:G,G:G,C:C,C:C,C:C,G:G,A:A,T:T,G:G,A:A,G:G,A:A,C:C,T:T,A:A,A:A,T:T,T:T,A:A,G:G,T:T,C:C,G:G
ICMR 102337:3,A:A,T:C,G:G,A:A,G:G,T:T,C:C,T:G,G:G,C:C,C:C,C:C,G:G,A:A,T:T,G:G,A:A,G:G,A:A,C:C,T:T,A:A,A:A,T:T,T:T,A:A,G:G,T:T,C:C,G:G
ICMR 102337:4,A:A,T:T,G:G,A:A,G:G,T:T,C:C,T:G,G:G,C:C,C:C,C:C,G:G,A:A,T:T,G:G,A:A,G:G,A:A,C:C,T:T,A:A,A:A,T:T,T:T,A:A,G:G,T:T,C:C,G:G
ICMR 102337:5,A:A,T:C,G:G,A:A,G:G,T:T,C:C,T:G,G:A,C:C,C:C,C:C,G:G,A:A,T:T,G:G,A:A,G:G,A:A,C:C,T:T,A:A,A:A,T:T,T:T,A:A,G:G,T:T,C:C,G:G
ICMR 102337:6,A:A,T:C,G:G,A:A,G:G,T:T,C:C,T:G,G:A,C:C,C:C,C:C,G:G,A:A,T:T,G:G,A:A,G:G,A:A,C:C,T:T,A:A,A:A,T:T,T:T,A:A,G:G,T:T,C:C,G:G
ICMR 102339,G:G,T:T,G:G,A:A,G:G,T:T,C:C,T:T,A:A,C:C,C:C,N:N,N:N,A:A,G:G,G:G,G:A,G:G,A:A,G:G,T:T,A:A,T:T,T:T,T:T,A:A,G:G,T:T,C:C,A:A
ICMR 102339:1,G:G,T:T,G:G,A:A,G:G,T:T,C:C,T:T,A:A,C:C,C:C,C:A,A:A,A:A,G:G,G:G,G:A,G:G,A:A,G:G,T:T,A:A,T:T,T:T,T:T,A:A,G:G,T:T,C:C,A:A
ICMR 102339:2,G:G,T:T,G:G,A:A,G:G,T:T,C:C,T:T,A:A,C:C,C:C,A:A,A:G,A:A,G:G,G:G,G:A,G:G,A:A,G:G,T:T,A:A,T:T,T:T,T:T,A:A,G:G,T:T,C:C,A:A
ICMR 102339:3,G:G,T:T,G:G,A:A,G:G,T:T,C:C,T:T,A:A,C:C,C:C,C:A,A:G,A:A,G:G,G:G,G:A,G:G,A:A,G:G,T:T,A:A,T:T,T:T,T:T,A:A,G:G,T:T,C:C,A:A
ICMR 102339:4,G:G,T:T,G:G,A:A,G:G,T:T,C:C,T:T,A:A,C:C,C:C,A:A,A:A,A:A,G:G,G:G,G:A,G:G,A:A,G:G,T:T,A:A,T:T,T:T,T:T,A:A,G:G,T:T,C:C,Uncallable
ICMR 102339:5,G:G,T:T,G:G,A:A,G:G,T:T,C:C,T:T,A:A,C:C,C:C,C:A,A:G,A:A,G:G,G:G,G:A,G:G,A:A,G:G,T:T,A:A,T:T,T:T,T:T,A:A,G:G,T:T,C:C,A:A
ICMR 102339:6,G:G,T:T,G:G,A:A,G:G,T:T,C:C,T:T,A:A,C:C,C:C,A:A,A:G,A:A,G:G,G:G,G:A,G:G,A:A,G:G,T:T,A:A,T:T,T:T,T:T,A:A,G:G,T:T,C:C,A:G
ICMR 102354,G:G,C:C,A:A,T:T,G:G,C:C,C:C,T:T,A:A,C:C,T:T,A:A,G:G,A:A,G:G,A:A,A:A,G:G,A:A,G:G,T:T,A:A,A:A,T:T,T:T,C:C,G:G,C:C,T:T,A:A
ICMR 102354:1,G:G,C:C,A:A,T:T,G:G,C:C,C:C,T:T,A:A,C:C,T:T,A:A,G:G,A:A,G:G,A:A,A:A,G:G,A:A,G:G,T:T,A:A,A:A,T:T,T:T,C:C,G:G,C:C,T:T,A:A
ICMR 102354:2,G:G,C:C,A:A,T:T,G:G,C:C,C:C,T:T,A:A,C:C,T:T,A:A,G:G,A:A,G:G,A:A,A:A,G:G,A:A,G:G,T:T,A:A,A:A,T:T,T:T,C:C,G:G,C:C,T:T,A:A
ICMR 102354:3,G:G,C:C,A:A,T:T,G:G,C:C,C:C,T:T,A:A,C:C,T:T,A:A,G:G,A:A,G:G,A:A,A:A,G:G,A:A,G:G,T:T,A:A,A:A,T:T,T:T,C:C,G:G,C:C,T:T,A:A
ICMR 102354:4,G:G,C:C,A:A,T:T,G:G,C:C,C:C,T:T,A:A,C:C,T:T,A:A,G:G,A:A,G:G,A:A,A:A,G:G,A:A,G:G,T:T,A:A,A:A,T:T,T:T,C:C,G:G,C:C,T:T,A:A
ICMR 102354:5,G:G,C:C,A:A,T:T,G:G,C:C,C:C,T:T,A:A,C:C,T:T,A:A,G:G,A:A,G:G,A:A,A:A,G:G,A:A,G:G,T:T,A:A,A:A,T:T,T:T,C:C,G:G,C:C,T:T,A:A
ICMR 102354:6,G:G,C:C,A:A,T:T,G:G,C:C,C:C,T:T,A:A,C:C,T:T,A:A,G:G,A:A,G:G,A:A,A:A,G:G,A:A,G:G,T:T,A:A,A:A,T:T,T:T,C:C,G:G,C:C,T:T,A:A
ICMR 102386,G:G,T:T,G:G,T:T,A:A,C:C,C:C,T:T,A:A,C:C,T:T,A:A,G:G,G:G,G:G,A:A,A:A,A:A,G:G,C:C,T:T,A:A,T:T,T:T,T:T,C:C,C:C,C:C,T:T,A:A
ICMR 102386:1,G:G,T:T,G:G,T:T,A:A,C:C,C:C,T:T,A:A,C:C,T:T,A:A,G:G,G:G,G:G,A:A,A:A,A:A,G:G,C:C,T:T,A:A,T:T,T:T,T:T,C:C,C:C,C:C,T:T,A:A
ICMR 102386:2,G:G,T:T,G:G,T:T,A:A,C:C,C:C,T:T,A:A,C:C,T:T,A:A,G:G,G:G,G:G,A:A,A:A,A:A,G:G,C:C,T:T,A:A,T:T,T:T,T:T,C:C,C:C,C:C,T:T,A:A
ICMR 102386:3,G:G,T:T,G:G,T:T,A:A,C:C,C:C,T:T,A:A,C:C,T:T,A:A,G:G,G:G,G:G,A:A,A:A,A:A,G:G,C:C,T:T,A:A,T:T,T:T,T:T,C:C,C:C,C:C,T:T,A:A
ICMR 102386:4,G:G,T:T,G:G,T:T,A:A,C:C,C:C,T:T,A:A,C:C,T:T,A:A,G:G,G:G,G:G,A:A,A:A,A:A,G:G,C:C,T:T,A:A,T:T,T:T,T:T,C:C,C:C,C:C,T:T,A:A
ICMR 102386:5,G:G,T:T,G:G,T:T,A:A,C:C,C:C,T:T,A:A,C:C,T:T,A:A,G:G,G:G,G:G,A:A,A:A,A:A,G:G,C:C,T:T,A:A,T:T,T:T,T:T,C:C,C:C,C:C,T:T,A:A
ICMR 102386:6,G:G,T:T,G:G,T:T,A:A,C:C,C:C,T:T,A:A,C:C,T:T,A:A,G:G,G:G,G:G,A:A,A:A,A:A,G:G,C:C,T:T,A:A,T:T,T:T,T:T,C:C,C:C,C:C,T:T,A:A
ICMR 102387,A:A,C:C,G:G,A:A,A:A,T:T,T:T,G:G,A:A,C:C,C:C,A:A,G:G,G:G,T:T,G:G,A:A,G:G,G:G,C:C,C:C,A:A,A:A,T:T,T:T,C:C,C:C,T:T,C:C,G:G
ICMR 102387:1,A:A,C:C,G:G,A:A,A:A,T:T,T:T,G:G,A:A,C:C,C:C,A:A,G:G,G:G,T:T,G:G,A:A,G:G,G:G,C:C,C:C,A:A,A:A,T:T,T:T,C:C,C:C,T:T,C:C,G:G
ICMR 102387:2,A:A,C:C,G:G,A:A,A:A,T:T,T:T,G:G,A:A,C:C,C:C,A:A,G:G,G:G,T:T,G:G,A:A,G:G,G:G,C:C,C:C,A:A,A:A,T:T,T:T,C:C,C:C,T:T,C:C,G:G
ICMR 102387:3,A:A,C:C,G:G,A:A,A:A,T:T,T:T,G:G,A:A,C:C,C:C,A:A,G:G,G:G,T:T,G:G,A:A,G:G,G:G,C:C,C:C,A:A,A:A,T:T,T:T,C:C,C:C,T:T,C:C,G:G
ICMR 102387:4,A:A,C:C,G:G,A:A,A:A,T:T,T:T,G:G,A:A,C:C,C:C,A:A,G:G,G:G,T:T,G:G,A:A,G:G,G:G,C:C,C:C,A:A,A:A,T:T,T:T,C:C,C:C,T:T,C:C,G:G
ICMR 102387:5,A:A,C:C,G:G,A:A,A:A,T:T,T:T,G:G,A:A,C:C,C:C,A:A,G:G,G:G,T:T,G:G,A:A,G:G,G:G,C:C,C:C,A:A,A:A,T:T,T:T,C:C,C:C,T:T,C:C,G:G
ICMR 102387:6,A:A,C:C,G:G,A:A,A:A,T:T,T:T,G:G,A:A,C:C,C:C,A:A,G:G,G:G,T:T,G:G,A:A,G:G,G:G,C:C,C:C,A:A,A:A,T:T,T:T,C:C,C:C,T:T,C:C,G:G
ICMR 102387:7,A:A,C:C,G:G,A:A,A:A,T:T,T:T,G:G,A:A,C:C,C:C,A:A,G:G,G:G,T:T,G:G,A:A,G:G,G:G,C:C,C:C,A:A,A:A,T:T,T:T,C:C,C:C,T:T,C:C,G:G
ICMR 102387:8,A:A,C:C,G:G,A:A,A:A,T:T,T:T,G:G,A:A,C:C,C:C,A:A,G:G,G:G,T:T,G:G,A:A,G:G,G:G,C:C,C:C,A:A,A:A,T:T,T:T,C:C,C:C,T:T,C:C,G:G
ICMR 102389,G:G,T:T,G:G,T:T,G:G,T:T,C:C,T:T,G:G,C:C,T:T,A:A,G:G,G:G,G:G,G:G,A:A,G:G,A:A,G:G,T:T,A:A,A:A,T:T,T:T,A:A,G:G,T:T,T:T,A:A
ICMR 102389:1,G:G,T:T,G:G,T:T,G:G,T:T,C:C,T:T,G:G,C:C,T:T,A:A,G:G,G:G,G:G,G:G,A:A,G:G,A:A,G:G,T:T,A:A,A:A,T:T,T:T,A:A,G:G,T:T,T:T,A:A
ICMR 102389:2,G:G,T:T,G:G,T:T,G:G,T:T,C:C,T:T,G:G,C:C,T:T,A:A,G:G,G:G,G:G,G:G,A:A,G:G,A:A,G:G,T:T,A:A,A:A,T:T,T:T,A:A,G:G,T:T,T:T,A:A
ICMR 102389:3,G:G,T:T,G:G,T:T,G:G,T:T,C:C,T:T,G:G,C:C,T:T,A:A,G:G,G:G,G:G,G:G,A:A,G:G,A:A,G:G,T:T,A:A,A:A,T:T,T:T,A:A,G:G,T:T,T:T,A:A
ICMR 102389:4,G:G,T:T,G:G,T:T,G:G,T:T,C:C,T:T,G:G,C:C,T:T,A:A,G:G,G:G,G:G,G:G,A:A,G:G,A:A,G:G,T:T,A:A,A:A,T:T,T:T,A:A,G:G,T:T,T:T,A:A
ICMR 102389:5,G:G,T:T,G:G,T:T,G:G,T:T,C:C,T:T,G:G,C:C,T:T,A:A,G:G,G:G,G:G,G:G,A:A,G:G,A:A,G:G,T:T,A:A,A:A,T:T,T:T,A:A,G:G,T:T,T:T,A:A
ICMR 102389:6,G:G,T:T,G:G,T:T,G:G,T:T,C:C,T:T,G:G,C:C,T:T,A:A,G:G,G:G,G:G,G:G,A:A,G:G,A:A,G:G,T:T,A:A,A:A,T:T,T:T,A:A,G:G,T:T,T:T,A:A
ICMR 102434,A:A,T:T,A:A,T:T,G:G,T:T,C:C,T:G,G:G,C:C,C:T,C:C,A:A,G:G,G:G,G:G,A:A,G:G,A:A,C:C,T:T,C:C,T:T,T:T,T:T,C:C,C:C,T:T,T:T,A:A
ICMR 102434:1,A:A,T:T,A:A,T:T,G:G,T:T,C:C,T:G,G:G,C:C,C:T,C:C,A:A,G:G,G:G,G:G,A:A,G:G,A:A,C:C,T:T,C:C,T:T,T:T,T:T,C:C,C:C,T:T,T:T,A:A
ICMR 102434:2,A:A,T:T,A:A,T:T,G:G,T:T,C:C,T:G,G:G,C:C,C:T,C:C,A:A,G:G,G:G,G:G,A:A,G:G,A:A,C:C,T:T,C:C,T:T,T:T,T:T,C:C,C:C,T:T,T:T,A:A
ICMR 102434:3,A:A,T:T,A:A,T:T,G:G,T:T,C:C,T:G,G:G,C:C,C:T,C:C,A:A,G:G,G:G,G:G,A:A,G:G,A:A,C:C,T:T,C:C,T:T,T:T,T:T,C:C,C:C,T:T,T:T,Uncallable
ICMR 102434:4,A:A,T:T,A:A,T:T,G:G,T:T,C:C,T:G,G:G,C:C,T:T,C:C,A:A,G:G,G:G,G:G,A:A,G:G,A:A,C:C,T:T,C:C,T:T,T:T,T:T,C:C,C:C,T:T,T:T,A:A
ICMR 102434:5,A:A,T:T,A:A,T:T,G:G,T:T,C:C,T:G,G:G,C:C,C:T,C:C,A:A,G:G,G:G,G:G,A:A,G:G,A:A,C:C,T:T,C:C,T:T,T:T,T:T,C:C,C:C,T:T,T:T,A:A
ICMR 102434:6,A:A,T:T,A:A,T:T,G:G,T:T,C:C,T:G,G:G,C:C,C:T,C:C,A:A,G:G,G:G,G:G,A:A,G:G,A:A,C:C,T:T,C:C,T:T,T:T,T:T,C:C,C:C,T:T,T:T,Uncallable
ICMR 102436,A:A,T:T,G:G,T:T,A:A,T:T,C:C,T:G,G:G,C:C,T:T,A:A,G:G,A:A,G:G,G:G,A:A,G:G,G:G,C:C,C:C,A:A,A:A,C:C,T:T,N:N,G:G,T:T,T:T,G:G
ICMR 102436:1,A:A,T:T,G:G,Uncallable,A:A,T:T,C:C,T:G,G:G,G:C,T:T,A:A,A:G,G:A,G:G,G:G,A:A,G:G,G:G,C:C,C:C,A:A,Uncallable,C:C,T:T,C:C,G:G,T:T,T:C,G:G
ICMR 102436:2,A:A,T:T,G:G,T:T,A:A,T:T,C:C,T:G,G:G,C:C,T:T,A:A,G:G,A:A,G:G,G:G,A:A,G:G,G:G,C:C,C:C,A:A,A:A,C:C,T:T,A:A,G:G,T:T,T:T,G:G
ICMR 102436:3,A:A,T:T,G:G,T:T,A:A,T:T,C:C,T:G,G:G,C:C,T:T,A:A,G:G,A:A,G:G,G:G,A:A,G:G,G:G,C:C,C:C,A:A,A:A,C:C,T:T,A:A,G:G,T:T,T:T,G:G
ICMR 102436:4,A:A,T:T,G:G,T:T,A:A,T:T,C:C,T:G,G:G,C:C,T:T,A:A,G:G,A:A,G:G,G:G,A:A,G:G,G:G,C:C,C:C,A:A,A:A,C:C,T:T,C:C,G:G,T:T,T:T,G:G
ICMR 102436:5,A:A,T:T,G:G,T:T,A:A,T:T,C:C,T:G,G:G,C:C,T:T,A:A,G:G,A:A,G:G,G:G,A:A,G:G,G:G,C:C,C:C,A:A,A:A,C:C,T:T,?,G:G,T:T,T:T,G:G
ICMR 102436:6,A:A,T:T,G:G,T:T,A:A,T:T,C:C,T:G,G:G,C:C,T:T,A:A,G:G,A:A,G:G,G:G,A:A,G:G,G:G,C:C,C:C,A:A,A:A,C:C,T:T,C:C,G:G,T:T,T:T,G:G
ICMR 102441,A:A,C:C,A:A,T:T,A:A,T:T,T:T,G:G,G:G,G:G,C:C,A:A,G:G,A:A,T:T,G:G,A:A,G:G,G:G,C:C,C:C,A:A,A:A,T:T,T:T,C:C,C:C,C:C,C:C,N:N
ICMR 102441:1,A:A,C:C,A:A,T:T,A:A,T:T,T:T,G:G,G:G,G:G,C:C,A:A,G:G,A:A,T:T,G:G,A:A,G:G,G:G,C:C,C:C,A:A,A:A,T:T,T:T,C:C,C:C,C:C,C:C,A:A
ICMR 102441:2,A:A,C:C,A:A,T:T,A:A,T:T,T:T,G:G,G:G,G:G,C:C,A:A,G:G,A:A,T:T,G:G,A:A,G:G,G:G,C:C,C:C,A:A,A:A,T:T,T:T,C:C,C:C,C:C,C:C,A:G
ICMR 102441:3,A:A,C:C,A:A,T:T,A:A,T:T,T:T,G:G,G:G,G:G,C:C,A:A,G:G,A:A,T:T,G:G,A:A,G:G,G:G,C:C,C:C,A:A,A:A,T:T,T:T,C:C,C:C,C:C,C:C,A:A
ICMR 102441:4,A:A,C:C,A:A,T:T,A:A,T:T,T:T,G:G,G:G,G:G,C:C,A:A,G:G,A:A,T:T,G:G,A:A,G:G,G:G,C:C,C:C,A:A,A:A,T:T,T:T,C:C,C:C,C:C,C:C,A:G
ICMR 102441:5,A:A,C:C,A:A,T:T,A:A,T:T,T:T,G:G,G:G,G:G,C:C,A:A,G:G,A:A,T:T,G:G,A:A,G:G,G:G,C:C,C:C,A:A,A:A,T:T,T:T,C:C,C:C,C:C,C:C,A:A
ICMR 102441:6,A:A,C:C,A:A,T:T,A:A,T:T,T:T,G:G,G:G,G:G,C:C,A:A,G:G,A:A,T:T,G:G,A:A,G:G,G:G,C:C,C:C,A:A,A:A,T:T,T:T,C:C,C:C,C:C,C:C,A:G
ICMR 102451,G:G,T:T,G:G,T:T,A:A,T:T,T:T,G:G,G:G,G:G,T:T,C:C,G:G,A:A,G:G,A:A,G:G,G:G,G:G,C:C,C:C,C:C,T:T,C:C,T:T,A:A,C:C,T:T,C:C,A:A
ICMR 102451:1,G:G,T:T,G:G,T:T,A:A,T:T,T:T,G:G,G:G,G:G,T:T,C:C,G:G,A:A,G:G,A:A,G:G,G:G,G:G,C:C,C:C,C:C,T:T,C:C,T:T,A:A,C:C,T:T,C:C,A:A
ICMR 102451:2,G:G,T:T,G:G,T:T,A:A,T:T,T:T,G:G,G:G,G:G,T:T,C:C,G:G,A:A,G:G,A:A,G:G,G:G,G:G,C:C,C:C,C:C,T:T,C:C,T:T,A:A,C:C,T:T,C:C,A:A
ICMR 102451:3,G:G,T:T,G:G,T:T,A:A,T:T,T:T,G:G,G:G,G:G,T:T,C:C,G:G,A:A,G:G,A:A,G:G,G:G,G:G,C:C,C:C,C:C,T:T,C:C,T:T,A:A,C:C,T:T,C:C,A:A
ICMR 102451:4,G:G,T:T,G:G,T:T,A:A,T:T,T:T,G:G,G:G,G:G,T:T,C:C,G:G,A:A,G:G,A:A,G:G,G:G,G:G,C:C,C:C,C:C,T:T,C:C,T:T,A:A,C:C,T:T,C:C,A:A
ICMR 102451:5,G:G,T:T,G:G,T:T,A:A,T:T,T:T,G:G,G:G,G:G,T:T,C:C,G:G,A:A,G:G,A:A,G:G,G:G,G:G,C:C,C:C,C:C,T:T,C:C,T:T,A:A,C:C,T:T,C:C,A:G
ICMR 102451:6,G:G,T:T,G:G,T:T,A:A,T:T,T:T,G:G,G:G,G:G,T:T,C:C,G:G,A:A,G:G,A:A,G:G,G:G,G:G,C:C,C:C,C:C,T:T,C:C,T:T,A:A,C:C,T:T,C:C,A:A
ICMR 102454,A:A,N:N,A:A,T:T,A:A,T:T,N:N,G:G,A:A,C:C,T:T,A:A,A:A,A:A,G:G,A:A,G:A,A:A,A:A,C:C,C:C,N:N,T:T,T:T,G:G,A:A,G:G,T:T,C:C,A:A
ICMR 102454:1,A:A,T:C,A:A,T:T,A:A,T:T,C:T,G:G,A:A,C:C,T:T,A:A,A:A,A:A,G:G,A:A,G:A,A:A,A:A,C:C,C:C,C:C,T:T,T:T,G:G,A:A,G:G,T:T,C:C,A:A
ICMR 102454:2,A:A,C:C,A:A,T:T,A:A,T:T,T:T,G:G,A:A,C:C,T:T,A:A,A:A,A:A,G:G,A:A,G:A,A:A,A:A,C:C,C:C,C:C,T:T,T:T,G:G,A:A,G:G,T:T,C:C,A:A
ICMR 102454:3,A:A,T:C,A:A,T:T,A:A,T:T,C:T,G:G,A:A,C:C,T:T,A:A,A:A,A:A,G:G,A:A,G:A,A:A,A:A,C:C,C:C,A:C,T:T,T:T,G:G,A:A,G:G,T:T,C:C,A:A
ICMR 102454:4,A:A,C:C,A:A,T:T,A:A,T:T,T:T,G:G,A:A,C:C,T:T,A:A,A:A,A:A,G:G,A:A,G:A,A:A,A:A,C:C,C:C,C:C,T:T,T:T,G:G,A:A,G:G,T:T,C:C,A:A
ICMR 102454:5,A:A,T:C,A:A,T:T,A:A,T:T,C:T,G:G,A:A,C:C,T:T,A:A,A:A,A:A,G:G,A:A,G:A,A:A,A:A,C:C,C:C,A:C,T:T,T:T,G:G,A:A,G:G,T:T,C:C,A:A
ICMR 102454:6,A:A,T:C,A:A,T:T,A:A,T:T,C:T,G:G,A:A,C:C,T:T,A:A,A:A,A:A,G:G,A:A,G:A,A:A,A:A,C:C,C:C,A:C,T:T,T:T,G:G,A:A,G:G,T:T,C:C,A:A
ICMR 102549,G:G,C:C,A:A,T:T,G:G,C:C,C:C,N:N,A:A,C:C,T:T,A:A,G:G,A:A,G:G,A:A,A:A,G:G,A:A,G:G,T:T,A:A,A:A,T:T,T:T,C:C,G:G,C:C,T:T,A:A
ICMR 102549:1,G:G,C:C,A:A,T:T,G:G,C:C,C:C,T:G,A:A,C:C,T:T,A:A,G:G,A:A,G:G,A:A,A:A,G:G,A:A,G:G,T:T,A:A,A:A,T:T,T:T,C:C,G:G,C:C,T:T,A:A
ICMR 102549:2,G:G,C:C,A:A,T:T,G:G,C:C,C:C,T:T,A:A,C:C,T:T,A:A,G:G,A:A,G:G,A:A,A:A,G:G,A:A,G:G,T:T,A:A,A:A,T:T,T:T,C:C,G:G,C:C,T:T,A:A
ICMR 102549:3,G:G,C:C,A:A,T:T,G:G,C:C,C:C,G:G,A:A,C:C,T:T,A:A,G:G,A:A,G:G,A:A,A:A,G:G,A:A,G:G,T:T,A:A,A:A,T:T,T:T,C:C,G:G,C:C,T:T,A:A
ICMR 102549:4,G:G,C:C,A:A,T:T,G:G,C:C,C:C,G:G,A:A,C:C,T:T,A:A,G:G,A:A,G:G,A:A,A:A,G:G,A:A,G:G,T:T,A:A,A:A,T:T,T:T,C:C,G:G,C:C,T:T,A:A
ICMR 102549:5,G:G,C:C,A:A,T:T,G:G,C:C,C:C,T:T,A:A,C:C,T:T,A:A,G:G,A:A,G:G,A:A,A:A,G:G,A:A,G:G,T:T,A:A,A:A,T:T,T:T,C:C,G:G,C:C,T:T,A:A
ICMR 102549:6,G:G,C:C,?,T:T,G:G,C:C,C:C,T:G,A:A,C:C,T:T,A:A,G:G,?,G:G,A:A,A:A,G:G,A:A,G:G,T:T,A:A,A:A,T:T,T:T,C:C,G:G,C:C,?,A:A
ICMR 102621,A:A,T:T,A:A,T:T,A:A,T:T,N:N,T:T,G:G,C:C,T:T,C:C,G:G,G:G,G:G,G:G,A:A,N:N,N:N,C:C,T:T,C:C,A:A,N:N,T:T,N:N,G:G,N:N,N:N,A:A
ICMR 102621:1,A:A,T:T,A:A,T:T,A:A,T:T,C:T,T:T,G:G,C:C,T:T,C:C,G:G,G:G,G:G,G:G,A:A,G:G,G:G,C:C,T:T,C:C,A:A,C:C,T:T,C:C,G:G,C:T,T:C,A:A
ICMR 102621:2,A:A,T:T,A:A,T:T,A:A,T:T,T:T,T:T,G:G,C:C,T:T,C:C,G:G,G:G,G:G,G:G,A:A,A:A,A:A,C:C,T:T,C:C,A:A,C:C,T:T,C:C,G:G,T:T,T:T,A:A
ICMR 102621:3,A:A,T:T,A:A,T:T,A:A,T:T,C:T,T:T,G:G,C:C,T:T,C:C,G:G,G:G,G:G,G:G,A:A,G:A,A:G,C:C,T:T,C:C,A:A,C:C,T:T,C:C,G:G,C:T,T:C,A:A
ICMR 102621:4,A:A,T:T,A:A,T:T,A:A,T:T,C:C,T:T,G:G,C:C,T:T,C:C,G:G,G:G,G:G,G:G,A:A,G:A,A:G,C:C,T:T,C:C,A:A,T:T,T:T,A:A,G:G,C:C,C:C,A:A
ICMR 102621:5,A:A,T:T,A:A,T:T,A:A,T:T,C:C,T:T,G:G,C:C,T:T,C:C,G:G,G:G,G:G,G:G,A:A,G:G,G:G,C:C,T:T,C:C,A:A,C:T,T:T,C:A,G:G,C:T,T:C,A:A
ICMR 102621:6,A:A,T:T,A:A,T:T,A:A,T:T,T:T,T:T,G:G,C:C,T:T,C:C,G:G,G:G,G:G,G:G,A:A,G:G,G:G,C:C,T:T,C:C,A:A,C:T,T:T,C:A,G:G,C:C,T:T,A:A
ICMR 102621:7,A:A,T:T,A:A,T:T,A:A,T:T,C:T,T:T,G:G,C:C,T:T,C:C,G:G,G:G,G:G,G:G,A:A,G:A,A:G,C:C,T:T,C:C,A:A,C:C,T:T,C:C,G:G,C:T,T:C,A:A
ICMR 102621:8,A:A,T:T,A:A,T:T,A:A,T:T,T:T,T:T,G:G,C:C,T:T,C:C,G:G,G:G,G:G,G:G,A:A,G:A,A:G,C:C,T:T,C:C,A:A,C:C,T:T,C:C,G:G,C:T,T:T,A:A
ICMR 102622,A:A,C:C,A:A,T:T,G:G,C:C,C:C,T:T,A:A,C:C,T:T,C:C,G:G,A:A,G:G,A:A,A:A,G:G,A:A,C:C,C:C,A:A,A:A,T:T,T:T,C:C,G:G,T:T,T:T,A:A
ICMR 102622:1,A:A,C:C,A:A,T:T,G:G,C:C,C:C,T:T,A:A,C:C,T:T,C:C,G:G,A:A,G:G,A:A,A:A,G:G,A:A,C:C,C:C,A:A,A:A,T:T,T:T,C:C,G:G,T:T,T:T,A:A
ICMR 102622:2,A:A,C:C,A:A,T:T,G:G,C:C,C:C,T:T,A:A,C:C,T:T,C:C,G:G,A:A,G:G,A:A,A:A,G:G,A:A,C:C,C:C,A:A,A:A,T:T,T:T,C:C,G:G,T:T,T:T,A:A
ICMR 102622:3,A:A,C:C,A:A,T:T,G:G,C:C,C:C,T:T,A:A,C:C,T:T,C:C,G:G,A:A,G:G,A:A,A:A,G:G,A:A,C:C,C:C,A:A,A:A,T:T,T:T,C:C,G:G,T:T,T:T,A:A
ICMR 102622:4,A:A,C:C,A:A,T:T,G:G,C:C,C:C,T:T,A:A,C:C,T:T,C:C,G:G,A:A,G:G,A:A,A:A,G:G,A:A,C:C,C:C,A:A,A:A,T:T,T:T,C:C,G:G,T:T,T:T,A:A
ICMR 102622:5,A:A,C:C,A:A,T:T,G:G,C:C,C:C,T:T,A:A,C:C,T:T,C:C,G:G,A:A,G:G,A:A,A:A,G:G,A:A,C:C,C:C,A:A,A:A,T:T,T:T,C:C,G:G,T:T,T:T,A:A
ICMR 102622:6,A:A,C:C,A:A,T:T,G:G,C:C,C:C,T:T,A:A,C:C,T:T,C:C,G:G,A:A,G:G,A:A,A:A,G:G,A:A,C:C,C:C,A:A,A:A,T:T,T:T,C:C,G:G,T:T,T:T,A:A
ICMR 102622:7,A:A,C:C,A:A,T:T,G:G,C:C,C:C,T:T,A:A,C:C,T:T,C:C,G:G,A:A,G:G,A:A,A:A,G:G,A:A,C:C,C:C,A:A,A:A,T:T,T:T,C:C,G:G,T:T,T:T,A:A
ICMR 102622:8,A:A,C:C,A:A,T:T,G:G,C:C,C:C,T:T,A:A,C:C,T:T,C:C,G:G,A:A,G:G,A:A,A:A,G:G,A:A,C:C,C:C,A:A,A:A,T:T,T:T,C:C,G:G,T:T,T:T,A:A
ICMR 102623,A:A,T:T,G:G,A:A,G:G,T:T,C:C,T:T,A:A,G:G,T:T,C:C,G:G,A:A,G:G,G:G,G:G,G:G,A:A,C:C,C:C,A:A,T:T,T:T,T:T,A:A,G:G,T:T,T:T,A:A
ICMR 102623:1,A:A,T:T,G:G,A:A,G:G,T:T,C:C,T:T,?,G:G,T:T,C:C,G:G,A:A,G:G,G:G,G:G,G:G,A:A,C:C,C:C,A:A,T:T,T:T,T:T,A:A,G:G,T:T,T:T,A:A
ICMR 102623:2,A:A,T:T,G:G,A:A,G:G,T:T,C:C,T:T,?,G:G,T:T,C:C,G:G,A:A,G:G,G:G,G:G,G:G,A:A,C:C,C:C,A:A,T:T,T:T,T:T,A:A,G:G,T:T,T:T,A:A
ICMR 102623:3,A:A,T:T,G:G,A:A,G:G,T:T,C:C,T:T,?,G:G,T:T,C:C,G:G,A:A,G:G,G:G,G:G,G:G,A:A,C:C,C:C,A:A,T:T,T:T,T:T,A:A,G:G,T:T,T:T,A:A
ICMR 102623:4,A:A,T:T,G:G,A:A,G:G,T:T,C:C,T:T,?,G:G,T:T,C:C,G:G,A:A,G:G,G:G,G:G,G:G,A:A,C:C,C:C,A:A,T:T,T:T,T:T,A:A,G:G,T:T,T:T,A:A
ICMR 102623:5,A:A,T:T,G:G,A:A,G:G,T:T,C:C,T:T,?,G:G,T:T,C:C,G:G,A:A,G:G,G:G,G:G,G:G,A:A,C:C,C:C,A:A,T:T,T:T,T:T,A:A,G:G,T:T,T:T,A:A
ICMR 102623:6,A:A,T:T,G:G,A:A,G:G,T:T,C:C,T:T,?,G:G,T:T,C:C,G:G,A:A,G:G,G:G,G:G,G:G,A:A,C:C,C:C,A:A,T:T,T:T,T:T,A:A,G:G,T:T,T:T,A:A
ICMR 102623:7,A:A,T:T,G:G,A:A,G:G,T:T,C:C,T:T,A:A,G:G,T:T,C:C,G:G,A:A,G:G,G:G,G:G,G:G,A:A,C:C,C:C,A:A,T:T,T:T,T:T,A:A,G:G,T:T,T:T,A:A
ICMR 102623:8,A:A,T:T,G:G,A:A,G:G,T:T,C:C,T:T,A:A,G:G,T:T,C:C,G:G,A:A,G:G,G:G,G:G,G:G,A:A,C:C,C:C,A:A,T:T,T:T,T:T,A:A,G:G,T:T,T:T,A:A
ICMR 102624,G:G,C:C,G:G,T:T,G:G,T:T,C:C,G:G,G:G,G:G,T:T,A:A,G:G,A:A,G:G,G:G,A:A,G:G,A:A,G:G,T:T,A:A,A:A,T:T,T:T,C:C,C:C,T:T,C:C,G:G
ICMR 102624:1,G:G,C:C,G:G,T:T,G:G,T:T,C:C,G:G,G:G,G:G,T:T,A:A,G:G,A:A,G:G,G:G,A:A,G:G,A:A,G:G,T:T,A:A,A:A,T:T,T:T,C:C,C:C,T:T,C:C,G:G
ICMR 102624:2,G:G,C:C,G:G,T:T,G:G,T:T,C:C,G:G,G:G,G:G,T:T,A:A,G:G,A:A,G:G,G:G,A:A,G:G,A:A,G:G,T:T,A:A,A:A,T:T,T:T,C:C,C:C,T:T,C:C,G:G
ICMR 102624:3,G:G,C:C,G:G,T:T,G:G,T:T,C:C,G:G,G:G,G:G,T:T,A:A,A:A,A:A,G:G,G:G,A:A,G:G,A:A,G:G,T:T,A:A,A:A,T:T,T:T,C:C,C:C,T:T,C:C,G:G
ICMR 102624:4,G:G,C:C,G:G,T:T,G:G,T:T,C:C,G:G,G:G,G:G,T:T,A:A,G:G,A:A,G:G,G:G,A:A,G:G,A:A,G:G,T:T,A:A,A:A,T:T,T:T,C:C,C:C,T:T,C:C,G:G
ICMR 102624:5,G:G,C:C,G:G,T:T,G:G,T:T,C:C,G:G,G:G,G:G,T:T,A:A,G:G,A:A,G:G,G:G,A:A,G:G,A:A,G:G,T:T,A:A,A:A,T:T,T:T,C:C,C:C,T:T,C:C,G:G
ICMR 102624:6,G:G,C:C,G:G,T:T,G:G,T:T,C:C,G:G,G:G,G:G,T:T,A:A,G:G,A:A,G:G,G:G,A:A,G:G,A:A,G:G,T:T,A:A,A:A,T:T,T:T,C:C,C:C,T:T,C:C,G:G
ICMR 102624:7,G:G,C:C,G:G,T:T,G:G,T:T,C:C,G:G,G:G,G:G,T:T,A:A,G:G,A:A,G:G,G:G,A:A,G:G,A:A,G:G,C:T,A:A,A:A,T:T,T:T,C:C,C:C,T:T,C:C,G:G
ICMR 102624:8,G:G,C:C,G:G,T:T,G:G,T:T,C:C,G:G,G:G,G:G,T:T,A:A,G:G,A:A,G:G,G:G,A:A,G:G,A:A,G:G,T:T,A:A,A:A,T:T,T:T,C:C,C:C,T:T,C:C,G:G
ICMR 10888,A:A,T:T,G:G,T:T,G:G,T:T,C:C,T:T,A:A,G:G,T:T,C:C,G:G,A:A,T:T,A:A,A:A,G:G,A:A,C:C,C:C,A:A,T:T,T:T,T:T,A:A,G:G,T:T,T:T,G:G
ICMR 10888:1,A:A,T:T,G:G,T:T,G:G,T:T,C:C,T:T,A:A,G:G,T:T,C:C,G:G,A:A,T:T,A:A,A:A,G:G,A:A,C:C,C:C,A:A,T:T,T:T,T:T,A:A,G:G,T:T,T:T,G:G
ICMR 10888:2,A:A,T:T,G:G,T:T,G:G,T:T,C:C,T:T,?,G:G,T:T,C:C,G:G,A:A,T:T,A:A,A:A,G:G,A:A,C:C,C:C,A:A,T:T,T:T,T:T,A:A,G:G,T:T,T:T,G:G
ICMR 10888:3,A:A,T:T,G:G,T:T,G:G,T:T,C:C,T:T,A:A,G:G,T:T,C:C,G:G,A:A,T:T,A:A,A:A,G:G,A:A,C:C,C:C,A:A,T:T,T:T,T:T,A:A,G:G,T:T,T:T,G:G
ICMR 10888:4,A:A,T:T,G:G,T:T,G:G,T:T,C:C,T:T,A:A,G:G,T:T,C:C,G:G,A:A,T:T,A:A,A:A,G:G,A:A,C:C,C:C,A:A,T:T,T:T,T:T,A:A,G:G,T:T,T:T,G:G
ICMR 10888:5,A:A,T:T,G:G,T:T,G:G,T:T,C:C,T:T,?,G:G,T:T,C:C,G:G,A:A,T:T,A:A,A:A,G:G,A:A,C:C,C:C,A:A,T:T,T:T,T:T,A:A,G:G,T:T,T:T,Uncallable
ICMR 10888:6,A:A,T:T,G:G,T:T,G:G,T:T,C:C,T:T,A:A,G:G,T:T,C:C,G:G,A:A,T:T,A:A,A:A,G:G,A:A,C:C,C:C,A:A,T:T,T:T,T:T,A:A,G:G,T:T,T:T,G:G
ICMR 10888:7,A:A,T:T,G:G,T:T,G:G,T:T,C:C,T:T,A:A,G:G,T:T,C:C,G:G,A:A,T:T,A:A,A:A,G:G,A:A,C:C,C:C,A:A,T:T,T:T,T:T,A:A,G:G,T:T,T:T,G:G
ICMR 10888:8,A:A,T:T,G:G,T:T,G:G,T:T,C:C,T:T,?,G:G,T:T,C:C,G:G,A:A,T:T,A:A,A:A,G:G,A:A,C:C,C:C,A:A,T:T,T:T,T:T,A:A,G:G,T:T,T:T,G:G
ICMR 11003,A:A,T:T,G:G,T:T,G:G,T:T,C:C,T:G,A:A,G:G,T:T,C:C,G:G,A:A,T:T,A:A,G:G,G:G,A:A,N:N,N:N,A:A,A:A,T:T,T:T,N:N,G:G,T:T,T:T,A:A
ICMR 11003:1,A:A,T:T,G:G,T:T,G:G,T:T,C:C,T:G,A:A,G:G,T:T,C:C,G:G,A:A,T:T,A:A,G:G,G:G,A:A,G:C,T:T,A:A,A:A,T:T,T:T,C:C,G:G,T:T,T:T,A:A
ICMR 11003:2,A:A,T:T,G:G,T:T,G:G,T:T,C:C,T:G,A:A,G:G,T:T,C:C,G:G,A:A,T:T,A:A,G:G,G:G,A:A,C:C,C:C,A:A,A:A,T:T,T:T,A:A,G:G,T:T,T:T,A:A
ICMR 11003:3,A:A,T:T,G:G,T:T,G:G,T:T,C:C,T:G,A:A,G:G,T:T,C:C,G:G,A:A,T:T,A:A,G:G,G:G,A:A,C:C,T:T,A:A,A:A,T:T,T:T,C:C,G:G,T:T,T:T,A:A
ICMR 11003:4,A:A,T:T,G:G,T:T,G:G,T:T,C:C,T:G,A:A,G:G,T:T,C:C,G:G,A:A,T:T,A:A,G:G,G:G,A:A,C:C,C:C,A:A,A:A,T:T,T:T,A:A,G:G,T:T,T:T,A:A
ICMR 11003:5,A:A,T:T,G:G,T:T,G:G,T:T,C:C,T:G,A:A,G:G,T:T,C:C,G:G,A:A,T:T,A:A,G:G,G:G,A:A,C:C,T:T,A:A,A:A,T:T,T:T,C:C,G:G,T:T,T:T,A:A
ICMR 11003:6,A:A,T:T,G:G,T:T,G:G,T:T,C:C,T:G,A:A,G:G,T:T,C:C,G:G,A:A,T:T,A:A,G:G,G:G,A:A,G:C,T:T,A:A,A:A,T:T,T:T,C:C,G:G,T:T,T:T,A:A
ICMR 11003:7,A:A,T:T,G:G,T:T,G:G,T:T,C:C,T:G,A:A,G:G,T:T,C:C,G:G,A:A,T:T,A:A,G:G,G:G,A:A,C:C,C:C,A:A,A:A,T:T,T:T,A:A,G:G,T:T,T:T,A:A
ICMR 11003:8,A:A,T:T,G:G,T:T,G:G,T:T,C:C,T:G,A:A,G:G,T:T,C:C,G:G,A:A,T:T,A:A,G:G,G:G,A:A,G:C,T:T,A:A,A:A,T:T,T:T,C:C,G:G,T:T,T:T,A:A
ICMR 12111,A:A,N:N,N:N,A:A,A:A,N:N,N:N,T:T,N:N,N:N,T:T,N:N,N:N,G:G,N:N,N:N,N:N,A:A,N:N,C:C,T:T,A:A,T:T,N:N,T:T,N:N,N:N,C:C,N:N,N:N
ICMR 12111:1,A:A,C:C,A:A,A:A,A:A,C:C,T:T,T:T,G:G,C:C,T:T,A:A,A:A,G:G,T:T,A:A,G:G,A:A,G:G,C:C,T:T,A:A,T:T,C:C,T:T,C:A,G:C,C:C,C:C,G:G
ICMR 12111:2,A:A,T:C,A:A,A:A,A:A,C:T,T:T,T:T,G:G,C:C,T:T,A:A,A:A,G:G,T:T,A:A,G:A,A:A,A:G,C:C,C:T,A:A,T:T,C:C,T:T,A:A,C:C,C:C,T:C,G:G
ICMR 12111:3,A:A,T:T,G:G,A:A,A:A,T:T,C:C,T:T,G:A,G:C,T:T,C:A,A:G,G:G,G:G,G:G,G:G,A:A,A:A,C:C,T:T,A:A,T:T,T:T,T:T,C:C,G:G,C:C,T:T,A:A
ICMR 12111:4,A:A,T:T,G:G,A:A,A:A,T:T,C:C,T:T,A:A,G:C,T:T,C:A,A:G,G:G,G:G,G:G,G:G,A:A,A:A,C:C,T:T,A:A,T:T,T:T,T:T,C:C,G:G,C:C,T:T,A:A
ICMR 12111:5,A:A,T:T,G:G,A:A,A:A,T:T,C:C,T:T,G:A,G:C,T:T,C:A,A:G,G:G,G:G,G:G,G:G,A:A,A:A,C:C,T:T,A:A,T:T,T:T,T:T,C:C,G:G,C:C,T:T,A:A
ICMR 12111:6,A:A,T:T,G:G,A:A,A:A,T:T,C:C,T:T,G:G,G:C,T:T,C:A,A:G,G:G,G:G,G:G,G:G,A:A,A:A,C:C,T:T,A:A,T:T,T:T,T:T,C:C,G:G,C:C,T:T,A:A
ICMR 12111:7,A:A,T:C,A:A,A:A,A:A,C:C,T:T,T:T,G:G,C:C,T:T,A:A,A:A,G:G,T:T,A:A,G:A,A:A,G:G,C:C,T:T,A:A,T:T,C:C,T:T,A:A,C:C,C:C,T:C,G:G
ICMR 12111:8,A:A,T:C,A:A,A:A,A:A,C:T,T:T,T:T,G:G,C:C,T:T,A:A,A:A,G:G,T:T,A:A,A:A,A:A,A:G,C:C,T:T,A:A,T:T,C:T,T:T,C:A,G:C,C:C,T:C,G:G
ICMR 12222,G:G,T:T,G:G,T:T,G:G,T:T,T:T,G:G,A:A,C:C,T:T,A:A,G:G,A:A,G:G,G:G,A:A,A:A,N:N,C:C,T:T,C:C,T:T,T:T,T:T,A:A,C:C,T:T,C:C,A:A
ICMR 12222:1,G:G,T:T,G:G,T:T,G:G,T:T,T:T,G:G,A:A,C:C,T:T,A:A,G:G,A:A,G:G,G:G,A:A,A:A,A:A,C:C,T:T,C:C,T:T,T:T,T:T,A:A,C:C,T:T,C:C,A:A
ICMR 12222:2,G:G,T:T,G:G,T:T,G:G,T:T,T:T,G:G,A:A,C:C,T:T,A:A,G:G,A:A,G:G,G:G,A:A,A:A,A:G,C:C,T:T,C:C,T:T,T:T,T:T,A:A,C:C,T:T,C:C,A:A
ICMR 12222:3,G:G,T:T,G:G,T:T,G:G,T:T,T:T,G:G,A:A,C:C,T:T,A:A,G:G,A:A,G:G,G:G,A:A,A:A,A:G,C:C,T:T,C:C,T:T,T:T,T:T,A:A,C:C,T:T,C:C,A:A
ICMR 12222:4,G:G,T:T,G:G,T:T,G:G,T:T,T:T,G:G,A:A,C:C,T:T,A:A,G:G,A:A,G:G,G:G,A:A,A:A,A:A,C:C,T:T,C:C,T:T,T:T,T:T,A:A,C:C,T:T,C:C,A:A
ICMR 12222:5,G:G,T:T,G:G,T:T,G:G,T:T,T:T,G:G,A:A,C:C,T:T,A:A,G:G,A:A,G:G,G:G,A:A,A:A,G:G,C:C,T:T,C:C,T:T,T:T,T:T,A:A,C:C,T:T,C:C,A:A
ICMR 12222:6,G:G,T:T,G:G,T:T,G:G,T:T,T:T,G:G,A:A,C:C,T:T,A:A,G:G,A:A,G:G,G:G,A:A,A:A,A:A,C:C,T:T,C:C,T:T,T:T,T:T,A:A,C:C,T:T,C:C,A:A
ICMR 12222:7,G:G,T:T,G:G,T:T,G:G,T:T,T:T,G:G,A:A,C:C,T:T,A:A,G:G,A:A,G:G,G:G,A:A,A:A,G:G,C:C,T:T,C:C,T:T,T:T,T:T,A:A,C:C,T:T,C:C,A:A
ICMR 12222:8,G:G,T:T,G:G,T:T,G:G,T:T,T:T,G:G,A:A,C:C,T:T,A:A,G:G,A:A,G:G,G:G,A:A,A:A,G:G,C:C,T:T,C:C,T:T,T:T,T:T,A:A,C:C,T:T,C:C,A:A
ICMR 12888,G:G,T:T,G:G,T:T,A:A,C:C,T:T,T:G,N:N,G:G,C:C,C:C,G:G,A:A,G:G,G:G,G:A,G:G,A:A,G:G,C:C,C:C,T:T,T:T,T:T,C:C,C:C,T:T,T:T,A:A
ICMR 12888:1,G:G,T:T,G:G,T:T,A:A,C:C,T:T,T:G,A:A,G:G,C:C,C:C,G:G,A:A,G:G,G:G,G:A,G:G,A:A,G:G,C:C,C:C,T:T,T:T,T:T,C:C,C:C,T:T,T:T,A:A
ICMR 12888:2,G:G,T:T,G:G,T:T,A:A,C:C,T:T,T:G,?,G:G,C:C,C:C,G:G,A:A,G:G,G:G,G:A,G:G,A:A,G:G,C:C,C:C,T:T,T:T,T:T,C:C,C:C,T:T,T:T,A:A
ICMR 12888:3,G:G,T:T,G:G,T:T,A:A,C:C,T:T,T:G,A:A,G:G,C:C,C:C,G:G,A:A,G:G,G:G,G:A,G:G,A:A,G:G,C:C,C:C,T:T,T:T,T:T,C:C,C:C,T:T,T:T,A:A
ICMR 12888:4,G:G,T:T,G:G,T:T,A:A,C:C,T:T,T:G,A:A,G:G,C:C,C:C,G:G,A:A,G:G,G:G,G:A,G:G,A:A,G:G,C:C,C:C,T:T,T:T,T:T,C:C,C:C,T:T,T:T,A:A
ICMR 12888:5,G:G,T:T,G:G,T:T,A:A,C:C,T:T,T:G,G:G,G:G,C:C,C:C,G:G,A:A,G:G,G:G,G:A,G:G,A:A,G:G,C:C,C:C,T:T,T:T,T:T,C:C,C:C,T:T,T:T,A:A
ICMR 12888:6,G:G,T:T,G:G,T:T,A:A,C:C,T:T,T:G,G:G,G:G,C:C,C:C,G:G,A:A,G:G,G:G,G:A,G:G,A:A,G:G,C:C,C:C,T:T,T:T,T:T,C:C,C:C,T:T,T:T,A:A
ICMR 12888:7,G:G,T:T,G:G,T:T,A:A,C:C,T:T,T:G,?,G:G,C:C,C:C,G:G,A:A,G:G,G:G,G:A,G:G,A:A,G:G,C:C,C:C,T:T,T:T,T:T,C:C,C:C,T:T,T:T,A:A
ICMR 12888:8,G:G,T:T,G:G,T:T,A:A,C:C,T:T,T:G,G:G,G:G,C:C,C:C,G:G,A:A,G:G,G:G,G:A,G:G,A:A,G:G,C:C,C:C,T:T,T:T,T:T,C:C,C:C,T:T,T:T,A:A
ICMR 13999,A:A,T:T,A:A,T:T,G:G,T:T,C:C,T:G,G:G,C:C,T:T,A:A,G:G,G:G,G:G,G:G,G:G,G:G,G:G,G:G,T:T,A:A,A:A,C:C,G:G,A:A,G:G,T:T,T:T,A:A
ICMR 13999:1,A:A,T:T,A:A,T:T,G:G,T:T,C:C,T:G,G:G,C:C,T:T,A:A,G:G,G:G,G:G,G:G,G:G,G:G,G:G,G:G,T:T,A:A,A:A,C:C,G:G,A:A,G:G,T:T,T:T,A:A
ICMR 13999:2,A:A,T:T,A:A,T:T,G:G,T:T,C:C,T:G,G:G,C:C,T:T,A:A,G:G,G:G,G:G,G:G,G:G,G:G,G:G,G:G,T:T,?,A:A,C:C,G:G,A:A,G:G,T:T,T:T,A:A
ICMR 13999:3,A:A,T:T,A:A,T:T,G:G,T:T,C:C,T:G,G:G,C:C,T:T,A:A,G:G,G:G,G:G,G:G,G:G,G:G,G:G,G:G,T:T,A:A,A:A,C:C,G:G,A:A,G:G,T:T,T:T,A:A
ICMR 13999:4,A:A,T:T,A:A,T:T,G:G,T:T,C:C,T:G,G:G,C:C,T:T,A:A,G:G,G:G,G:G,G:G,G:G,G:G,G:G,G:G,T:T,A:A,A:A,C:C,G:G,A:A,G:G,T:T,T:T,A:A
ICMR 13999:5,A:A,T:T,A:A,T:T,G:G,T:T,C:C,T:G,G:G,C:C,T:T,A:A,G:G,G:G,G:G,G:G,G:G,G:G,G:G,G:G,T:T,A:A,A:A,C:C,G:G,A:A,G:G,T:T,T:T,A:A
ICMR 13999:6,A:A,T:T,A:A,T:T,G:G,T:T,C:C,T:G,G:G,C:C,T:T,A:A,G:G,G:G,G:G,G:G,G:G,G:G,G:G,G:G,T:T,A:A,A:A,C:C,G:G,A:A,G:G,T:T,T:T,A:A
ICMR 13999:7,A:A,T:T,A:A,T:T,G:G,T:T,C:C,T:G,G:G,C:C,T:T,A:A,G:G,G:G,G:G,G:G,G:G,G:G,G:G,G:G,T:T,A:A,A:A,C:C,G:G,A:A,G:G,T:T,T:T,A:A
ICMR 13999:8,A:A,T:T,A:A,T:T,G:G,T:T,C:C,T:G,G:G,C:C,T:T,A:A,G:G,G:G,G:G,G:G,G:G,G:G,G:G,G:G,T:T,A:A,A:A,C:C,G:G,A:A,G:G,T:T,T:T,A:A
ICMR 14222,N:N,T:C,G:A,N:N,A:G,C:T,C:C,G:G,N:N,G:C,T:T,C:A,A:G,G:A,T:G,A:G,A:A,G:G,A:G,C:C,T:T,N:N,A:A,T:T,T:T,N:N,N:N,T:T,C:C,A:G
ICMR 14222:1,G:G,T:C,G:A,Uncallable,A:G,C:T,C:C,G:G,A:A,G:C,T:T,C:A,A:G,G:A,T:G,Uncallable,A:A,G:G,A:G,C:C,T:T,A:A,A:A,T:T,T:T,A:A,C:C,T:T,C:C,A:G
ICMR 14222:2,A:A,T:C,G:A,A:A,A:G,C:T,C:C,G:G,G:A,G:C,T:T,C:A,A:G,G:A,T:G,A:G,A:A,G:G,A:G,C:C,T:T,A:C,A:A,T:T,T:T,C:A,Uncallable,T:T,C:C,Uncallable
ICMR 14222:3,G:A,T:C,G:A,A:A,A:G,C:T,C:T,G:G,G:A,G:C,T:T,C:A,A:G,G:A,T:G,G:G,A:A,G:G,A:G,C:C,T:T,A:C,A:A,T:T,T:T,A:A,C:C,T:T,C:C,A:G
ICMR 14222:4,G:A,T:C,G:A,A:T,A:G,C:T,C:C,G:G,A:A,G:C,T:T,C:A,A:G,G:A,T:G,A:G,A:A,G:G,A:G,C:C,T:T,A:A,A:A,T:T,T:T,C:A,G:C,T:T,C:C,A:G
ICMR 14222:5,G:G,T:T,G:A,A:T,A:G,C:C,C:C,G:G,A:A,G:C,T:T,C:A,A:G,G:A,T:G,A:G,A:A,G:G,A:G,C:C,T:T,A:A,A:A,T:T,T:T,C:A,G:C,T:T,C:C,A:A
ICMR 15666,A:A,T:T,G:G,T:T,G:G,T:T,C:C,G:G,A:A,C:C,C:C,C:C,A:A,A:A,G:G,G:G,G:A,G:G,G:G,C:C,C:C,C:C,A:A,T:T,G:G,A:A,C:C,T:T,T:T,G:G
ICMR 15666:1,A:A,T:T,G:G,T:T,G:G,T:T,C:C,G:G,A:A,C:C,C:C,C:C,A:A,A:A,G:G,G:G,G:A,G:G,G:G,C:C,C:C,C:C,A:A,T:T,G:G,A:A,C:C,T:T,T:T,G:G
ICMR 15666:2,A:A,T:T,G:G,T:T,G:G,T:T,C:C,G:G,A:A,C:C,C:C,C:C,A:A,A:A,G:G,G:G,G:A,G:G,G:G,C:C,C:C,C:C,A:A,T:T,G:G,A:A,C:C,T:T,T:T,G:G
ICMR 15666:3,A:A,T:T,G:G,T:T,G:G,T:T,C:C,G:G,A:A,C:C,C:C,C:C,A:A,A:A,G:G,G:G,G:A,G:G,G:G,C:C,C:C,C:C,A:A,T:T,G:G,A:A,C:C,T:T,T:T,G:G
ICMR 15666:4,A:A,T:T,G:G,T:T,G:G,T:T,C:C,G:G,A:A,C:C,C:C,C:C,A:A,A:A,G:G,G:G,G:A,G:G,G:G,C:C,C:C,C:C,A:A,T:T,G:G,A:A,C:C,T:T,T:T,G:G
ICMR 15666:5,A:A,T:T,G:G,T:T,G:G,T:T,C:C,G:G,A:A,C:C,C:C,C:C,A:A,A:A,G:G,G:G,G:A,G:G,G:G,C:C,C:C,C:C,A:A,T:T,G:G,A:A,C:C,T:T,T:T,G:G
ICMR 15666:6,A:A,T:T,G:G,T:T,G:G,T:T,C:C,G:G,A:A,C:C,C:C,C:C,A:A,A:A,G:G,G:G,G:A,G:G,G:G,C:C,C:C,C:C,A:A,T:T,G:G,A:A,C:C,T:T,T:T,G:G
ICMR 15666:7,A:A,T:T,G:G,T:T,G:G,T:T,C:C,G:G,A:A,C:C,C:C,C:C,A:A,A:A,G:G,G:G,G:A,G:G,G:G,C:C,C:C,C:C,A:A,T:T,G:G,A:A,C:C,T:T,T:T,G:G
ICMR 15666:8,A:A,T:T,G:G,T:T,G:G,T:T,C:C,G:G,A:A,C:C,C:C,C:C,A:A,A:A,G:G,G:G,G:A,G:G,G:G,C:C,C:C,C:C,A:A,T:T,G:G,A:A,C:C,T:T,T:T,G:G
ICMR 15999,A:A,N:N,N:N,N:N,N:N,N:N,C:C,N:N,A:A,C:C,N:N,C:C,G:G,A:A,N:N,N:N,A:A,N:N,G:G,N:N,C:C,N:N,A:A,T:T,N:N,N:N,N:N,N:N,T:T,N:N
ICMR 15999:1,A:A,C:C,A:A,A:A,G:G,C:C,C:C,T:T,A:A,C:C,T:T,C:C,G:G,A:A,T:T,G:G,A:A,A:A,G:G,G:G,C:C,A:A,A:A,T:T,T:T,C:C,G:G,C:C,T:T,A:A
ICMR 15999:10,A:A,T:T,G:G,T:T,A:A,T:T,C:C,G:G,A:A,C:C,C:C,C:C,G:G,A:A,G:G,A:A,A:A,G:G,G:G,C:C,C:C,C:C,A:A,T:T,G:G,A:A,C:C,T:T,T:T,G:G
ICMR 15999:11,A:A,T:T,G:G,T:T,A:A,T:T,C:C,G:G,A:A,C:C,C:C,C:C,G:G,A:A,G:G,A:A,A:A,G:G,G:G,C:C,C:C,C:C,A:A,T:T,G:G,A:A,C:C,T:T,T:T,G:G
ICMR 15999:12,A:A,T:T,G:G,T:T,A:A,T:T,C:C,G:G,A:A,C:C,C:C,C:C,G:G,A:A,G:G,A:A,A:A,G:G,G:G,C:C,C:C,C:C,A:A,T:T,G:G,A:A,C:C,?,T:T,G:G
ICMR 15999:13,A:A,T:T,G:G,T:T,A:A,T:T,C:C,G:G,A:A,C:C,C:C,C:C,G:G,A:A,G:G,A:A,A:A,G:G,G:G,C:C,C:C,C:C,A:A,T:T,G:G,A:A,C:C,T:T,T:T,G:G
ICMR 15999:14,A:A,T:T,G:G,T:T,A:A,T:T,C:C,G:G,A:A,C:C,C:C,C:C,G:G,A:A,G:G,A:A,A:A,G:G,G:G,C:C,C:C,C:C,A:A,T:T,G:G,A:A,C:C,T:T,T:T,G:G
ICMR 15999:2,A:A,C:C,A:A,A:A,G:G,C:C,C:C,T:T,A:A,C:C,T:T,C:C,G:G,A:A,T:T,G:G,A:A,A:A,G:G,G:G,C:C,A:A,A:A,T:T,T:T,C:C,G:G,C:C,T:T,A:A
ICMR 15999:3,A:A,C:C,A:A,A:A,G:G,C:C,C:C,T:T,A:A,C:C,T:T,C:C,G:G,A:A,T:T,Uncallable,A:A,A:A,G:G,G:G,C:C,A:A,A:A,T:T,T:T,C:C,G:G,C:C,T:T,A:A
ICMR 15999:4,A:A,C:C,A:A,A:A,G:G,C:C,C:C,T:T,A:A,C:C,T:T,C:C,G:G,A:A,T:T,G:G,A:A,A:A,G:G,G:G,C:C,A:A,A:A,T:T,T:T,C:C,G:G,C:C,T:T,A:A
ICMR 15999:5,A:A,C:C,A:A,A:A,G:G,C:C,C:C,T:T,A:A,C:C,T:T,C:C,G:G,A:A,T:T,G:G,A:A,A:A,G:G,G:G,C:C,A:A,A:A,T:T,T:T,C:C,G:G,C:C,T:T,A:A
ICMR 15999:6,A:A,C:C,A:A,A:A,G:G,C:C,C:C,T:T,A:A,C:C,T:T,C:C,G:G,A:A,T:T,G:G,A:A,A:A,G:G,G:G,C:C,A:A,A:A,T:T,T:T,C:C,G:G,C:C,T:T,A:A
ICMR 15999:7,A:A,C:C,A:A,A:A,G:G,C:C,C:C,T:T,A:A,C:C,T:T,C:C,G:G,A:A,T:T,G:G,A:A,A:A,G:G,G:G,C:C,A:A,A:A,T:T,T:T,C:C,G:G,C:C,T:T,A:A
ICMR 15999:8,A:A,C:C,A:A,A:A,G:G,C:C,C:C,T:T,A:A,C:C,T:T,C:C,G:G,A:A,T:T,G:G,A:A,A:A,G:G,G:G,C:C,A:A,A:A,T:T,T:T,C:C,G:G,C:C,T:T,A:A
ICMR 15999:9,A:A,T:T,G:G,T:T,A:A,T:T,C:C,G:G,A:A,C:C,C:C,C:C,G:G,A:A,G:G,A:A,A:A,G:G,G:G,C:C,C:C,C:C,A:A,T:T,G:G,A:A,C:C,T:T,T:T,G:G
ICMR 16444,G:G,T:T,G:G,T:T,A:A,C:C,C:C,T:T,A:A,C:C,T:T,A:A,G:G,G:G,G:G,A:A,A:A,A:A,G:G,C:C,T:T,A:A,T:T,T:T,T:T,C:C,C:C,C:C,T:T,A:A
ICMR 16444:1,G:G,T:T,G:G,T:T,A:A,C:C,C:C,T:T,A:A,C:C,T:T,A:A,G:G,G:G,G:G,A:A,A:A,A:A,G:G,C:C,T:T,A:A,T:T,T:T,T:T,C:C,C:C,C:C,T:T,A:A
ICMR 16444:2,G:G,T:T,G:G,T:T,A:A,C:C,C:C,T:T,A:A,C:C,T:T,A:A,G:G,G:G,G:G,A:A,A:A,A:A,G:G,C:C,T:T,A:A,T:T,T:T,T:T,C:C,C:C,C:C,T:T,A:A
ICMR 16444:3,G:G,T:T,G:G,T:T,A:A,C:C,C:C,T:T,A:A,C:C,T:T,A:A,G:G,G:G,G:G,A:A,A:A,A:A,G:G,C:C,T:T,A:A,T:T,T:T,T:T,C:C,C:C,C:C,T:T,A:A
ICMR 16444:4,G:G,T:T,G:G,T:T,A:A,C:C,C:C,T:T,A:A,C:C,T:T,A:A,G:G,G:G,G:G,A:A,A:A,A:A,G:G,C:C,T:T,A:A,T:T,T:T,T:T,C:C,C:C,C:C,T:T,A:A
ICMR 16444:5,G:G,T:T,G:G,T:T,A:A,C:C,C:C,T:T,A:A,C:C,T:T,A:A,G:G,G:G,G:G,A:A,A:A,A:A,G:G,C:C,T:T,A:A,T:T,T:T,T:T,C:C,C:C,C:C,T:T,A:A
ICMR 17222,A:A,C:C,G:G,T:T,A:A,T:T,T:T,G:G,A:A,G:G,T:T,A:A,G:G,A:A,G:G,G:G,A:A,G:G,G:G,G:G,C:C,C:C,A:A,T:T,T:T,A:A,G:G,C:C,C:C,A:A
ICMR 17222:1,A:A,C:C,G:G,T:T,A:A,T:T,T:T,G:G,A:A,G:G,T:T,A:A,G:G,A:A,G:G,G:G,A:A,G:G,G:G,G:G,C:C,C:C,A:A,T:T,T:T,A:A,G:G,C:C,C:C,?
ICMR 17222:2,A:A,C:C,G:G,T:T,A:A,T:T,T:T,G:G,A:A,G:G,T:T,A:A,G:G,A:A,G:G,G:G,A:A,G:G,G:G,G:G,C:C,C:C,A:A,T:T,T:T,A:A,G:G,C:C,C:C,A:A
ICMR 17222:3,?,?,?,?,?,?,?,?,?,?,?,?,?,G:A,?,?,?,?,?,?,?,?,?,?,?,?,?,?,?,?
ICMR 17222:4,A:A,C:C,G:G,T:T,A:A,T:T,T:T,G:G,A:A,G:G,T:T,A:A,G:G,A:A,G:G,G:G,A:A,G:G,G:G,G:G,C:C,C:C,A:A,T:T,T:T,A:A,G:G,C:C,C:C,A:A
ICMR 17222:5,A:A,C:C,G:G,T:T,A:A,T:T,T:T,G:G,A:A,G:G,T:T,A:A,G:G,A:A,G:G,G:G,A:A,G:G,G:G,G:G,C:C,C:C,A:A,T:T,T:T,A:A,G:G,C:C,C:C,A:A
ICMR 17222:6,A:A,C:C,G:G,T:T,A:A,T:T,T:T,G:G,A:A,G:G,T:T,A:A,G:G,A:A,G:G,G:G,A:A,G:G,G:G,G:G,C:C,C:C,A:A,T:T,T:T,A:A,G:G,C:C,C:C,A:A
ICMR 17222:7,A:A,C:C,G:G,T:T,A:A,T:T,T:T,G:G,A:A,G:G,T:T,A:A,G:G,A:A,G:G,G:G,A:A,G:G,G:G,G:G,C:C,C:C,A:A,T:T,T:T,A:A,G:G,C:C,C:C,A:A
ICMR 17222:8,A:A,C:C,G:G,T:T,A:A,T:T,T:T,G:G,A:A,G:G,T:T,A:A,G:G,A:A,G:G,G:G,A:A,G:G,G:G,G:G,C:C,C:C,A:A,T:T,T:T,A:A,G:G,C:C,C:C,A:A
ICMR 1804,A:A,T:T,G:G,A:A,G:G,T:T,C:C,T:T,G:G,C:C,T:T,C:C,G:G,N:N,T:T,G:G,A:A,G:G,A:A,C:C,T:T,A:A,T:T,T:T,G:G,C:C,G:G,T:T,C:C,A:A
ICMR 1804:1,A:A,T:T,G:G,A:A,G:G,T:T,C:C,T:T,G:G,C:C,T:T,C:C,A:G,A:A,T:T,G:G,A:A,G:A,A:A,C:C,T:T,A:A,T:T,T:T,G:G,C:C,G:G,T:T,C:C,A:A
ICMR 1804:2,A:A,T:T,G:G,A:A,G:G,T:T,C:C,T:T,G:G,C:C,T:T,C:C,G:G,G:G,T:T,G:G,A:A,G:G,A:A,C:C,T:T,A:A,T:T,T:T,G:G,C:C,G:G,T:T,C:C,A:A
ICMR 1804:3,A:A,T:T,G:G,A:A,G:G,T:T,C:C,T:T,G:G,C:C,T:T,C:C,G:G,G:G,T:T,G:G,A:A,G:G,A:A,C:C,T:T,A:A,T:T,T:T,G:G,C:C,G:G,T:T,C:C,A:A
ICMR 1804:4,A:A,T:T,G:G,A:A,G:G,T:T,C:C,T:T,G:G,C:C,T:T,C:C,G:G,G:A,T:T,G:G,A:A,G:G,A:A,C:C,T:T,A:A,T:T,T:T,G:G,C:C,G:G,T:T,C:C,A:A
ICMR 1804:5,A:A,T:T,G:G,A:A,G:G,T:T,C:C,T:T,G:G,C:C,T:T,C:C,G:G,G:A,T:T,G:G,A:A,G:G,A:A,C:C,T:T,A:A,T:T,T:T,G:G,C:C,G:G,T:T,C:C,A:A
ICMR 1804:6,A:A,T:T,G:G,A:A,G:G,T:T,C:C,T:T,G:G,C:C,T:T,C:C,A:G,G:A,T:T,G:G,A:A,G:G,A:A,C:C,T:T,A:A,T:T,T:T,G:G,C:C,G:G,T:T,C:C,A:A
ICMR 1804:7,A:A,T:T,G:G,A:A,G:G,T:T,C:C,T:T,G:G,C:C,T:T,C:C,G:G,A:A,T:T,G:G,A:A,G:G,A:A,C:C,T:T,A:A,T:T,T:T,G:G,C:C,G:G,T:T,C:C,A:A
ICMR 1804:8,A:A,T:T,G:G,A:A,G:G,T:T,C:C,T:T,G:G,C:C,T:T,C:C,G:G,A:A,T:T,G:G,A:A,G:G,A:A,C:C,T:T,A:A,T:T,T:T,G:G,C:C,G:G,T:T,C:C,A:A
ICMR 18777,G:G,C:C,A:A,T:T,G:G,C:C,C:C,T:T,A:A,C:C,T:T,A:A,G:G,A:A,G:G,A:A,A:A,G:G,A:A,G:G,T:T,A:A,A:A,T:T,T:T,C:C,G:G,C:C,T:T,A:A
ICMR 18777:1,G:G,C:C,A:A,T:T,G:G,C:C,C:C,T:T,A:A,C:C,T:T,A:A,G:G,A:A,G:G,A:A,A:A,G:G,A:A,G:G,T:T,A:A,A:A,T:T,T:T,C:C,G:G,C:C,T:T,A:A
ICMR 18777:2,G:G,C:C,A:A,T:T,G:G,C:C,C:C,T:T,A:A,C:C,T:T,A:A,G:G,A:A,G:G,A:A,A:A,G:G,A:A,G:G,T:T,A:A,A:A,T:T,T:T,C:C,G:G,C:C,T:T,A:A
ICMR 18777:3,G:G,C:C,A:A,T:T,G:G,C:C,C:C,T:T,A:A,C:C,T:T,A:A,G:G,A:A,G:G,A:A,A:A,G:G,A:A,G:G,T:T,A:A,A:A,T:T,T:T,C:C,G:G,C:C,T:T,A:A
ICMR 18777:4,G:G,C:C,A:A,T:T,G:G,C:C,C:C,T:T,A:A,C:C,T:T,A:A,G:G,A:A,G:G,A:A,A:A,G:G,A:A,G:G,T:T,A:A,A:A,T:T,T:T,C:C,G:G,C:C,T:T,A:A
ICMR 18777:5,G:G,C:C,A:A,T:T,G:G,C:C,C:C,T:T,A:A,C:C,T:T,A:A,G:G,A:A,G:G,A:A,A:A,G:G,A:A,G:G,T:T,A:A,A:A,T:T,T:T,C:C,G:G,C:C,T:T,A:A
ICMR 18777:6,G:G,C:C,A:A,T:T,G:G,C:C,C:C,T:T,A:A,C:C,T:T,A:A,G:G,A:A,G:G,A:A,A:A,G:G,A:A,G:G,T:T,A:A,A:A,T:T,T:T,C:C,G:G,C:C,T:T,A:A
ICMR 18777:7,G:G,C:C,A:A,T:T,G:G,C:C,C:C,T:T,A:A,C:C,T:T,A:A,G:G,A:A,G:G,A:A,A:A,G:G,A:A,G:G,T:T,A:A,A:A,T:T,T:T,C:C,G:G,C:C,T:T,A:A
ICMR 18777:8,G:G,C:C,A:A,T:T,G:G,C:C,C:C,T:T,A:A,C:C,T:T,A:A,G:G,A:A,G:G,A:A,A:A,G:G,A:A,G:G,T:T,A:A,A:A,T:T,T:T,C:C,G:G,C:C,T:T,A:A
ICMR 1905,G:G,C:C,A:A,T:T,G:G,C:C,C:C,T:T,A:A,C:C,T:T,A:A,G:G,G:G,G:G,A:A,A:A,G:G,A:A,G:G,T:T,A:A,A:A,T:T,T:T,C:C,C:C,C:C,T:T,A:A
ICMR 1905:1,G:G,C:C,A:A,T:T,G:G,C:C,C:C,T:T,A:A,C:C,T:T,A:A,G:G,G:G,G:G,A:A,A:A,G:G,A:A,G:G,T:T,A:A,A:A,T:T,T:T,C:C,C:C,C:C,T:T,A:A
ICMR 1905:2,G:G,C:C,A:A,T:T,G:G,C:C,C:C,T:T,A:A,C:C,T:T,A:A,G:G,G:G,G:G,A:A,A:A,G:G,A:A,G:G,T:T,A:A,A:A,T:T,T:T,C:C,C:C,C:C,T:T,A:A
ICMR 1905:3,G:G,C:C,A:A,T:T,G:G,C:C,C:C,T:T,A:A,C:C,T:T,A:A,G:G,G:G,G:G,A:A,A:A,G:G,A:A,G:G,T:T,A:A,A:A,T:T,T:T,C:C,C:C,C:C,T:T,A:A
ICMR 1905:4,G:G,C:C,A:A,T:T,G:G,C:C,C:C,T:T,A:A,C:C,T:T,A:A,G:G,G:G,G:G,A:A,A:A,G:G,A:A,G:G,C:T,A:A,A:A,T:T,T:T,C:C,C:C,C:C,T:T,A:A
ICMR 1905:5,G:G,C:C,A:A,T:T,G:G,C:C,C:C,T:T,A:A,C:C,T:T,A:A,G:G,G:G,G:G,A:A,A:A,G:G,A:A,G:G,T:T,A:A,A:A,T:T,T:T,C:C,C:C,C:C,T:T,A:A
ICMR 1905:6,G:G,C:C,A:A,T:T,G:G,C:C,C:C,T:T,A:A,C:C,T:T,A:A,G:G,G:G,G:G,A:A,A:A,G:G,A:A,G:G,T:T,A:A,A:A,T:T,T:T,C:C,C:C,C:C,T:T,A:A
ICMR 1905:7,G:G,C:C,A:A,T:T,G:G,C:C,C:C,T:T,A:A,C:C,T:T,A:A,G:G,G:G,G:G,A:A,A:A,G:G,A:A,G:G,T:T,A:A,A:A,T:T,T:T,C:C,C:C,C:C,T:T,A:A
ICMR 1905:8,G:G,C:C,A:A,T:T,G:G,C:C,C:C,T:T,A:A,C:C,Uncallable,A:A,G:G,G:G,G:G,A:A,A:A,G:G,A:A,G:G,T:T,A:A,A:A,T:T,T:T,C:C,C:C,C:C,T:T,A:A
ICMR 19777,A:A,C:C,A:A,T:T,A:A,C:C,C:C,G:G,G:G,C:C,C:C,C:C,G:G,A:A,G:G,A:A,G:A,G:G,A:A,C:C,C:C,C:C,A:A,T:T,G:G,A:A,C:C,C:C,C:C,G:G
ICMR 19777:1,A:A,C:C,A:A,T:T,A:A,C:C,C:C,G:G,G:G,C:C,C:C,C:C,G:G,A:A,G:G,A:A,G:A,G:G,A:A,C:C,C:C,C:C,A:A,T:T,G:G,A:A,C:C,C:C,C:C,G:G
ICMR 19777:2,A:A,C:C,A:A,T:T,A:A,C:C,C:C,G:G,G:G,C:C,C:C,C:C,G:G,A:A,G:G,A:A,G:A,G:G,A:A,C:C,C:C,C:C,A:A,T:T,G:G,A:A,C:C,C:C,C:C,G:G
ICMR 19777:3,A:A,C:C,A:A,T:T,A:A,C:C,C:C,G:G,G:G,C:C,C:C,C:C,G:G,A:A,G:G,A:A,G:A,G:G,A:A,C:C,C:C,C:C,A:A,T:T,G:G,A:A,C:C,C:C,C:C,G:G
ICMR 19777:4,A:A,C:C,A:A,T:T,A:A,C:C,C:C,G:G,G:G,C:C,C:C,C:C,G:G,A:A,G:G,A:A,G:A,G:G,A:A,C:C,C:C,C:C,A:A,T:T,G:G,A:A,C:C,C:C,C:C,G:G
ICMR 19777:5,A:A,C:C,A:A,T:T,A:A,C:C,C:C,G:G,G:G,C:C,C:C,C:C,G:G,A:A,G:G,A:A,G:A,G:G,A:A,C:C,C:C,C:C,A:A,T:T,G:G,A:A,C:C,C:C,C:C,G:G
ICMR 19777:6,A:A,C:C,A:A,T:T,A:A,C:C,C:C,G:G,G:G,C:C,C:C,C:C,G:G,A:A,G:G,A:A,G:A,G:G,A:A,C:C,C:C,C:C,A:A,T:T,G:G,A:A,C:C,C:C,C:C,G:G
ICMR 19777:7,A:A,C:C,A:A,T:T,A:A,C:C,C:C,G:G,G:G,C:C,C:C,C:C,G:G,A:A,G:G,A:A,G:A,G:G,A:A,C:C,C:C,C:C,A:A,T:T,G:G,A:A,C:C,C:C,C:C,G:G
ICMR 19777:8,A:A,C:C,A:A,T:T,A:A,C:C,C:C,G:G,G:G,C:C,C:C,C:C,G:G,A:A,G:G,A:A,G:A,G:G,A:A,C:C,C:C,C:C,A:A,T:T,G:G,A:A,C:C,C:C,C:C,G:G
ICMR 19888,G:G,C:C,A:A,T:T,G:G,C:C,C:C,T:T,G:G,C:C,T:T,A:A,G:G,A:A,G:G,A:A,A:A,G:G,A:A,G:G,T:T,A:A,A:A,T:T,T:T,C:C,C:C,C:C,T:T,A:A
ICMR 19888:1,G:G,C:C,A:A,T:T,G:G,C:C,C:C,T:T,G:G,C:C,T:T,A:A,G:G,A:A,G:G,A:A,A:A,G:G,A:A,G:G,T:T,A:A,A:A,T:T,T:T,C:C,C:C,C:C,T:T,A:A
ICMR 19888:2,G:G,C:C,A:A,T:T,G:G,C:C,C:C,T:T,G:G,C:C,T:T,A:A,G:G,A:A,G:G,A:A,A:A,G:G,A:A,G:G,T:T,A:A,A:A,T:T,T:T,C:C,C:C,C:C,T:T,A:A
ICMR 19888:3,G:G,C:C,A:A,T:T,G:G,C:C,C:C,T:T,G:G,C:C,T:T,A:A,G:G,A:A,G:G,A:A,A:A,G:G,A:A,G:G,T:T,A:A,A:A,T:T,T:T,C:C,C:C,C:C,T:T,A:A
ICMR 19888:4,G:G,C:C,A:A,T:T,G:G,C:C,C:C,T:T,G:G,C:C,T:T,A:A,G:G,A:A,G:G,A:A,A:A,G:G,A:A,G:G,T:T,A:A,A:A,T:T,T:T,C:C,C:C,C:C,T:T,A:A
ICMR 19888:5,G:G,C:C,A:A,T:T,G:G,C:C,C:C,T:T,G:G,C:C,T:T,A:A,G:G,A:A,G:G,A:A,A:A,G:G,A:A,G:G,T:T,A:A,A:A,T:T,T:T,C:C,C:C,C:C,T:T,A:A
ICMR 19888:6,G:G,C:C,A:A,T:T,G:G,C:C,C:C,T:T,G:G,C:C,T:T,A:A,G:G,A:A,G:G,A:A,A:A,G:G,A:A,G:G,T:T,A:A,A:A,T:T,T:T,C:C,C:C,C:C,T:T,A:A
