DNA \ Assay,snpSB00318,snpSB00319,snpSB00320,snpSB00321,snpSB00323,snpSB00324,snpSB00325,snpSB00326,snpSB00327,snpSB00328,snpSB00330,snpSB00332,snpSB00335,snpSB00338,snpSB00341,snpSB00343,snpSB00344,snpSB00345,snpSB00346,snpSB00347,snpSB00348,snpSB00351,snpSB00352,snpSB00354,snpSB00356,snpSB00357,snpSB00358,snpSB00359,snpSB00360,snpSB00361,snpSB00362,snpSB00363,snpSB00364,snpSB00365,snpSB00366,snpSB00367,snpSB00368,snpSB00369,snpSB00370,snpSB00371,snpSB00372,snpSB00376,snpSB00379,snpSB00382,snpSB00383,snpSB00384,snpSB00387,snpSB00388,snpSB00389,snpSB00488,snpSB00489
ASI8FipUTSVO4,G:G,T:T,T:T,T:T,G:G,G:G,G:G,C:C,T:T,A:A,A:A,G:G,G:G,C:C,G:G,C:C,G:G,C:C,T:T,T:T,G:G,T:T,T:T,T:T,T:T,A:A,G:G,G:G,A:A,G:G,C:C,C:C,G:G,C:C,T:T,C:C,C:C,G:G,T:T,A:A,G:G,G:G,G:G,T:T,C:G,?,T:T,A:A,G:G,G:G,C:C
ASI8FjalLoMeA,A:A,T:T,T:T,T:T,G:G,G:G,G:G,C:C,T:T,A:A,A:A,G:G,G:G,C:C,G:G,C:C,G:G,C:C,T:T,T:T,G:G,T:T,T:T,T:T,T:T,A:A,G:G,G:G,A:A,G:G,C:C,C:C,G:G,C:C,T:T,G:C,C:C,G:G,T:T,A:A,G:G,G:G,A:G,T:T,C:G,G:C,T:T,A:A,G:G,G:G,C:C
ASI8F7cnAKQ2m,G:G,T:T,T:T,T:T,G:G,G:G,G:G,C:C,T:T,A:A,A:A,G:G,G:G,C:C,G:G,C:C,G:G,C:C,T:T,T:T,G:G,T:T,T:T,T:T,T:T,A:A,G:G,G:G,A:A,G:G,C:C,C:C,G:G,C:C,T:T,C:C,C:C,G:G,T:T,A:A,G:G,G:G,G:G,T:T,C:G,?,T:T,A:A,G:G,G:G,C:C
ASI8FHoXtqqDy,A:A,C:C,C:C,T:G,A:G,G:G,G:G,C:C,?,A:A,A:A,G:G,G:G,?,C:C,C:C,G:G,?,T:T,T:T,G:G,C:C,T:C,T:T,T:T,A:A,G:G,G:G,A:A,G:A,?,T:T,G:A,C:C,A:A,C:C,C:T,A:G,T:T,A:A,A:A,A:G,?,C:C,C:G,C:C,T:C,A:A,A:A,G:G,C:C
ASI8FA5hXsZ4X,A:A,C:C,C:C,T:G,A:A,G:G,G:G,C:C,A:A,A:A,A:A,G:G,G:G,C:C,G:G,C:C,G:G,C:G,C:T,C:C,G:G,C:C,T:T,T:T,T:T,A:A,G:G,G:G,A:A,A:A,C:C,T:T,G:A,C:C,A:A,G:C,C:T,A:G,T:T,A:A,A:A,A:A,A:A,C:T,C:C,C:C,C:C,A:A,A:A,G:G,C:C
ASI8FAbmmToog,G:A,T:C,C:C,T:G,G:G,G:G,G:G,C:C,A:T,A:A,A:A,G:A,G:T,C:C,C:G,C:T,G:G,C:G,T:T,T:T,G:G,C:C,T:C,T:C,T:A,A:A,G:G,G:G,A:A,G:A,G:C,T:C,A:A,T:C,A:A,G:C,T:T,G:G,T:T,A:A,G:A,A:G,A:G,T:T,C:G,C:C,T:C,C:C,A:A,G:G,C:C
ASI8Fv3sRHcVf,A:A,C:C,C:C,T:G,A:G,G:G,G:G,C:C,A:A,A:A,A:A,G:A,G:T,C:C,G:G,C:T,G:G,C:C,C:C,T:T,G:G,T:C,T:T,T:T,T:T,A:A,G:G,G:G,A:A,A:A,C:C,T:C,A:A,T:C,A:A,?,T:T,G:G,T:T,A:A,G:A,A:A,A:G,T:T,G:G,G:C,T:C,C:C,A:G,G:G,C:C
ASI8FMWbsdwwe,A:A,C:C,T:T,T:T,G:G,G:G,G:G,C:C,T:T,A:A,A:A,G:G,G:G,C:C,C:G,C:T,?,C:C,C:T,T:T,G:G,C:C,T:T,T:T,T:T,A:A,G:G,G:G,A:A,G:G,C:C,T:T,G:A,T:C,A:A,C:C,T:T,G:G,T:T,G:G,A:A,G:G,G:G,T:T,G:G,C:C,T:C,C:C,A:A,G:G,C:C
ASI8FLgsxeqm2,A:A,T:T,T:T,T:T,G:G,G:G,G:G,C:C,T:T,A:A,A:A,G:G,G:G,C:C,G:G,C:C,?,C:C,T:T,T:T,G:G,T:T,T:T,T:T,T:T,A:A,G:G,G:G,A:A,G:G,C:C,C:C,G:G,C:C,T:T,G:C,C:C,G:G,T:T,A:A,G:G,G:G,G:G,T:T,C:G,?,T:T,A:A,G:G,G:G,C:C
ASI8FmYHvbVmS,?,?,?,T:T,G:G,G:G,G:G,C:C,?,?,?,?,?,?,?,?,?,?,?,?,G:G,?,C:C,T:C,?,A:A,?,?,?,?,?,C:C,G:G,C:C,T:T,?,?,G:G,?,?,?,G:G,?,?,G:G,?,?,A:A,?,?,?
ASI8FqyCScaOp,G:G,T:T,T:T,T:T,G:G,G:G,G:G,C:C,T:T,A:A,A:A,G:G,G:G,C:C,G:G,C:C,G:G,C:C,T:T,T:T,G:G,T:T,T:C,T:T,T:T,A:A,G:G,G:G,A:A,G:G,?,C:C,G:G,C:C,T:T,G:G,?,G:G,T:T,A:A,G:G,G:G,?,T:T,C:G,G:C,T:T,A:A,G:G,G:G,C:C
ASI8F6fhuM3J1,A:A,T:C,C:C,T:G,A:G,G:G,G:G,C:C,A:T,A:A,A:A,G:G,G:G,C:C,C:G,C:C,G:G,G:G,T:T,T:T,G:G,C:C,T:T,T:T,T:T,A:A,G:G,G:G,A:A,G:A,G:C,T:T,G:A,C:C,A:A,G:C,C:T,A:G,T:T,A:A,A:A,A:G,A:A,C:T,C:G,C:C,T:C,A:A,A:A,G:G,C:C
ASI8F9gOQ2R3b,A:A,C:C,C:C,T:G,A:A,G:G,G:G,C:C,A:A,A:A,A:A,G:G,G:G,C:C,G:G,C:C,G:G,C:G,C:C,C:C,G:G,C:C,T:T,T:T,T:T,A:A,G:G,G:G,A:A,A:A,C:C,T:T,G:A,C:C,A:A,C:C,C:T,A:G,T:T,A:A,A:A,A:A,A:A,C:T,C:C,C:C,C:C,A:A,A:A,G:G,C:C
ASI8FmZlCFZGr,G:G,T:C,C:C,T:G,G:G,G:G,G:G,C:C,A:T,A:A,A:A,G:A,G:T,C:C,C:G,C:T,G:G,C:G,T:T,T:T,G:G,C:C,T:C,T:C,T:A,A:A,G:G,G:G,A:A,G:A,G:C,T:C,A:A,T:C,A:A,C:C,T:T,G:G,T:T,A:A,G:A,A:G,G:G,T:T,C:G,C:C,T:C,C:C,A:A,G:G,C:C
ASI8FDhoscHFD,A:A,C:C,C:C,G:G,G:G,G:G,G:G,C:C,A:A,A:A,A:A,A:A,T:T,C:C,G:G,C:T,G:G,C:C,C:C,T:T,G:G,T:T,T:T,T:T,T:T,A:A,G:G,G:G,A:A,A:A,C:C,T:C,G:A,T:T,A:A,G:C,C:T,G:G,T:T,A:A,G:A,A:G,A:G,T:T,C:G,G:G,T:C,C:C,G:G,G:G,C:C
ASI8FDW374oHF,A:A,T:C,C:C,T:G,A:G,C:G,C:G,G:C,T:T,A:A,A:A,G:G,G:T,C:C,C:G,C:T,?,C:C,C:C,T:T,G:G,C:C,T:T,T:T,T:T,A:A,G:G,G:G,A:A,A:A,G:C,T:T,G:A,C:C,A:A,G:C,C:T,A:G,T:T,A:A,A:A,A:G,A:G,T:T,G:G,C:C,T:C,C:C,A:G,G:G,C:C
ASI8F7i1PLHED,G:A,T:T,T:T,T:T,G:G,G:G,G:G,C:C,T:T,A:A,A:A,G:G,G:G,C:C,G:G,C:C,G:G,C:C,T:T,T:T,G:G,T:T,T:T,T:T,T:T,A:A,G:G,G:G,A:A,G:G,C:C,C:C,G:G,C:C,T:T,C:C,C:C,G:G,T:T,A:A,G:G,G:G,G:G,T:T,C:G,G:G,T:T,A:A,G:G,G:G,C:C
ASI8FC3ek9HE5,G:A,T:T,T:T,T:T,G:G,G:G,G:G,C:C,A:T,A:A,A:A,G:G,G:T,A:C,G:G,C:C,G:G,C:G,T:T,T:T,C:G,T:T,T:T,T:T,T:T,A:A,G:G,G:G,A:A,G:G,G:C,C:C,G:G,C:C,T:T,C:C,C:T,G:G,T:T,A:A,G:A,G:G,G:G,T:T,C:G,G:G,T:T,A:A,A:G,G:G,C:C
ASI8Fqhh23p7W,A:A,C:C,Uncallable,T:T,A:G,G:G,G:G,C:C,T:T,A:A,A:A,G:A,G:T,C:C,G:G,C:C,G:G,C:C,T:T,T:T,G:G,C:C,T:C,T:T,T:T,A:A,G:G,G:G,A:A,G:A,G:C,T:C,G:A,T:C,A:A,G:C,C:C,G:G,T:T,A:A,G:A,A:G,G:G,T:T,C:G,G:G,T:C,A:A,A:G,G:G,T:C
ASI8FITrBmeNi,A:A,T:C,C:C,T:G,A:G,G:G,G:G,C:C,A:T,A:A,A:A,G:G,G:G,C:C,C:G,C:C,G:G,G:G,T:T,T:T,G:G,C:C,T:T,T:T,T:T,A:A,G:G,G:G,A:A,G:A,G:C,T:T,G:A,C:C,A:A,G:C,C:T,A:G,T:T,A:A,A:A,A:G,A:A,C:T,C:G,C:C,T:C,A:A,A:A,G:G,C:C
ASI8FCXyZe3vx,A:A,C:C,C:C,T:G,A:A,G:G,G:G,C:C,A:A,A:A,A:A,G:G,G:G,C:C,G:G,C:C,G:G,C:G,C:C,C:C,G:G,C:C,T:T,T:T,T:T,A:A,G:G,G:G,A:A,A:A,C:C,T:T,G:A,C:C,A:A,C:C,C:T,A:G,T:T,A:A,A:A,A:A,A:A,C:T,C:C,C:C,C:C,A:A,A:A,G:G,C:C
ASI8FuMjjYBAq,G:G,T:C,C:C,T:G,G:G,G:G,G:G,C:C,A:T,A:A,A:A,G:A,G:T,C:C,C:G,C:T,G:G,C:G,T:T,T:T,G:G,C:C,T:C,T:C,T:A,A:A,G:G,G:G,A:A,G:A,G:C,T:C,A:A,T:C,A:A,C:C,T:T,G:G,T:T,A:A,G:A,A:G,G:G,T:T,C:G,C:C,T:C,C:C,A:A,G:G,C:C
ASI8FoXcry5x3,G:G,C:C,C:C,G:G,G:G,G:G,G:G,C:C,A:A,A:A,A:A,A:A,T:T,C:C,G:G,C:T,G:G,C:C,C:T,T:T,G:G,T:T,T:T,T:T,T:T,A:A,G:G,G:G,A:A,A:A,C:C,T:T,G:A,T:T,A:A,?,C:C,G:G,T:T,A:A,G:A,A:G,A:G,T:T,C:G,G:G,T:C,C:C,G:G,G:G,C:C
ASI8F0S2GuA6c,A:A,T:C,C:C,T:T,A:G,C:G,C:G,G:C,T:T,A:A,A:A,G:G,G:T,C:C,C:G,C:T,A:A,C:C,C:C,T:T,G:G,C:C,T:T,T:T,T:T,A:A,G:G,G:G,A:A,A:A,C:C,T:T,G:A,C:C,A:A,C:C,C:T,A:G,T:T,A:A,A:A,A:G,G:G,T:T,C:C,C:C,T:C,C:C,A:G,G:G,C:C
ASI8FIPJ2jp3f,G:A,T:T,T:T,T:T,G:G,G:G,G:G,C:C,T:T,A:A,A:A,G:G,G:G,A:C,G:G,C:C,A:A,C:C,T:T,T:T,G:G,T:T,T:T,T:T,T:T,A:A,G:G,G:G,A:A,G:G,G:C,C:C,G:G,C:C,T:T,C:C,C:C,G:G,T:T,A:A,G:G,G:G,G:G,T:T,C:G,G:G,T:T,A:A,A:G,G:G,C:C
ASI8FFzMDytQA,G:A,T:T,T:T,T:T,G:G,G:G,G:G,C:C,A:T,A:A,A:A,G:G,G:T,A:C,G:G,C:C,G:G,C:G,T:T,T:T,C:G,T:T,T:T,T:T,T:T,A:A,G:G,G:G,A:A,G:G,G:C,C:C,G:G,C:C,T:T,C:C,C:T,G:G,T:T,A:A,G:A,G:G,G:G,T:T,C:G,G:G,T:T,A:A,A:G,G:G,C:C
ASI8FmGlyN1Xl,A:A,T:C,T:C,T:T,A:G,G:G,G:G,C:C,T:T,A:A,A:A,G:A,G:T,C:C,G:G,C:C,G:G,C:C,T:T,T:T,G:G,C:C,T:T,T:T,T:T,A:A,G:G,G:G,A:A,G:A,G:C,T:C,G:A,T:C,A:A,G:C,C:C,G:G,T:T,A:A,G:A,A:G,A:G,T:T,C:G,G:G,T:C,A:A,A:G,G:G,T:C
ASI8FGFMEACLY,A:A,T:C,C:C,T:G,A:G,G:G,G:G,C:C,A:T,A:A,A:A,G:G,G:G,C:C,C:G,C:C,G:G,G:G,T:T,T:T,G:G,C:C,T:T,T:T,T:T,A:A,G:G,G:G,A:A,G:A,G:G,T:T,G:A,C:C,A:A,G:G,C:T,A:G,T:T,A:A,A:A,A:G,A:A,C:C,C:G,C:C,T:C,A:A,A:A,G:G,C:C
ASI8F33VwkRbq,G:G,C:C,C:C,G:G,G:G,G:G,G:G,C:C,A:A,A:A,A:A,A:A,T:T,C:C,G:G,C:T,G:G,C:C,C:C,T:T,G:G,C:C,C:C,C:C,T:A,A:A,G:G,G:G,A:A,A:A,C:C,C:C,A:A,T:T,A:A,C:C,T:T,G:G,T:T,A:A,G:G,A:A,G:G,T:T,C:C,G:G,C:C,C:C,A:A,G:G,C:C
ASI8FyZfYsWkm,A:A,T:C,C:C,T:G,G:G,G:G,G:G,C:C,A:T,A:A,A:A,G:A,G:T,C:C,C:G,C:T,G:G,C:G,T:T,T:T,G:G,C:C,T:C,T:C,T:A,A:A,G:G,G:G,A:A,G:A,G:C,T:C,A:A,T:C,A:A,C:C,T:T,G:G,T:T,A:A,G:A,A:G,G:G,T:T,C:G,C:C,T:C,C:C,A:A,G:G,C:C
ASI8FEa0GMO48,G:A,C:C,C:C,G:G,G:G,G:G,G:G,C:C,A:A,A:A,A:A,A:A,T:T,C:C,G:G,C:T,A:G,C:C,C:C,T:T,G:G,T:T,T:T,T:T,T:T,A:A,G:G,G:G,A:A,A:A,C:C,T:C,G:A,T:T,A:A,C:C,C:T,G:G,T:T,A:A,G:G,A:G,G:G,T:T,C:G,G:G,T:T,C:C,G:G,G:G,C:C
ASI8FYyjLuBIz,A:A,T:C,C:C,T:T,A:G,C:G,C:G,G:C,T:T,A:A,A:A,G:G,G:T,C:C,C:G,C:T,A:A,C:C,C:C,T:T,G:G,C:C,T:T,T:T,T:T,A:A,G:G,G:G,A:A,A:A,C:C,T:T,G:A,C:C,A:A,G:C,C:T,A:G,T:T,A:A,A:A,A:G,G:G,T:T,G:G,C:C,T:C,C:C,A:G,G:G,C:C
ASI8FZHLfKE6R,A:A,T:T,T:T,T:T,G:G,G:G,G:G,C:C,T:T,A:A,A:A,G:G,G:G,C:C,G:G,C:C,G:G,C:C,T:T,T:T,G:G,T:T,T:T,T:T,T:T,A:A,G:G,G:G,A:A,G:G,C:C,C:C,G:G,C:C,T:T,G:C,C:C,G:G,T:T,A:A,G:G,G:G,G:G,T:T,C:G,G:G,T:T,A:A,G:G,G:G,C:C
ASI8FnOPKaAsi,G:G,T:T,T:T,T:T,G:G,G:G,G:G,C:C,A:T,A:A,A:A,G:G,G:T,A:C,G:G,C:C,G:G,C:G,T:T,T:T,C:G,T:T,T:T,T:T,T:T,A:A,G:G,G:G,A:A,G:G,G:C,C:C,G:G,C:C,T:T,C:C,C:T,G:G,T:T,A:A,G:A,G:G,A:G,T:T,C:G,G:G,T:T,A:A,A:G,G:G,C:C
ASI8F4UqXvRaM,A:A,T:C,T:C,T:T,A:G,G:G,G:G,C:C,T:T,A:A,A:A,G:A,G:T,C:C,G:G,C:C,G:G,C:C,T:T,T:T,G:G,C:C,T:T,T:T,T:T,A:A,G:G,G:G,A:A,G:A,C:C,T:C,G:A,T:C,A:A,G:C,C:C,G:G,T:T,A:A,G:A,A:G,G:G,T:T,C:G,G:G,T:C,A:A,A:G,G:G,T:C
ASI8FdzXSl1gF,A:A,T:C,C:C,T:G,A:G,G:G,G:G,C:C,A:T,A:A,A:A,G:G,G:G,C:C,C:G,C:C,G:G,G:G,T:T,T:T,G:G,C:C,T:T,T:T,T:T,A:A,G:G,G:G,A:A,G:A,G:C,T:T,G:A,C:C,A:A,G:C,C:T,A:G,T:T,A:A,A:A,A:G,A:A,C:T,C:G,C:C,T:C,A:A,A:A,G:G,C:C
ASI8F9c9u4gFe,G:A,C:C,C:C,G:G,G:G,G:G,G:G,C:C,A:A,A:A,A:A,A:A,T:T,A:C,G:G,C:T,G:G,C:C,C:C,T:T,G:G,C:C,C:C,C:C,T:A,A:A,G:G,G:G,A:A,A:A,C:C,C:C,A:A,T:T,A:A,C:C,T:T,G:G,T:T,A:A,G:G,A:A,G:G,T:T,C:C,?,C:C,C:C,A:A,G:G,C:C
ASI8FL2MvOSXJ,A:A,T:T,T:T,T:T,G:G,C:C,C:G,G:G,T:T,A:A,A:A,A:A,T:T,C:C,G:G,C:T,G:G,G:G,T:T,T:T,G:G,C:C,T:T,T:T,T:T,A:A,G:G,G:G,A:A,A:A,G:C,C:C,A:A,T:T,T:T,C:C,C:C,A:A,T:T,A:A,A:A,G:G,A:A,C:C,C:G,C:C,T:T,A:A,G:G,G:G,C:C
ASI8FwP67I8ln,A:A,C:C,C:C,T:G,A:G,G:G,G:G,C:C,A:A,A:A,A:A,G:A,G:T,C:C,G:G,C:T,A:A,C:C,C:C,T:T,G:G,C:C,T:C,T:C,T:A,A:A,G:G,G:G,A:A,A:A,C:C,T:C,A:A,T:C,A:A,G:C,T:T,G:G,T:T,A:A,G:A,A:A,A:G,T:T,C:C,C:C,C:C,C:C,A:A,G:G,C:C
ASI8FRIsk9WXX,A:A,T:C,C:C,T:T,A:G,C:G,C:G,G:C,T:T,A:A,A:A,G:G,G:T,C:C,C:G,C:T,G:G,C:C,C:C,T:T,G:G,C:C,T:T,T:T,T:T,A:A,G:G,G:G,A:A,A:A,C:C,T:T,G:A,C:C,A:A,G:G,?,A:G,T:T,A:A,A:A,A:G,A:A,T:T,G:G,C:C,T:C,C:C,A:G,G:G,C:C
ASI8F8isvriea,A:A,T:C,T:C,T:T,A:G,G:G,G:G,C:C,T:T,A:A,A:A,G:G,G:G,C:C,G:G,C:C,G:G,C:C,T:T,T:T,G:G,C:C,T:T,T:T,T:T,A:A,G:G,G:G,A:A,G:A,C:C,T:C,G:A,C:C,A:A,G:C,C:T,G:G,T:T,A:A,G:A,A:G,G:G,T:T,C:G,C:C,T:C,A:A,A:G,G:G,C:C
ASI8FvH7Hf0CV,G:A,T:T,T:T,T:T,G:G,G:G,G:G,C:C,T:T,A:A,A:A,G:G,G:G,C:C,G:G,C:C,A:A,C:C,T:T,T:T,G:G,T:T,T:T,T:T,T:T,A:A,G:G,G:G,A:A,G:G,C:C,C:C,G:G,C:C,T:T,C:C,C:C,G:G,T:T,A:A,G:G,G:G,G:G,T:T,C:G,?,T:T,A:A,G:G,G:G,C:C
ASI8F3VnRh732,A:A,T:C,T:C,T:T,A:G,G:G,G:G,C:C,T:T,A:A,A:A,G:A,G:T,C:C,G:G,C:C,G:G,C:C,T:T,T:T,G:G,C:C,T:T,T:T,T:T,A:A,G:G,G:G,A:A,G:A,G:C,T:C,G:A,T:C,A:A,C:C,C:C,G:G,T:T,A:A,G:A,A:G,G:G,T:T,C:G,G:G,T:C,A:A,A:G,G:G,T:C
ASI8FG2dvr2nA,A:A,T:C,C:C,T:G,A:G,G:G,G:G,C:C,A:T,A:A,A:A,G:G,G:G,C:C,C:G,C:C,G:G,G:G,T:T,T:T,G:G,C:C,T:T,T:T,T:T,A:A,G:G,G:G,A:A,G:A,G:C,T:C,G:A,C:C,A:A,C:C,C:T,A:G,T:T,A:A,A:A,A:G,A:A,C:T,C:G,C:C,T:C,A:A,A:A,G:G,C:C
ASI8FYB2tVUZH,A:A,C:C,C:C,T:G,A:G,G:G,G:G,C:C,A:A,A:A,A:A,G:A,G:T,C:C,G:G,C:T,G:G,C:C,C:C,T:T,G:G,C:C,T:C,T:C,T:A,A:A,G:G,G:G,A:A,A:A,C:C,T:C,A:A,T:C,A:A,C:C,T:T,G:G,T:T,A:A,G:A,A:A,G:G,T:T,C:C,C:C,C:C,C:C,A:A,G:G,C:C
ASI8FAJzWNMD8,A:A,T:T,T:T,T:T,G:G,C:C,C:G,G:G,T:T,A:A,A:A,A:A,T:T,C:C,G:G,C:T,G:G,G:G,T:T,T:T,G:G,C:C,T:T,T:T,T:T,A:A,G:G,G:G,A:A,A:A,G:C,C:C,A:A,T:T,T:T,C:C,C:C,A:A,T:T,A:A,A:A,G:G,A:A,C:C,C:G,C:C,T:T,A:A,G:G,G:G,C:C
ASI8FkQgTLXUR,A:A,C:C,C:C,G:G,G:G,G:G,G:G,C:C,A:A,A:A,A:A,A:A,T:T,C:C,G:G,C:T,A:A,C:C,C:C,T:T,G:G,T:T,T:T,T:T,T:T,A:A,G:G,G:G,A:A,A:A,C:C,T:C,G:G,T:T,T:T,C:C,C:T,G:G,T:T,A:A,G:A,G:G,G:G,T:T,C:G,G:G,T:C,C:C,G:G,G:G,C:C
ASI8Fy4w6jNmA,A:A,T:C,C:C,T:T,A:G,C:G,C:G,G:C,T:T,A:A,A:A,G:G,G:T,C:C,C:G,C:T,?,C:C,C:C,T:T,G:G,C:C,T:T,T:T,T:T,A:A,G:G,G:G,A:A,A:A,C:C,T:T,G:A,C:C,A:A,C:C,C:T,A:G,T:T,A:A,A:A,A:G,G:G,T:T,C:C,C:C,T:C,C:C,A:G,G:G,C:C
ASI8FrOtISXtW,A:A,T:C,T:C,T:T,A:G,G:G,G:G,C:C,T:T,A:A,A:A,G:G,G:G,C:C,G:G,C:C,A:A,C:C,T:T,T:T,G:G,C:C,T:T,T:T,T:T,A:A,G:G,G:G,A:A,G:A,C:C,T:C,G:A,C:C,A:A,G:G,C:T,G:G,T:T,A:A,G:A,A:G,A:G,T:T,C:G,C:C,T:C,A:A,A:G,G:G,C:C
ASI8F2af7EvdU,G:G,T:T,T:T,T:T,G:G,G:G,G:G,C:C,A:T,A:A,A:A,G:G,G:T,A:C,G:G,C:C,G:G,C:G,T:T,T:T,C:G,T:T,T:T,T:T,T:T,A:A,G:G,G:G,A:A,G:G,G:C,C:C,G:G,C:C,T:T,C:C,C:T,G:G,T:T,A:A,G:A,G:G,G:G,T:T,C:G,G:G,T:T,A:A,A:G,G:G,C:C
ASI8FIVEoolTl,A:A,T:C,T:C,T:T,A:G,G:G,G:G,C:C,T:T,A:A,A:A,G:A,G:T,C:C,G:G,C:C,G:G,C:C,T:T,T:T,G:G,C:C,T:T,T:T,T:T,A:A,G:G,G:G,A:A,G:A,C:C,T:C,G:A,T:C,A:A,G:G,C:C,G:G,T:T,A:A,G:A,A:G,A:G,T:T,C:G,G:G,T:C,A:A,A:G,G:G,T:C
ASI8FaV10R6hW,A:A,C:C,C:C,G:G,A:A,G:G,G:G,C:C,A:A,A:A,A:A,G:G,G:G,C:C,G:G,C:C,G:G,G:G,C:C,C:C,G:G,C:C,T:T,T:T,T:T,A:A,G:G,G:G,A:A,A:A,G:C,T:T,G:G,C:C,A:A,C:C,C:C,A:A,T:T,A:A,A:A,A:A,A:A,C:C,C:C,C:C,C:C,A:A,A:A,G:G,C:C
ASI8FEUwkt7xp,A:A,C:C,C:C,T:G,A:G,G:G,G:G,C:C,A:A,A:A,A:A,G:A,G:T,C:C,G:G,C:T,A:A,C:C,C:C,T:T,G:G,C:C,T:C,T:C,T:A,A:A,G:G,G:G,A:A,A:A,C:C,T:C,A:A,T:C,A:A,C:C,T:T,G:G,T:T,A:A,G:A,A:A,G:G,T:T,C:C,C:C,C:C,C:C,A:A,G:G,C:C
ASI8FneSnIoc2,A:A,T:T,T:T,T:T,G:G,C:C,C:G,G:G,T:T,A:A,A:A,A:A,T:T,C:C,G:G,C:T,G:G,G:G,T:T,T:T,G:G,C:C,T:T,T:T,T:T,A:A,G:G,G:G,A:A,A:A,G:C,C:C,A:A,T:T,T:T,C:C,C:C,A:A,T:T,A:A,A:A,G:G,A:A,C:C,C:G,C:C,T:T,A:A,G:G,G:G,C:C
ASI8FlnxYOmsY,A:A,C:C,C:C,T:G,A:G,G:G,G:G,C:C,A:T,A:A,A:A,A:A,T:T,C:C,G:G,C:T,G:G,C:C,C:T,T:T,G:G,C:C,T:T,T:T,T:T,A:A,G:G,G:G,A:A,A:A,C:C,T:T,A:A,T:T,A:A,G:C,C:T,G:G,T:T,A:A,A:A,A:A,G:G,T:T,G:G,G:G,C:C,C:C,A:G,G:G,T:C
ASI8FlKlUnEr3,A:A,T:C,C:C,T:T,A:G,C:G,C:G,G:C,T:T,A:A,A:A,G:G,G:T,C:C,C:G,C:T,A:A,C:C,C:C,T:T,G:G,C:C,T:T,T:T,T:T,A:A,G:G,G:G,A:A,A:A,C:C,T:T,G:A,C:C,A:A,C:C,C:T,A:G,T:T,A:A,A:A,A:G,A:G,T:T,C:C,C:C,T:C,C:C,A:G,G:G,C:C
ASI8Fk4A01rk4,G:G,T:T,T:T,T:T,G:G,G:G,G:G,C:C,T:T,A:A,A:A,G:G,G:G,C:C,G:G,C:C,A:A,C:C,T:T,T:T,G:G,T:T,T:T,T:T,T:T,A:A,G:G,G:G,A:A,G:G,C:C,C:C,G:G,C:C,T:T,G:C,C:C,G:G,T:T,A:A,G:G,G:G,G:G,T:T,C:G,G:G,T:T,A:A,G:G,G:G,C:C
ASI8FxFqMo7hl,A:A,T:T,T:T,T:T,G:G,G:G,G:G,C:C,A:T,A:A,A:A,G:G,G:T,A:C,G:G,C:C,G:G,C:G,T:T,T:T,C:G,T:T,T:T,T:T,T:T,A:A,G:G,G:G,A:A,G:G,G:C,C:C,G:G,C:C,T:T,G:C,C:T,G:G,T:T,A:A,G:A,G:G,G:G,T:T,C:G,G:G,T:T,A:A,A:G,G:G,C:C
ASI8FZ5Zss1c3,A:A,T:C,T:C,T:T,A:G,G:G,G:G,C:C,T:T,A:A,A:A,G:A,G:T,C:C,G:G,C:C,G:G,C:C,T:T,T:T,G:G,C:C,T:T,T:T,T:T,A:A,G:G,G:G,A:A,G:A,C:C,T:C,G:A,T:C,A:A,G:C,C:C,G:G,T:T,A:A,G:A,A:G,G:G,T:T,C:G,G:G,T:C,A:A,A:G,G:G,T:C
ASI8FvaTHB2GZ,A:A,T:C,T:C,T:G,A:G,G:G,G:G,C:C,A:A,A:A,A:A,G:G,G:T,A:C,G:G,C:C,G:G,G:G,T:T,C:C,C:G,C:C,T:T,T:T,T:T,A:A,G:G,G:G,A:A,A:A,G:C,T:C,G:G,C:C,A:A,C:C,C:T,A:G,T:T,A:A,A:A,A:G,A:A,C:T,C:G,G:C,T:C,A:A,A:A,G:G,C:C
ASI8FYNMkY8JS,A:A,C:C,C:C,T:G,A:G,G:G,G:G,C:C,A:A,A:A,A:A,G:A,G:T,C:C,G:G,C:T,?,C:C,C:T,T:T,G:G,C:C,T:C,T:C,T:A,A:A,G:G,G:G,A:A,A:A,C:C,T:C,A:A,T:C,A:A,C:C,T:T,G:G,T:T,A:A,G:A,A:A,G:G,T:T,C:C,C:C,C:C,C:C,A:A,G:G,C:C
ASI8FGKx47Fvh,?,T:C,T:C,T:G,G:G,G:G,G:G,C:C,A:A,A:A,A:A,G:A,T:T,A:C,G:G,C:T,G:G,C:G,T:T,T:T,C:G,C:C,T:C,T:C,T:A,A:A,G:G,G:G,A:A,A:A,G:C,C:C,G:A,T:C,A:A,C:C,T:T,G:G,T:T,A:A,G:A,A:G,A:G,T:T,C:G,G:G,T:C,C:C,A:A,G:G,C:C
ASI8FlURnyKmy,G:A,C:C,C:C,G:G,G:G,G:G,G:G,C:C,A:A,A:A,A:A,A:A,T:T,C:C,G:G,C:T,?,C:C,T:T,T:T,G:G,T:T,T:T,T:T,T:T,A:A,G:G,G:G,A:A,A:A,G:G,T:T,G:G,T:T,T:T,G:C,C:C,G:G,T:T,A:A,G:A,A:G,?,T:T,C:C,?,T:C,C:C,G:G,G:G,C:C
ASI8F52R2pHGs,A:A,T:C,T:C,T:T,G:G,G:G,G:G,C:C,T:T,A:A,A:A,G:G,G:G,C:C,C:G,C:T,G:G,C:G,T:T,T:T,G:G,C:C,T:T,T:T,T:T,A:A,G:G,G:G,A:A,G:G,G:C,T:C,G:A,C:C,A:A,G:G,T:T,G:G,T:T,A:A,A:A,G:G,A:G,T:T,C:G,C:C,T:T,C:C,A:G,G:G,C:C
ASI8FRwKi64DP,A:A,T:T,T:C,T:T,G:G,G:G,G:G,C:C,T:T,A:A,A:A,G:G,G:G,C:C,C:G,C:C,G:G,C:G,T:T,T:T,G:G,T:T,T:T,T:T,T:A,A:A,G:G,G:G,A:A,G:G,G:C,T:C,G:A,C:C,A:A,G:C,C:T,G:G,T:T,A:A,G:A,G:G,G:G,T:T,C:G,C:C,T:T,A:A,A:G,G:G,C:C
ASI8Ft3CWMFkO,?,T:T,T:T,T:T,G:G,G:G,G:G,C:C,?,A:A,A:A,G:G,G:G,C:C,?,C:C,G:G,C:C,T:T,?,G:G,?,T:C,T:T,?,A:A,G:G,G:G,A:A,G:G,?,C:C,G:G,C:C,T:T,C:C,C:C,G:G,?,?,G:G,G:G,?,?,C:G,G:G,?,A:A,G:G,?,C:C
ASI8F3v7KZsX5,A:A,C:C,C:C,G:G,A:A,G:G,G:G,C:C,?,A:A,A:A,G:G,?,?,?,C:C,G:G,?,C:C,?,G:G,C:C,T:C,T:T,?,A:A,G:G,?,A:A,A:A,?,T:T,G:G,C:C,A:A,?,?,A:A,T:T,?,A:A,A:A,?,C:C,C:C,C:C,?,A:A,A:A,?,C:C
ASI8FarAGeaWL,A:A,T:C,T:C,T:G,A:G,G:G,G:G,C:C,A:A,A:A,A:A,G:G,G:T,A:C,G:G,C:C,G:G,G:G,T:T,C:C,C:G,C:C,T:T,T:T,T:T,A:A,G:G,G:G,A:A,A:A,G:C,T:C,G:G,C:C,A:A,C:C,C:T,A:G,T:T,A:A,A:A,A:G,A:A,C:T,C:G,G:C,T:C,A:A,A:A,G:G,C:C
ASI8FxizNXeQa,A:A,C:C,C:C,G:G,G:G,G:G,G:G,C:C,A:A,A:A,A:A,A:A,T:T,C:C,G:G,C:T,A:A,C:C,C:C,T:T,G:G,C:C,C:C,C:C,T:A,A:A,G:G,G:G,A:A,A:A,C:C,C:C,A:A,T:T,A:A,C:C,T:T,G:G,T:T,A:A,G:G,A:A,G:G,T:T,C:C,?,C:C,C:C,A:A,G:G,C:C
ASI8F5FYbVsWl,G:A,T:C,T:C,T:G,G:G,G:G,G:G,C:C,A:A,A:A,A:A,G:A,T:T,A:C,G:G,C:T,G:G,C:G,T:T,T:T,C:G,C:C,T:C,T:C,T:A,A:A,G:G,G:G,A:A,A:A,G:C,C:C,G:A,T:C,A:A,C:C,T:T,G:G,T:T,A:A,G:A,A:G,G:G,T:T,C:G,G:G,T:C,A:C,A:A,G:G,C:C
ASI8FerNxyGay,A:A,C:C,C:C,T:G,A:G,G:G,G:G,C:C,A:T,A:A,A:A,A:A,T:T,C:C,G:G,C:T,G:G,C:C,C:C,T:T,G:G,C:C,T:T,T:T,T:T,A:A,G:G,G:G,A:A,A:A,C:C,T:T,G:A,T:T,A:A,G:C,C:C,G:G,T:T,A:A,G:A,A:A,G:G,T:T,C:G,G:G,C:C,C:C,A:G,G:G,T:C
ASI8FbsN9izY0,A:A,T:C,T:C,T:T,G:G,G:G,G:G,C:C,T:T,A:A,A:A,G:G,G:G,C:C,C:G,C:T,G:G,C:G,T:T,T:T,G:G,C:C,T:T,T:T,T:T,A:A,A:G,G:G,A:A,G:G,G:C,T:C,G:A,C:C,A:A,G:C,T:T,G:G,T:T,A:A,A:A,G:G,A:G,T:T,C:G,C:C,T:T,C:C,A:G,G:G,C:C
ASI8F2sbB5OQf,A:A,T:T,T:C,T:T,G:G,G:G,G:G,C:C,T:T,A:A,A:A,G:G,G:G,A:C,C:G,C:C,G:G,C:G,T:T,T:T,G:G,T:T,T:T,T:T,T:T,A:A,G:G,G:G,A:A,G:G,G:C,T:T,G:A,C:C,A:A,C:C,C:T,G:G,T:T,A:A,G:A,G:G,G:G,T:T,C:G,C:C,T:T,A:A,A:G,G:G,C:C
ASI8FzeQ5WltO,A:A,T:T,T:C,T:G,A:G,G:G,G:G,C:C,T:T,A:A,A:A,G:G,G:G,C:C,G:G,C:C,G:G,C:G,T:T,T:T,G:G,C:C,T:T,T:T,T:T,A:A,G:G,G:G,A:A,G:G,C:C,C:C,G:A,C:C,A:A,G:C,C:T,G:G,T:T,A:A,G:A,A:G,G:G,T:T,C:G,C:C,T:C,A:A,A:G,G:G,C:C
ASI8Fg8hPIY9L,A:A,C:C,C:C,G:G,A:A,G:G,G:G,C:C,A:A,A:A,A:A,G:G,G:G,C:C,G:G,C:C,G:G,G:G,C:T,T:C,G:G,C:C,T:T,T:T,T:T,A:A,G:G,G:G,A:A,A:A,C:C,T:T,G:G,C:C,A:A,C:C,C:C,A:A,T:T,A:A,A:A,A:A,A:A,C:C,C:C,C:C,C:C,A:A,A:A,G:G,C:C
ASI8FvZORFruX,A:A,C:C,C:C,T:G,A:A,G:G,G:G,C:C,A:A,A:A,A:A,G:G,G:G,C:C,G:G,C:C,G:G,C:G,C:C,C:C,G:G,C:C,T:T,T:T,T:T,A:A,G:G,G:G,A:A,A:A,C:C,T:T,G:A,C:C,A:A,G:C,C:T,A:G,T:T,A:A,A:A,A:A,A:A,C:T,C:C,C:C,C:C,A:A,A:A,G:G,C:C
ASI8FXfqv8VK7,G:G,C:C,C:C,G:G,G:G,G:G,G:G,C:C,A:A,A:A,A:A,A:A,T:T,C:C,G:G,C:T,A:G,C:C,C:C,T:T,G:G,C:C,C:C,C:C,A:A,A:A,G:G,G:G,A:A,A:A,C:C,C:C,A:A,T:T,A:A,C:C,T:T,G:G,T:T,A:A,G:G,A:A,G:G,T:T,C:C,G:G,C:C,C:C,A:A,G:G,C:C
ASI8FzMqH5x2Y,A:A,T:T,T:T,T:T,G:G,C:C,C:G,G:G,T:T,A:A,A:A,A:A,T:T,C:C,G:G,C:T,G:G,G:G,T:T,T:T,G:G,C:C,T:T,T:T,T:T,A:A,G:G,G:G,A:A,A:A,G:G,C:C,A:A,T:T,T:A,G:G,C:C,A:A,T:T,A:A,A:A,G:G,A:A,C:C,C:G,C:C,T:T,A:A,G:G,G:G,C:C
ASI8Fc06I5Dvt,A:A,C:C,C:C,T:G,A:G,G:G,G:G,C:C,A:T,A:A,A:A,A:A,T:T,C:C,G:G,C:T,G:G,C:C,C:C,T:T,G:G,C:C,T:T,T:T,T:T,A:A,G:G,G:G,A:A,A:A,G:C,T:C,G:A,T:T,A:A,G:G,C:C,G:G,T:T,A:A,G:A,A:A,G:G,T:T,C:G,G:G,T:T,C:C,A:G,G:G,T:C
ASI8FhnySRD5X,A:A,T:C,T:C,T:T,G:G,G:G,G:G,C:C,T:T,A:A,A:A,G:G,G:G,C:C,C:G,C:T,G:G,C:G,T:T,T:T,G:G,C:C,T:T,T:T,T:T,A:A,A:G,G:G,A:A,G:G,G:C,T:C,G:A,C:C,A:A,C:C,T:T,G:G,T:T,A:A,A:A,G:G,G:G,T:T,C:G,C:C,T:T,C:C,A:G,G:G,C:C
ASI8FvO8zwKgU,?,T:T,T:C,T:T,G:G,G:G,G:G,C:C,T:T,A:A,A:A,G:G,G:G,C:C,C:G,C:C,G:G,C:G,T:T,T:T,G:G,T:T,T:T,T:T,T:T,A:A,G:G,G:G,A:A,G:G,G:C,C:C,G:A,C:C,A:A,G:C,C:T,G:G,T:T,A:A,G:A,G:G,G:G,T:T,C:G,C:C,T:T,A:A,A:G,G:G,C:C
ASI8FLUJsO24p,?,T:T,T:T,T:T,G:G,G:G,G:G,C:C,T:T,A:A,A:A,G:G,G:G,C:C,G:G,C:C,G:G,C:C,T:T,T:T,G:G,T:T,T:T,T:T,T:T,A:A,G:G,G:G,A:A,G:G,C:C,C:C,G:G,C:C,T:T,C:C,C:C,G:G,T:T,A:A,G:G,G:G,G:G,T:T,C:G,G:G,T:T,A:A,G:G,G:G,C:C
ASI8F3Wbmg6Ms,A:A,C:C,C:C,G:G,A:A,G:G,G:G,C:C,A:A,A:A,A:A,G:G,G:G,C:C,G:G,C:C,G:G,G:G,C:T,C:C,G:G,C:C,T:T,T:T,T:T,A:A,G:G,G:G,A:A,A:A,C:C,T:T,G:G,C:C,A:A,C:C,C:C,A:A,T:T,A:A,A:A,A:A,A:A,C:C,C:C,C:C,C:C,A:A,A:A,G:G,C:C
ASI8Fk27Mgagl,A:A,C:C,C:C,T:G,A:A,G:G,G:G,C:C,A:A,A:A,A:A,G:G,G:G,C:C,G:G,C:C,G:G,C:G,C:C,C:C,G:G,C:C,T:T,T:T,T:T,A:A,G:G,G:G,A:A,A:A,C:C,T:T,G:A,C:C,A:A,C:C,C:T,A:G,T:T,A:A,A:A,A:A,A:A,C:C,C:C,C:C,C:C,A:A,A:A,G:G,C:C
ASI8FtMVAFrub,A:A,C:C,C:C,G:G,G:G,G:G,G:G,C:C,A:A,A:A,A:A,A:A,T:T,C:C,G:G,C:T,G:G,C:C,T:T,T:T,G:G,C:C,T:C,T:C,T:T,A:A,G:G,G:G,A:A,A:A,G:G,T:C,G:A,T:T,A:A,?,C:T,G:G,T:T,A:A,G:G,A:G,?,T:T,C:C,C:C,T:C,A:C,A:G,G:G,C:C
ASI8FLTsk9RrB,A:A,C:C,C:C,G:G,G:G,G:G,G:G,C:C,A:A,A:A,A:A,A:A,T:T,C:C,G:G,C:T,?,C:C,T:T,T:T,G:G,T:C,T:T,T:T,T:T,A:A,G:G,G:G,?,A:A,C:C,T:T,G:A,T:T,A:A,C:C,C:T,G:G,T:T,A:A,G:A,A:A,A:G,T:T,C:G,G:C,T:T,A:A,G:G,G:G,C:C
ASI8FvK2s32wZ,?,C:C,C:C,G:G,G:G,G:G,G:G,C:C,A:A,A:A,A:A,A:A,T:T,C:C,G:G,C:T,?,C:C,C:C,T:T,G:G,T:T,T:T,T:T,T:T,A:A,G:G,G:G,A:A,A:A,G:C,T:C,A:A,T:T,A:A,G:G,?,G:G,T:T,A:A,G:A,A:G,?,T:T,C:G,G:G,T:C,C:C,G:G,G:G,C:C
ASI8Fhb2jqHqg,A:A,T:T,T:C,T:T,G:G,G:G,G:G,C:C,T:T,A:A,A:A,G:G,G:G,C:C,C:G,C:C,G:G,C:G,T:T,T:T,G:G,T:T,T:T,T:T,T:T,A:A,G:G,G:G,A:A,G:G,G:C,T:C,G:A,C:C,A:A,C:C,C:T,G:G,T:T,A:A,G:A,G:G,G:G,T:T,C:G,C:C,T:T,A:A,A:G,G:G,C:C
ASI8FfThWaQg1,A:A,T:T,T:T,T:T,G:G,G:G,G:G,C:C,T:T,A:A,A:A,G:G,G:G,C:C,G:G,C:C,G:G,C:C,T:T,T:T,G:G,T:T,T:T,T:T,T:T,A:A,G:G,G:G,A:A,G:G,C:C,C:C,G:G,C:C,T:A,G:C,C:C,G:G,T:T,A:A,G:G,G:G,G:G,T:T,C:G,G:G,T:T,A:A,G:G,G:G,C:C
ASI8FKbeTb71R,A:A,C:C,C:C,G:G,A:A,G:G,G:G,C:C,A:A,A:A,A:A,G:G,G:G,C:C,G:G,C:C,G:G,G:G,C:T,C:C,G:G,C:C,T:T,T:T,T:T,A:A,G:G,G:G,A:A,A:A,C:C,T:T,G:G,C:C,A:A,C:C,C:C,A:A,T:T,A:A,A:A,A:A,A:A,C:C,C:C,C:C,C:C,A:A,A:A,G:G,C:C
ASI8FZIjl97D2,A:A,C:C,C:C,T:G,A:A,G:G,G:G,C:C,A:A,A:A,A:A,G:G,G:G,C:C,G:G,C:C,G:G,C:G,C:C,T:T,G:G,C:C,T:T,T:T,T:T,A:A,G:G,G:G,A:A,A:A,C:C,T:T,G:A,C:C,A:A,G:C,C:T,A:G,T:T,A:A,A:A,A:A,A:A,C:C,C:G,C:C,C:C,A:A,A:A,G:G,C:C
ASI8FGqslZcxP,A:A,?,C:C,T:G,G:G,G:G,G:G,C:C,?,A:A,?,G:A,?,?,?,?,G:G,?,T:T,?,G:G,C:C,C:C,T:C,?,A:A,?,?,A:A,A:A,?,C:C,A:A,T:C,A:A,?,?,G:G,?,?,?,A:G,?,?,C:G,C:C,?,C:C,A:A,?,?
ASI8Fnck4YPaY,?,?,?,T:G,A:G,G:G,G:G,C:C,?,?,?,G:A,?,?,?,?,?,?,T:T,?,?,?,?,?,?,?,?,?,A:A,?,?,C:C,A:A,?,A:A,?,?,?,?,?,?,A:A,?,?,G:G,?,?,?,?,?,?
ASI8FHtztEDPi,A:A,C:C,T:T,T:T,G:G,G:G,G:G,C:C,T:T,A:A,A:A,G:G,G:G,C:C,C:C,C:T,G:G,C:C,C:T,T:T,G:G,C:C,T:T,T:T,T:T,A:A,G:G,G:G,A:A,G:G,C:C,T:T,G:A,C:C,A:A,C:C,T:T,G:G,T:T,G:A,A:A,G:G,G:G,T:T,G:G,C:C,T:C,C:C,A:A,G:G,C:C
ASI8FNGNZ59S3,A:A,C:C,T:C,T:T,A:G,G:G,G:G,C:C,T:T,A:A,A:A,G:A,G:T,C:C,G:G,C:T,G:G,C:C,C:T,T:T,G:G,C:C,T:T,T:T,T:T,A:A,G:G,G:G,A:A,G:A,C:C,T:T,G:A,T:C,A:A,G:C,C:T,G:G,T:T,A:A,A:A,A:G,G:G,T:T,G:G,G:G,T:C,A:C,A:G,G:G,T:C
ASI8Fgu6RedYq,A:A,C:C,T:C,T:T,A:G,G:G,G:G,C:C,T:T,A:A,A:A,G:A,G:T,A:C,G:G,C:T,G:G,C:C,C:T,T:T,G:G,C:C,T:T,T:T,T:T,A:A,G:G,G:G,A:A,G:A,C:C,T:T,G:A,T:C,A:A,G:G,C:T,G:G,T:T,A:A,A:A,A:G,G:G,T:T,G:G,G:G,T:C,C:C,A:G,G:G,T:C
ASI8FmSWe7epV,A:A,C:C,C:C,G:G,G:G,G:G,G:G,C:C,T:T,A:A,G:A,G:G,G:G,C:C,G:G,C:T,G:G,C:G,T:T,T:T,G:G,C:C,T:T,T:T,T:T,A:A,G:G,G:G,A:A,G:A,C:C,T:C,A:A,C:C,A:A,C:C,T:T,G:G,T:T,A:A,G:A,A:G,G:G,T:T,C:G,C:C,T:C,A:C,A:G,G:G,C:C
ASI8FbEJOI0pt,?,C:C,C:C,G:G,G:G,G:G,G:G,C:C,?,A:A,G:G,G:G,G:G,C:C,?,C:T,G:G,?,C:T,?,G:G,T:T,T:C,T:T,T:T,A:A,G:G,G:G,A:A,A:A,?,T:T,A:A,C:C,A:A,G:G,T:T,G:G,T:T,G:G,A:A,G:G,?,T:T,C:G,C:C,T:T,C:C,G:G,G:G,C:C
ASI8F4H9KBCN4,A:A,C:C,C:C,T:G,A:G,G:G,G:G,C:C,T:T,A:A,G:A,G:A,G:T,C:C,G:G,C:T,G:G,C:G,C:C,C:C,G:G,C:C,T:T,T:T,T:T,A:A,G:G,G:G,A:A,A:A,C:C,T:T,A:A,T:C,A:A,G:G,?,G:G,T:T,A:A,G:A,A:G,A:G,T:T,C:C,G:C,T:C,C:C,A:G,G:G,T:C
ASI8F4jHqeqVG,A:A,C:C,C:C,G:G,G:G,G:G,G:G,C:C,A:A,A:A,A:A,G:G,G:G,C:C,C:C,C:T,G:G,G:G,C:C,T:T,G:G,C:C,T:C,T:T,T:T,A:A,G:G,G:G,A:A,A:A,C:C,T:T,G:G,C:C,T:T,?,T:T,A:A,T:T,A:A,A:A,G:G,?,T:T,C:C,C:C,C:C,C:C,A:A,G:G,C:C
ASI8FUMsu7a1c,A:A,C:C,C:C,T:G,A:G,C:G,C:G,G:C,T:T,A:A,A:A,G:G,G:G,C:C,G:G,C:T,G:G,C:G,T:T,C:C,G:G,C:C,T:T,T:T,T:T,A:A,G:G,A:G,A:A,A:A,G:C,T:C,A:A,C:C,A:A,G:C,T:T,G:G,T:T,A:A,G:A,A:A,G:G,T:T,C:G,C:C,T:C,A:A,A:G,G:G,C:C
ASI8FIMV3W8F7,?,?,?,T:G,G:G,C:G,C:G,G:C,?,?,?,?,?,?,?,?,G:G,?,T:T,?,G:G,?,C:C,T:C,?,A:A,?,?,A:A,?,?,C:C,G:A,C:C,A:A,?,?,?,?,?,?,A:G,?,?,C:G,C:C,?,?,?,?,?
ASI8FXJ1qVBlf,A:A,C:C,T:C,T:T,A:G,G:G,G:G,C:C,T:T,A:A,A:A,G:A,G:T,C:C,G:G,C:T,G:G,C:C,C:C,T:T,G:G,C:C,T:T,T:T,T:T,A:A,G:G,G:G,A:A,G:A,C:C,T:T,G:A,T:C,A:A,C:C,C:T,G:G,T:T,A:A,A:A,A:G,G:G,T:T,G:G,G:G,T:C,C:C,A:G,G:G,T:C
ASI8FoJsqAQC8,A:A,C:C,T:C,T:T,A:G,G:G,G:G,C:C,T:T,A:A,A:A,G:A,G:T,C:C,C:G,C:T,G:G,C:C,C:C,T:T,G:G,C:C,T:T,T:T,T:T,A:A,G:G,G:G,A:A,G:A,C:C,T:T,G:A,T:C,A:A,C:C,C:T,G:G,T:T,A:A,A:A,A:G,G:G,T:T,G:G,G:G,T:C,C:C,A:G,G:G,T:C
ASI8FpCDtd7Gy,Uncallable,T:T,C:C,T:G,G:G,G:G,G:G,C:C,T:T,A:A,G:A,G:G,G:G,C:C,C:G,C:T,G:G,C:G,T:T,T:T,G:G,T:T,T:T,T:T,T:T,A:A,G:G,G:G,A:A,G:A,G:C,T:T,A:A,C:C,A:A,G:C,T:T,G:G,T:T,A:A,A:A,G:G,G:G,T:T,C:G,C:C,T:C,C:C,A:G,G:G,C:C
ASI8FSBfPSSNV,A:A,C:C,C:C,T:G,A:G,G:G,G:G,C:C,T:T,A:A,G:A,G:G,G:G,C:C,G:G,C:T,G:G,C:C,C:T,T:T,G:G,C:C,T:T,T:T,T:T,A:A,G:G,G:G,A:A,A:A,?,T:T,A:A,C:C,A:A,G:C,T:T,G:G,T:T,A:A,A:A,A:G,A:G,T:T,C:G,C:C,C:C,C:C,A:G,G:G,C:C
ASI8FXhcgde6a,A:A,C:C,C:C,G:G,G:G,G:G,G:G,C:C,A:A,A:A,A:A,G:G,G:G,C:C,C:C,C:T,G:G,C:C,C:C,T:T,G:G,C:C,T:T,T:T,T:T,A:A,G:G,G:G,A:A,A:A,G:C,T:T,G:G,C:C,T:T,G:C,T:T,A:A,T:T,G:A,A:A,G:G,A:G,T:T,C:C,C:C,C:C,C:C,A:G,G:G,C:C
ASI8FnLWSnxiD,A:A,C:C,C:C,G:G,G:G,G:G,G:G,C:C,A:A,A:A,A:A,G:G,G:G,C:C,C:C,C:T,G:G,G:G,C:C,T:T,G:G,C:C,T:T,T:T,T:T,A:A,G:G,G:G,A:A,A:A,C:C,T:T,G:G,C:C,T:T,C:C,T:T,A:A,T:T,A:A,A:A,G:G,A:G,T:T,C:C,C:C,C:C,C:C,A:A,G:G,C:C
ASI8F9KmdpoJa,A:A,C:C,C:C,T:G,A:G,C:G,C:G,G:C,T:T,A:A,A:A,G:G,G:G,C:C,G:G,C:T,G:G,C:G,T:T,T:C,G:G,C:C,T:T,T:T,T:T,A:A,G:G,A:G,A:A,A:A,G:C,T:C,A:A,C:C,A:A,G:C,T:T,G:G,T:T,A:A,G:A,A:A,G:G,T:T,C:G,C:C,T:C,A:A,A:G,G:G,C:C
ASI8FbdHZV3aH,A:A,T:C,T:C,T:G,G:G,C:G,C:G,G:C,A:T,A:A,A:A,G:G,G:T,A:C,G:G,C:T,G:G,G:G,T:T,?,C:G,T:C,T:T,T:T,T:T,A:A,G:G,A:G,A:A,A:A,G:C,C:C,G:A,C:C,A:A,G:C,T:T,G:G,T:T,A:A,G:A,A:G,A:G,T:T,C:G,G:C,T:T,A:A,A:G,G:G,C:C
ASI8F4Hn7TRWV,A:A,C:C,T:T,T:T,G:G,G:G,G:G,C:C,T:T,A:A,A:A,G:G,G:G,C:C,G:G,C:T,A:G,C:C,C:T,T:T,G:G,C:C,T:T,?,T:A,A:A,G:G,G:G,A:A,G:G,?,T:T,G:A,C:C,A:A,?,T:T,G:G,T:T,G:G,A:A,G:G,A:A,T:T,G:G,G:G,T:T,C:C,A:G,G:G,C:C
ASI8FO4DgbRvO,A:A,C:C,T:C,T:T,A:G,G:G,G:G,C:C,T:T,A:A,A:A,G:A,G:T,C:C,C:G,C:T,G:G,C:C,C:T,T:T,G:G,C:C,T:T,T:T,T:T,A:A,G:G,G:G,A:A,G:A,C:C,T:T,G:A,T:C,A:A,C:C,C:T,G:G,T:T,A:A,A:A,A:G,G:G,T:T,G:G,G:G,T:C,C:C,A:G,G:G,T:C
ASI8FJrG17viW,A:A,T:T,C:C,T:G,G:G,G:G,G:G,C:C,T:T,A:A,A:A,G:G,G:G,C:C,C:G,C:T,G:G,C:G,T:T,T:T,G:G,T:T,T:T,T:T,T:T,A:A,G:G,G:G,A:A,G:A,G:C,T:T,A:A,C:C,A:A,G:C,T:T,G:G,T:T,A:A,A:A,G:G,G:G,T:T,C:G,C:C,T:C,C:C,A:G,G:G,C:C
ASI8FwUoZZN2h,G:G,T:C,C:C,G:G,G:G,C:G,C:G,G:C,T:T,A:A,G:A,G:G,G:G,C:C,G:G,C:T,G:G,C:C,T:T,T:T,G:G,C:C,T:T,T:T,T:T,A:A,G:G,G:G,A:A,G:A,C:C,T:C,A:A,C:C,A:A,C:C,T:T,G:G,T:T,G:A,A:A,G:G,G:G,T:T,C:G,C:C,T:T,C:C,G:G,G:G,C:C
ASI8FIFEtLLbP,A:A,C:C,C:C,T:G,G:G,G:G,G:G,C:C,A:A,A:A,A:A,A:A,G:G,C:C,C:C,C:T,A:A,C:C,C:T,T:T,G:G,C:C,T:T,T:T,T:T,A:A,G:G,G:G,A:A,A:A,C:C,T:T,G:G,C:C,T:T,G:G,T:T,A:A,T:T,G:A,A:A,G:G,G:G,T:T,C:C,C:C,C:C,C:C,G:G,G:G,C:C
ASI8FbTUF6LiC,A:A,C:C,C:C,G:G,G:G,G:G,G:G,C:C,A:A,A:A,A:A,G:G,G:G,C:C,C:C,C:T,G:G,G:G,C:C,T:T,G:G,C:C,T:T,T:T,T:T,A:A,G:G,G:G,A:A,A:A,C:C,T:T,G:G,C:C,T:T,C:C,T:T,A:A,T:T,A:A,A:A,G:G,G:G,T:T,C:C,C:C,C:C,C:C,A:A,G:G,C:C
ASI8F8kssqE8H,A:A,C:C,C:C,T:G,A:G,C:G,C:G,G:C,T:T,A:A,A:A,G:G,G:G,C:C,G:G,C:T,G:G,C:G,T:T,C:C,G:G,C:C,T:T,T:T,T:T,A:A,G:G,A:G,A:A,A:A,G:C,T:C,A:A,C:C,A:A,C:C,T:T,G:G,T:T,A:A,G:A,A:A,G:G,T:T,C:G,C:C,T:C,A:A,A:G,G:G,C:C
ASI8FZt52HVwk,A:A,T:C,T:C,T:G,G:G,C:G,C:G,G:C,A:T,A:A,A:A,G:G,G:T,A:C,G:G,C:T,G:G,G:G,T:T,T:T,C:G,T:C,T:T,T:T,T:T,A:A,G:G,A:G,A:A,A:A,G:C,C:C,G:A,C:C,A:A,C:C,T:T,G:G,T:T,A:A,G:A,A:G,A:G,T:T,C:G,G:C,T:T,A:A,A:G,G:G,C:C
ASI8FMlAiwZn7,G:A,T:T,T:C,T:T,G:G,C:G,C:G,G:C,A:T,A:A,A:A,G:G,T:T,A:C,C:G,C:T,G:G,C:G,T:T,T:T,C:G,T:C,T:T,T:T,T:T,A:A,G:G,G:G,A:A,A:A,G:C,T:C,G:G,C:C,A:A,C:C,C:T,A:G,T:T,A:A,A:A,G:G,G:G,T:T,G:G,G:G,T:T,A:C,Uncallable,G:G,C:C
ASI8FywrQelkJ,A:A,C:C,T:C,T:T,A:G,G:G,G:G,C:C,T:T,A:A,A:A,G:A,G:T,C:C,G:G,C:T,G:G,C:C,C:C,T:T,G:G,C:C,T:T,T:T,T:T,A:A,G:G,G:G,A:A,G:A,C:C,T:T,G:A,T:C,A:A,C:C,C:T,G:G,T:T,A:A,A:A,A:G,G:G,T:T,G:G,G:G,T:C,C:C,A:G,G:G,T:C
ASI8Fxb5nFgGs,G:G,T:T,C:C,T:G,G:G,G:G,G:G,C:C,T:T,A:A,G:A,G:G,G:G,C:C,C:G,C:T,G:G,C:G,T:T,T:T,G:G,T:T,T:T,T:T,T:T,A:A,G:G,G:G,A:A,G:A,G:C,T:T,A:A,C:C,A:A,C:C,T:T,G:G,T:T,A:A,A:A,G:G,G:G,T:T,C:G,C:C,T:C,C:C,A:G,G:G,C:C
ASI8F4k56GpIL,A:A,T:C,C:C,T:G,A:G,G:G,G:G,C:C,T:T,A:A,A:A,G:G,G:G,C:C,G:G,C:T,A:A,C:C,C:T,C:C,G:G,C:C,T:T,T:T,T:T,A:A,G:G,G:G,A:A,A:A,C:C,T:C,A:A,C:C,A:A,C:C,T:T,G:G,T:T,A:A,A:A,A:G,G:G,T:T,C:G,C:C,T:C,C:C,A:G,G:G,C:C
ASI8FMwVLrK2q,A:A,C:C,C:C,G:G,G:G,G:G,G:G,C:C,A:A,A:A,A:A,G:G,G:G,C:C,C:C,C:T,G:G,G:G,C:C,T:T,G:G,C:C,T:T,T:T,T:T,A:A,G:G,G:G,A:A,A:A,G:C,T:T,G:G,C:C,T:A,G:G,T:T,A:A,T:T,A:A,A:A,G:G,?,T:T,C:C,C:C,C:C,C:C,A:A,G:G,C:C
ASI8FTWxDYmXj,A:A,T:C,C:C,T:G,G:G,C:G,C:G,G:C,T:T,A:A,A:A,G:G,G:G,C:C,C:G,C:T,G:G,G:G,T:T,T:T,G:G,T:C,T:T,T:T,T:T,A:A,G:G,A:G,A:A,G:A,G:C,T:C,A:A,C:C,A:A,C:C,T:T,G:G,T:T,A:A,G:A,A:G,G:G,T:T,C:G,C:C,T:T,A:A,A:G,G:G,C:C
ASI8FbWhWCKSY,A:A,C:C,C:C,T:G,A:G,C:G,C:G,G:C,T:T,A:A,A:A,G:G,G:G,C:C,G:G,C:T,G:G,C:G,T:T,C:C,G:G,C:C,T:T,T:T,T:T,A:A,G:G,A:G,A:A,A:A,G:C,T:C,A:A,C:C,A:A,C:C,T:T,G:G,T:T,A:A,G:A,A:A,G:G,T:T,C:G,C:C,T:C,A:A,A:G,G:G,C:C
ASI8F6mGEoD2y,G:A,T:T,T:C,T:T,G:G,C:G,C:G,G:C,A:T,A:A,A:A,G:G,T:T,A:C,C:G,C:T,G:G,C:G,T:T,T:T,C:G,T:C,T:T,T:T,T:T,A:A,G:G,G:G,A:A,A:A,G:C,T:C,G:G,C:C,A:A,C:C,C:T,A:G,T:T,A:A,A:A,G:G,A:G,T:T,C:G,G:C,T:T,C:C,A:G,G:G,C:C
ASI8F4Q13nUNE,A:A,T:C,C:C,T:T,A:G,C:G,C:G,G:C,T:T,A:A,A:A,G:A,T:T,C:C,C:G,C:T,G:G,C:C,T:T,T:T,G:G,C:C,T:T,T:T,T:T,A:A,G:G,G:G,A:A,A:A,C:C,T:T,G:A,T:C,A:A,G:G,C:C,A:G,T:T,A:A,A:A,A:G,A:G,T:T,G:G,G:G,T:C,C:C,A:G,G:G,T:C
ASI8Fop5RIUBS,G:G,T:C,C:C,T:G,G:G,G:G,G:G,C:C,T:T,A:A,G:A,G:G,G:G,C:C,C:G,C:T,G:G,C:G,T:T,T:T,G:G,T:T,T:T,T:T,T:T,A:A,G:G,G:G,A:A,G:A,G:C,T:T,A:A,C:C,A:A,C:C,T:T,G:G,T:T,A:A,A:A,G:G,G:G,T:T,C:G,C:C,T:T,C:C,A:G,G:G,C:C
ASI8FoSYdpEfn,A:A,C:C,C:C,T:G,A:G,G:G,G:G,C:C,T:T,A:A,A:A,G:G,G:G,C:C,G:G,C:T,A:A,C:C,C:C,T:C,G:G,C:C,T:T,T:T,T:T,A:A,G:G,G:G,A:A,A:A,C:C,T:C,A:A,C:C,A:A,C:C,T:T,G:G,T:T,A:A,A:A,A:G,G:G,T:T,C:G,C:C,T:C,C:C,A:G,G:G,C:C
ASI8FXqDnvXIl,A:A,C:C,C:C,G:G,G:G,G:G,G:G,C:C,A:A,A:A,A:A,G:G,G:G,C:C,C:C,C:T,G:G,G:G,C:C,T:T,G:G,C:C,T:T,T:T,T:T,A:A,G:G,G:G,A:A,A:A,G:C,T:T,G:G,C:C,T:T,?,T:T,A:A,T:T,A:A,A:A,G:G,A:A,T:T,C:C,C:C,C:C,C:C,A:A,G:G,C:C
ASI8Ff1EEqGch,A:A,T:C,C:C,T:G,G:G,C:G,C:G,G:C,T:T,A:A,A:A,G:G,G:G,C:C,C:G,C:T,G:G,G:G,T:T,T:T,G:G,T:C,T:T,T:T,T:T,A:A,G:G,A:G,A:A,G:A,G:C,T:C,A:A,C:C,A:A,C:C,T:T,G:G,T:T,A:A,G:A,A:G,G:G,T:T,C:G,C:C,T:T,A:A,A:G,G:G,C:C
ASI8Fn5MNjKBS,A:A,C:C,C:C,T:G,A:G,C:G,C:G,G:C,T:T,A:A,A:A,G:G,G:G,C:C,G:G,C:T,G:G,C:G,T:T,C:C,G:G,C:C,T:T,T:T,T:T,A:A,G:G,A:G,A:A,A:A,G:C,T:C,A:A,C:C,A:A,G:G,?,G:G,T:T,A:A,G:A,A:A,A:A,T:T,C:G,C:C,T:C,A:A,A:G,G:G,C:C
ASI8Fhj5IatQy,?,T:T,T:C,T:T,G:G,C:G,C:G,G:C,A:T,A:A,A:A,G:G,T:T,A:C,C:G,C:T,G:G,C:G,T:T,T:T,C:G,T:C,T:T,T:T,T:T,A:A,G:G,G:G,?,A:A,G:C,T:C,G:A,C:C,A:A,G:G,C:T,A:G,T:T,A:A,A:A,G:G,G:G,T:T,C:G,G:C,T:T,A:C,A:G,G:G,C:C
ASI8FmxF7GyeO,G:A,C:C,C:C,G:G,G:G,G:G,G:G,C:C,T:T,A:A,G:G,G:G,G:G,C:C,G:G,C:T,G:G,G:G,C:T,T:T,G:G,T:T,T:T,T:T,T:T,A:A,G:G,G:G,A:A,G:A,C:C,C:C,A:A,C:C,A:A,G:C,T:T,G:G,T:T,G:A,A:A,G:G,G:G,T:T,C:G,C:C,T:T,C:C,G:G,G:G,C:C
ASI8FdUZTJy8O,G:A,T:T,C:C,T:G,G:G,G:G,G:G,C:C,T:T,A:A,G:A,G:G,G:G,C:C,C:G,C:T,G:G,C:G,T:T,T:T,G:G,T:T,T:T,T:T,T:T,A:A,G:G,G:G,A:A,G:A,G:C,T:C,A:A,C:C,A:A,C:C,T:T,G:G,T:T,A:A,A:A,G:G,G:G,T:T,C:G,C:C,T:C,C:C,A:G,G:G,C:C
ASI8FUpPsYD3h,G:A,T:C,C:C,G:G,A:G,G:G,G:G,C:C,T:T,A:A,A:A,G:A,G:G,A:C,G:G,C:T,G:G,C:C,C:C,T:T,G:G,T:T,T:T,T:T,T:T,A:A,G:G,G:G,A:A,G:A,C:C,T:C,G:A,C:C,A:A,C:C,T:T,G:G,T:T,G:G,A:A,G:G,G:G,T:T,C:G,C:C,C:C,C:C,A:G,G:G,C:C
ASI8FFEPGxpfX,A:A,C:C,C:C,G:G,G:G,G:G,G:G,C:C,A:A,A:A,A:A,G:G,G:G,C:C,C:C,C:T,G:G,G:G,C:C,T:T,G:G,C:C,T:T,T:T,T:T,A:A,G:G,G:G,A:A,A:A,C:C,T:T,G:G,C:C,T:T,C:C,T:T,A:A,T:T,A:A,A:A,G:G,G:G,T:T,C:C,C:C,C:C,C:C,A:A,G:G,C:C
ASI8FEgRDh6go,A:A,T:C,C:C,T:G,G:G,C:G,C:G,G:C,T:T,A:A,A:A,G:G,G:G,C:C,C:G,C:T,G:G,G:G,T:T,T:T,G:G,T:C,T:T,T:T,T:T,A:A,G:G,A:G,A:A,G:A,G:C,T:C,A:A,C:C,A:A,G:C,T:T,G:G,T:T,A:A,G:A,A:G,G:G,T:T,C:G,C:C,T:T,A:A,A:G,G:G,C:C
ASI8FTq3zZokC,A:A,C:C,C:C,T:G,A:G,C:G,C:G,G:C,T:T,A:A,A:A,G:G,G:G,C:C,G:G,C:T,G:G,C:G,T:T,C:C,G:G,C:C,T:T,T:T,T:T,A:A,G:G,A:G,A:A,A:A,G:C,T:C,A:A,C:C,A:A,C:C,T:T,G:G,T:T,A:A,G:A,A:A,G:G,T:T,C:G,C:C,T:C,A:A,A:G,G:G,C:C
ASI8FLu54LCXv,G:A,T:T,T:C,T:T,G:G,C:G,C:G,G:C,A:T,A:A,A:A,G:G,T:T,A:C,C:G,C:T,G:G,C:G,T:T,T:T,C:G,C:C,T:T,T:T,T:T,A:A,G:G,G:G,A:A,A:A,G:C,T:C,G:G,C:C,A:A,C:C,C:T,A:G,T:T,A:A,A:A,G:G,G:G,T:T,G:G,G:G,T:T,C:C,A:G,G:G,C:C
ASI8FaC1foJOk,G:A,T:C,C:C,G:G,G:G,G:G,G:G,C:C,T:T,G:G,G:G,G:G,G:G,C:C,G:G,C:T,A:A,C:C,C:T,T:T,G:G,T:T,T:T,T:T,T:T,A:A,G:G,G:G,A:A,A:A,C:C,T:T,A:A,C:C,A:A,C:C,T:T,G:G,T:T,G:G,A:A,G:G,G:G,T:T,C:C,C:C,T:C,C:C,G:G,G:G,C:C
ASI8Fo9gFlEsV,A:A,T:T,C:C,T:G,G:G,G:G,G:G,C:C,T:T,A:A,G:A,G:G,G:G,C:C,C:G,C:T,G:G,C:G,T:T,T:T,G:G,T:T,T:T,T:T,T:T,A:A,G:G,G:G,A:A,G:A,G:C,T:T,A:A,C:C,A:A,C:C,T:T,G:G,T:T,A:A,A:A,G:G,G:G,T:T,C:G,C:C,T:T,C:C,A:G,G:G,C:C
ASI8FDAbWLULZ,A:A,C:C,C:C,T:G,A:G,G:G,G:G,C:C,T:T,A:A,A:A,G:G,G:G,C:C,G:G,C:T,A:A,C:C,C:C,C:C,G:G,C:C,T:T,T:T,T:T,A:A,G:G,G:G,A:A,A:A,C:C,T:T,A:A,C:C,A:A,C:C,T:T,G:G,T:T,A:A,A:A,A:G,G:G,T:T,C:G,C:C,C:C,C:C,A:G,G:G,C:C
ASI8FTg8v35dB,A:A,T:C,C:C,T:G,G:G,G:G,G:G,C:C,A:T,A:A,A:A,G:G,G:G,C:C,C:C,C:T,G:G,G:G,T:T,T:T,G:G,C:C,T:T,T:T,T:T,A:A,G:G,G:G,A:A,G:A,G:C,T:T,G:A,C:C,T:T,C:C,T:T,A:G,T:T,A:A,A:A,G:G,G:G,T:T,C:G,C:C,T:C,C:C,A:A,G:G,C:C
ASI8FrchVSzJz,A:A,C:C,C:C,G:G,G:G,G:G,G:G,C:C,A:A,A:A,A:A,G:G,G:G,C:C,C:C,C:T,G:G,G:G,C:T,T:T,G:G,C:C,T:T,T:T,T:T,A:A,G:G,G:G,A:A,A:A,C:C,T:T,G:G,C:C,T:T,C:C,T:T,A:A,T:T,A:A,A:A,G:G,G:G,T:T,C:C,C:C,C:C,C:C,A:A,G:G,C:C
ASI8FjqjjTE3j,A:A,C:C,C:C,G:G,G:G,C:C,C:G,G:G,T:T,G:A,A:A,G:G,G:G,C:C,G:G,C:T,G:G,G:G,T:T,T:T,G:G,C:C,T:T,T:T,T:T,A:A,G:G,A:A,A:A,A:A,G:C,C:C,A:A,C:C,A:A,C:C,T:T,G:G,T:T,A:A,G:G,A:A,G:G,T:T,C:G,C:C,T:T,A:A,G:G,G:G,C:C
ASI8FZOtWIRyq,A:A,C:C,C:C,T:G,A:G,C:G,C:G,G:C,T:T,A:A,A:A,G:G,G:G,C:C,G:G,C:T,G:G,C:G,T:T,C:C,G:G,C:C,T:T,T:T,T:T,A:A,G:G,A:G,A:A,A:A,G:C,T:C,A:A,C:C,A:A,G:G,?,G:G,T:T,A:A,G:A,A:A,A:G,T:T,C:G,C:C,T:C,A:A,A:G,G:G,C:C
ASI8FhXwNHXdg,A:A,T:T,C:C,T:T,G:G,C:C,C:G,G:G,T:T,A:A,A:A,G:G,T:T,C:C,C:C,C:T,A:G,C:C,C:C,T:T,G:G,C:C,T:T,T:T,T:T,A:A,G:G,G:G,A:A,A:A,C:C,T:T,G:A,C:C,A:A,C:C,C:C,A:A,T:T,G:G,A:A,G:G,G:G,T:T,C:C,C:C,T:T,C:C,G:G,G:G,C:C
ASI8FUxQmeoYT,A:A,C:C,C:C,G:G,G:G,G:G,G:G,C:C,T:T,A:A,G:A,G:G,G:G,C:C,G:G,C:T,G:G,G:G,C:T,T:T,G:G,C:C,T:T,T:T,T:T,A:A,G:G,G:G,A:A,A:A,C:C,T:C,G:A,T:C,A:A,G:C,T:T,G:G,T:T,A:A,G:A,A:G,G:G,T:T,C:C,C:C,T:C,C:C,A:G,G:G,C:C
ASI8FbYojaEIU,G:G,C:C,C:C,G:G,G:G,G:G,G:G,C:C,T:T,A:A,G:G,G:G,G:G,C:C,G:G,C:T,A:G,G:G,C:C,T:T,G:G,T:T,T:T,T:T,T:T,A:A,G:G,G:G,A:A,A:A,C:C,T:C,A:A,C:C,A:A,C:C,T:T,G:G,T:T,G:G,G:A,G:G,G:G,T:T,C:C,C:C,T:T,C:C,G:G,G:G,C:C
ASI8FxIwdv8cE,A:A,C:C,C:C,T:G,A:G,G:G,G:G,C:C,T:T,A:A,G:A,G:A,G:T,C:C,G:G,C:T,G:G,C:G,C:C,T:T,G:G,C:C,T:T,T:T,T:T,A:A,G:G,G:G,A:A,A:A,C:C,T:T,A:A,T:C,A:A,C:C,C:T,G:G,T:T,A:A,A:A,A:G,G:G,T:T,C:G,G:C,T:C,C:C,A:G,G:G,T:C
ASI8FZRSmI9zb,A:A,T:C,C:C,T:G,G:G,G:G,G:G,C:C,A:T,A:A,A:A,G:G,G:G,C:C,C:C,C:T,G:G,G:G,T:T,T:T,G:G,C:C,T:T,T:T,T:T,A:A,G:G,G:G,A:A,G:A,G:C,T:C,G:A,C:C,T:T,C:C,T:T,A:G,T:T,A:A,A:A,G:G,G:G,T:T,C:G,C:C,T:C,C:C,A:A,G:G,C:C
ASI8FfwTYz59k,A:A,C:C,C:C,G:G,G:G,C:C,C:G,G:G,T:T,A:A,A:A,G:G,G:G,C:C,G:G,C:T,G:G,C:C,T:T,T:T,G:G,C:C,T:T,T:T,T:T,A:A,A:G,A:A,A:A,A:A,G:C,C:C,A:A,C:C,A:A,G:C,T:T,G:G,T:T,A:A,G:G,A:A,G:G,T:T,C:G,C:C,T:T,A:A,G:G,G:G,C:C
ASI8Fi390bM8Q,A:A,T:C,C:C,T:G,G:G,C:G,C:G,G:C,T:T,A:A,A:A,G:G,G:G,C:C,C:G,C:T,G:G,G:G,T:T,T:T,G:G,T:C,T:T,T:T,T:T,A:A,A:G,A:G,A:A,G:A,G:C,T:C,A:A,C:C,A:A,C:C,T:T,G:G,T:T,A:A,G:A,A:G,G:G,T:T,C:G,C:C,T:T,A:A,A:G,G:G,C:C
ASI8Fng81msOA,A:A,C:C,C:C,T:G,A:G,C:G,C:G,G:C,T:T,A:A,A:A,G:G,G:G,C:C,G:G,C:T,G:G,C:G,T:T,C:C,G:G,C:C,T:T,T:T,T:T,A:A,G:G,A:G,A:A,A:A,G:C,T:C,A:A,C:C,A:A,C:C,T:T,G:G,T:T,A:A,G:A,A:A,G:G,T:T,C:G,C:C,T:C,A:A,A:G,G:G,C:C
ASI8FWzdDQIwU,G:G,T:T,T:C,T:T,G:G,C:G,C:G,G:C,A:T,A:A,A:A,G:G,T:T,A:C,C:G,C:T,G:G,C:G,T:T,T:T,C:G,T:C,T:T,T:T,T:A,A:A,G:G,G:G,A:A,A:A,G:C,T:C,G:G,C:C,A:A,C:C,C:T,A:G,T:T,A:A,A:A,G:G,G:G,T:T,G:G,G:G,T:T,C:C,A:G,G:G,C:C
ASI8FZKO3N8YU,A:A,T:T,C:C,G:G,G:G,G:G,G:G,C:C,T:T,A:A,G:A,G:A,G:G,C:C,G:G,C:T,G:G,C:G,C:C,T:T,G:G,C:C,T:T,T:T,T:T,A:A,G:G,G:G,A:A,A:A,C:C,T:C,A:A,C:C,A:A,?,T:T,G:G,T:T,?,G:A,A:G,A:G,T:T,C:G,C:C,T:C,C:C,A:G,G:G,C:C
ASI8F0QKjKwuo,?,T:C,C:C,G:G,G:G,G:G,G:G,C:C,T:T,A:A,G:G,G:G,G:G,C:C,G:G,C:T,G:G,G:G,C:T,T:T,G:G,T:T,T:T,T:T,T:T,A:A,G:G,G:G,A:A,A:A,C:C,T:T,A:A,C:C,A:A,G:C,T:T,G:G,T:T,G:G,A:A,G:G,G:G,T:T,C:C,C:C,T:T,C:C,G:G,G:G,C:C
ASI8FWPHRiRj1,A:A,C:C,C:C,T:G,A:G,G:G,G:G,C:C,T:T,A:A,G:A,G:A,G:T,C:C,G:G,C:T,G:G,C:G,C:T,C:C,G:G,C:C,T:T,T:T,T:T,A:A,G:G,G:G,A:A,A:A,C:C,T:C,A:A,T:C,A:A,C:C,C:T,G:G,T:T,A:A,A:A,A:G,G:G,T:T,C:G,G:C,T:C,C:C,A:G,G:G,T:C
ASI8F016Mgye6,A:A,T:C,C:C,T:G,G:G,G:G,G:G,C:C,A:T,A:A,A:A,G:G,G:G,C:C,C:C,C:T,G:G,G:G,T:T,T:T,G:G,C:C,T:T,T:T,T:T,A:A,G:G,G:G,A:A,G:A,G:C,T:C,G:A,C:C,A:A,C:C,T:T,A:G,T:T,A:A,A:A,G:G,G:G,T:T,C:G,C:C,T:C,C:C,A:A,G:G,C:C
ASI8FtZBwbh4a,A:A,C:C,C:C,G:G,G:G,C:C,C:G,G:G,T:T,A:A,A:A,G:G,G:G,C:C,G:G,C:T,G:G,G:G,T:T,T:T,G:G,C:C,T:T,T:T,T:T,A:A,A:G,A:A,A:A,A:A,G:C,C:C,A:A,C:C,A:A,C:C,T:T,G:G,T:T,A:A,G:G,A:A,A:G,T:T,C:G,C:C,T:T,A:A,G:G,G:G,C:C
ASI8FTjd5tYem,A:A,T:C,C:C,T:G,G:G,C:G,C:G,G:C,T:T,A:A,A:A,G:G,G:G,C:C,C:G,C:T,G:G,G:G,T:T,T:T,G:G,T:C,T:T,T:T,T:T,A:A,G:G,A:G,A:A,G:A,G:C,T:C,A:A,C:C,A:A,C:C,T:T,G:G,T:T,A:A,G:A,A:G,G:G,T:T,C:G,C:C,T:T,A:A,A:G,G:G,C:C
ASI8FIVBag8zk,A:A,C:C,C:C,T:G,A:G,C:G,C:G,G:C,T:T,A:A,A:A,G:G,G:G,C:C,G:G,C:T,G:G,C:G,T:T,C:C,G:G,C:C,T:T,T:T,T:T,A:A,G:G,A:G,A:A,A:A,G:C,T:C,A:A,C:C,A:A,C:C,T:T,G:G,T:T,A:A,G:A,A:A,G:G,T:T,C:G,C:C,T:C,A:A,A:G,G:G,C:C
ASI8F16xehzg5,G:G,T:T,C:C,T:T,G:G,C:C,C:G,G:G,T:T,A:A,A:A,G:G,T:T,C:C,C:C,C:T,A:G,C:C,C:C,T:T,G:G,C:C,T:T,T:T,T:T,A:A,G:G,G:G,A:A,A:A,C:C,T:T,G:A,C:C,A:A,C:C,C:C,A:A,T:T,G:A,A:A,G:G,G:G,T:T,C:C,C:C,T:T,C:C,G:G,G:G,C:C
ASI8FzQMaciWc,A:A,T:C,C:C,G:G,G:G,G:G,G:G,C:C,T:T,A:A,G:A,G:G,G:G,C:C,G:G,C:T,A:G,G:G,T:T,T:T,G:G,C:C,T:T,T:T,T:T,A:A,G:G,G:G,A:A,G:A,C:C,C:C,A:A,C:C,A:A,C:C,T:T,G:G,T:T,A:A,A:A,A:G,A:G,T:T,C:G,C:C,T:C,A:C,A:G,G:G,C:C
ASI8Fs6Ju8Beo,A:A,T:C,C:C,G:G,G:G,G:G,G:G,C:C,T:T,A:A,G:G,G:G,G:G,C:C,G:G,C:T,G:G,G:G,C:T,T:T,G:G,T:T,T:T,T:T,T:T,A:A,G:G,G:G,A:A,A:A,C:C,C:C,A:A,C:C,A:A,C:C,T:T,G:G,T:T,A:A,G:A,G:G,G:G,T:T,C:G,C:C,T:T,C:C,G:G,G:G,C:C
ASI8FwkDY06cZ,A:A,C:C,C:C,T:G,A:G,G:G,G:G,C:C,T:T,A:A,G:A,G:A,G:T,C:C,G:G,C:T,G:G,C:G,C:T,T:T,G:G,C:C,T:T,T:T,T:T,A:A,G:G,G:G,A:A,A:A,C:C,T:C,A:A,T:C,A:A,G:C,C:T,G:G,T:T,A:A,A:A,A:G,G:G,T:T,C:G,G:C,T:C,C:C,A:G,G:G,T:C
ASI8FQyRhpfPn,A:A,T:C,C:C,T:G,G:G,G:G,G:G,C:C,A:T,A:A,A:A,G:G,G:G,A:C,C:C,C:T,G:G,G:G,T:T,T:T,G:G,C:C,T:T,T:T,T:T,A:A,G:G,G:G,A:A,G:A,G:C,T:C,G:A,C:C,T:T,C:C,T:T,A:G,T:T,A:A,A:A,G:G,G:G,T:T,C:G,C:C,T:C,C:C,A:A,G:G,C:C
ASI8FwYhs7IIr,A:A,C:C,C:C,T:G,A:G,C:G,C:G,G:C,T:T,A:A,A:A,G:G,G:G,C:C,G:G,C:T,G:G,C:G,T:T,C:C,G:G,C:C,T:T,T:T,T:T,A:A,G:G,A:G,A:A,A:A,G:C,T:C,A:A,C:C,A:A,C:C,T:T,G:G,T:T,A:A,G:A,A:A,G:G,T:T,C:G,C:C,T:C,A:A,A:G,G:G,C:C
ASI8F9ZW673WO,A:A,T:C,T:C,T:G,G:G,C:G,C:G,G:C,A:T,A:A,A:A,G:G,G:T,A:C,G:G,C:T,G:G,G:G,T:T,T:T,C:G,T:C,T:T,T:T,T:T,A:A,G:G,A:G,A:A,A:A,G:C,C:C,G:A,C:C,A:A,C:C,T:T,G:G,T:T,A:A,G:A,A:G,G:G,T:T,C:G,G:C,T:T,A:A,A:G,G:G,C:C
ASI8FGTsmAOuT,A:A,C:C,C:C,T:G,A:G,C:G,C:G,G:C,T:T,A:A,A:A,G:A,G:T,C:C,G:G,C:T,G:G,C:G,T:T,C:C,G:G,C:C,T:T,T:T,T:T,A:A,G:G,A:G,A:A,A:A,G:C,T:C,A:A,T:C,A:A,C:C,C:T,G:G,T:T,A:A,G:A,A:A,G:G,T:T,C:G,G:C,T:C,A:A,A:G,G:G,T:C
ASI8F0kpiIINJ,A:A,T:C,C:C,T:T,A:G,C:G,C:G,G:C,T:T,A:A,A:A,G:G,G:T,C:C,C:G,C:T,A:G,C:C,C:C,T:T,G:G,C:C,T:T,T:T,T:T,A:A,G:G,G:G,A:A,A:A,C:C,T:T,G:A,C:C,A:A,C:C,C:T,A:G,T:T,A:A,A:A,A:G,G:G,T:T,C:C,C:C,T:C,A:C,A:G,G:G,C:C
ASI8FRCeiQuK4,A:A,T:C,C:C,T:G,A:G,G:G,G:G,C:C,T:T,A:A,G:A,G:A,G:G,C:C,G:G,C:T,G:G,C:G,T:T,T:T,G:G,C:C,T:T,T:T,T:T,A:A,G:G,G:G,A:A,A:A,C:C,T:T,G:A,T:C,A:A,C:C,T:T,G:G,T:T,G:A,G:A,A:G,G:G,T:T,C:G,C:C,T:C,A:C,A:G,G:G,C:C
ASI8FW1mi6Iim,A:A,T:T,C:C,G:G,G:G,G:G,G:G,C:C,T:T,A:A,G:G,G:G,G:G,C:C,G:G,C:T,G:G,G:G,C:T,T:T,G:G,T:T,T:T,T:T,T:T,A:A,G:G,G:G,A:A,A:A,C:C,T:C,A:A,C:C,A:A,C:C,T:T,G:G,T:T,G:G,G:A,G:G,G:G,T:T,C:G,C:C,T:T,A:C,G:G,G:G,C:C
ASI8FhzEu2rm8,A:A,T:C,C:C,T:G,A:G,G:G,G:G,C:C,T:T,A:A,G:A,G:A,G:T,C:C,G:G,C:T,G:G,C:G,C:C,C:C,G:G,C:C,T:T,T:T,T:T,A:A,G:G,G:G,A:A,A:A,C:C,T:C,A:A,T:C,A:A,C:C,C:T,G:G,T:T,A:A,A:A,A:G,G:G,T:T,C:G,G:C,T:C,C:C,A:G,G:G,T:C
ASI8FLMjU0Ufu,A:A,T:C,C:C,T:G,G:G,G:G,G:G,C:C,A:T,A:A,A:A,G:G,G:G,C:C,C:C,C:T,G:G,G:G,T:T,T:T,G:G,C:C,T:T,T:T,T:T,A:A,G:G,G:G,A:A,G:A,G:C,T:T,G:A,C:C,T:T,C:C,T:T,A:G,T:T,A:A,A:A,G:G,G:G,T:T,C:G,C:C,T:C,C:C,A:A,G:G,C:C
ASI8Fjr86fOVI,A:A,C:C,C:C,T:G,A:G,C:G,C:G,G:C,T:T,A:A,A:A,G:G,G:G,C:C,G:G,C:T,G:G,C:G,T:T,T:C,G:G,C:C,T:T,T:T,T:T,A:A,G:G,A:G,A:A,A:A,G:C,T:C,A:A,C:C,A:A,C:C,T:T,G:G,T:T,A:A,G:A,A:A,G:G,T:T,C:G,C:C,T:C,A:A,A:G,G:G,C:C
ASI8F3d9IMDAN,A:A,C:C,C:C,G:G,G:G,C:C,C:G,G:G,T:T,G:A,A:A,G:G,G:G,C:C,G:G,C:T,G:G,G:G,T:T,T:T,G:G,C:C,T:T,T:T,T:T,A:A,G:G,A:A,A:A,A:A,G:C,C:C,A:A,C:C,A:A,C:C,T:T,G:G,T:T,A:A,G:G,A:A,G:G,T:T,C:G,C:C,T:T,A:A,G:G,G:G,C:C
ASI8FdU0VaYmJ,A:A,C:C,Uncallable,T:T,A:G,G:G,G:G,C:C,T:T,A:A,A:A,G:A,?,C:C,G:G,C:T,G:G,C:C,C:T,T:T,G:G,C:C,T:C,T:T,T:T,A:A,G:G,G:G,A:A,A:A,C:C,T:T,G:A,T:C,A:A,?,C:T,G:G,T:T,?,A:A,A:G,?,?,G:G,G:G,Uncallable,C:C,A:G,G:G,T:C
ASI8FWBorXdcN,A:A,T:T,C:C,T:G,A:G,G:G,G:G,C:C,T:T,A:A,A:A,G:G,G:G,C:C,G:G,C:T,A:A,C:G,T:T,T:T,G:G,C:C,T:T,T:T,T:T,A:A,G:G,G:G,A:A,G:A,C:C,T:C,A:A,C:C,A:A,G:C,T:T,G:G,T:T,A:A,G:A,A:G,A:G,T:T,C:G,C:C,T:C,C:C,A:G,G:G,C:C
ASI8Fl8wISFE8,A:A,C:C,Uncallable,G:G,G:G,G:G,G:G,C:C,T:T,A:A,G:G,G:G,G:G,C:C,G:G,C:T,?,G:G,C:C,T:T,G:G,T:T,T:T,T:T,T:T,A:A,G:G,G:G,A:A,A:A,C:C,T:C,A:A,C:C,A:A,C:C,T:T,G:G,T:T,G:G,G:A,G:G,G:G,T:T,C:C,C:C,T:T,C:C,G:G,G:G,C:C
ASI8FX3ip4fUD,A:A,T:C,C:C,T:G,A:G,G:G,G:G,C:C,T:T,A:A,G:A,G:A,G:T,C:C,G:G,C:T,G:G,C:G,C:C,C:C,G:G,C:C,T:T,T:T,T:T,A:A,G:G,G:G,A:A,A:A,C:C,T:T,A:A,T:C,A:A,C:C,C:T,G:G,T:T,A:A,G:A,A:G,G:G,T:T,C:G,G:C,T:C,A:C,A:G,G:G,T:C
ASI8FDY2pbC13,A:A,T:C,C:C,T:G,G:G,G:G,G:G,C:C,A:T,A:A,A:A,G:G,G:G,C:C,C:C,C:T,G:G,G:G,T:T,T:T,G:G,C:C,T:T,T:T,T:T,A:A,G:G,G:G,A:A,G:A,G:C,T:T,G:A,C:C,T:A,G:C,T:T,A:G,T:T,A:A,A:A,G:G,A:G,T:T,C:G,C:C,T:C,C:C,A:A,G:G,C:C
ASI8FQzoXiGW5,A:A,C:C,C:C,T:G,A:G,C:G,C:G,G:C,T:T,A:A,A:A,G:G,G:G,C:C,G:G,C:T,G:G,C:G,T:T,C:C,G:G,C:C,T:T,T:T,T:T,A:A,G:G,A:G,?,A:A,G:C,T:C,A:A,C:C,A:A,C:C,T:T,G:G,T:T,A:A,G:A,A:A,G:G,T:T,C:G,C:C,T:C,A:A,A:G,G:G,C:C
ASI8Fq6LjFxGv,A:A,C:C,C:C,G:G,G:G,C:C,C:G,G:G,T:T,G:A,A:A,G:G,G:G,C:C,G:G,C:T,G:G,G:G,T:T,T:T,G:G,C:C,T:T,T:T,T:T,A:A,G:G,A:A,A:A,A:A,G:C,C:C,A:A,C:C,A:A,C:C,T:T,G:G,T:T,A:A,G:G,A:A,G:G,T:T,C:G,C:C,T:T,A:A,G:G,G:G,C:C
ASI8FaIMmxFp0,A:A,C:C,C:C,T:G,A:G,C:G,C:G,G:C,T:T,A:A,A:A,G:A,G:T,C:C,G:G,C:T,G:G,C:G,T:T,C:C,G:G,C:C,T:T,T:T,T:T,A:A,G:G,A:G,A:A,A:A,G:C,T:C,A:A,T:C,A:A,G:C,C:T,G:G,T:T,A:A,G:A,A:A,G:G,T:T,C:G,G:C,T:C,A:A,A:G,G:G,T:C
ASI8FX0URasJR,A:A,T:C,T:C,T:G,A:G,C:G,C:G,G:C,T:T,A:A,A:A,G:G,G:G,C:C,C:G,C:C,G:G,C:G,T:T,C:C,G:G,C:C,T:T,T:T,T:T,A:A,G:G,A:G,A:A,A:A,G:C,T:C,G:A,C:C,A:A,G:C,C:T,A:G,T:T,A:A,A:A,A:G,A:A,C:T,C:G,C:C,T:C,A:A,A:G,G:G,C:C
ASI8FLMUYj1WO,G:A,T:T,T:T,T:G,G:G,C:G,C:G,G:C,A:T,A:A,A:A,G:G,G:T,A:C,C:G,C:C,G:G,G:G,T:T,C:C,C:G,T:C,T:T,T:T,T:T,A:A,G:G,A:G,A:A,A:A,G:C,C:C,G:G,C:C,T:T,C:C,C:T,A:G,T:T,A:A,A:A,G:G,A:A,C:T,C:G,G:C,T:T,A:A,A:G,G:G,C:C
ASI8FSbo4cYzC,?,?,?,T:G,A:G,C:G,C:G,G:C,?,?,?,?,?,?,?,?,G:G,?,T:T,?,?,?,C:C,T:C,?,A:A,?,?,A:A,A:A,?,C:C,G:A,T:C,A:A,?,?,?,?,?,A:A,A:G,?,?,C:G,C:C,?,A:A,?,?,?
ASI8F3C0aNQIf,G:G,T:C,C:C,T:T,G:G,G:G,G:G,C:C,T:T,A:A,A:A,G:G,G:G,C:C,C:G,C:T,G:G,C:G,T:T,T:T,G:G,C:C,T:T,T:T,T:T,A:A,G:G,G:G,A:A,G:A,G:C,T:C,G:A,C:C,T:T,C:C,C:T,G:G,T:T,A:A,G:A,G:G,G:G,T:T,C:G,C:C,T:T,C:C,A:A,G:G,C:C
ASI8FDlbQmt9h,A:A,C:C,C:C,T:T,A:G,G:G,G:G,C:C,T:T,A:A,A:A,G:G,G:G,C:C,G:G,C:T,G:G,C:C,T:T,T:T,G:G,C:C,T:T,T:T,T:T,A:A,G:G,G:G,A:A,A:A,C:C,T:T,G:A,C:C,A:A,C:C,C:T,G:G,T:T,A:A,G:A,A:G,G:G,T:T,C:G,C:C,T:C,C:C,A:A,G:G,C:C
ASI8FYSAbaN4M,A:A,C:C,T:C,T:G,A:A,G:G,G:G,C:C,A:A,A:A,A:A,G:A,G:G,C:C,C:G,C:T,G:G,C:C,C:C,?,C:G,C:C,T:C,T:T,T:T,A:A,G:G,G:G,A:A,A:A,?,T:T,G:A,C:C,A:A,?,T:T,G:G,T:T,A:A,A:A,A:G,A:A,T:T,G:G,C:C,C:C,C:C,A:A,G:G,C:C
ASI8F0GxarInN,A:A,T:C,T:T,T:G,A:G,G:G,G:G,C:C,A:A,A:A,A:A,G:A,G:T,?,G:G,C:T,G:G,C:G,T:T,?,C:G,T:C,T:T,T:T,T:T,A:A,G:G,G:G,A:A,A:A,G:G,T:C,G:G,T:C,A:A,?,T:T,G:G,T:T,A:A,A:A,G:G,A:G,?,G:G,G:C,C:C,C:C,A:A,?,C:C
ASI8FK3S1XCXw,A:A,C:C,C:C,T:G,A:G,C:G,C:G,G:C,T:T,A:A,A:A,G:A,G:T,C:C,G:G,C:T,G:G,C:G,T:T,C:C,G:G,C:C,T:T,T:T,T:T,A:A,G:G,A:G,A:A,A:A,G:C,T:C,A:A,T:C,A:A,G:C,C:T,G:G,T:T,A:A,G:A,A:A,G:G,T:T,C:G,G:C,T:C,A:A,A:G,G:G,T:C
ASI8FLk4OF8Y9,A:A,T:T,T:C,T:G,G:G,C:G,C:G,G:C,T:T,A:A,A:A,G:G,G:G,C:C,C:C,C:C,G:G,G:G,T:T,T:T,G:G,T:C,T:T,T:T,T:T,A:A,G:G,A:G,A:A,G:A,G:C,T:C,G:A,C:C,T:T,C:C,C:T,A:G,T:T,A:A,A:A,G:G,A:A,C:T,C:G,C:C,T:T,A:A,A:G,G:G,C:C
ASI8FvheS9Dkf,A:A,T:C,T:C,T:G,A:G,C:G,C:G,G:C,T:T,A:A,A:A,G:G,G:G,C:C,C:G,C:C,G:G,C:G,T:T,C:C,G:G,C:C,T:T,T:T,T:T,A:A,A:G,A:G,A:A,A:A,G:C,T:C,G:A,C:C,A:A,C:C,C:T,A:G,T:T,A:A,A:A,A:G,A:A,C:T,C:G,C:C,T:C,A:A,A:G,G:G,C:C
ASI8FovX0ibjx,A:A,C:C,C:C,T:T,G:G,G:G,G:G,C:C,T:T,G:A,A:A,G:G,G:G,C:C,G:G,C:T,G:G,C:C,T:T,T:T,G:G,C:C,T:T,T:T,T:T,A:A,G:G,G:G,A:A,A:A,C:C,T:C,G:G,C:C,T:T,G:C,C:C,G:G,T:T,G:A,G:G,G:G,A:G,T:T,G:G,C:C,T:T,C:C,A:A,G:G,C:C
ASI8FV7c39tM1,G:A,T:C,C:C,T:T,G:G,G:G,G:G,C:C,T:T,A:A,A:A,G:G,G:G,C:C,C:G,C:T,G:G,C:G,T:T,T:T,G:G,C:C,T:T,T:T,T:T,A:A,G:G,G:G,A:A,G:A,G:C,T:T,G:A,C:C,T:T,C:C,C:T,G:G,T:T,A:A,G:A,G:G,G:G,T:T,C:G,C:C,T:T,C:C,A:A,G:G,C:C
ASI8FxpZuJMrf,A:A,C:C,C:C,T:T,A:G,G:G,G:G,C:C,T:T,A:A,A:A,G:G,G:G,C:C,G:G,C:T,G:G,C:C,T:T,T:T,G:G,C:C,T:T,T:T,T:T,A:A,G:G,G:G,A:A,A:A,C:C,T:T,G:A,C:C,A:A,C:C,C:T,G:G,T:T,A:A,G:A,A:G,G:G,T:T,C:G,C:C,T:C,C:C,A:A,G:G,C:C
ASI8Fmo3eIZvf,A:A,C:C,T:C,T:G,A:A,G:G,G:G,C:C,A:A,A:A,A:A,G:A,G:G,C:C,G:G,C:T,G:G,C:C,C:C,C:C,C:G,C:C,T:T,T:T,T:T,A:A,G:G,G:G,A:A,A:A,C:C,T:T,G:A,C:C,A:A,C:C,T:T,G:G,T:T,A:A,A:A,A:G,A:G,T:T,G:G,C:C,C:C,C:C,A:A,G:G,C:C
ASI8FQ5jEPkCy,A:A,C:C,T:T,G:G,A:A,G:G,G:G,C:C,A:A,A:A,A:A,A:A,G:G,?,G:G,?,G:G,C:C,C:C,?,C:G,C:C,T:C,T:T,T:T,A:A,G:G,G:G,A:A,A:A,?,T:T,G:G,C:C,A:A,G:G,T:T,G:G,T:T,?,A:A,G:G,?,?,C:G,C:C,?,C:C,A:A,?,C:C
ASI8FoYolYeYA,A:A,C:C,C:C,T:G,A:G,C:G,C:G,G:C,T:T,A:A,A:A,G:A,G:T,C:C,G:G,C:T,G:G,C:G,T:T,T:C,G:G,C:C,T:T,T:T,T:T,A:A,G:G,A:G,A:A,A:A,G:C,T:C,A:A,T:C,A:A,G:C,C:T,G:G,T:T,A:A,G:A,A:A,G:G,T:T,C:G,G:C,T:C,A:A,A:G,G:G,T:C
ASI8Fsg345nX0,G:A,T:T,T:C,T:G,G:G,C:G,C:G,G:C,T:T,A:A,A:A,G:G,G:G,C:C,C:C,C:C,G:G,G:G,T:T,T:T,G:G,T:C,T:T,T:T,T:T,A:A,G:G,A:G,A:A,G:A,G:C,T:C,G:A,C:C,T:T,C:C,C:T,A:G,T:T,A:A,A:A,G:G,A:A,C:T,C:G,C:C,T:T,A:A,A:G,G:G,C:C
ASI8FgZLE7Edq,A:A,C:C,T:C,T:G,A:G,C:G,C:G,G:C,T:T,A:A,A:A,G:G,G:G,C:C,C:C,C:C,G:G,C:G,T:T,?,G:G,C:C,T:C,T:T,T:T,A:A,G:G,A:G,A:A,A:A,G:C,T:C,G:A,C:C,A:A,G:G,C:T,A:G,T:T,A:A,A:A,A:G,A:A,C:C,C:G,C:C,T:C,A:A,A:G,?,C:C
ASI8F8k4FqmLD,A:A,C:C,C:C,T:T,G:G,G:G,G:G,C:C,T:T,G:A,A:A,G:G,G:G,C:C,G:G,C:T,G:G,C:C,T:T,T:T,G:G,C:C,T:T,T:T,T:T,A:A,G:G,G:G,A:A,A:A,C:C,T:T,G:G,C:C,T:T,C:C,C:C,G:G,C:T,G:G,G:G,G:G,G:G,T:T,G:G,C:C,T:T,C:C,A:A,G:G,C:C
ASI8Fx5uy1clb,A:A,T:C,C:C,T:T,G:G,G:G,G:G,C:C,T:T,A:A,A:A,G:G,G:G,C:C,Uncallable,C:T,G:G,C:G,T:T,?,G:G,C:C,T:T,T:T,T:T,A:A,G:G,G:G,A:A,G:A,G:C,T:T,G:A,C:C,T:T,C:C,C:T,G:G,T:T,A:A,G:A,G:G,A:A,T:T,C:G,C:C,T:T,C:C,A:A,G:G,C:C
ASI8FmWXJPvVZ,A:A,C:C,C:C,T:T,A:G,G:G,G:G,C:C,T:T,A:A,A:A,G:G,G:G,C:C,G:G,C:T,G:G,C:C,T:T,T:T,G:G,C:C,T:T,T:T,T:T,A:A,G:G,G:G,A:A,A:A,C:C,T:T,G:A,C:C,A:A,C:C,C:T,G:G,T:T,A:A,G:A,A:G,G:G,T:T,C:G,C:C,T:C,C:C,A:A,G:G,C:C
ASI8F9a4Z7UGl,A:A,C:C,T:C,T:G,A:A,G:G,G:G,C:C,A:A,A:A,A:A,G:A,G:G,C:C,G:G,C:T,G:G,C:C,C:T,C:C,C:G,C:C,T:T,T:T,T:T,A:A,G:G,G:G,A:A,A:A,G:C,T:T,G:A,C:C,A:A,?,T:T,G:G,T:T,A:A,A:A,A:G,A:G,T:T,G:G,C:C,C:C,A:C,A:A,G:G,C:C
ASI8FmG8hGEol,?,C:C,T:T,G:G,A:A,G:G,G:G,C:C,?,A:A,A:A,A:A,G:G,C:C,G:G,T:T,G:G,C:C,C:C,?,C:G,C:C,T:C,T:T,T:T,A:A,G:G,?,A:A,A:A,?,T:T,G:G,C:C,A:A,?,T:T,G:G,T:T,?,A:A,G:G,?,?,G:G,C:C,C:C,C:C,A:A,?,C:C
ASI8FqYYSrS3n,A:A,C:C,C:C,T:G,A:G,C:G,C:G,G:C,T:T,A:A,A:A,G:A,G:T,C:C,G:G,C:T,G:G,C:G,T:T,C:C,G:G,C:C,T:T,T:T,T:T,A:A,G:G,A:G,A:A,A:A,G:C,T:C,A:A,T:C,A:A,G:C,C:T,G:G,T:T,A:A,G:A,A:A,G:G,T:T,C:G,G:C,T:C,A:A,A:G,G:G,T:C
ASI8FTxUHZyFP,A:A,T:T,T:C,T:G,G:G,C:G,C:G,G:C,T:T,A:A,A:A,G:G,G:G,C:C,C:C,C:C,G:G,G:G,T:T,T:T,G:G,T:C,T:T,T:T,T:T,A:A,G:G,A:G,A:A,G:A,G:C,T:C,G:A,C:C,T:T,G:C,C:T,A:G,T:T,A:A,A:A,G:G,A:A,C:T,C:G,C:C,T:T,A:A,A:G,G:G,C:C
ASI8FGKEDwCKT,G:A,C:C,Uncallable,T:G,A:G,C:G,C:G,G:C,?,A:A,A:A,G:G,G:G,C:C,C:C,C:C,G:G,?,T:T,?,G:G,C:C,T:C,T:T,?,A:A,G:G,G:G,A:A,A:A,G:G,T:C,G:A,C:C,A:A,G:C,C:T,A:G,T:T,?,A:A,A:G,A:A,C:C,C:G,C:C,C:C,A:A,A:G,?,C:C
ASI8FqvBd8dev,A:A,C:C,C:C,T:T,A:G,G:G,G:G,C:C,?,A:A,A:A,G:G,G:G,C:C,G:G,C:T,G:G,C:C,T:T,?,G:G,C:C,T:C,T:T,T:T,A:A,G:G,G:G,A:A,A:A,?,T:T,G:A,C:C,A:A,G:G,C:T,G:G,T:T,A:A,G:A,A:G,?,T:T,G:G,C:C,T:C,C:C,A:A,?,C:C
ASI8F0tPLcCKz,A:A,T:C,T:C,T:T,G:G,G:G,G:G,C:C,A:T,A:A,A:A,G:G,G:T,A:C,G:G,C:T,G:G,C:G,T:T,T:T,C:G,C:C,T:C,T:T,T:T,A:A,G:G,G:G,A:A,A:A,G:C,T:C,G:G,C:C,T:T,?,C:T,G:G,T:T,A:A,G:A,G:G,A:A,T:T,G:G,G:C,T:T,C:C,A:A,?,C:C
ASI8FvnXNGyLM,A:A,C:C,C:C,T:T,A:G,G:G,G:G,C:C,T:T,A:A,A:A,G:A,G:T,C:C,G:G,C:T,G:G,C:C,T:T,T:T,G:G,C:C,T:T,T:T,T:T,A:A,G:G,G:G,A:A,A:A,C:C,T:T,G:A,T:C,A:A,C:C,C:C,G:G,T:T,A:A,G:A,A:G,G:G,T:T,G:G,G:C,T:C,C:C,A:A,G:G,T:C
ASI8FK5EQz8Ht,A:A,C:C,T:C,T:G,A:A,G:G,G:G,C:C,A:A,A:A,A:A,G:A,G:G,C:C,G:G,C:T,G:G,C:C,C:C,C:C,C:G,C:C,T:T,T:T,T:T,A:A,G:G,G:G,A:A,A:A,C:C,T:T,G:A,C:C,A:A,C:C,T:T,G:G,T:T,A:A,A:A,A:G,G:G,T:T,C:G,C:C,C:C,A:C,A:A,G:G,C:C
ASI8FAmkjJaFC,G:A,C:C,T:T,G:G,A:A,G:G,G:G,C:C,A:A,A:A,A:A,A:A,G:G,C:C,G:G,T:T,G:G,C:C,C:C,C:C,C:C,C:C,T:T,T:T,T:T,A:A,G:G,G:G,A:A,A:A,G:C,T:T,G:G,C:C,A:A,?,T:T,G:G,T:T,A:A,A:A,G:G,A:G,T:T,?,C:C,C:C,C:C,A:A,G:G,C:C
ASI8F0BaDBzCC,A:A,C:C,C:C,T:G,A:G,C:G,C:G,G:C,T:T,A:A,A:A,G:A,G:T,C:C,G:G,C:T,G:G,C:G,T:T,C:C,G:G,C:C,T:T,T:T,T:T,A:A,G:G,A:G,A:A,A:A,G:C,T:C,A:A,T:C,A:A,C:C,C:T,G:G,T:T,A:A,G:A,A:A,G:G,T:T,C:G,G:C,T:C,A:A,A:G,G:G,T:C
ASI8Fa9bDpwtk,G:G,T:T,T:C,T:G,G:G,C:G,C:G,G:C,T:T,A:A,A:A,G:G,G:G,C:C,C:C,C:C,G:G,G:G,T:T,T:T,G:G,T:C,T:T,T:T,T:T,A:A,G:G,A:G,A:A,G:A,G:C,C:C,G:A,C:C,T:T,G:C,C:T,A:G,T:T,A:A,A:A,G:G,A:A,C:T,C:G,C:C,T:T,A:A,A:G,G:G,C:C
ASI8FMXFNGciD,A:A,T:C,T:C,T:G,A:G,C:G,C:G,G:C,T:T,A:A,A:A,G:G,G:G,C:C,C:G,C:C,G:G,C:G,T:T,C:C,G:G,C:C,T:T,T:T,T:T,A:A,G:G,A:G,A:A,A:A,G:C,T:C,G:A,C:C,A:A,C:C,C:T,A:G,T:T,A:A,A:A,A:G,A:A,C:T,C:G,C:C,T:C,A:A,A:G,G:G,C:C
ASI8FbbJpk7cL,A:A,C:C,C:C,T:T,A:G,G:G,G:G,C:C,T:T,A:A,A:A,G:G,G:G,C:C,G:G,C:T,A:A,C:C,T:T,T:T,G:G,C:C,T:T,T:T,T:T,A:A,G:G,G:G,A:A,A:A,C:C,T:T,G:A,C:C,A:A,C:C,C:T,G:G,T:T,A:A,G:A,A:G,G:G,T:T,G:G,C:C,T:C,C:C,A:A,G:G,C:C
ASI8Fyg05a7qQ,G:A,C:C,C:C,T:T,G:G,G:G,G:G,C:C,T:T,G:G,A:A,G:G,G:G,C:C,G:G,C:T,A:A,C:C,T:T,?,G:G,C:C,T:T,T:T,T:T,A:A,G:G,G:G,A:A,A:A,C:C,T:T,G:G,C:C,T:T,C:C,C:C,G:G,C:C,G:A,G:G,G:G,G:G,T:T,C:G,C:C,T:T,A:C,A:A,G:G,C:C
ASI8FadlubKE9,A:A,C:C,C:C,T:T,A:G,G:G,G:G,C:C,T:T,A:A,A:A,G:A,G:T,C:C,G:G,C:T,G:G,C:C,T:T,T:T,G:G,C:C,T:T,T:T,T:T,A:A,G:G,G:G,A:A,A:A,C:C,T:T,G:A,T:C,A:A,C:C,C:C,G:G,T:T,A:A,G:A,A:G,G:G,T:T,G:G,G:C,T:C,C:C,A:A,G:G,T:C
ASI8FoOhZcvzI,A:A,C:C,T:C,T:G,A:A,G:G,G:G,C:C,A:A,A:A,A:A,G:A,G:G,C:C,G:G,C:T,G:G,C:C,C:C,C:C,C:G,C:C,T:T,T:T,T:T,A:A,G:G,G:G,A:A,A:A,C:C,T:T,G:A,C:C,A:A,G:C,T:T,G:G,T:T,A:A,A:A,A:G,A:G,T:T,C:G,C:C,C:C,C:C,A:A,G:G,C:C
ASI8F9942kVPU,G:G,C:C,T:T,G:G,A:A,G:G,G:G,C:C,A:A,A:A,A:A,A:A,G:G,C:C,G:G,T:T,G:G,C:C,C:C,?,C:G,C:C,T:T,T:T,T:T,A:A,G:G,G:G,A:A,A:A,G:G,T:T,G:G,C:C,A:A,G:C,T:T,G:G,T:T,A:A,A:A,G:G,A:A,T:T,G:G,C:C,C:C,C:C,A:A,?,C:C
ASI8Fqdy85ipN,G:A,T:T,T:T,G:G,G:G,C:C,C:G,G:G,T:T,A:A,A:A,G:G,G:G,C:C,C:C,C:C,G:G,G:G,T:T,C:C,G:G,C:C,T:T,T:T,T:T,A:A,A:G,A:A,A:A,A:A,G:C,C:C,G:G,C:C,T:T,G:C,C:C,A:A,T:T,G:A,A:A,G:G,A:A,C:C,C:G,C:C,T:T,A:A,G:G,G:G,C:C
ASI8Fvc72Cl6I,G:G,T:T,T:C,T:G,G:G,C:G,C:G,G:C,T:T,A:A,A:A,G:G,G:G,C:C,C:C,C:C,G:G,G:G,T:T,T:T,G:G,T:C,T:T,T:T,T:T,A:A,A:G,A:G,A:A,G:A,G:C,T:C,G:A,C:C,T:T,G:C,C:T,A:G,T:T,A:A,A:A,G:G,G:G,C:T,C:G,C:C,T:T,A:A,A:G,G:G,C:C
ASI8FX65OB8Hp,A:A,T:C,T:C,T:G,A:G,C:G,C:G,G:C,T:T,A:A,A:A,G:G,G:G,C:C,C:G,C:C,G:G,C:G,T:T,C:C,G:G,C:C,T:T,T:T,T:T,A:A,G:G,A:G,A:A,A:A,G:C,T:C,G:A,C:C,A:A,C:C,C:T,A:G,T:T,A:A,A:A,A:G,A:A,C:T,C:G,C:C,T:C,A:A,A:G,G:G,C:C
ASI8FvWzYqnuy,A:A,C:C,C:C,T:T,A:G,G:G,G:G,C:C,T:T,A:A,A:A,G:G,G:G,C:C,G:G,C:T,A:G,C:C,T:T,T:T,G:G,C:C,T:T,T:T,T:T,A:A,G:G,G:G,A:A,A:A,C:C,T:T,G:A,C:C,A:A,C:C,C:T,G:G,T:T,A:A,G:A,A:G,G:G,T:T,C:G,C:C,T:C,C:C,A:A,G:G,C:C
ASI8FK2qtKwqs,A:A,T:C,T:C,T:T,G:G,G:G,G:G,C:C,A:T,A:A,A:A,G:G,G:T,A:C,G:G,C:T,G:G,C:G,T:T,T:T,C:G,C:C,T:T,T:T,T:T,A:A,G:G,G:G,A:A,A:A,G:C,T:C,G:G,C:C,T:T,C:C,C:T,G:G,T:T,A:A,G:A,G:G,G:G,T:T,G:G,G:C,T:T,C:C,A:A,G:G,C:C
ASI8FWvQUpmBi,A:A,C:C,C:C,T:T,A:G,G:G,G:G,C:C,T:T,A:A,A:A,G:A,G:T,C:C,G:G,C:T,G:G,C:C,T:T,T:T,G:G,C:C,T:T,T:T,T:T,A:A,G:G,G:G,A:A,A:A,C:C,T:T,G:A,T:C,A:A,C:C,C:C,G:G,T:T,A:A,G:A,A:G,G:G,T:T,G:G,G:C,T:C,C:C,A:A,G:G,T:C
ASI8FR8xCiqmT,G:A,T:C,T:C,T:G,A:G,G:G,G:G,C:C,A:T,A:A,A:A,G:A,G:G,C:C,C:G,C:T,G:G,C:G,T:T,T:T,C:G,T:C,T:T,T:T,T:T,A:A,G:G,G:G,A:A,G:A,G:C,T:C,G:A,C:C,A:A,C:C,T:T,G:G,T:T,A:A,A:A,G:G,G:G,T:T,C:G,C:C,T:C,C:C,A:A,G:G,C:C
ASI8FEgCL0vgJ,A:A,C:C,T:C,T:G,A:A,G:G,G:G,C:C,A:A,A:A,A:A,G:A,G:G,C:C,G:G,C:T,G:G,C:C,C:C,C:C,C:G,C:C,T:T,T:T,T:T,A:A,G:G,G:G,A:A,A:A,C:C,T:T,G:A,C:C,A:A,G:C,T:T,G:G,T:T,A:A,A:A,A:G,G:G,T:T,C:G,C:C,C:C,C:C,A:A,G:G,C:C
ASI8Fbk9bWXhn,G:G,T:T,T:T,G:G,G:G,C:C,C:G,G:G,T:T,A:A,A:A,G:G,G:G,C:C,C:C,C:C,G:G,G:G,T:T,C:C,G:G,C:C,T:T,T:T,T:T,A:A,A:G,A:A,A:A,A:A,G:C,C:C,G:G,C:C,T:T,C:C,C:C,A:A,T:T,G:A,A:A,G:G,A:A,C:C,C:G,C:C,T:T,A:A,G:G,G:G,C:C
ASI8FOUKL1hut,A:A,T:T,T:C,T:G,G:G,C:G,C:G,G:C,T:T,A:A,A:A,G:G,G:G,C:C,C:C,C:C,G:G,G:G,T:T,T:T,G:G,T:C,T:T,T:T,T:T,A:A,G:G,A:G,A:A,G:A,G:C,C:C,G:A,C:C,T:T,C:C,C:T,A:G,T:T,A:A,A:A,G:G,A:A,C:T,C:G,C:C,T:T,A:A,A:G,G:G,C:C
ASI8FkJ1SLODW,A:A,T:C,T:C,T:G,A:G,C:G,C:G,G:C,T:T,A:A,A:A,G:G,G:G,C:C,C:G,C:C,G:G,C:G,T:T,T:C,G:G,C:C,T:T,T:T,T:T,A:A,G:G,A:G,A:A,A:A,G:C,T:C,G:A,C:C,A:A,C:C,C:T,A:G,T:T,A:A,A:A,A:G,A:A,C:T,C:G,C:C,T:C,A:A,A:G,G:G,C:C
ASI8FCGcVcYWM,G:A,C:C,C:C,T:T,G:G,G:G,G:G,C:C,T:T,G:A,A:A,G:G,G:G,C:C,G:G,C:T,A:G,C:C,T:T,T:T,G:G,C:C,T:T,T:T,T:T,A:A,G:G,G:G,A:A,A:A,C:C,T:T,G:G,C:C,T:T,?,C:C,G:G,T:T,A:A,G:G,G:G,G:G,T:T,C:G,C:C,T:T,C:C,A:A,G:G,C:C
ASI8FfpAZCXBI,G:A,T:C,T:C,T:T,G:G,G:G,G:G,C:C,A:T,A:A,A:A,G:G,G:T,A:C,G:G,C:T,G:G,C:G,T:T,T:T,C:G,C:C,T:T,T:T,T:T,A:A,G:G,G:G,A:A,A:A,G:C,T:C,G:G,C:C,T:T,G:C,C:T,G:G,T:T,A:A,G:A,G:G,G:G,T:T,G:G,G:C,T:T,C:C,A:A,G:G,C:C
ASI8Fl9WUMuxs,A:A,C:C,C:C,T:T,A:G,G:G,G:G,C:C,T:T,A:A,A:A,G:A,G:T,C:C,G:G,C:T,G:G,C:C,T:T,T:T,G:G,C:C,T:T,T:T,T:T,A:A,G:G,G:G,A:A,A:A,C:C,T:T,G:A,T:C,A:A,C:C,C:C,G:G,T:T,A:A,G:A,A:G,G:G,T:T,G:G,G:C,T:C,C:C,A:A,G:G,T:C
ASI8F1A02P2vZ,A:A,T:C,T:C,T:G,A:G,G:G,G:G,C:C,A:T,A:A,A:A,G:A,G:G,C:C,C:G,C:T,G:G,C:G,T:T,T:T,C:G,T:C,T:T,T:T,T:T,A:A,G:G,G:G,A:A,G:A,G:C,T:T,G:A,C:C,A:A,G:C,T:T,G:G,T:T,A:A,A:A,G:G,G:G,T:T,C:G,C:C,T:C,C:C,A:A,G:G,C:C
ASI8FSnoLiRXg,A:A,C:C,T:C,T:G,A:A,G:G,G:G,C:C,A:A,A:A,A:A,G:A,G:G,C:C,G:G,C:T,G:G,C:C,C:C,C:C,C:G,C:C,T:T,T:T,T:T,A:A,G:G,G:G,A:A,A:A,C:C,T:T,G:A,C:C,A:A,G:C,T:T,G:G,T:T,A:A,A:A,A:G,G:G,T:T,C:G,C:C,C:C,C:C,A:A,G:G,C:C
ASI8FPDhJeOCW,A:A,T:C,T:C,T:G,A:G,C:G,C:G,G:C,T:T,A:A,A:A,G:G,G:G,C:C,C:G,C:C,G:G,C:G,T:T,C:C,G:G,C:C,T:T,T:T,T:T,A:A,G:G,A:G,A:A,A:A,G:C,T:C,G:A,C:C,A:A,C:C,C:T,A:G,T:T,A:A,A:A,A:G,A:A,C:T,C:G,C:C,T:C,A:A,A:G,G:G,C:C
ASI8FH89qQLGq,A:A,T:T,T:T,T:G,G:G,C:G,C:G,G:C,A:T,A:A,A:A,G:G,G:T,A:C,C:G,C:C,G:G,G:G,T:T,C:C,C:G,T:C,T:T,T:T,T:T,A:A,G:G,A:G,A:A,A:A,G:C,C:C,G:G,C:C,T:T,C:C,C:T,A:G,T:T,A:A,A:A,G:G,A:A,C:T,C:G,G:C,T:T,A:A,A:G,G:G,C:C
ASI8FId8nyusg,A:A,C:C,T:C,T:G,A:G,C:G,C:G,G:C,T:T,A:A,A:A,G:A,G:T,C:C,C:G,C:C,G:G,C:G,T:T,?,G:G,C:C,T:T,T:T,T:T,A:A,G:G,A:G,A:A,A:A,G:G,T:C,G:A,T:C,A:A,?,?,A:G,T:T,?,A:A,A:G,A:A,C:C,C:G,G:C,T:C,A:A,A:G,?,T:C
ASI8FwJAyLj0P,A:A,C:C,C:C,T:T,A:G,G:G,G:G,C:C,T:T,A:A,A:A,G:G,G:G,C:C,G:G,C:T,G:G,C:C,T:T,T:T,G:G,C:C,T:T,T:T,T:T,A:A,G:G,G:G,A:A,A:A,C:C,T:T,G:A,C:C,A:A,C:C,C:T,G:G,T:T,A:A,G:A,A:G,G:G,T:T,G:G,C:C,T:C,C:C,A:A,G:G,C:C
ASI8FxDaHlt16,A:A,T:C,T:C,T:T,G:G,G:G,G:G,C:C,A:T,A:A,A:A,G:G,G:T,A:C,G:G,C:T,G:G,C:G,T:T,T:T,C:G,C:C,T:T,T:T,T:T,A:A,G:G,G:G,A:A,A:A,G:C,T:C,G:G,C:C,T:T,C:C,C:T,G:G,T:T,A:A,G:A,G:G,G:G,T:T,G:G,G:C,T:T,C:C,A:A,G:G,C:C
ASI8FK5vx62ij,A:A,C:C,C:C,T:T,A:G,G:G,G:G,C:C,T:T,A:A,A:A,G:A,G:T,C:C,G:G,C:T,G:G,C:C,T:T,T:T,G:G,C:C,T:T,T:T,T:T,A:A,G:G,G:G,A:A,A:A,C:C,T:T,G:A,T:C,A:A,C:C,C:C,G:G,T:T,A:A,G:A,A:G,G:G,T:T,G:G,G:C,T:C,C:C,A:A,G:G,T:C
ASI8FVL0YtEQH,A:A,T:C,T:C,T:G,A:G,G:G,G:G,C:C,A:T,A:A,A:A,G:A,G:G,C:C,C:G,C:T,G:G,C:G,T:T,T:T,C:G,T:C,T:T,T:T,T:T,A:A,G:G,G:G,A:A,G:A,G:C,T:C,G:A,C:C,A:A,G:C,T:T,G:G,T:T,A:A,A:A,G:G,G:G,T:T,C:G,C:C,T:C,C:C,A:A,G:G,C:C
ASI8F7nZbBEcm,A:A,C:C,T:C,T:G,A:A,G:G,G:G,C:C,A:A,A:A,A:A,G:A,G:G,C:C,G:G,C:T,G:G,C:C,C:C,C:C,C:G,C:C,T:T,T:T,T:T,A:A,G:G,G:G,A:A,A:A,C:C,T:T,G:A,C:C,A:A,C:C,T:T,G:G,T:T,A:A,A:A,A:G,G:G,T:T,C:G,C:C,C:C,C:C,A:A,G:G,C:C
ASI8FUOYAC04V,A:A,T:C,T:C,T:G,A:G,C:G,C:G,G:C,T:T,A:A,A:A,G:G,G:G,C:C,C:G,C:C,G:G,C:G,T:T,C:C,G:G,C:C,T:T,T:T,T:T,A:A,G:G,A:G,A:A,A:A,G:C,T:C,G:A,C:C,A:A,C:C,C:T,A:G,T:T,A:A,A:A,A:G,A:A,C:T,C:G,C:C,T:C,A:A,A:G,G:G,C:C
ASI8Fib2qXYXv,G:G,T:T,T:T,T:G,G:G,C:G,C:G,G:C,A:T,A:A,A:A,G:G,G:T,A:C,C:G,C:C,G:G,G:G,T:T,?,C:G,T:C,T:T,T:T,T:T,A:A,G:G,A:G,A:A,A:A,G:C,C:C,G:G,C:C,T:T,G:G,C:T,A:G,T:T,A:A,A:A,G:G,A:A,C:C,C:G,G:C,T:T,A:A,A:G,G:G,C:C
ASI8FJkGRtBXr,A:A,T:C,T:C,T:G,A:G,C:G,C:G,G:C,T:T,A:A,A:A,G:A,G:T,C:C,C:G,C:C,G:G,C:G,T:T,T:C,G:G,C:C,T:T,T:T,T:T,A:A,G:G,A:G,A:A,A:A,G:C,T:C,G:A,T:C,A:A,C:C,C:C,A:G,T:T,A:A,A:A,A:G,A:A,C:C,C:G,G:C,T:C,A:A,A:G,G:G,T:C
ASI8Fi9akc6aB,A:A,?,C:C,T:T,A:G,G:G,G:G,C:C,?,?,A:A,G:G,?,C:C,?,?,G:G,?,T:T,?,?,C:C,C:C,T:T,?,A:A,?,?,?,?,?,T:C,G:A,?,A:A,?,?,G:G,?,?,A:A,A:G,?,?,G:G,C:C,?,C:C,A:A,?,?
ASI8FkQ5G9nxi,A:A,T:C,T:C,T:T,G:G,G:G,G:G,C:C,A:T,A:A,A:A,G:G,G:T,A:C,G:G,C:T,G:G,C:G,T:T,T:T,C:G,C:C,T:T,T:T,T:T,A:A,G:G,G:G,A:A,A:A,G:C,T:C,G:G,C:C,T:T,C:C,C:T,G:G,T:T,A:A,G:A,G:G,G:G,T:T,G:G,G:C,T:T,C:C,A:A,G:G,C:C
ASI8FhvBVecd1,A:A,C:C,C:C,T:T,A:G,G:G,G:G,C:C,T:T,A:A,A:A,G:A,G:T,C:C,G:G,C:T,G:G,C:C,T:T,T:T,G:G,C:C,T:T,T:T,T:T,A:A,G:G,G:G,A:A,A:A,C:C,T:T,G:A,T:C,A:A,C:C,C:C,G:G,T:T,A:A,G:A,A:G,G:G,T:T,G:G,G:C,T:C,A:C,A:A,G:G,T:C
ASI8F5IeO6TRx,A:A,T:C,T:C,T:G,A:G,G:G,G:G,C:C,A:T,A:A,A:A,G:A,G:G,C:C,C:G,C:T,G:G,C:G,T:T,T:T,C:G,T:C,T:T,T:T,T:T,A:A,G:G,G:G,A:A,G:A,G:C,T:C,G:A,C:C,A:A,G:G,T:T,G:G,T:T,A:A,A:A,G:G,G:G,T:T,C:G,C:C,T:C,C:C,A:A,G:G,C:C
ASI8FNsQU6CRz,A:A,?,Uncallable,T:G,A:A,G:G,G:G,C:C,?,?,A:A,G:A,G:G,?,?,?,G:G,C:C,C:C,?,G:G,C:C,T:C,T:C,?,?,?,?,A:A,A:A,?,T:T,G:A,C:C,A:A,?,?,?,?,?,?,A:G,?,?,?,C:C,?,C:C,A:A,?,C:C
ASI8F7Y31Q51J,A:A,T:C,T:C,T:G,A:G,C:G,C:G,G:C,T:T,A:A,A:A,G:G,G:G,C:C,C:G,C:C,G:G,C:G,T:T,C:C,G:G,C:C,T:T,T:T,T:T,A:A,G:G,A:G,A:A,A:A,G:C,T:C,G:A,C:C,A:A,C:C,C:T,A:G,T:T,A:A,A:A,A:G,A:A,C:T,C:G,C:C,T:C,A:A,A:G,G:G,C:C
ASI8Ft0ApfYZM,A:A,T:T,T:T,T:G,G:G,C:G,C:G,G:C,A:T,A:A,A:A,G:G,G:T,C:C,C:G,C:C,G:G,G:G,T:T,?,C:G,T:C,T:T,T:T,T:T,A:A,G:G,A:G,A:A,A:A,G:G,C:C,G:G,C:C,T:T,G:G,C:T,A:G,T:T,A:A,A:A,G:G,A:A,C:C,C:G,G:C,T:T,A:A,A:G,G:G,C:C
ASI8FnZwk02kN,A:A,T:C,T:C,T:G,A:G,C:G,C:G,G:C,T:T,A:A,A:A,G:A,G:T,C:C,C:G,C:C,G:G,C:G,T:T,C:C,G:G,C:C,T:T,T:T,T:T,A:A,G:G,A:G,A:A,A:A,G:C,T:C,G:A,T:C,A:A,G:G,C:C,A:G,T:T,A:A,A:A,A:G,A:A,C:C,C:G,G:C,T:C,A:A,A:G,G:G,T:C
ASI8FItN9JA60,A:A,T:C,C:C,T:T,G:G,G:G,G:G,C:C,T:T,A:A,A:A,G:G,G:G,C:C,C:G,C:T,G:G,C:G,T:T,T:T,G:G,C:C,T:T,T:T,T:T,A:A,G:G,G:G,A:A,G:A,G:C,T:T,G:A,C:C,T:T,C:C,C:T,G:G,T:T,A:A,G:A,G:G,G:G,T:T,C:G,C:C,T:T,C:C,A:A,G:G,C:C
ASI8FOVFjJ2ZJ,A:A,C:C,C:C,T:T,A:G,G:G,G:G,C:C,T:T,A:A,A:A,G:G,G:G,C:C,G:G,C:T,G:G,C:C,T:T,T:T,G:G,C:C,T:T,T:T,T:T,A:A,G:G,G:G,A:A,A:A,C:C,T:T,G:A,C:C,A:A,C:C,C:T,G:G,T:T,A:A,G:A,A:G,G:G,T:T,C:G,C:C,T:C,C:C,A:A,G:G,C:C
ASI8FPen5ySVc,A:A,C:C,T:T,G:G,A:A,G:G,G:G,C:C,A:A,A:A,A:A,A:A,G:G,C:C,G:G,T:T,G:G,C:C,C:C,C:C,C:C,C:C,T:T,T:T,T:T,A:A,G:G,G:G,A:A,A:A,G:C,T:T,G:G,C:C,A:A,G:G,T:T,G:G,T:T,A:A,A:A,G:G,A:G,T:T,G:G,C:C,C:C,C:C,A:A,G:G,C:C
ASI8FobAMgRG1,?,?,?,?,?,?,?,C:C,?,?,?,?,?,?,?,?,?,?,?,?,?,?,?,?,?,?,?,?,?,?,?,?,?,?,?,?,?,?,?,?,?,?,?,?,?,?,?,?,?,?,?
ASI8FBfV8V04X,A:A,C:C,T:C,T:G,A:A,G:G,G:G,C:C,A:T,A:A,A:A,G:A,G:G,A:C,G:G,C:T,G:G,C:C,C:C,?,G:G,C:C,T:C,T:T,T:T,A:A,G:G,?,A:A,A:A,G:C,T:T,G:A,C:C,A:A,C:C,?,G:G,T:T,?,A:A,A:G,?,?,G:G,C:C,C:C,C:C,A:A,?,C:C
ASI8FPoj5XoUF,A:A,T:C,T:C,T:G,A:G,C:G,C:G,G:C,T:T,A:A,A:A,G:G,G:G,C:C,Uncallable,?,G:G,C:G,T:T,?,G:G,C:C,T:C,T:T,T:T,A:A,G:G,A:G,A:A,A:A,G:G,T:C,G:A,C:C,A:A,?,?,A:G,T:T,A:A,A:A,A:G,A:A,C:C,C:G,C:C,T:C,A:A,A:G,G:G,C:C
ASI8FPdDahiee,A:A,T:T,T:T,T:G,G:G,C:G,C:G,G:C,A:T,A:A,A:A,G:G,G:T,A:C,C:G,C:C,G:G,G:G,T:T,T:C,C:G,T:C,T:T,T:T,T:T,A:A,G:G,A:G,A:A,A:A,G:C,C:C,G:G,C:C,T:T,C:C,C:T,A:G,T:T,A:A,A:A,G:G,A:A,C:T,C:G,G:C,T:T,A:A,A:G,G:G,C:C
ASI8FYElFHzda,A:A,T:C,T:C,T:G,A:G,C:G,C:G,G:C,T:T,A:A,A:A,G:A,G:T,C:C,C:G,C:C,G:G,C:G,T:T,C:C,G:G,C:C,T:T,T:T,T:T,A:A,G:G,A:G,A:A,A:A,G:C,T:C,G:A,T:C,A:A,C:C,C:C,A:G,T:T,A:A,A:A,A:G,A:A,C:T,C:G,G:C,T:C,A:A,A:G,G:G,T:C
ASI8FjpPB05nH,A:A,T:C,C:C,T:T,G:G,G:G,G:G,C:C,T:T,A:A,A:A,G:G,G:G,C:C,C:G,C:T,G:G,C:G,T:T,T:T,G:G,C:C,T:T,T:T,T:T,A:A,G:G,G:G,A:A,G:A,G:C,T:T,G:A,C:C,T:T,C:C,C:T,G:G,T:T,A:A,G:A,G:G,G:G,T:T,C:G,C:C,T:T,A:C,A:A,G:G,C:C
ASI8FY48OgOzH,A:A,C:C,C:C,T:T,A:G,G:G,G:G,C:C,T:T,A:A,A:A,G:G,G:G,C:C,G:G,C:T,G:G,C:C,T:T,T:T,G:G,C:C,T:T,T:T,T:T,A:A,G:G,G:G,A:A,A:A,C:C,T:T,G:A,C:C,A:A,C:C,C:T,G:G,T:T,A:A,G:A,A:G,A:G,T:T,C:G,C:C,T:C,C:C,A:A,G:G,C:C
ASI8F8fdEQz06,A:A,C:C,T:T,G:G,A:A,G:G,G:G,C:C,A:A,A:A,A:A,A:A,G:G,C:C,G:G,T:T,G:G,C:C,C:T,C:C,C:C,C:C,T:T,T:T,T:T,A:A,G:G,G:G,A:A,A:A,C:C,T:T,G:G,C:C,A:A,G:C,T:T,G:G,T:T,A:A,A:A,G:G,G:G,T:T,G:G,C:C,C:C,C:C,A:A,G:G,C:C
ASI8FfdfiuFLO,A:A,C:C,T:C,T:G,A:G,G:G,G:G,C:C,?,A:A,A:A,G:A,G:G,C:C,C:C,C:T,G:G,C:G,T:T,?,C:G,T:C,T:C,T:T,T:T,A:A,G:G,G:G,A:A,A:A,G:G,T:C,G:A,C:C,A:A,?,?,G:G,T:T,?,A:A,G:G,A:A,?,C:G,C:C,C:C,C:C,A:A,G:G,C:C
ASI8FCpcuChcM,A:A,T:C,T:C,T:G,A:G,C:G,C:G,G:C,T:T,A:A,A:A,G:G,G:G,C:C,C:G,C:C,G:G,C:G,T:T,C:C,G:G,C:C,T:T,T:T,T:T,A:A,G:G,A:G,A:A,A:A,G:C,T:C,G:A,C:C,A:A,C:C,C:T,A:G,T:T,A:A,A:A,A:G,A:A,C:T,C:G,C:C,T:C,A:A,A:G,G:G,C:C
ASI8Fxkhfa8EL,A:A,T:T,T:T,T:G,G:G,C:G,C:G,G:C,A:T,A:A,A:A,G:G,G:T,C:C,C:G,C:C,G:G,G:G,T:T,C:C,C:G,C:C,T:T,T:T,T:T,A:A,G:G,A:G,A:A,A:A,G:C,C:C,G:G,C:C,A:A,C:C,C:T,A:G,T:T,A:A,A:A,G:G,A:A,C:C,C:G,G:C,T:T,A:A,A:G,G:G,C:C
ASI8FFDx0vmZk,A:A,T:C,T:C,T:G,A:G,C:G,C:G,G:C,T:T,A:A,A:A,G:A,G:T,C:C,C:G,C:C,G:G,C:G,T:T,C:C,G:G,C:C,T:T,T:T,T:T,A:A,G:G,A:G,A:A,A:A,G:C,T:C,G:A,T:C,A:A,C:C,C:C,A:G,T:T,A:A,A:A,A:G,A:A,C:T,C:G,G:C,T:C,A:A,A:G,G:G,T:C
ASI8FbFSzQA67,G:A,T:C,C:C,T:T,G:G,G:G,G:G,C:C,T:T,A:A,A:A,G:G,G:G,C:C,C:G,C:T,G:G,C:G,T:T,T:T,G:G,C:C,T:T,T:T,T:T,A:A,G:G,G:G,A:A,G:A,G:C,T:T,G:A,C:C,T:T,C:C,C:T,G:G,T:T,A:A,G:A,G:G,G:G,T:T,C:G,C:C,T:T,C:C,A:A,G:G,C:C
ASI8FOulapdD5,?,?,?,?,?,?,?,?,?,?,?,?,?,?,?,?,?,?,?,?,?,?,?,?,?,?,?,?,?,?,?,?,?,?,?,?,?,?,?,?,?,?,?,?,?,?,?,?,?,?,?
ASI8FJqthJElh,A:A,C:C,T:C,T:G,A:A,G:G,G:G,C:C,A:A,A:A,A:A,G:A,G:G,C:C,G:G,C:T,G:G,C:C,C:T,C:C,C:G,C:C,T:T,T:T,T:T,A:A,G:G,G:G,A:A,A:A,C:C,T:T,G:A,C:C,A:A,C:C,T:T,G:G,T:T,A:A,A:A,A:G,G:G,T:T,C:G,C:C,C:C,A:C,A:A,G:G,C:C
ASI8FU200UMtB,A:A,T:C,T:T,T:G,A:G,G:G,G:G,C:C,A:A,A:A,A:A,G:A,G:T,A:C,G:G,C:T,G:G,C:G,T:T,C:C,C:G,C:C,T:T,T:T,T:T,A:A,G:G,G:G,A:A,A:A,G:C,T:C,G:G,C:C,A:A,G:C,T:T,G:G,T:T,A:A,A:A,G:G,G:G,T:T,G:G,G:C,T:C,C:C,A:A,G:G,C:C
ASI8FSoSgE5i0,A:A,C:C,T:T,G:G,A:A,G:G,G:G,C:C,A:A,A:A,A:A,A:A,G:G,C:C,G:G,T:T,G:G,C:C,C:C,C:C,C:C,C:C,T:T,T:T,T:T,A:A,G:G,G:G,A:A,A:A,C:C,T:T,G:G,C:C,A:A,G:C,T:T,G:G,T:T,A:A,A:A,G:G,G:G,T:T,?,C:C,C:C,C:C,A:A,G:G,C:C
ASI8Fv3dS8Ecg,A:A,C:C,C:C,T:G,A:A,G:G,G:G,C:C,T:T,A:A,A:A,G:G,G:G,A:C,G:G,C:T,G:G,C:C,C:T,?,G:G,C:C,T:C,T:T,T:T,A:A,G:G,G:G,A:A,G:A,G:C,T:T,A:A,C:C,A:A,G:G,T:T,G:G,T:T,A:A,A:A,A:A,A:A,T:T,G:G,C:C,C:C,C:C,A:A,G:G,C:C
ASI8FtV4yZ1wi,A:A,T:C,C:C,T:G,A:A,G:G,G:G,C:C,T:T,A:A,A:A,G:G,G:T,C:C,G:G,C:T,G:G,C:C,C:C,T:T,G:G,C:C,T:T,T:T,T:T,A:A,G:G,G:G,A:A,G:A,C:C,T:T,A:A,C:C,A:A,G:C,T:T,G:G,T:T,A:A,A:A,A:A,G:G,T:T,G:G,C:C,T:C,C:C,A:G,G:G,C:C
ASI8FYC4CzVTZ,A:A,C:C,C:C,G:G,G:G,G:G,G:G,C:C,T:T,A:A,A:A,G:G,G:G,C:C,G:G,C:T,G:G,G:G,C:C,C:C,G:G,T:T,T:T,T:T,T:T,A:A,G:G,G:G,A:A,A:A,C:C,C:C,A:A,C:C,T:T,G:C,T:T,G:G,T:T,G:G,G:G,A:A,G:G,T:T,C:G,C:C,T:T,A:A,G:G,G:G,C:C
ASI8F8U2TLnNP,A:A,C:C,C:C,G:G,A:A,G:G,G:G,C:C,A:A,A:A,A:A,G:G,G:G,C:C,G:G,C:T,G:G,G:G,C:C,C:C,G:G,T:T,T:T,T:T,T:T,A:A,G:G,G:G,A:A,A:A,C:C,C:C,A:A,C:C,T:T,G:G,T:T,A:A,T:T,G:G,G:G,A:A,G:G,T:T,C:C,C:C,T:T,A:A,G:G,G:G,C:C
ASI8Fh1ndFOmn,A:A,C:C,C:C,T:G,A:G,G:G,G:G,C:C,T:T,A:A,A:A,G:A,G:T,C:C,G:G,C:T,G:G,C:C,C:C,T:T,G:G,C:C,T:T,T:T,T:T,A:A,G:G,G:G,A:A,G:A,C:C,T:T,A:A,C:C,A:A,C:C,T:T,G:G,T:T,A:A,A:A,A:G,G:G,T:T,C:C,C:C,T:C,C:C,A:A,G:G,C:C
ASI8FILyZHucD,A:A,C:C,Uncallable,T:G,G:G,G:G,G:G,C:C,?,A:A,A:A,G:A,T:T,Uncallable,?,C:T,G:G,?,T:T,?,C:G,T:T,T:C,T:C,T:T,A:A,G:G,?,A:A,G:G,?,C:C,G:A,C:C,T:T,?,?,G:G,T:T,?,A:A,G:G,?,?,C:G,G:C,?,C:C,A:G,?,C:C
ASI8Fs4PHSqoY,A:A,T:C,C:C,G:G,G:G,G:G,G:G,C:C,T:T,A:A,A:A,G:G,T:T,C:C,G:G,C:T,G:G,C:C,C:C,T:T,G:G,T:T,T:T,T:T,T:T,A:A,G:G,G:G,A:A,G:A,G:C,T:C,A:A,C:C,A:A,G:G,T:T,G:G,T:T,G:A,A:A,G:G,A:G,T:T,G:G,C:C,T:T,C:C,G:G,G:G,C:C
ASI8FovvLbZwU,A:A,C:C,T:C,T:G,A:A,G:G,G:G,C:C,A:T,A:A,A:A,A:A,G:T,C:C,G:G,C:T,G:G,C:C,C:C,C:C,C:G,C:C,T:T,T:T,T:T,A:A,G:G,G:G,A:A,A:A,C:C,T:T,G:A,T:C,A:A,G:G,C:T,G:G,T:T,A:A,A:A,A:G,G:G,T:T,G:G,G:C,C:C,C:C,A:A,G:G,T:C
ASI8FIaNmhj7D,A:A,T:C,C:C,T:G,A:A,G:G,G:G,C:C,T:T,A:A,A:A,G:A,G:G,A:C,G:G,C:T,G:G,C:C,C:C,T:T,G:G,C:C,T:T,T:T,T:T,A:A,G:G,G:G,A:A,G:A,C:C,T:T,G:A,C:C,A:A,C:C,T:T,G:G,T:T,A:A,G:A,A:G,G:G,T:T,G:G,C:C,T:C,C:C,A:G,G:G,C:C
ASI8FZLS4tLXb,A:A,T:C,C:C,T:G,A:A,G:G,G:G,C:C,T:T,A:A,A:A,G:G,G:G,C:C,G:G,C:T,A:G,C:C,C:C,T:T,G:G,C:C,T:T,T:T,T:T,A:A,G:G,G:G,A:A,G:A,C:C,T:T,A:A,C:C,A:A,C:C,T:T,G:G,T:T,A:A,G:A,A:G,G:G,T:T,G:G,C:C,T:C,C:C,A:G,G:G,C:C
ASI8FcARYZfIn,A:A,C:C,C:C,T:G,A:G,G:G,G:G,C:C,A:A,A:A,A:A,G:G,G:G,C:C,G:G,C:T,G:G,C:G,C:C,C:C,G:G,C:C,T:T,T:T,T:T,A:A,G:G,G:G,A:A,A:A,C:C,T:C,A:A,C:C,A:A,C:C,T:T,G:G,T:T,A:A,G:A,A:G,G:G,T:T,C:C,C:C,T:C,A:A,A:G,G:G,C:C
ASI8FNWMSvLZV,A:A,C:C,C:C,T:G,A:A,G:G,G:G,C:C,T:T,A:A,A:A,G:G,G:G,C:C,G:G,C:T,G:G,C:G,C:T,C:C,G:G,C:C,T:T,T:T,T:T,A:A,G:G,G:G,A:A,A:A,C:C,T:C,A:A,C:C,A:A,C:C,T:T,G:G,T:T,A:A,G:A,A:G,G:G,T:T,C:C,C:C,T:C,A:A,A:G,G:G,C:C
ASI8Fh7A6G19J,A:A,C:C,C:C,T:G,A:G,G:G,G:G,C:C,T:T,A:A,G:A,G:G,G:T,C:C,G:G,C:T,G:G,C:C,C:C,T:T,G:G,C:C,T:T,T:T,T:T,A:A,G:G,G:G,A:A,G:A,C:C,T:T,A:A,C:C,A:A,G:G,T:T,G:G,T:T,A:A,A:A,A:G,A:G,T:T,C:C,C:C,T:C,A:C,A:A,G:G,C:C
ASI8FdCNGGb48,G:A,T:C,T:C,T:G,G:G,G:G,G:G,C:C,A:T,A:A,A:A,G:G,T:T,A:C,G:G,C:T,G:G,C:G,T:T,T:T,C:G,T:T,T:T,T:T,T:T,A:A,G:G,G:G,A:A,G:G,G:C,C:C,G:A,C:C,A:A,C:C,T:T,G:G,T:T,A:A,A:A,G:G,G:G,T:T,C:G,G:C,T:T,C:C,A:A,G:G,C:C
ASI8F0kSgkAws,A:A,C:C,C:C,T:G,A:G,G:G,G:G,C:C,?,A:A,A:A,G:A,T:T,?,?,?,G:G,?,C:C,?,G:G,C:C,T:C,T:C,?,A:A,?,?,A:A,A:A,?,T:C,A:A,T:C,A:A,?,?,?,?,?,A:A,A:G,?,?,C:G,G:C,?,C:C,A:G,?,T:C
ASI8F6mzgLGdT,A:A,C:C,T:C,T:G,A:A,G:G,G:G,C:C,A:T,A:A,A:A,A:A,G:T,C:C,G:G,C:T,G:G,C:C,C:T,C:C,C:G,C:C,T:T,T:T,T:T,A:A,G:G,G:G,A:A,A:A,C:C,T:T,G:A,T:C,A:A,G:C,C:T,G:G,T:T,A:A,A:A,A:G,G:G,T:T,G:G,G:C,C:C,C:C,A:A,G:G,T:C
ASI8FLUq63r0b,A:A,T:T,C:C,G:G,A:A,G:G,G:G,C:C,T:T,G:A,A:A,A:A,G:G,A:A,G:G,T:T,G:G,C:C,C:C,T:T,G:G,T:T,T:T,T:T,T:T,A:A,G:G,G:G,A:A,G:G,G:C,T:T,G:G,C:C,T:T,C:C,T:T,G:G,C:C,G:G,A:A,G:G,G:G,T:T,G:G,C:C,C:C,C:C,A:A,G:G,C:C
ASI8Fz6GJEgf5,A:A,T:C,C:C,T:G,A:A,G:G,G:G,C:C,T:T,A:A,A:A,A:A,T:T,C:C,G:G,C:T,G:G,C:C,C:C,T:T,G:G,C:C,T:T,T:T,T:T,A:A,G:G,G:G,A:A,G:A,C:C,T:T,G:A,T:C,A:A,G:C,C:T,G:G,T:T,A:A,G:A,A:G,G:G,T:T,G:G,G:G,C:C,C:C,A:A,G:G,T:C
ASI8Fb9Iic9UM,A:A,C:C,C:C,G:G,G:G,G:G,G:G,C:C,T:T,A:A,A:A,G:G,G:G,C:C,G:G,C:T,G:G,G:G,C:C,C:C,G:G,T:T,T:T,T:T,T:T,A:A,G:G,G:G,A:A,A:A,C:C,C:C,A:A,C:C,T:T,G:C,T:T,G:G,T:T,G:G,G:G,A:A,G:G,T:T,C:C,C:C,T:T,A:A,G:G,G:G,C:C
ASI8FJWThtvvb,A:A,C:C,C:C,T:G,A:A,G:G,G:G,C:C,T:T,A:A,A:A,G:G,G:G,C:C,G:G,C:T,G:G,C:G,C:C,C:C,G:G,C:C,T:T,T:T,T:T,A:A,G:G,G:G,A:A,A:A,G:C,T:C,A:A,C:C,A:A,G:C,T:T,G:G,T:T,A:A,G:A,A:G,G:G,T:T,C:C,C:C,T:C,A:A,A:G,G:G,C:C
ASI8FsBZMdLea,A:A,C:C,C:C,T:G,A:G,G:G,G:G,C:C,T:T,A:A,A:A,G:A,G:T,C:C,G:G,C:T,G:G,C:C,C:T,T:T,G:G,C:C,T:T,T:T,T:T,A:A,G:G,G:G,A:A,G:A,C:C,T:T,A:A,C:C,A:A,C:C,T:T,G:G,T:T,A:A,A:A,A:G,G:G,T:T,C:C,C:C,T:C,A:C,A:G,G:G,C:C
ASI8FAo8xveJj,A:A,T:C,T:C,T:G,G:G,G:G,G:G,C:C,A:T,A:A,A:A,G:G,T:T,A:C,G:G,Uncallable,G:G,C:G,T:T,T:T,C:G,T:T,T:T,T:T,T:T,A:A,G:G,G:G,A:A,G:G,G:C,C:C,G:A,C:C,A:A,C:C,T:T,G:G,T:T,A:A,A:A,G:G,G:G,T:T,C:G,G:C,T:T,A:C,A:A,G:G,C:C
ASI8FXwuIDXDZ,A:A,T:C,C:C,T:G,A:G,G:G,G:G,C:C,T:T,A:A,A:A,G:A,T:T,C:C,G:G,C:T,G:G,C:C,C:C,T:T,G:G,C:C,T:T,T:T,T:T,A:A,G:G,G:G,A:A,G:A,C:C,T:C,G:A,T:C,A:A,C:C,C:T,G:G,T:T,A:A,A:A,A:G,G:G,T:T,C:G,G:C,T:C,C:C,A:A,G:G,T:C
ASI8FgS305Y2F,A:A,C:C,T:C,T:G,A:A,G:G,G:G,C:C,A:T,A:A,A:A,A:A,G:T,C:C,G:G,C:T,G:G,C:C,C:T,C:C,C:G,C:C,T:T,T:T,T:T,A:A,G:G,G:G,A:A,A:A,C:C,T:T,G:A,T:C,A:A,G:G,C:T,G:G,T:T,A:A,A:A,A:G,G:G,T:T,G:G,G:C,C:C,C:C,A:A,G:G,T:C
ASI8F1eXA5qH9,G:A,T:T,C:C,G:G,A:A,G:G,G:G,C:C,T:T,G:A,A:A,A:A,G:G,A:A,G:G,T:T,G:G,C:C,C:C,T:T,G:G,T:T,T:T,T:T,T:T,A:A,G:G,G:G,A:A,G:G,C:C,T:T,G:G,C:C,T:T,C:C,T:T,G:G,C:C,G:G,A:A,G:G,G:G,T:T,G:G,C:C,C:C,C:C,A:A,G:G,C:C
ASI8F7ZmG2lbI,A:A,T:C,C:C,T:G,A:A,G:G,G:G,C:C,T:T,A:A,A:A,A:A,G:T,C:C,G:G,C:T,G:G,C:C,C:T,T:T,G:G,C:C,T:T,T:T,T:T,A:A,G:G,G:G,A:A,G:A,C:C,T:T,G:A,T:C,A:A,C:C,C:T,G:G,T:T,A:A,A:A,A:A,G:G,T:T,G:G,G:G,C:C,C:C,A:A,G:G,T:C
ASI8FcRnaQbCj,A:A,T:C,C:C,T:G,G:G,G:G,G:G,C:C,T:T,A:A,A:A,G:G,G:G,C:C,C:G,C:T,G:G,G:G,T:T,T:T,G:G,T:T,T:T,T:T,T:T,A:A,G:G,G:G,A:A,G:A,G:C,C:C,A:A,C:C,T:T,C:C,T:T,G:G,T:T,A:A,G:A,A:G,G:G,T:T,C:G,C:C,T:T,A:A,A:G,G:G,C:C
ASI8Fj8sjgqm2,A:A,C:C,C:C,G:G,A:A,G:G,G:G,C:C,A:A,A:A,A:A,G:G,G:G,C:C,G:G,C:T,G:G,G:G,C:C,C:C,G:G,T:T,T:T,T:T,T:T,A:A,G:G,G:G,A:A,A:A,C:C,C:C,A:A,C:C,T:T,G:G,T:T,A:A,T:T,G:A,G:G,A:G,G:G,T:T,C:C,C:C,T:T,A:A,G:G,G:G,C:C
ASI8FZhZxZ33n,A:A,C:C,C:C,T:G,A:G,G:G,G:G,C:C,T:T,A:A,A:A,G:A,G:T,C:C,G:G,C:T,G:G,C:C,C:C,T:T,G:G,C:C,T:T,T:T,T:T,A:A,G:G,G:G,A:A,G:A,C:C,T:C,A:A,C:C,A:A,C:C,T:T,G:G,T:T,A:A,A:A,A:G,G:G,T:T,C:C,C:C,T:C,A:C,A:A,G:G,C:C
ASI8FGFAXO1AY,A:A,T:T,T:C,T:G,G:G,G:G,G:G,C:C,A:T,A:A,A:A,G:G,T:T,A:C,G:G,C:T,G:G,C:G,T:T,T:T,C:G,T:T,T:T,T:T,T:T,A:A,G:G,G:G,A:A,G:G,G:C,C:C,G:A,C:C,T:T,C:C,T:T,G:G,T:T,A:A,A:A,G:G,G:G,T:T,C:G,G:C,T:T,C:C,A:A,G:G,C:C
ASI8Fpjwvnsfp,A:A,T:C,C:C,T:G,A:G,G:G,G:G,C:C,T:T,A:A,A:A,G:A,T:T,C:C,G:G,C:T,G:G,C:C,C:C,T:T,G:G,C:C,T:T,T:T,T:T,A:A,G:G,G:G,A:A,G:A,C:C,T:C,A:A,T:C,A:A,G:G,C:T,G:G,T:T,A:A,G:A,A:G,A:G,T:T,C:G,G:C,T:C,C:C,A:G,G:G,T:C
ASI8Fk5EGWoYE,A:A,C:C,T:C,T:G,A:A,G:G,G:G,C:C,A:T,A:A,A:A,A:A,G:T,?,G:G,C:T,G:G,C:C,C:T,?,C:G,C:C,T:T,T:T,?,A:A,G:G,G:G,A:A,A:A,?,T:T,G:A,T:C,A:A,G:G,?,G:G,T:T,A:A,A:A,A:G,A:A,T:T,G:G,G:C,C:C,C:C,A:A,G:G,T:C
ASI8F2eGMkCD9,G:G,T:T,C:C,G:G,A:A,G:G,G:G,C:C,T:T,G:A,A:A,A:A,G:G,A:A,G:G,T:T,G:G,C:C,T:T,T:T,G:G,T:T,T:T,T:T,T:T,A:A,G:G,G:G,A:A,G:G,C:C,T:T,G:G,C:C,T:T,G:G,T:T,G:G,C:T,G:G,A:A,G:G,A:G,T:T,G:G,?,C:C,C:C,A:A,G:G,C:C
ASI8FuLCLoC23,A:A,T:C,C:C,T:G,A:A,G:G,G:G,C:C,T:T,A:A,A:A,A:A,G:T,A:C,G:G,C:T,G:G,C:C,C:C,T:T,G:G,C:C,T:T,T:T,T:T,A:A,G:G,G:G,A:A,G:A,C:C,T:T,G:A,T:C,A:A,C:C,C:T,G:G,T:T,A:A,G:A,A:A,G:G,T:T,G:G,G:G,C:C,A:C,A:A,G:G,T:C
ASI8FG9Y8hZDG,A:A,T:C,C:C,T:G,G:G,G:G,G:G,C:C,T:T,A:A,A:A,G:G,G:G,C:C,C:G,C:T,G:G,G:G,T:T,T:T,G:G,T:T,T:T,T:T,T:T,A:A,G:G,G:G,A:A,G:A,G:C,T:C,A:A,C:C,T:T,C:C,T:T,G:G,T:T,A:A,G:A,A:G,A:G,T:T,C:G,C:C,T:T,A:A,A:G,G:G,C:C
ASI8FYEt4VYBI,A:A,C:C,C:C,T:G,A:A,G:G,G:G,C:C,A:T,A:A,A:A,G:A,G:T,C:C,G:G,C:T,G:G,C:G,C:C,C:C,G:G,C:C,T:T,T:T,T:T,A:A,G:G,G:G,A:A,A:A,C:C,T:C,A:A,T:C,A:A,C:C,C:T,A:G,T:T,A:A,G:A,A:A,G:G,T:T,C:G,G:C,T:C,A:A,A:G,G:G,T:C
ASI8Fxebcr8nv,A:A,T:C,C:C,T:G,A:G,G:G,G:G,C:C,T:T,A:A,A:A,G:A,G:T,C:C,G:G,C:T,A:G,C:C,C:C,T:T,G:G,C:C,T:T,T:T,T:T,A:A,G:G,G:G,A:A,A:A,C:C,T:C,A:A,C:C,A:A,C:C,T:T,G:G,T:T,A:A,A:A,A:G,G:G,T:T,C:C,C:C,T:C,C:C,A:G,G:G,C:C
ASI8F1c9jMkbo,A:A,T:T,T:C,T:G,G:G,G:G,G:G,C:C,A:T,A:A,A:A,G:G,T:T,A:C,G:G,C:T,G:G,C:G,T:T,T:T,C:G,T:T,T:T,T:T,T:T,A:A,G:G,G:G,A:A,G:G,G:C,C:C,G:A,C:C,T:T,C:C,T:T,G:G,T:T,A:A,A:A,G:G,G:G,T:T,C:G,G:C,T:T,C:C,A:A,G:G,C:C
ASI8FvElCvnwK,A:A,T:C,C:C,G:G,G:G,G:G,G:G,C:C,T:T,A:A,A:A,G:G,T:T,C:C,G:G,C:T,A:G,C:C,C:C,T:T,G:G,T:T,T:T,T:T,T:T,A:A,G:G,G:G,A:A,A:A,C:C,C:C,A:A,C:C,A:A,C:C,T:T,G:G,T:T,G:G,A:A,G:G,G:G,T:T,C:G,C:C,T:T,C:C,G:G,G:G,C:C
ASI8FhyAVi6jh,A:A,C:C,T:C,T:G,A:A,G:G,G:G,C:C,A:T,A:A,A:A,A:A,G:T,C:C,G:G,C:T,G:G,C:C,C:C,C:C,C:G,C:C,T:T,T:T,T:T,A:A,G:G,G:G,A:A,A:A,C:C,T:T,G:A,T:C,A:A,G:G,C:T,G:G,T:T,A:A,A:A,A:G,G:G,T:T,G:G,G:C,C:C,C:C,A:A,G:G,T:C
ASI8F97U325GH,A:A,T:T,C:C,G:G,A:A,G:G,G:G,C:C,T:T,G:A,A:A,A:A,G:G,A:A,G:G,T:T,G:G,C:C,C:C,T:T,G:G,T:T,T:T,T:T,T:T,A:A,G:G,G:G,A:A,G:G,G:C,T:T,G:G,C:C,T:T,C:C,T:T,G:G,C:T,G:G,A:A,G:G,G:G,T:T,G:G,G:G,C:C,A:C,A:A,G:G,C:C
ASI8FkdpJz4KF,A:A,T:C,C:C,T:G,A:A,G:G,G:G,C:C,T:T,A:A,A:A,A:A,G:T,C:C,G:G,C:T,G:G,C:C,C:C,T:T,G:G,C:C,T:T,T:T,T:T,A:A,G:G,G:G,A:A,G:A,G:C,T:T,G:A,T:C,A:A,G:C,C:T,G:G,T:T,A:A,G:A,A:G,G:G,T:T,G:G,G:G,T:C,A:C,A:G,G:G,T:C
ASI8Fr5rgRSIj,A:A,C:C,C:C,G:G,A:A,G:G,G:G,C:C,A:A,A:A,A:A,G:G,G:G,C:C,G:G,C:T,G:G,G:G,C:T,C:C,G:G,T:T,T:T,T:T,T:T,A:A,G:G,G:G,A:A,A:A,C:C,C:C,A:A,C:C,T:T,G:G,T:T,A:A,T:T,G:G,G:G,A:G,G:G,T:T,C:C,C:C,T:T,A:A,G:G,G:G,C:C
ASI8FnZVak1Vw,A:A,C:C,C:C,G:G,A:A,G:G,G:G,C:C,A:A,A:A,A:A,G:G,G:G,C:C,G:G,C:T,A:G,G:G,C:C,C:C,G:G,T:T,T:T,T:T,T:T,A:A,G:G,G:G,A:A,A:A,C:C,C:C,A:A,C:C,T:T,G:C,T:T,A:A,T:T,G:G,G:G,A:G,G:G,T:T,C:C,C:C,T:T,A:A,G:G,G:G,C:C
ASI8Fq1JLX1II,A:A,T:C,C:C,T:G,A:G,G:G,G:G,C:C,T:T,A:A,A:A,G:A,G:T,C:C,G:G,C:T,G:G,C:C,C:T,T:T,G:G,C:C,T:T,T:T,T:T,A:A,G:G,G:G,A:A,G:A,C:C,T:C,A:A,C:C,A:A,C:C,T:T,G:G,T:T,A:A,A:A,A:G,G:G,T:T,C:C,C:C,T:C,C:C,A:A,G:G,C:C
ASI8FEpAUS1EX,G:A,T:T,T:T,T:G,G:G,G:G,G:G,C:C,A:T,A:A,G:A,G:G,T:T,A:C,G:G,C:T,G:G,C:G,T:T,T:T,C:G,T:T,T:T,T:T,T:T,A:A,G:G,G:G,A:A,G:G,G:C,T:C,G:A,C:C,A:A,C:C,T:T,G:G,T:T,A:A,G:A,G:G,G:G,T:T,C:G,G:C,T:T,C:C,A:A,G:G,C:C
ASI8FePpgTSYJ,A:A,C:C,C:C,T:G,A:G,G:G,G:G,C:C,T:T,A:A,A:A,G:A,T:T,C:C,G:G,C:T,G:G,C:C,C:C,T:T,G:G,C:C,T:T,T:T,T:T,A:A,G:G,G:G,A:A,G:A,C:C,T:C,G:A,T:C,A:A,C:C,C:T,G:G,T:T,A:A,A:A,A:G,G:G,T:T,C:G,G:C,T:C,C:C,A:A,G:G,T:C
ASI8FhDvcg7an,A:A,C:C,T:C,T:G,A:A,G:G,G:G,C:C,A:T,A:A,A:A,A:A,G:T,C:C,G:G,C:T,G:G,C:C,C:C,C:C,C:G,C:C,T:T,T:T,T:T,A:A,G:G,G:G,A:A,A:A,C:C,T:T,G:A,T:C,A:A,G:G,C:T,G:G,T:T,A:A,A:A,A:G,G:G,T:T,G:G,G:C,C:C,C:C,A:A,G:G,T:C
ASI8FPjBx26il,A:A,T:T,T:C,T:G,A:G,G:G,G:G,C:C,A:T,A:A,A:A,G:A,T:T,A:A,G:G,C:T,G:G,C:G,T:T,T:T,C:G,T:C,T:T,T:T,T:A,A:A,G:G,G:G,A:A,G:G,G:C,T:C,G:G,C:C,T:T,C:C,T:T,G:G,T:T,A:A,A:A,G:G,G:G,T:T,G:G,G:G,T:C,C:C,A:A,G:G,C:C
ASI8FN1XfGkVr,A:A,T:C,C:C,T:G,A:A,G:G,G:G,C:C,T:T,A:A,A:A,G:A,T:T,A:C,G:G,C:T,G:G,C:C,C:C,T:T,G:G,C:C,T:T,T:T,T:T,A:A,G:G,G:G,A:A,G:A,C:C,T:T,G:A,T:C,A:A,C:C,C:T,G:G,T:T,A:A,A:A,A:G,G:G,T:T,G:G,G:G,C:C,C:C,A:A,G:G,T:C
ASI8FLCHdizKY,A:A,C:C,C:C,G:G,A:A,G:G,G:G,C:C,A:A,A:A,A:A,G:G,G:G,C:C,G:G,C:T,A:G,G:G,C:C,C:C,G:G,T:T,T:T,T:T,T:T,A:A,G:G,G:G,A:A,A:A,C:C,C:C,A:A,C:C,T:T,?,T:T,A:A,T:T,G:G,G:G,A:A,G:G,T:T,C:C,C:C,T:T,A:A,G:G,G:G,C:C
ASI8Fe2e4gEO1,A:A,C:C,C:C,T:G,A:A,G:G,G:G,C:C,A:T,A:A,A:A,G:A,G:T,C:C,G:G,C:T,G:G,C:G,C:T,C:C,G:G,C:C,T:T,T:T,T:T,A:A,G:G,G:G,A:A,A:A,C:C,T:C,A:A,T:C,A:A,G:C,C:T,A:G,T:T,A:A,G:A,A:A,G:G,T:T,C:G,G:C,T:C,A:A,A:G,G:G,T:C
ASI8FzvMq4nV5,A:A,T:C,C:C,G:G,G:G,G:G,G:G,C:C,T:T,A:A,A:A,G:A,T:T,C:C,G:G,C:T,A:G,C:C,C:T,T:T,G:G,T:T,T:T,T:T,T:T,A:A,G:G,G:G,A:A,G:G,C:C,C:C,A:A,C:C,T:T,C:C,T:T,G:G,T:T,G:G,G:G,G:G,G:G,T:T,C:C,C:C,T:T,A:C,G:G,G:G,C:C
ASI8F3SIisbdz,A:A,C:C,T:T,G:G,A:G,G:G,G:G,C:C,T:T,A:A,A:A,G:G,T:T,C:C,G:G,C:T,G:G,C:C,T:T,T:T,G:G,T:T,T:T,T:T,T:T,A:A,A:G,G:G,A:A,A:A,C:C,T:T,A:A,C:C,T:T,G:C,T:T,G:G,C:T,G:A,G:A,G:G,G:G,T:T,C:C,C:C,T:T,C:C,G:G,G:G,C:C
ASI8FgP88J604,A:A,T:T,T:T,G:G,G:G,C:C,C:G,G:G,A:A,G:A,A:A,G:G,T:T,C:C,C:C,C:T,G:G,G:G,T:T,?,G:G,C:C,T:T,T:T,T:T,A:A,G:G,A:A,A:A,A:A,G:G,C:C,G:G,C:C,A:A,G:G,T:T,G:G,T:T,A:A,G:G,G:G,A:A,C:C,C:G,C:C,T:T,A:A,G:G,G:G,C:C
ASI8FWqGAumVB,A:A,T:T,C:C,G:G,A:A,G:G,G:G,C:C,A:T,G:A,A:A,A:A,G:G,A:A,G:G,T:T,G:G,C:C,C:C,T:T,G:G,T:T,T:T,T:T,T:T,A:A,G:G,G:G,A:A,G:G,G:C,T:T,G:G,C:C,T:T,C:C,T:T,G:G,C:C,G:G,A:A,G:G,G:G,T:T,G:G,G:C,C:C,A:C,A:A,G:G,C:C
ASI8FQuyuyhG9,A:A,T:T,T:C,T:G,A:G,G:G,G:G,C:C,A:T,A:A,A:A,G:G,T:T,A:C,G:G,C:T,G:G,C:G,T:T,T:T,C:G,T:T,T:T,T:T,T:T,A:A,G:G,G:G,A:A,G:G,G:C,T:C,G:A,C:C,A:A,C:C,T:T,G:G,T:T,A:A,G:A,A:G,G:G,T:T,G:G,G:G,T:C,A:C,A:A,G:G,C:C
ASI8FQSdN6BMC,A:A,T:C,C:C,T:G,A:A,G:G,G:G,C:C,T:T,A:A,A:A,A:A,T:T,C:C,G:G,C:T,G:G,C:C,C:C,T:T,G:G,C:C,T:T,T:T,T:T,A:A,G:G,G:G,A:A,G:A,C:C,T:T,A:A,T:C,A:A,C:C,C:T,G:G,T:T,A:A,G:A,A:A,G:G,T:T,G:G,G:G,C:C,C:C,A:A,G:G,T:C
ASI8FRFNTzHw9,A:A,T:C,C:C,T:G,G:G,G:G,G:G,C:C,T:T,A:A,A:A,G:G,G:G,C:C,C:G,C:T,G:G,G:G,T:T,T:T,G:G,T:T,T:T,T:T,T:T,A:A,G:G,G:G,A:A,G:A,G:C,C:C,A:A,C:C,T:T,G:C,T:T,G:G,T:T,A:A,G:A,A:G,G:G,T:T,C:G,C:C,T:T,A:A,A:G,G:G,C:C
ASI8FAWN11LcT,A:A,C:C,C:C,T:G,A:A,G:G,G:G,C:C,T:T,A:A,A:A,G:A,G:T,A:C,G:G,C:T,G:G,C:G,C:C,C:C,G:G,C:C,T:T,T:T,T:T,A:A,G:G,G:G,A:A,A:A,C:C,T:C,A:A,T:C,A:A,G:G,C:T,G:G,T:T,A:A,G:A,A:G,G:G,T:T,C:G,G:C,T:C,A:A,A:G,G:G,T:C
ASI8FENIlTMlt,A:A,T:C,C:C,T:G,G:G,G:G,G:G,C:C,T:T,A:A,A:A,G:A,G:T,C:C,C:G,C:T,G:G,C:G,T:T,T:T,G:G,T:T,T:T,T:T,T:T,A:A,G:G,G:G,A:A,G:G,G:C,T:C,A:A,C:C,T:T,C:C,T:T,G:G,T:T,A:A,G:A,G:G,G:G,T:T,C:G,C:C,T:T,A:C,A:A,G:G,C:C
ASI8FwLGenTFL,A:A,T:T,C:C,T:T,A:G,G:G,G:G,C:C,T:T,A:A,A:A,G:G,G:T,C:C,C:G,C:C,G:G,C:G,T:T,T:T,G:G,T:T,T:T,T:T,T:T,A:A,G:G,G:G,A:A,G:G,G:C,T:C,A:A,C:C,T:T,G:G,T:T,G:G,T:T,A:A,G:A,G:G,A:G,T:T,C:G,C:C,T:T,A:C,A:G,G:G,C:C
ASI8FWaDQ5eur,G:A,T:T,T:T,G:G,G:G,C:C,C:G,G:G,A:A,G:A,A:A,G:G,T:T,C:C,C:C,C:T,G:G,G:G,T:T,T:T,G:G,C:C,T:T,T:T,T:T,A:A,A:G,A:A,A:A,A:A,G:C,C:C,G:G,C:C,A:A,G:G,T:T,G:G,T:T,A:A,G:G,G:G,A:A,C:C,C:G,C:C,T:T,A:A,G:G,G:G,C:C
ASI8FBysWuM0u,A:A,T:T,C:C,G:G,A:A,G:G,G:G,C:C,T:T,G:A,A:A,A:A,G:G,A:A,G:G,T:T,G:G,C:C,C:T,T:T,G:G,T:T,T:T,T:T,T:T,A:A,G:G,G:G,A:A,G:G,G:C,T:T,G:G,C:C,T:T,G:C,T:T,G:G,T:T,G:G,A:A,G:G,G:G,T:T,G:G,C:C,C:C,A:C,A:A,G:G,C:C
ASI8F8OUITUD1,A:A,T:C,C:C,T:G,A:A,G:G,G:G,C:C,T:T,A:A,A:A,G:A,G:T,C:C,G:G,C:T,G:G,C:C,C:T,T:T,G:G,C:C,T:T,T:T,T:T,A:A,G:G,G:G,A:A,G:A,C:C,T:T,G:A,C:C,A:A,C:C,T:T,G:G,T:T,A:A,G:A,A:A,G:G,T:T,G:G,C:C,C:C,C:C,A:A,G:G,C:C
ASI8FTDaXYkua,A:A,C:C,C:C,G:G,G:G,G:G,G:G,C:C,T:T,A:A,A:A,G:G,G:G,C:C,G:G,T:T,G:G,G:G,C:C,C:C,G:G,T:T,T:T,T:T,T:T,A:A,G:G,G:G,A:A,A:A,C:C,C:C,A:A,C:C,T:T,G:G,T:T,G:G,T:T,G:A,G:G,A:A,G:G,T:T,C:C,C:C,T:T,A:A,G:G,G:G,C:C
ASI8Fbr1ZZHmr,A:A,T:C,T:C,T:G,A:G,G:G,G:G,C:C,A:T,A:A,A:A,G:G,G:T,A:C,G:G,C:T,G:G,G:G,T:T,C:C,C:G,T:T,T:T,T:T,T:T,A:A,G:G,G:G,A:A,A:A,G:C,C:C,G:A,C:C,T:T,G:G,T:T,G:G,T:T,A:A,G:A,G:G,G:G,T:T,C:G,G:C,T:T,A:A,A:G,G:G,C:C
ASI8FuxhJuLg9,A:A,C:C,C:C,T:G,A:A,G:G,G:G,C:C,T:T,A:A,A:A,G:A,G:T,C:C,G:G,C:T,G:G,C:G,C:C,C:C,G:G,C:C,T:T,T:T,T:T,A:A,G:G,G:G,A:A,A:A,G:C,T:C,A:A,T:C,A:A,C:C,C:T,G:G,T:T,A:A,G:A,A:G,A:G,T:T,C:G,G:C,T:C,A:A,A:G,G:G,T:C
ASI8FtMWeobWR,A:A,?,C:C,G:G,G:G,G:G,G:G,C:C,?,A:A,A:A,A:A,T:T,C:C,?,C:T,G:G,C:C,C:C,?,G:G,T:T,T:C,T:T,?,A:A,?,G:G,A:A,G:G,G:C,C:C,A:A,C:C,A:A,G:G,?,G:G,T:T,?,G:A,G:G,?,?,C:C,C:C,?,C:C,G:G,?,C:C
ASI8Fo9kAGR1n,A:A,T:C,T:C,T:G,A:G,G:G,G:G,C:C,T:T,A:A,A:A,G:G,G:T,C:C,C:G,C:T,G:G,C:G,T:T,T:T,G:G,T:T,T:T,T:T,T:T,A:A,G:G,G:G,A:A,G:A,G:C,T:T,A:A,C:C,T:T,C:C,T:T,G:G,T:T,A:A,A:A,G:G,G:G,T:T,C:G,C:C,T:C,A:C,A:G,G:G,C:C
ASI8FS6cOY4vo,A:A,T:C,T:C,T:G,A:G,C:G,C:G,G:C,A:T,A:A,A:A,G:G,G:T,C:C,C:G,C:T,G:G,C:G,T:T,C:C,G:G,C:C,T:T,T:T,T:T,A:A,G:G,A:G,A:A,A:A,G:C,T:C,G:A,C:C,A:A,C:C,T:T,G:G,T:T,A:A,G:A,A:G,A:A,C:C,C:G,C:C,T:C,A:A,A:G,G:G,C:C
ASI8FSG27psdS,A:A,T:C,C:C,T:G,A:A,G:G,G:G,C:C,T:T,A:A,A:A,G:G,G:T,C:C,G:G,C:T,A:G,C:C,C:C,T:T,G:G,C:C,T:T,T:T,T:T,A:A,G:G,G:G,?,G:A,C:C,T:T,A:A,C:C,A:A,C:C,T:T,G:G,T:T,A:A,G:A,A:A,G:G,T:T,G:G,C:C,C:C,C:C,A:G,G:G,C:C
ASI8FzFasikn7,A:A,T:C,C:C,T:G,A:A,G:G,G:G,C:C,T:T,A:A,A:A,G:A,G:G,C:C,G:G,C:T,G:G,C:C,C:T,T:T,G:G,C:C,T:T,T:T,T:T,A:A,G:G,G:G,A:A,G:A,C:C,T:T,A:A,C:C,A:A,C:C,T:T,G:G,T:T,A:A,G:A,A:A,G:G,T:T,G:G,C:C,C:C,C:C,A:A,G:G,C:C
ASI8F8f0QCwvY,A:A,C:C,C:C,G:G,A:G,G:G,G:G,C:C,T:T,A:A,A:A,G:G,G:G,C:C,G:G,T:T,G:G,G:G,C:T,C:C,G:G,T:T,T:T,T:T,T:T,A:A,G:G,G:G,A:A,A:A,C:C,C:C,A:A,C:C,T:T,G:G,T:T,G:G,T:T,G:G,G:G,A:A,G:G,T:T,C:C,C:C,T:T,A:A,G:G,G:G,C:C
ASI8FjQuJxDPU,A:A,T:C,T:C,T:G,A:G,G:G,G:G,C:C,A:T,A:A,A:A,G:G,G:T,A:C,G:G,C:T,G:G,G:G,T:T,C:C,C:G,T:T,T:T,T:T,T:T,A:A,G:G,G:G,A:A,A:A,G:C,C:C,G:A,C:C,T:T,G:C,T:T,G:G,T:T,A:A,G:A,G:G,G:G,T:T,C:G,G:C,T:T,A:A,A:G,G:G,C:C
ASI8FDyzsIc5F,A:A,C:C,C:C,T:G,A:G,G:G,G:G,C:C,T:T,A:A,A:A,G:A,G:T,C:C,G:G,C:T,G:G,C:G,Uncallable,C:C,G:G,C:C,T:T,T:T,T:T,A:A,G:G,G:G,A:A,A:A,C:C,T:C,A:A,T:C,A:A,G:C,C:T,G:G,T:T,A:A,G:A,A:A,G:G,T:T,C:G,G:C,T:C,A:A,A:G,G:G,T:C
ASI8FBz9Bjlsm,A:A,T:T,C:C,T:G,G:G,G:G,G:G,C:C,T:T,A:A,A:A,G:G,G:T,C:C,C:G,C:T,G:G,C:G,T:T,T:T,G:G,T:T,T:T,T:T,T:T,A:A,G:G,G:G,A:A,G:G,G:C,T:C,A:A,C:C,T:T,C:C,T:T,G:G,T:T,A:A,A:A,G:G,G:G,T:T,C:G,C:C,T:T,C:C,A:A,G:G,C:C
ASI8F9ldwKy2O,A:A,C:C,T:T,T:G,A:G,G:G,G:G,C:C,T:T,A:A,A:A,G:G,T:T,C:C,G:G,C:T,A:G,C:C,C:T,T:T,G:G,T:T,T:T,T:T,T:T,A:A,G:G,G:G,A:A,G:A,C:C,T:T,A:A,C:C,A:A,C:C,C:C,G:G,C:T,G:G,G:A,G:G,G:G,T:T,C:C,C:C,C:C,A:C,G:G,G:G,C:C
ASI8FtsX3BRAM,A:A,T:C,T:C,T:G,A:G,C:G,C:G,G:C,?,A:A,A:A,G:G,G:T,C:C,C:G,C:T,G:G,C:G,T:T,T:C,G:G,C:C,T:T,T:T,T:T,A:A,G:G,A:G,A:A,A:A,G:C,T:C,G:A,C:C,A:A,C:C,T:T,G:G,T:T,A:A,G:A,A:G,A:G,C:T,C:G,C:C,T:C,A:A,A:G,G:G,C:C
ASI8FjlQdUSbE,A:A,T:C,C:C,T:G,A:A,G:G,G:G,C:C,T:T,A:A,A:A,G:A,G:T,C:C,G:G,C:T,G:G,C:C,C:C,T:T,G:G,C:C,T:T,T:T,T:T,A:A,G:G,G:G,A:A,G:A,C:C,T:T,A:A,C:C,A:A,C:C,T:T,G:G,T:T,A:A,G:A,A:A,G:G,T:T,G:G,C:C,T:C,C:C,A:G,G:G,C:C
ASI8Fn29KyTk9,A:A,T:C,C:C,T:G,A:A,G:G,G:G,C:C,T:T,A:A,A:A,G:G,G:T,C:C,G:G,C:T,G:G,C:C,T:T,T:T,G:G,C:C,T:T,T:T,T:T,A:A,G:G,G:G,A:A,G:A,C:C,T:T,A:A,C:C,A:A,G:C,T:T,G:G,T:T,A:A,A:A,A:A,G:G,T:T,G:G,C:C,C:C,A:C,A:A,G:G,C:C
ASI8FDz0GTuMb,A:A,C:C,C:C,G:G,G:G,G:G,G:G,C:C,T:T,A:A,A:A,G:G,G:G,C:C,G:G,C:T,G:G,G:G,C:T,C:C,G:G,T:T,T:T,T:T,T:T,A:A,G:G,G:G,A:A,A:A,C:C,C:C,A:A,C:C,T:A,C:C,T:T,G:G,T:T,G:A,G:G,A:A,G:G,T:T,C:G,C:C,T:T,A:A,G:G,G:G,C:C
ASI8FYPV37VX0,A:A,C:C,C:C,G:G,A:A,G:G,G:G,C:C,A:A,A:A,A:A,G:G,G:G,C:C,G:G,C:T,G:G,G:G,C:T,?,G:G,T:T,T:T,T:T,T:T,A:A,G:G,G:G,A:A,A:A,C:C,C:C,A:A,C:C,T:A,G:G,T:T,A:A,T:T,?,G:G,A:G,A:A,T:T,C:C,C:C,T:T,A:A,G:G,?,C:C
ASI8FnqLkTvc6,A:A,C:C,T:C,G:G,G:G,G:G,G:G,C:C,T:T,A:A,A:A,G:G,T:T,C:C,G:G,C:T,G:G,C:C,C:T,T:T,G:G,T:T,T:T,T:T,T:T,A:A,G:G,G:G,A:A,G:G,C:C,T:T,A:A,C:C,T:T,C:C,T:T,G:G,T:T,G:A,G:G,G:G,G:G,T:T,C:C,C:C,C:C,A:C,G:G,G:G,C:C
ASI8FydLorZQK,A:A,T:C,C:C,G:G,G:G,G:G,G:G,C:C,T:T,A:A,A:A,G:A,T:T,?,G:G,C:T,G:G,C:C,C:C,T:T,G:G,T:T,T:T,T:T,T:T,A:A,G:G,G:G,?,G:G,C:C,C:C,A:A,C:C,A:A,C:C,T:T,G:G,T:T,A:A,A:A,G:G,G:G,T:T,C:C,C:C,T:T,A:C,G:G,G:G,C:C
ASI8FjBrwQLc1,A:A,T:C,T:C,T:G,A:G,G:G,G:G,C:C,T:T,A:A,A:A,G:G,T:T,C:C,G:G,C:C,G:G,C:C,T:T,T:T,G:G,T:T,T:T,T:T,T:T,A:A,G:G,G:G,?,G:A,C:C,T:T,A:A,C:C,T:T,C:C,C:T,G:G,T:T,G:A,G:A,G:G,G:G,T:T,C:C,C:C,T:T,A:C,G:G,G:G,C:C
ASI8FsExn9GSW,A:A,T:T,C:C,G:G,A:A,G:G,G:G,C:C,T:T,G:A,A:A,A:A,G:G,A:A,G:G,T:T,G:G,C:C,T:T,T:T,G:G,T:T,T:T,T:T,T:T,A:A,G:G,G:G,A:A,G:G,G:C,T:T,G:G,C:C,T:T,G:C,T:T,G:G,T:T,G:A,A:A,G:G,A:G,T:T,G:G,G:G,C:C,A:A,A:A,G:G,C:C
ASI8FIx18xvUM,A:A,T:C,C:C,T:G,A:A,G:G,G:G,C:C,T:T,A:A,A:A,G:A,G:G,C:C,G:G,C:T,G:G,C:C,C:C,T:T,G:G,C:C,T:T,T:T,T:T,A:A,G:G,G:G,A:A,G:A,C:C,T:T,A:A,C:C,A:A,C:C,T:T,G:G,T:T,A:A,A:A,A:A,G:G,T:T,G:G,C:C,T:C,A:C,A:G,G:G,C:C
ASI8F8m81IOS4,A:A,C:C,C:C,G:G,G:G,G:G,G:G,C:C,T:T,A:A,A:A,G:G,G:G,C:C,G:G,C:T,G:G,G:G,C:T,C:C,G:G,T:T,T:T,T:T,T:T,A:A,G:G,G:G,A:A,A:A,C:C,C:C,A:A,C:C,T:T,C:C,T:T,G:G,T:T,G:G,G:G,A:A,G:G,T:T,C:G,C:C,T:T,A:A,G:G,G:G,C:C
ASI8FYfGhyEJF,A:A,C:C,C:C,T:G,A:A,G:G,G:G,C:C,T:T,A:A,A:A,G:G,G:G,C:C,G:G,C:T,G:G,C:G,C:T,C:C,G:G,C:C,T:T,T:T,T:T,A:A,G:G,G:G,A:A,A:A,C:C,T:C,A:A,C:C,A:A,C:C,T:T,G:G,T:T,A:A,G:A,A:G,G:G,T:T,C:C,C:C,T:C,A:A,A:G,G:G,C:C
ASI8FnSloOTbu,?,?,?,G:G,?,G:G,G:G,C:C,?,?,?,?,?,?,?,?,G:G,?,C:C,?,?,?,?,?,?,?,?,?,A:A,?,?,?,?,?,?,?,?,?,?,?,?,G:G,?,?,C:C,?,?,?,?,?,?
ASI8FIje474Zt,A:A,T:T,C:C,G:G,G:G,G:G,G:G,C:C,T:T,A:A,A:A,G:G,T:T,C:C,G:G,C:T,A:G,C:C,C:C,T:T,G:G,T:T,T:T,T:T,T:T,A:A,G:G,G:G,A:A,G:A,C:C,T:C,A:A,C:C,A:A,C:C,T:T,G:G,T:T,A:A,A:A,G:G,A:G,T:T,C:G,C:C,T:T,C:C,G:G,G:G,C:C
ASI8FaToG2EV9,A:A,T:C,T:C,T:G,G:G,G:G,G:G,C:C,T:T,A:A,A:A,G:G,T:T,C:C,G:G,C:T,G:G,C:C,C:T,T:T,G:G,T:T,T:T,T:T,T:T,A:A,A:G,G:G,A:A,G:G,C:C,T:T,A:A,C:C,A:A,C:C,C:T,G:G,T:T,G:A,A:A,G:G,A:G,T:T,C:C,C:C,C:C,A:C,G:G,G:G,C:C
ASI8FzJRWBjHU,A:A,T:C,T:C,T:G,A:G,C:G,C:G,G:C,A:A,A:A,A:A,G:G,G:T,C:C,C:G,C:T,G:G,C:G,T:T,C:C,G:G,C:C,T:T,T:T,T:T,A:A,G:G,A:G,A:A,A:A,G:C,T:C,G:A,C:C,A:A,C:C,T:T,G:G,T:T,A:A,G:A,A:G,A:A,C:T,C:G,C:C,T:C,A:A,A:G,G:G,C:C
ASI8FmAjoBgcq,G:G,T:T,T:T,G:G,G:G,C:C,C:G,G:G,A:A,G:A,A:A,G:G,T:T,C:C,C:C,C:T,G:G,G:G,T:T,T:T,G:G,C:C,T:T,T:T,T:T,A:A,G:G,A:A,A:A,A:A,G:C,C:C,G:G,C:C,A:A,G:G,T:T,G:G,T:T,A:A,G:G,G:G,A:A,C:C,C:G,C:C,T:T,A:A,G:G,G:G,C:C
ASI8Fucyoglms,A:A,T:C,T:C,T:G,A:G,C:G,C:G,G:C,A:T,A:A,A:A,G:A,T:T,C:C,C:G,C:T,G:G,C:G,T:T,C:C,G:G,C:C,T:T,T:T,T:T,A:A,G:G,A:G,A:A,A:A,G:C,T:C,G:A,T:C,A:A,G:G,C:T,G:G,T:T,A:A,G:A,A:G,A:G,C:T,C:G,G:C,T:C,A:A,A:G,G:G,T:C
ASI8FrMxXhu1f,A:A,C:C,C:C,T:T,A:A,G:G,G:G,C:C,T:T,A:A,A:A,A:A,T:T,C:C,G:G,C:C,G:G,C:C,C:C,C:C,G:G,C:C,T:T,T:T,T:T,A:A,G:G,G:G,A:A,A:A,C:C,T:T,A:A,T:T,A:A,G:G,C:C,G:G,T:T,A:A,A:A,A:A,G:G,T:T,G:G,G:G,C:C,C:C,A:A,G:G,T:T
ASI8FmO5q3iLh,G:G,C:C,C:C,G:G,G:G,G:G,G:G,C:C,A:A,A:A,A:A,A:A,T:T,C:C,G:G,C:T,A:A,C:C,C:C,T:T,G:G,C:C,C:C,C:C,A:A,A:A,G:G,G:G,A:A,A:A,C:C,C:C,A:A,T:T,A:A,C:C,T:T,G:G,T:T,A:A,G:G,A:A,G:G,T:T,C:C,C:C,C:C,C:C,A:A,G:G,C:C
ASI8F9FkTEzrJ,G:G,T:T,C:C,T:G,G:G,G:G,G:G,C:C,T:T,A:A,A:A,G:G,G:G,C:C,C:G,C:T,G:G,C:G,T:T,T:T,G:G,T:T,T:T,T:T,T:T,A:A,G:G,G:G,A:A,G:A,G:C,T:C,A:A,C:C,A:A,C:C,T:T,G:G,T:T,A:A,A:A,G:G,G:G,T:T,C:G,C:C,T:T,C:C,A:G,G:G,C:C
ASI8F1EiWxfAK,A:A,T:C,T:C,T:G,A:G,C:G,C:G,G:C,T:T,A:A,A:A,G:G,G:G,C:C,C:G,C:C,G:G,C:G,T:T,C:C,G:G,C:C,T:T,T:T,T:T,A:A,G:G,A:G,A:A,A:A,G:C,T:C,G:A,C:C,A:A,G:C,C:T,A:G,T:T,A:A,A:A,A:G,A:G,C:T,C:G,C:C,T:C,A:A,A:G,G:G,C:C
ASI8FeA9MJJ4k,A:A,C:C,T:C,T:G,A:A,G:G,G:G,C:C,A:A,A:A,A:A,G:A,G:G,C:C,G:G,C:T,G:G,C:C,C:C,C:C,C:G,C:C,T:T,T:T,T:T,A:A,G:G,G:G,A:A,A:A,C:C,T:T,G:A,C:C,A:A,?,T:T,G:G,T:T,A:A,A:A,A:G,A:G,T:T,C:G,C:C,C:C,C:C,A:A,G:G,C:C
ASI8FvP9SGvLz,A:A,T:C,T:C,T:G,A:G,C:G,C:G,G:C,A:A,A:A,A:A,G:G,G:T,C:C,C:G,C:T,G:G,C:G,T:T,C:C,G:G,C:C,T:T,T:T,T:T,A:A,G:G,A:G,A:A,A:A,G:C,T:C,G:A,C:C,A:A,G:C,T:T,G:G,T:T,A:A,G:A,A:G,A:A,C:T,C:G,C:C,T:C,A:A,A:G,G:G,C:C
ASI8FWygtt1Y7,G:G,T:T,T:T,G:G,G:G,C:C,C:G,G:G,A:A,G:A,A:A,G:G,T:T,C:C,C:C,C:T,G:G,G:G,T:T,T:T,G:G,C:C,T:T,T:T,T:T,A:A,A:G,A:A,A:A,A:A,G:C,C:C,G:G,C:C,A:A,G:G,T:T,G:G,T:T,A:A,G:G,G:G,A:A,C:C,C:G,C:C,T:T,A:A,G:G,G:G,C:C
ASI8FIAAKDsH4,A:A,T:C,T:C,T:G,A:G,C:G,C:G,G:C,A:T,A:A,A:A,G:A,T:T,C:C,C:G,C:T,G:G,C:G,T:T,C:C,G:G,C:C,T:T,T:T,T:T,A:A,G:G,A:G,A:A,A:A,G:C,T:C,G:A,T:C,A:A,G:G,C:T,G:G,T:T,A:A,G:A,A:G,A:A,C:T,C:G,G:C,T:C,A:A,A:G,G:G,T:C
ASI8FjIP4UpdV,A:A,C:C,C:C,T:T,A:A,G:G,G:G,C:C,T:T,A:A,A:A,A:A,T:T,C:C,G:G,C:C,G:G,C:C,C:C,C:C,G:G,C:C,T:T,T:T,T:T,A:A,G:G,G:G,A:A,A:A,C:C,T:T,A:A,T:T,A:A,G:C,C:C,G:G,T:T,A:A,A:A,A:A,G:G,T:T,G:G,G:G,C:C,C:C,A:A,G:G,T:T
ASI8FSrTHcLS5,A:A,T:C,C:C,T:G,G:G,G:G,G:G,C:C,A:T,A:A,A:A,G:A,G:T,C:C,C:G,C:T,G:G,C:G,T:T,T:T,G:G,C:C,T:C,T:C,T:A,A:A,G:G,G:G,A:A,G:A,G:C,T:C,A:A,T:C,A:A,C:C,T:T,G:G,T:T,A:A,G:A,A:G,G:G,T:T,C:G,C:C,T:C,A:C,A:A,G:G,C:C
ASI8FDneBOjPX,G:G,C:C,C:C,G:G,G:G,G:G,G:G,C:C,T:T,A:A,G:G,G:G,G:G,C:C,G:G,C:T,G:G,G:G,C:C,T:T,G:G,T:T,T:T,T:T,T:T,A:A,G:G,G:G,A:A,A:A,C:C,T:T,A:A,C:C,A:A,C:C,T:T,G:G,T:T,G:G,A:A,G:G,G:G,T:T,C:G,C:C,T:T,C:C,G:G,G:G,C:C
ASI8FVXZeoRVV,G:G,T:T,T:T,G:G,G:G,C:C,C:G,G:G,T:T,A:A,A:A,G:G,G:G,C:C,C:C,C:C,G:G,G:G,T:T,C:C,G:G,C:C,T:T,T:T,T:T,A:A,A:G,A:A,A:A,A:A,G:C,C:C,G:G,C:C,T:T,G:C,C:C,A:A,T:T,G:G,A:A,G:G,A:A,C:C,C:G,C:C,T:T,A:A,G:G,G:G,C:C
ASI8FBLmf9njq,G:G,T:C,T:C,T:G,A:G,G:G,G:G,C:C,A:T,A:A,A:A,G:A,G:G,C:C,C:G,C:T,G:G,C:G,T:T,T:T,C:G,T:C,T:T,T:T,T:T,A:A,G:G,G:G,A:A,G:A,G:C,T:T,G:A,C:C,A:A,G:C,T:T,G:G,T:T,A:A,A:A,G:G,G:G,T:T,C:G,C:C,T:C,C:C,A:A,G:G,C:C
ASI8FNugWQXaR,A:A,T:C,T:C,T:G,A:G,C:G,C:G,G:C,A:A,A:A,A:A,G:G,G:T,C:C,C:G,C:T,G:G,C:G,T:T,C:C,G:G,C:C,T:T,T:T,T:T,A:A,G:G,A:G,A:A,A:A,G:C,T:C,G:A,C:C,A:A,G:C,T:T,G:G,T:T,A:A,G:A,A:G,A:A,C:T,C:G,C:C,T:C,A:A,A:G,G:G,C:C
ASI8FYwu6fHjz,G:G,T:T,T:T,G:G,G:G,C:C,C:G,G:G,A:A,G:A,A:A,G:G,T:T,C:C,C:C,C:T,G:G,G:G,T:T,T:T,G:G,C:C,T:T,T:T,T:T,A:A,?,A:A,A:A,A:A,G:C,C:C,G:G,C:C,A:A,G:C,T:T,G:G,T:T,A:A,G:G,G:G,A:A,C:C,C:G,C:C,T:T,A:A,G:G,G:G,C:C
ASI8FtKAZ0ulz,A:A,T:C,T:C,T:G,A:G,C:G,C:G,G:C,A:T,A:A,A:A,G:A,T:T,C:C,C:G,C:T,G:G,C:G,T:T,C:C,G:G,C:C,T:T,T:T,T:T,A:A,G:G,A:G,A:A,A:A,G:C,T:C,G:A,T:C,A:A,G:G,C:T,G:G,T:T,A:A,G:A,A:G,A:A,C:T,C:G,G:C,T:C,A:A,A:G,G:G,T:C
ASI8FSVL2M70d,G:A,T:T,T:T,T:T,G:G,G:G,G:G,C:C,T:T,A:A,A:A,G:G,G:G,C:C,G:G,C:C,A:A,C:C,T:T,T:T,G:G,T:T,T:T,T:T,T:T,A:A,G:G,G:G,A:A,G:G,C:C,C:C,G:G,C:C,T:T,C:C,C:C,G:G,T:T,A:A,G:G,G:G,G:G,T:T,C:G,C:C,T:T,A:A,G:G,G:G,C:C
ASI8FviYAN7Ep,A:A,T:C,T:C,T:G,A:G,C:G,C:G,G:C,T:T,A:A,G:A,A:A,G:T,C:C,G:G,C:T,G:G,G:G,T:T,T:T,G:G,C:C,T:T,T:T,T:T,A:A,G:G,G:G,A:A,A:A,G:C,C:C,A:A,T:T,A:A,C:C,C:T,A:G,T:T,A:A,A:A,G:G,A:A,C:C,C:G,G:C,T:C,A:A,G:G,G:G,C:C
ASI8F173ueDvQ,A:A,C:C,C:C,T:G,A:G,G:G,G:G,C:C,T:T,A:A,G:A,G:G,G:G,C:C,G:G,C:T,A:A,C:G,C:C,T:T,G:G,C:C,T:T,T:T,T:T,A:A,G:G,G:G,A:A,A:A,C:C,T:T,A:A,C:C,A:A,C:C,T:T,G:G,T:T,A:A,A:A,A:G,G:G,T:T,C:G,C:C,T:C,C:C,A:G,G:G,C:C
ASI8FxdQQXJ4k,G:A,T:T,T:C,T:G,G:G,C:G,C:G,G:C,T:T,A:A,A:A,G:G,G:G,C:C,C:C,C:C,G:G,G:G,T:T,T:T,G:G,T:C,T:T,T:T,T:T,A:A,A:G,A:G,A:A,G:A,G:C,T:C,G:A,C:C,T:T,C:C,C:T,A:G,T:T,A:A,A:A,G:G,A:A,C:T,C:G,C:C,T:T,A:A,A:G,G:G,C:C
ASI8FeaXg8vZw,G:A,C:C,T:T,G:G,A:A,G:G,G:G,C:C,A:A,A:A,A:A,A:A,G:G,C:C,G:G,T:T,G:G,C:C,C:C,C:C,C:C,C:C,T:T,T:T,T:T,A:A,G:G,G:G,A:A,A:A,C:C,T:T,G:G,C:C,A:A,G:C,T:T,G:G,T:T,A:A,A:A,G:G,G:G,T:T,?,C:C,C:C,C:C,A:A,G:G,C:C
ASI8FwDqlMnFo,A:A,T:C,T:C,T:G,A:G,C:G,C:G,G:C,A:A,A:A,A:A,G:G,G:T,C:C,C:G,C:T,G:G,C:G,T:T,T:C,G:G,C:C,T:T,T:T,T:T,A:A,G:G,A:G,A:A,A:A,G:C,T:C,G:A,C:C,A:A,C:C,T:T,G:G,T:T,A:A,G:A,A:G,A:A,C:T,C:G,C:C,T:C,A:A,Uncallable,G:G,C:C
ASI8FTHZbEHwf,G:G,T:T,T:T,T:G,G:G,C:G,C:G,G:C,A:A,A:A,A:A,G:G,T:T,A:C,C:G,C:T,G:G,G:G,T:T,T:T,C:G,T:C,T:T,T:T,T:T,A:A,G:G,A:G,A:A,A:A,G:C,C:C,G:G,C:C,A:A,G:C,T:T,G:G,T:T,A:A,G:A,G:G,A:A,C:T,C:G,G:C,T:T,A:A,A:G,G:G,C:C
ASI8F1b7AcEIu,A:A,T:C,T:C,T:G,A:G,C:G,C:G,G:C,A:T,A:A,A:A,G:A,T:T,C:C,C:G,C:T,G:G,C:G,T:T,C:C,G:G,C:C,T:T,T:T,T:T,A:A,G:G,A:G,A:A,A:A,G:G,T:C,G:A,T:C,A:A,?,C:T,G:G,T:T,A:A,G:A,A:G,A:A,C:C,C:G,G:C,T:C,A:A,A:G,G:G,T:C
ASI8FAHzjKJAE,G:A,T:T,T:T,T:T,G:G,G:G,G:G,C:C,T:T,A:A,A:A,G:G,G:G,C:C,G:G,C:C,A:A,C:C,T:T,T:T,G:G,T:T,T:T,T:T,T:T,A:A,G:G,G:G,A:A,G:G,C:C,C:C,G:G,C:C,T:T,C:C,C:C,G:G,T:T,A:A,G:G,G:G,G:G,T:T,C:G,?,T:T,A:A,G:G,G:G,C:C
ASI8FixrEGbq0,A:A,T:C,T:C,T:G,G:G,G:G,G:G,C:C,A:A,A:A,A:A,G:A,T:T,A:C,G:G,C:T,G:G,C:G,T:T,T:T,C:G,C:C,T:C,T:C,T:A,A:A,G:G,G:G,A:A,A:A,G:C,C:C,G:A,T:C,A:A,G:C,T:T,G:G,T:T,A:A,G:A,A:G,G:G,T:T,C:G,G:G,T:C,C:C,A:A,G:G,C:C
ASI8F21pDRmqU,A:A,T:C,C:C,T:G,A:G,G:G,G:G,C:C,T:T,A:A,A:A,G:A,G:T,C:C,G:G,C:T,G:G,C:C,C:C,C:C,G:G,C:C,T:T,T:T,T:T,A:A,G:G,G:G,A:A,A:A,C:C,T:C,A:A,T:C,A:A,C:C,C:T,G:G,T:T,A:A,A:A,A:G,G:G,T:T,C:G,G:C,T:C,C:C,A:G,G:G,T:C
ASI8FAOSM6r0l,A:A,T:T,T:T,T:G,G:G,C:G,C:G,G:C,A:T,A:A,A:A,G:G,G:T,A:C,C:G,C:C,G:G,G:G,T:T,C:C,C:G,T:C,T:T,T:T,T:T,A:A,G:G,A:G,A:A,A:A,G:C,C:C,G:G,C:C,T:T,G:C,C:T,A:G,T:T,A:A,A:A,G:G,A:A,C:T,C:G,G:C,T:T,A:A,A:G,G:G,C:C
ASI8FPmmqQeLL,G:A,C:C,T:T,G:G,A:A,G:G,G:G,C:C,A:A,A:A,A:A,A:A,G:G,C:C,G:G,T:T,G:G,C:C,C:C,?,C:G,C:C,T:T,T:T,T:T,A:A,G:G,G:G,A:A,A:A,G:C,T:T,G:G,C:C,A:A,?,T:T,G:G,T:T,A:A,A:A,G:G,?,T:T,?,C:C,C:C,C:C,A:A,?,C:C
ASI8F2IjBfw5J,G:A,T:T,T:C,T:G,G:G,C:G,C:G,G:C,A:T,A:A,A:A,G:G,G:T,C:C,C:C,C:T,G:G,G:G,T:T,T:T,G:G,T:C,T:T,T:T,T:T,A:A,G:G,A:G,A:A,G:A,G:C,C:C,G:A,C:C,A:A,G:G,T:T,G:G,T:T,A:A,G:A,G:G,A:A,C:T,C:G,C:C,T:T,A:A,A:G,G:G,C:C
ASI8FoOxvSZ1w,A:A,T:C,T:C,T:G,A:G,C:G,C:G,G:C,A:A,A:A,A:A,G:G,G:T,C:C,C:G,C:T,G:G,C:G,T:T,C:C,G:G,C:C,T:T,T:T,T:T,A:A,G:G,A:G,A:A,A:A,G:C,T:C,G:A,C:C,A:A,C:C,T:T,G:G,T:T,A:A,G:A,A:G,A:A,C:T,C:G,C:C,T:C,A:A,A:G,G:G,C:C
ASI8FrhemYruw,A:A,C:C,C:C,T:T,A:A,G:G,G:G,C:C,T:T,A:A,A:A,G:G,G:G,C:C,G:G,C:C,A:A,C:C,C:C,C:C,G:G,C:C,T:T,T:T,T:T,A:A,G:G,G:G,A:A,A:A,C:C,T:T,A:A,C:C,A:A,G:C,T:T,G:G,T:T,A:A,A:A,A:A,A:G,T:T,G:G,C:C,C:C,C:C,A:A,G:G,C:C
ASI8F4BIM1vuB,G:A,T:T,T:C,T:T,G:G,G:G,G:G,C:C,T:T,A:A,A:A,G:G,G:G,C:C,C:G,C:C,G:G,C:G,T:T,T:T,G:G,T:T,T:T,T:T,T:T,A:A,G:G,G:G,A:A,G:G,G:C,T:C,G:A,C:C,A:A,C:C,C:T,G:G,T:T,A:A,G:A,G:G,?,T:T,C:G,C:C,T:T,A:A,A:G,G:G,C:C
ASI8F3TSHkcFs,G:G,C:C,C:C,G:G,G:G,G:G,G:G,C:C,A:A,A:A,A:A,A:A,T:T,C:C,G:G,C:T,A:A,C:C,C:C,T:T,G:G,T:T,T:T,T:T,T:T,A:A,G:G,G:G,A:A,A:A,C:C,T:C,G:A,T:T,A:A,C:C,T:T,G:G,T:T,A:A,A:A,A:G,G:G,T:T,C:G,G:G,T:T,C:C,G:G,G:G,C:C
ASI8F4dEiKGoE,A:A,T:C,C:C,T:G,G:G,G:G,G:G,C:C,A:T,A:A,A:A,G:G,G:G,C:C,C:C,C:T,G:G,G:G,T:T,T:T,G:G,C:C,T:T,T:T,T:T,A:A,G:G,G:G,A:A,G:A,G:C,T:T,G:A,C:C,A:A,?,T:T,A:G,T:T,A:A,A:A,G:G,A:G,T:T,C:G,C:C,T:C,A:C,A:A,G:G,C:C
ASI8Fa2vRXCf9,A:A,T:C,T:C,T:G,A:G,C:G,C:G,G:C,T:T,A:A,A:A,G:G,G:G,C:C,C:G,C:C,G:G,C:G,T:T,C:C,G:G,C:C,T:T,T:T,T:T,A:A,G:G,A:G,A:A,A:A,G:C,T:C,G:A,C:C,A:A,C:C,C:T,A:G,T:T,A:A,A:A,A:G,A:A,C:T,C:G,C:C,T:C,A:A,A:G,G:G,C:C
ASI8FWcHat69P,A:A,C:C,T:C,T:G,A:A,G:G,G:G,C:C,A:A,A:A,A:A,G:A,G:G,C:C,G:G,C:T,G:G,C:C,C:C,C:C,C:G,C:C,T:T,T:T,T:T,A:A,G:G,G:G,A:A,A:A,C:C,T:T,G:A,C:C,A:A,C:C,T:T,G:G,T:T,A:A,A:A,A:G,G:G,T:T,?,C:C,C:C,C:C,A:A,G:G,C:C
ASI8F9FOQhmSa,G:G,T:T,T:C,T:G,G:G,C:G,C:G,G:C,A:T,A:A,A:A,G:G,G:T,C:C,C:C,C:T,G:G,G:G,T:T,T:T,G:G,T:C,T:T,T:T,T:T,A:A,G:G,A:G,A:A,G:A,G:C,C:C,G:A,C:C,A:A,G:G,T:T,G:G,T:T,A:A,G:A,G:G,A:A,C:T,C:G,C:C,T:T,A:A,A:G,G:G,C:C
ASI8Fyq6XWJUy,A:A,T:C,T:C,T:G,A:G,C:G,C:G,G:C,A:A,A:A,A:A,G:G,G:T,C:C,C:G,C:T,G:G,C:G,T:T,C:C,G:G,C:C,T:T,T:T,T:T,A:A,G:G,A:G,A:A,A:A,G:C,T:C,G:A,C:C,A:A,C:C,T:T,G:G,T:T,A:A,G:A,A:G,A:A,C:T,C:G,C:C,T:C,A:A,A:G,G:G,C:C
ASI8FlFF4nEdx,A:A,C:C,C:C,T:T,A:A,G:G,G:G,C:C,A:A,A:A,A:A,G:G,G:G,C:C,G:G,C:C,A:G,C:C,C:C,C:C,G:G,C:C,T:T,T:T,T:T,A:A,G:G,G:G,A:A,A:A,C:C,T:T,A:A,C:C,A:A,G:C,T:T,G:G,T:T,A:A,A:A,A:A,G:G,T:T,C:C,C:C,C:C,C:C,A:A,G:G,C:C
ASI8FmjZ9jqnz,A:A,T:T,T:T,T:T,G:G,G:G,G:G,C:C,A:T,A:A,A:A,G:G,G:T,A:C,G:G,C:C,G:G,C:G,T:T,T:T,C:G,T:T,T:T,T:T,T:T,A:A,G:G,G:G,A:A,G:G,G:C,C:C,G:G,C:C,T:T,G:G,C:T,G:G,T:T,A:A,G:A,G:G,A:G,T:T,C:G,G:G,T:T,A:A,A:G,G:G,C:C
ASI8FWUQPQw1c,A:A,C:C,C:C,G:G,G:G,G:G,G:G,C:C,A:A,A:A,A:A,A:A,T:T,C:C,G:G,C:T,A:A,C:C,C:C,T:T,G:G,T:T,T:T,T:T,T:T,A:A,G:G,G:G,A:A,A:A,C:C,T:C,G:A,T:T,A:A,C:C,C:T,G:G,T:T,A:A,G:A,G:G,G:G,T:T,C:C,?,T:C,C:C,G:G,G:G,C:C
ASI8F7kdxoTnt,A:A,T:C,C:C,T:G,G:G,G:G,G:G,C:C,A:T,A:A,A:A,G:G,G:G,C:C,C:C,C:T,G:G,G:G,T:T,T:T,G:G,C:C,T:T,T:T,T:T,A:A,G:G,G:G,A:A,G:A,G:C,T:T,G:A,C:C,T:A,C:C,T:T,A:G,T:T,A:A,A:A,G:G,G:G,T:T,C:G,C:C,T:C,C:C,A:A,G:G,C:C
ASI8FG1IxBGCX,A:A,T:C,T:C,T:G,A:G,C:G,C:G,G:C,T:T,A:A,A:A,G:A,G:T,C:C,C:G,C:C,G:G,C:G,T:T,C:C,G:G,C:C,T:T,T:T,T:T,A:A,G:G,A:G,A:A,A:A,G:C,T:C,G:A,T:C,A:A,C:C,C:C,A:G,T:T,A:A,A:A,A:G,A:A,C:T,C:G,G:C,T:C,A:A,A:G,G:G,T:C
ASI8Fl7ktVswX,A:A,C:C,T:C,T:G,A:A,G:G,G:G,C:C,A:T,A:A,A:A,A:A,G:T,C:C,G:G,C:T,G:G,C:C,C:C,C:C,C:G,C:C,T:T,T:T,T:T,A:A,G:G,G:G,A:A,A:A,C:C,T:T,G:A,T:C,A:A,G:C,C:T,G:G,T:T,A:A,A:A,A:G,A:G,T:T,G:G,G:C,C:C,C:C,A:A,G:G,T:C
ASI8FhzF27nQO,G:A,T:T,T:C,T:G,G:G,C:G,C:G,G:C,A:T,A:A,A:A,G:G,G:T,C:C,C:C,C:T,G:G,G:G,T:T,T:T,G:G,T:C,T:T,T:T,T:T,A:A,G:G,A:G,A:A,G:A,G:C,C:C,G:A,C:C,A:A,G:G,T:T,G:G,T:T,A:A,G:A,G:G,A:A,C:T,C:G,C:C,T:T,A:A,A:G,G:G,C:C
ASI8FTcf2gR5c,A:A,T:C,T:C,T:G,A:G,C:G,C:G,G:C,A:A,A:A,A:A,G:G,G:T,C:C,C:G,C:T,G:G,C:G,T:T,C:C,G:G,C:C,T:T,T:T,T:T,A:A,G:G,A:G,A:A,A:A,G:C,T:C,G:A,C:C,A:A,C:C,T:T,G:G,T:T,A:A,G:A,A:G,A:A,C:T,C:G,C:C,T:C,A:A,A:G,G:G,C:C
ASI8FQ0U9UVKM,G:A,T:T,C:C,T:T,G:G,G:G,G:G,C:C,T:T,A:A,A:A,G:G,G:G,C:C,C:C,C:C,G:G,G:G,T:T,T:T,G:G,T:T,T:T,T:T,T:T,A:A,G:G,G:G,A:A,G:G,G:C,T:T,A:A,C:C,A:A,G:G,T:T,G:G,T:T,A:A,A:A,G:G,G:G,T:T,C:G,C:C,T:T,C:C,A:A,G:G,C:C
ASI8FqFrlJymo,G:G,T:T,T:T,T:T,G:G,G:G,G:G,C:C,A:T,A:A,A:A,G:G,G:T,A:C,G:G,C:C,G:G,C:G,T:T,T:T,C:G,T:T,T:T,T:T,T:T,A:A,G:G,G:G,A:A,G:G,G:C,C:C,G:G,C:C,T:T,G:C,C:T,G:G,T:T,A:A,G:A,G:G,G:G,T:T,C:G,G:G,T:T,A:A,A:G,G:G,C:C
ASI8FzbnU6mR1,A:A,T:C,C:C,T:T,A:G,C:G,C:G,G:C,T:T,A:A,A:A,G:G,G:T,C:C,C:G,C:T,A:G,C:C,C:C,T:T,G:G,C:C,T:T,T:T,T:T,A:A,G:G,G:G,A:A,A:A,C:C,T:T,G:A,C:C,A:A,C:C,C:T,A:G,T:T,A:A,A:A,A:G,G:G,T:T,G:G,C:C,T:C,C:C,A:G,G:G,C:C
ASI8F5yVvARTp,A:A,C:C,C:C,G:G,G:G,G:G,G:G,C:C,A:A,A:A,A:A,G:G,G:G,C:C,C:C,C:T,G:G,G:G,C:C,T:T,G:G,C:C,T:T,T:T,T:T,A:A,G:G,G:G,A:A,A:A,C:C,T:T,G:G,C:C,T:T,C:C,T:T,A:A,T:T,A:A,A:A,G:G,G:G,T:T,C:C,C:C,C:C,C:C,A:A,G:G,C:C
ASI8FvTJtCnBU,A:A,C:C,C:C,T:T,A:G,G:G,G:G,C:C,T:T,A:A,A:A,G:G,G:G,C:C,G:G,C:T,A:G,C:C,T:T,T:T,G:G,C:C,T:T,T:T,T:T,A:A,G:G,G:G,A:A,A:A,C:C,T:T,G:A,C:C,A:A,C:C,C:T,G:G,T:T,A:A,G:A,A:G,G:G,T:T,G:G,C:C,T:C,C:C,A:A,G:G,C:C
ASI8FcWqHCFSf,A:A,T:C,C:C,T:G,A:A,G:G,G:G,C:C,T:T,A:A,A:A,G:G,G:T,A:C,G:G,C:T,G:G,C:C,C:C,T:T,G:G,C:C,T:T,T:T,T:T,A:A,G:G,G:G,A:A,G:A,C:C,T:T,A:A,C:C,A:A,C:C,T:T,G:G,T:T,A:A,G:A,A:G,G:G,T:T,G:G,C:C,C:C,C:C,A:A,G:G,C:C
ASI8FZvHuvgmZ,G:G,T:T,T:C,T:G,G:G,C:G,C:G,G:C,A:T,A:A,A:A,G:G,G:T,C:C,C:C,C:T,G:G,G:G,T:T,T:T,G:G,T:C,T:T,T:T,T:T,A:A,G:G,A:G,A:A,G:A,G:C,C:C,G:A,C:C,A:A,G:G,T:T,G:G,T:T,A:A,G:A,G:G,A:A,C:T,C:G,C:C,T:T,A:A,A:G,G:G,C:C
ASI8F5nVOGQgU,A:A,T:C,T:C,T:G,A:G,C:G,C:G,G:C,A:A,A:A,A:A,G:G,G:T,C:C,C:G,C:T,G:G,C:G,T:T,?,G:G,C:C,T:T,T:T,T:T,A:A,G:G,A:G,A:A,A:A,G:C,T:C,G:A,C:C,A:A,G:G,T:T,G:G,T:T,A:A,G:A,A:G,A:A,C:C,C:G,C:C,T:C,A:A,A:G,G:G,C:C
ASI8FhJHfOffg,G:A,T:T,C:C,T:T,G:G,G:G,G:G,C:C,T:T,A:A,A:A,G:G,G:G,C:C,C:C,C:C,G:G,G:G,T:T,T:T,G:G,T:T,T:T,T:T,T:T,A:A,G:G,G:G,A:A,G:G,G:C,T:T,A:A,C:C,A:A,G:G,T:T,G:G,T:T,A:A,A:A,G:G,G:G,T:T,C:G,C:C,T:T,C:C,A:A,G:G,C:C
ASI8FOq19Hm6l,A:A,T:T,T:C,T:G,G:G,G:G,G:G,C:C,T:T,A:A,A:A,G:G,G:G,C:C,G:G,C:T,A:A,C:C,T:T,T:T,G:G,C:C,T:T,T:T,T:T,A:A,G:G,G:G,A:A,G:A,C:C,T:C,G:A,C:C,A:A,C:C,C:T,G:G,T:T,A:A,G:A,A:G,G:G,T:T,C:G,?,T:C,A:A,A:G,G:G,C:C
ASI8FmAb7XPCo,A:A,T:C,T:C,T:T,G:G,G:G,G:G,C:C,T:T,A:A,A:A,G:G,G:G,C:C,C:C,C:T,G:G,C:G,T:T,T:T,G:G,C:C,T:T,T:T,T:T,A:A,G:G,G:G,A:A,G:G,G:C,T:C,G:A,C:C,A:A,C:C,T:T,G:G,T:T,A:A,A:A,G:G,G:G,T:T,C:G,C:C,T:T,C:C,A:G,G:G,C:C
ASI8FrpOfZJfX,A:A,C:C,C:C,T:G,A:G,C:G,C:G,G:C,T:T,A:A,A:A,G:G,G:G,C:C,G:G,C:T,G:G,C:G,T:T,T:C,G:G,C:C,T:T,T:T,T:T,A:A,G:G,A:G,A:A,A:A,G:C,T:C,A:A,C:C,A:A,C:C,T:T,G:G,T:T,A:A,G:A,A:A,G:G,T:T,C:G,C:C,T:C,A:A,A:G,G:G,C:C
ASI8FpduElRO6,A:A,T:C,C:C,T:G,A:A,G:G,G:G,C:C,T:T,A:A,A:A,A:A,G:T,A:C,G:G,C:T,G:G,C:C,C:C,T:T,G:G,C:C,T:T,T:T,T:T,A:A,G:G,G:G,A:A,G:A,C:C,T:T,G:A,T:C,A:A,C:C,C:T,G:G,T:T,A:A,A:A,A:G,G:G,T:T,G:G,G:G,C:C,C:C,A:A,G:G,T:C
ASI8FMVmdsrCc,G:A,T:T,T:C,T:G,G:G,C:G,C:G,G:C,A:T,A:A,A:A,G:G,G:T,C:C,C:C,C:T,G:G,G:G,T:T,T:T,G:G,T:C,T:T,T:T,T:T,A:A,G:G,A:G,A:A,G:A,G:C,C:C,G:A,C:C,A:A,G:G,T:T,G:G,T:T,A:A,G:A,G:G,A:A,C:T,C:G,C:C,T:T,A:A,A:G,G:G,C:C
ASI8F20JGS4Do,A:A,T:C,T:C,T:G,A:G,C:G,C:G,G:C,A:A,A:A,A:A,G:G,G:T,C:C,C:G,C:T,G:G,C:G,T:T,C:C,G:G,C:C,T:T,T:T,T:T,A:A,G:G,A:G,A:A,A:A,G:C,T:C,G:A,C:C,A:A,C:C,T:T,G:G,T:T,A:A,G:A,A:G,A:A,C:T,C:G,C:C,T:C,A:A,A:G,G:G,C:C
ASI8FSHwEyPmC,G:A,T:T,T:T,T:T,G:G,G:G,G:G,C:C,A:A,A:A,A:A,G:G,T:T,A:A,G:G,C:C,G:G,G:G,T:T,T:T,C:C,T:T,T:T,T:T,T:T,A:A,G:G,G:G,A:A,A:A,G:C,C:C,G:G,C:C,T:T,G:G,T:T,G:G,T:T,A:A,A:A,G:G,G:G,T:T,G:G,G:G,T:T,C:C,A:A,G:G,C:C
ASI8FdiX5LhgZ,A:A,T:C,C:C,T:G,A:G,G:G,G:G,C:C,A:T,A:A,A:A,G:G,G:G,C:C,C:G,C:C,G:G,G:G,T:T,T:T,G:G,C:C,T:T,T:T,T:T,A:A,G:G,G:G,A:A,G:A,G:C,T:C,G:A,C:C,A:A,C:C,C:T,A:G,T:T,A:A,A:A,A:G,A:A,C:T,C:G,C:C,T:C,A:A,A:A,G:G,C:C
ASI8FS0YS24Ow,G:A,T:T,T:C,T:T,G:G,C:G,C:G,G:G,A:T,A:A,A:A,G:G,T:T,A:C,C:G,C:T,G:G,C:G,T:T,T:T,C:G,C:C,T:T,T:T,T:T,A:A,G:G,G:G,A:A,A:A,G:C,T:C,G:G,C:C,A:A,C:C,C:T,A:G,T:T,A:A,A:A,G:G,G:G,T:T,G:G,G:G,T:T,C:C,A:G,G:G,C:C
ASI8FXOY7CSVn,A:A,T:C,C:C,T:G,G:G,C:G,C:G,G:C,T:T,A:A,A:A,G:G,G:G,C:C,C:G,C:T,G:G,G:G,T:T,T:T,G:G,T:C,T:T,T:T,T:T,A:A,G:G,A:G,A:A,G:A,G:C,T:C,A:A,C:C,A:A,C:C,T:T,G:G,T:T,A:A,G:A,A:G,G:G,T:T,C:G,C:C,T:T,A:A,A:G,G:G,C:C
ASI8FFPkbtsJq,A:A,T:C,T:C,T:T,G:G,G:G,G:G,C:C,A:T,A:A,A:A,G:G,G:T,A:C,G:G,C:T,G:G,C:G,T:T,T:T,C:G,C:C,T:T,T:T,T:T,A:A,G:G,G:G,A:A,A:A,G:C,T:C,G:G,C:C,T:T,C:C,C:T,G:G,T:T,A:A,G:A,G:G,G:G,T:T,G:G,G:C,T:T,C:C,A:A,G:G,C:C
ASI8FCKhcTH8V,A:A,C:C,C:C,G:G,A:A,G:G,G:G,C:C,A:A,A:A,A:A,G:G,G:G,C:C,G:G,C:T,A:A,G:G,C:C,C:C,G:G,T:T,T:T,T:T,T:T,A:A,G:G,G:G,A:A,A:A,C:C,C:C,G:A,C:C,T:T,G:G,T:T,A:A,T:T,G:G,G:G,A:G,G:G,T:T,C:C,C:C,T:T,A:A,G:G,G:G,C:C
ASI8FYI0yoOXl,G:G,T:T,T:C,T:G,G:G,C:G,C:G,G:C,A:T,A:A,A:A,G:G,G:T,C:C,C:C,C:T,G:G,G:G,T:T,T:T,G:G,T:C,T:T,T:T,T:T,A:A,G:G,A:G,A:A,G:A,G:C,C:C,G:A,C:C,A:A,G:G,T:T,G:G,T:T,A:A,G:A,G:G,A:A,C:T,C:G,C:C,T:T,A:A,A:G,G:G,C:C
ASI8FFWeRXrKk,A:A,T:C,T:C,T:G,A:G,C:G,C:G,G:C,A:A,A:A,A:A,G:G,G:T,C:C,C:G,C:T,G:G,C:G,T:T,T:C,G:G,C:C,T:T,T:T,T:T,A:A,G:G,A:G,A:A,A:A,G:C,T:C,G:A,C:C,A:A,C:C,T:T,G:G,T:T,A:A,G:A,A:G,A:A,C:T,C:G,C:C,T:C,A:A,A:G,G:G,C:C
ASI8FB0m6kig7,A:A,T:T,T:T,T:T,G:G,G:G,G:G,C:C,A:A,A:A,A:A,G:G,T:T,A:A,G:G,C:C,G:G,G:G,T:T,T:T,C:C,T:C,T:T,T:T,T:T,A:A,G:G,G:G,A:A,G:G,G:C,C:C,G:G,C:C,T:T,G:C,T:T,G:G,T:T,A:A,A:A,G:G,G:G,T:T,G:G,G:G,T:T,C:C,A:A,G:G,C:C
ASI8FIo2d8HxA,A:A,T:C,C:C,T:G,A:G,G:G,G:G,C:C,A:T,A:A,A:A,G:G,G:G,C:C,C:G,C:C,G:G,G:G,T:T,T:T,G:G,C:C,T:T,T:T,T:T,A:A,G:G,G:G,A:A,G:A,G:C,T:T,G:A,C:C,A:A,C:C,C:T,A:G,T:T,A:A,A:A,A:G,A:A,C:T,C:G,C:C,T:C,A:A,A:A,G:G,C:C
ASI8ForSLvLao,A:A,C:C,T:C,T:T,A:G,G:G,G:G,C:C,T:T,A:A,A:A,G:A,G:T,C:C,G:G,C:T,G:G,C:C,C:C,T:T,G:G,C:C,T:T,T:T,T:T,A:A,G:G,G:G,A:A,G:A,C:C,T:T,G:A,T:C,A:A,C:C,C:T,G:G,T:T,A:A,A:A,A:G,G:G,T:T,G:G,G:G,T:C,C:C,A:G,G:G,T:C
ASI8FkvcmLl4c,A:A,C:C,C:C,G:G,G:G,C:C,C:G,G:G,T:T,G:A,A:A,G:G,G:G,C:C,G:G,C:T,G:G,G:G,T:T,T:T,G:G,C:C,T:T,T:T,T:T,A:A,G:G,A:A,A:A,A:A,G:C,C:C,A:A,C:C,A:A,C:C,T:T,G:G,T:T,A:A,G:G,A:A,G:G,T:T,C:G,C:C,T:T,A:A,G:G,G:G,C:C
ASI8FXANCuUnZ,A:A,T:C,T:C,T:T,G:G,G:G,G:G,C:C,A:T,A:A,A:A,G:G,G:T,A:C,G:G,C:T,G:G,C:G,T:T,T:T,C:G,C:C,T:T,T:T,T:T,A:A,G:G,G:G,A:A,A:A,G:C,T:C,G:G,C:C,T:T,C:C,C:T,G:G,T:T,A:A,G:A,G:G,G:G,T:T,G:G,G:C,T:T,C:C,A:A,G:G,C:C
ASI8FOMtKLDxa,A:A,C:C,C:C,G:G,G:G,G:G,G:G,C:C,T:T,A:A,A:A,G:G,G:G,C:C,G:G,C:T,A:A,G:G,C:C,C:C,G:G,T:T,T:T,T:T,T:T,A:A,G:G,G:G,A:A,A:A,C:C,C:C,G:A,C:C,T:T,G:C,T:T,G:G,T:T,G:A,G:G,A:A,G:G,T:T,C:G,C:C,T:T,A:A,G:G,C:G,C:C
ASI8Ft8PuqRVw,G:A,T:T,T:T,G:G,G:G,C:C,C:G,G:G,A:A,G:A,A:A,G:G,T:T,C:C,C:C,C:T,G:G,G:G,T:T,?,G:G,C:C,T:T,T:T,?,A:A,A:G,A:A,A:A,A:A,G:G,C:C,G:G,C:C,A:A,G:G,T:T,G:G,T:T,A:A,G:G,G:G,A:A,C:C,C:G,C:C,T:T,A:A,G:G,G:G,C:C
ASI8FNmRNQPNx,A:A,T:C,T:C,T:G,A:G,C:G,C:G,G:C,A:T,A:A,A:A,G:A,T:T,C:C,C:G,C:T,G:G,C:G,T:T,T:C,G:G,C:C,T:T,T:T,T:T,A:A,G:G,A:G,A:A,A:A,G:C,T:C,G:A,T:C,A:A,G:G,C:T,G:G,T:T,A:A,G:A,A:G,A:A,C:T,C:G,G:C,T:C,A:A,A:G,G:G,T:C
ASI8FZlGza9CY,A:A,C:C,C:C,T:T,A:A,G:G,G:G,C:C,?,A:A,A:A,G:G,G:G,C:C,G:G,C:C,A:G,C:C,C:T,C:C,G:G,C:C,T:T,T:T,T:T,A:A,G:G,G:G,A:A,A:A,C:C,T:T,A:A,C:C,A:A,C:C,T:T,G:G,T:T,A:A,A:A,A:A,G:G,T:T,C:C,C:C,C:C,C:C,A:A,G:G,C:C
ASI8FcW9pgNYe,A:A,C:C,C:C,T:G,A:A,G:G,G:G,C:C,A:A,A:A,A:A,G:G,G:G,C:C,G:G,C:C,G:G,C:G,C:C,C:C,G:G,C:C,T:T,T:T,T:T,A:A,G:G,G:G,A:A,A:A,C:C,T:T,G:A,C:C,A:A,C:C,C:T,A:G,T:T,A:A,A:A,A:A,A:A,C:T,C:C,C:C,C:C,A:A,A:A,G:G,C:C
ASI8FAZvRxF6c,A:A,T:C,C:C,T:G,A:G,G:G,G:G,C:C,T:T,A:A,G:A,G:G,G:G,C:C,G:G,C:T,A:G,C:G,C:C,T:C,G:G,C:C,T:T,T:T,T:T,A:A,G:G,G:G,A:A,G:A,C:C,C:C,A:A,C:C,A:A,C:C,T:T,G:G,T:T,G:G,G:A,A:G,G:G,T:T,C:G,C:C,T:C,C:C,A:G,G:G,C:C
ASI8FzsUv6GqH,A:A,C:C,C:C,T:G,A:G,C:G,C:G,G:C,T:T,A:A,A:A,G:G,G:G,C:C,G:G,C:T,G:G,C:G,T:T,C:C,G:G,C:C,T:T,T:T,T:T,A:A,G:G,A:G,A:A,A:A,G:C,T:C,A:A,C:C,A:A,C:C,T:T,G:G,T:T,A:A,G:A,A:A,G:G,T:T,C:G,C:C,T:C,A:A,A:G,G:G,C:C
ASI8F0j1ii5Ol,A:A,C:C,C:C,T:T,A:G,G:G,G:G,C:C,T:T,A:A,A:A,G:G,G:G,C:C,G:G,C:T,A:G,C:C,T:T,T:T,G:G,C:C,T:T,T:T,T:T,A:A,G:G,G:G,A:A,A:A,C:C,T:T,G:A,C:C,A:A,C:C,C:T,G:G,T:T,A:A,G:A,A:G,G:G,T:T,?,C:C,T:C,C:C,A:A,G:G,C:C
ASI8FVvArtuet,G:G,T:T,T:T,G:G,G:G,C:C,C:G,G:G,A:A,G:G,A:A,G:G,T:T,C:C,C:C,C:T,G:G,G:G,T:T,T:T,G:G,C:C,T:T,T:T,T:T,A:A,A:G,A:A,A:A,A:A,G:C,C:C,G:G,C:C,A:A,G:G,T:T,G:G,T:T,A:A,G:G,G:G,A:A,C:C,C:G,C:C,T:T,A:A,G:G,G:G,C:C
ASI8Fqt9cRWAB,A:A,T:C,T:C,T:G,A:G,C:G,C:G,G:C,A:T,A:A,A:A,G:A,T:T,C:C,C:G,C:T,G:G,C:G,T:T,C:C,G:G,C:C,T:T,T:T,T:T,A:A,G:G,A:G,A:A,A:A,G:C,T:C,G:A,T:C,A:A,G:C,C:T,G:G,T:T,A:A,G:A,A:G,A:A,C:T,C:G,G:C,T:C,A:A,A:G,G:G,T:C
ASI8FVjIBCJqG,A:A,C:C,C:C,T:T,A:A,G:G,G:G,C:C,?,A:A,A:A,G:G,G:G,C:C,G:G,C:C,A:A,C:C,C:C,C:C,G:G,C:C,T:T,T:T,T:T,A:A,G:G,G:G,A:A,A:A,C:C,T:T,A:A,C:C,A:A,C:C,T:T,G:G,T:T,A:A,A:A,A:A,G:G,T:T,G:G,C:C,C:C,C:C,A:A,G:G,C:C
ASI8FaXigb0Jn,G:A,C:C,C:C,G:G,G:G,G:G,G:G,C:C,A:A,A:A,A:A,A:A,T:T,C:C,G:G,C:T,A:A,C:C,C:T,T:T,G:G,C:C,C:C,C:C,T:A,A:A,G:G,G:G,A:A,A:A,C:C,C:C,A:A,T:T,A:A,C:C,T:T,G:G,T:T,A:A,G:G,A:A,G:G,T:T,C:C,?,C:C,C:C,A:A,G:G,C:C
ASI8F1X3SpxsV,A:A,C:C,C:C,T:G,A:G,G:G,G:G,C:C,?,A:A,A:A,G:G,G:G,?,?,C:T,A:A,?,T:T,?,G:G,C:C,C:C,T:T,?,A:A,?,?,A:A,A:A,G:C,T:C,A:A,C:C,A:A,G:C,T:T,G:G,T:T,A:A,A:A,A:G,G:G,?,C:G,C:C,?,C:C,A:G,?,C:C
ASI8Fs4b4Is4L,A:A,C:C,C:C,T:G,A:G,C:G,C:G,G:C,T:T,A:A,A:A,G:A,G:T,C:C,G:G,C:T,G:G,C:G,T:T,C:C,G:G,C:C,T:T,T:T,T:T,A:A,G:G,A:G,A:A,A:A,G:C,T:C,A:A,T:C,A:A,C:C,C:T,G:G,T:T,A:A,G:A,A:A,G:G,T:T,C:G,G:C,T:C,A:A,A:G,G:G,T:C
ASI8FGu8uctca,A:A,C:C,T:C,T:G,A:A,G:G,G:G,C:C,A:A,A:A,A:A,G:A,G:G,C:C,G:G,C:T,G:G,C:C,C:C,C:C,C:G,C:C,T:T,T:T,T:T,A:A,G:G,G:G,A:A,A:A,C:C,T:T,G:A,C:C,A:A,C:C,T:T,G:G,T:T,A:A,A:A,A:G,G:G,T:T,?,C:C,C:C,C:C,A:A,G:G,C:C
ASI8FUZ7LhIk3,G:G,C:C,T:T,T:T,A:A,G:G,G:G,C:C,T:T,A:A,A:A,A:A,G:G,C:C,G:G,C:T,G:G,C:C,T:T,T:T,G:G,T:T,T:T,T:T,T:T,A:A,G:G,A:A,C:C,A:A,C:C,C:C,A:A,T:T,T:T,G:G,T:T,G:G,T:T,A:A,A:A,G:G,G:G,T:T,C:G,G:C,T:T,C:C,G:G,G:G,C:C
ASI8FrOeuNkee,A:A,C:C,C:C,T:T,G:G,G:G,G:G,C:C,T:T,A:A,A:A,A:A,G:T,C:C,C:G,C:T,G:G,C:C,C:C,T:T,C:G,C:C,T:T,T:T,T:T,A:A,G:G,G:G,A:A,A:A,G:C,T:T,G:A,T:C,A:A,C:C,C:T,A:G,T:T,A:A,G:A,G:G,G:G,T:T,C:G,G:C,T:C,A:A,G:G,G:G,C:C
ASI8FdZSdShMM,A:A,C:C,C:C,T:G,G:G,C:G,C:G,G:C,A:T,A:A,A:A,A:A,G:G,A:C,G:G,C:T,G:G,C:C,T:T,T:T,G:G,T:C,T:T,T:T,T:T,A:A,G:G,G:G,C:A,A:A,C:C,T:T,G:A,T:C,A:A,C:C,C:C,A:G,T:T,A:A,G:G,A:G,G:G,T:T,C:G,G:C,T:C,C:C,A:G,G:G,C:C
ASI8FuoDNimKu,A:A,T:C,T:C,T:G,G:G,C:C,C:G,G:G,A:T,A:A,A:A,A:A,G:T,A:C,C:G,C:T,G:G,C:G,T:T,T:T,G:G,C:C,T:T,T:T,T:T,A:A,G:G,A:G,C:A,A:A,G:C,T:C,G:A,T:C,A:A,G:G,C:T,A:A,T:T,A:A,G:A,A:G,A:A,C:T,C:G,G:C,T:T,C:C,A:G,G:G,C:C
ASI8FFmvcZmwu,A:A,C:C,T:C,T:G,G:G,G:G,G:G,C:C,A:T,A:A,A:A,A:A,G:G,A:C,G:G,C:T,G:G,C:G,C:C,T:T,G:G,C:C,T:T,T:T,T:T,A:A,G:G,A:G,A:A,A:A,C:C,T:T,G:A,C:C,A:A,C:C,C:C,G:G,T:T,A:A,G:G,G:G,G:G,T:T,C:G,G:C,T:C,C:C,A:G,G:G,C:C
ASI8Fl3ysCA6z,A:A,T:C,T:T,T:G,G:G,C:G,C:G,G:C,A:T,G:A,A:A,A:A,G:T,A:C,C:G,C:T,G:G,G:G,T:T,C:C,G:G,C:C,T:T,T:T,T:T,A:A,G:G,A:A,A:A,A:A,G:C,T:C,G:A,C:C,A:A,C:C,C:T,A:G,T:T,A:A,G:A,G:G,A:A,C:T,C:G,G:C,T:T,C:C,A:G,G:G,C:C
ASI8F2gHzYslh,A:A,C:C,C:C,T:T,G:G,G:G,G:G,C:C,T:T,A:A,A:A,A:A,G:T,C:C,C:G,C:T,G:G,C:C,C:C,T:T,C:G,C:C,T:T,T:T,T:T,A:A,G:G,G:G,A:A,A:A,G:C,T:T,G:A,T:C,A:A,C:C,C:T,A:G,T:T,A:A,G:A,G:G,G:G,T:T,C:G,G:C,T:C,A:A,G:G,G:G,C:C
ASI8FLPGL9xDw,A:A,T:C,T:C,T:T,G:G,C:G,C:G,G:C,T:T,A:A,A:A,A:A,T:T,C:C,C:C,C:T,G:G,C:G,T:T,C:C,C:G,C:C,T:T,T:T,T:T,A:A,G:G,A:G,A:A,A:A,G:C,T:C,G:A,T:C,A:A,C:C,T:T,A:A,T:T,A:A,A:A,G:G,A:G,C:T,C:G,G:C,T:T,A:A,G:G,G:G,C:C
ASI8FaFQP3l9m,G:A,C:C,T:T,T:T,A:A,G:G,G:G,C:C,T:T,A:A,A:A,A:A,G:G,C:C,G:G,C:T,G:G,C:C,T:T,T:T,G:G,T:T,T:T,T:T,T:T,A:A,G:G,A:A,C:C,A:A,G:C,C:C,A:A,T:T,T:T,G:G,T:T,G:G,T:T,A:A,A:A,G:G,G:G,T:T,C:G,G:C,T:T,C:C,G:G,G:G,C:C
ASI8FUwgkaAnI,A:A,T:C,T:C,T:T,A:G,C:C,C:G,G:G,T:T,G:A,G:A,G:A,T:T,C:C,C:C,C:T,G:G,C:G,T:T,C:C,G:G,C:C,T:T,T:T,T:T,A:A,G:G,A:A,A:A,A:A,G:C,C:C,G:A,T:C,A:A,C:C,T:T,A:G,T:T,A:A,A:A,G:G,A:A,C:C,C:G,C:C,T:T,A:A,G:G,G:G,C:C
ASI8FwgWpVBKa,A:A,C:C,C:C,T:G,G:G,C:G,C:G,G:C,A:T,A:A,A:A,A:A,G:G,A:C,G:G,C:T,G:G,C:C,T:T,T:T,G:G,T:C,T:T,T:T,T:T,A:A,G:G,G:G,C:A,A:A,C:C,T:T,G:A,T:C,A:A,G:C,C:C,A:G,T:T,A:A,G:G,A:G,G:G,T:T,C:G,G:C,T:C,C:C,A:G,G:G,C:C
ASI8F8ygIfkCi,A:A,T:C,T:C,T:G,G:G,C:C,C:G,G:G,A:T,A:A,A:A,A:A,G:T,A:C,C:G,C:T,G:G,C:G,T:T,T:T,G:G,C:C,T:T,T:T,T:T,A:A,G:G,A:G,C:A,A:A,G:C,T:C,G:A,T:C,A:A,G:G,C:T,A:A,T:T,A:A,G:A,A:G,A:A,C:T,C:G,G:C,T:T,C:C,A:G,G:G,C:C
ASI8F3FWwMFg7,A:A,C:C,T:C,T:G,G:G,G:G,G:G,C:C,A:T,A:A,A:A,A:A,G:G,A:C,G:G,C:T,G:G,C:G,C:C,T:T,G:G,C:C,T:T,T:T,T:T,A:A,G:G,A:G,A:A,A:A,C:C,T:T,G:A,C:C,A:A,C:C,C:C,G:G,T:T,A:A,G:G,G:G,G:G,T:T,C:G,G:C,T:C,C:C,A:G,G:G,C:C
ASI8Ff15QAd4j,A:A,T:C,T:T,T:G,G:G,C:G,C:G,G:C,A:T,G:G,A:A,A:A,G:T,A:C,C:G,C:T,G:G,G:G,T:T,C:C,G:G,C:C,T:T,T:T,T:T,A:A,G:G,A:A,A:A,A:A,G:C,T:C,G:A,C:C,A:A,G:C,C:T,A:G,T:T,A:A,G:A,G:G,A:A,C:T,C:G,G:C,T:T,C:C,A:G,G:G,C:C
ASI8FvxSnZyj1,A:A,C:C,C:C,T:T,G:G,G:G,G:G,C:C,T:T,A:A,A:A,A:A,G:T,C:C,C:G,C:T,G:G,C:C,C:T,T:T,C:G,C:C,T:T,T:T,T:T,A:A,G:G,G:G,A:A,A:A,G:C,T:T,G:A,T:C,A:A,C:C,C:T,A:G,T:T,A:A,G:A,G:G,G:G,T:T,C:G,G:C,T:C,A:A,G:G,G:G,C:C
ASI8FEUXNKxA8,A:A,T:C,T:C,T:T,G:G,C:G,C:G,G:C,T:T,A:A,A:A,A:A,T:T,C:C,C:C,C:T,G:G,C:G,T:T,C:C,C:G,C:C,T:T,T:T,T:T,A:A,G:G,A:G,A:A,A:A,G:C,T:C,G:A,T:C,A:A,C:C,T:T,A:A,T:T,A:A,A:A,G:G,A:A,C:T,C:G,G:C,T:T,A:A,G:G,G:G,C:C
ASI8FfN8RQEpI,G:A,T:C,C:C,T:G,G:G,G:G,G:G,C:C,T:T,A:A,A:A,A:A,G:G,C:C,G:G,C:T,G:G,?,Uncallable,T:T,G:G,C:C,T:T,T:C,T:A,A:A,G:G,A:G,A:A,A:A,?,T:C,G:A,T:C,A:A,?,?,G:G,T:T,A:A,G:A,A:G,A:A,C:T,C:G,G:C,T:C,C:C,A:G,G:G,C:C
ASI8FEHr1DYmp,A:A,T:C,T:C,T:T,A:G,C:C,C:G,G:G,T:T,G:A,G:A,G:A,T:T,C:C,C:C,C:T,G:G,C:G,T:T,C:C,G:G,C:C,T:T,T:T,T:T,A:A,G:G,A:A,A:A,A:A,G:C,C:C,G:A,T:C,A:A,C:C,T:T,A:G,T:T,A:A,A:A,G:G,A:A,C:C,C:G,C:C,T:T,A:A,G:G,G:G,C:C
ASI8FyyHfG4tq,A:A,C:C,C:C,T:G,G:G,C:G,C:G,G:C,A:T,A:A,A:A,A:A,G:G,A:C,G:G,C:T,G:G,C:C,T:T,T:T,G:G,T:C,T:T,T:T,T:T,A:A,G:G,G:G,C:A,A:A,?,T:T,G:A,T:C,A:A,C:C,C:C,A:G,T:T,A:A,G:G,A:G,A:G,T:T,C:G,G:C,T:C,C:C,A:G,G:G,C:C
ASI8Fu3t5XSEa,A:A,T:C,T:C,T:G,G:G,C:C,C:G,G:G,A:T,A:A,A:A,A:A,G:T,A:C,C:G,C:T,G:G,C:G,T:T,T:T,G:G,C:C,T:T,T:T,T:T,A:A,G:G,A:G,C:A,A:A,G:C,T:C,G:A,T:C,A:A,G:G,C:T,A:A,T:T,A:A,G:A,A:G,A:A,C:T,C:G,G:C,T:T,C:C,A:G,G:G,C:C
ASI8FG879b4td,A:A,C:C,T:C,T:G,G:G,G:G,G:G,C:C,A:T,A:A,A:A,A:A,G:G,A:C,G:G,C:T,G:G,C:G,C:C,T:T,G:G,C:C,T:T,T:T,T:T,A:A,G:G,A:G,A:A,A:A,C:C,T:T,G:A,C:C,A:A,C:C,C:C,G:G,T:T,A:A,G:G,G:G,G:G,T:T,C:G,G:C,T:C,C:C,A:G,G:G,C:C
ASI8FXeQHLVj8,A:A,T:C,T:T,T:G,G:G,C:G,C:G,G:C,A:T,G:A,A:A,A:A,G:T,A:C,C:G,C:T,G:G,G:G,T:T,C:C,G:G,C:C,T:T,T:T,T:T,A:A,G:G,A:A,A:A,A:A,G:C,T:C,G:A,C:C,A:A,G:C,C:T,A:G,T:T,A:A,G:A,G:G,A:A,C:T,C:G,G:C,T:T,C:C,A:G,G:G,C:C
ASI8FQcPlEDYQ,A:A,C:C,C:C,T:T,G:G,G:G,G:G,C:C,T:T,A:A,A:A,A:A,G:T,C:C,C:G,C:T,G:G,C:C,C:C,T:T,C:G,C:C,T:T,T:T,T:T,A:A,G:G,G:G,A:A,A:A,G:C,T:T,G:A,T:C,A:A,C:C,C:T,A:G,T:T,A:A,G:A,G:G,G:G,T:T,C:G,G:C,T:C,A:A,G:G,G:G,C:C
ASI8F6SkCsPYw,A:A,T:C,T:C,T:T,G:G,C:G,C:G,G:C,T:T,A:A,A:A,A:A,T:T,C:C,C:C,C:T,G:G,C:G,T:T,C:C,C:G,C:C,T:T,T:T,T:T,A:A,G:G,A:G,A:A,A:A,G:C,T:C,G:A,T:C,A:A,C:C,T:T,A:A,T:T,A:A,A:A,G:G,A:G,C:T,C:G,G:C,T:T,A:A,G:G,G:G,C:C
ASI8Fr4wXBdEh,G:G,T:C,C:C,T:G,G:G,G:G,G:G,C:C,T:T,A:A,A:A,A:A,G:G,C:C,C:G,C:T,G:G,C:G,C:C,T:T,G:G,C:C,T:T,T:T,T:A,A:A,G:G,A:G,A:A,A:A,C:C,T:C,G:A,T:C,A:A,C:C,C:T,G:G,T:T,A:A,G:A,A:G,A:A,C:T,C:G,G:C,T:C,C:C,A:G,G:G,C:C
ASI8FvizBImAx,G:A,T:C,T:C,T:T,A:G,C:C,C:G,G:G,T:T,G:G,G:A,G:A,T:T,C:C,C:C,C:T,G:G,C:G,T:T,C:C,G:G,C:C,T:T,T:T,T:T,A:A,G:G,A:A,A:A,A:A,G:C,C:C,G:A,T:C,A:A,C:C,T:T,A:G,T:T,A:A,A:A,G:G,A:A,C:C,C:G,C:C,T:T,A:A,G:G,G:G,C:C
ASI8F7EZhCbtS,A:A,C:C,C:C,T:G,G:G,C:G,C:G,G:C,A:T,A:A,A:A,A:A,G:G,A:C,G:G,C:T,G:G,C:C,T:T,T:T,G:G,T:C,T:T,T:T,T:T,A:A,G:G,G:G,C:A,A:A,C:C,T:T,G:A,T:C,A:A,C:C,C:C,A:G,T:T,A:A,G:G,A:G,G:G,T:T,C:G,G:C,T:C,C:C,A:G,G:G,C:C
ASI8Fa2zMatg5,A:A,T:C,T:C,T:G,G:G,C:C,C:G,G:G,A:T,A:A,A:A,A:A,G:T,A:C,C:G,C:T,G:G,C:G,T:T,T:T,G:G,C:C,T:T,T:T,T:T,A:A,G:G,A:G,C:A,A:A,G:C,T:C,G:A,T:C,A:A,G:C,C:T,A:A,T:T,A:A,G:A,A:G,A:A,C:T,C:G,G:C,T:T,C:C,A:G,G:G,C:C
ASI8FMPDAyzm5,A:A,C:C,T:C,T:G,G:G,G:G,G:G,C:C,A:T,A:A,A:A,A:A,G:G,A:C,G:G,C:T,G:G,C:G,C:C,T:T,G:G,C:C,T:T,T:T,T:T,A:A,G:G,A:G,A:A,A:A,C:C,T:T,G:A,C:C,A:A,C:C,C:C,G:G,T:T,A:A,G:G,G:G,G:G,T:T,C:G,G:C,T:C,C:C,A:G,G:G,C:C
ASI8F8SvsYILB,A:A,T:C,T:T,T:G,G:G,C:G,C:G,G:C,A:T,G:A,A:A,A:A,G:T,A:C,C:G,C:T,G:G,G:G,T:T,C:C,G:G,C:C,T:T,T:T,T:T,A:A,G:G,A:A,A:A,A:A,G:C,T:C,G:A,C:C,A:A,C:C,C:T,A:G,T:T,A:A,G:A,G:G,A:A,C:T,C:G,G:C,T:T,C:C,A:G,G:G,C:C
ASI8FljdRLOHc,A:A,C:C,C:C,T:T,G:G,G:G,G:G,C:C,T:T,A:A,A:A,A:A,G:T,C:C,C:G,C:T,G:G,C:C,C:C,T:T,C:G,C:C,T:T,T:T,T:T,A:A,G:G,G:G,A:A,A:A,G:C,T:T,G:A,T:C,A:A,G:G,C:T,A:G,T:T,A:A,G:A,G:G,G:G,T:T,C:G,G:C,T:C,A:A,G:G,G:G,C:C
ASI8F3m5rasMI,A:A,T:C,T:C,T:T,G:G,C:G,C:G,G:C,T:T,A:A,A:A,A:A,T:T,C:C,C:C,C:T,G:G,C:G,T:T,C:C,C:G,C:C,T:T,T:T,T:T,A:A,G:G,A:G,A:A,A:A,G:C,T:C,G:A,T:C,A:A,C:C,T:T,A:A,T:T,A:A,A:A,G:G,A:G,C:T,C:G,G:C,T:T,A:A,G:G,G:G,C:C
ASI8FCLH5sMLp,G:G,T:C,C:C,T:G,G:G,G:G,G:G,C:C,T:T,A:A,A:A,A:A,G:G,C:C,C:G,C:T,G:G,C:G,C:C,T:T,G:G,C:C,T:T,T:T,T:T,A:A,G:G,A:G,A:A,A:A,C:C,T:C,G:A,T:C,A:A,C:C,C:T,G:G,T:T,A:A,G:A,A:G,A:A,C:T,C:G,G:C,T:C,C:C,A:G,G:G,C:C
ASI8FiIjlbv6b,?,?,C:C,T:T,A:G,C:C,?,G:G,?,?,G:A,G:A,?,?,?,?,G:G,?,T:T,?,G:G,?,T:C,T:C,?,?,?,?,?,A:A,?,C:C,G:A,T:C,A:A,?,T:T,?,?,?,?,G:G,?,?,C:G,C:C,?,A:A,G:G,?,C:C
ASI8FJOxkqXpf,A:A,C:C,C:C,T:G,G:G,C:G,C:G,G:C,A:T,A:A,A:A,A:A,G:G,A:C,G:G,C:T,G:G,C:C,T:T,T:T,G:G,T:C,T:T,T:T,T:T,A:A,G:G,G:G,C:A,A:A,C:C,T:T,G:A,T:C,A:A,G:C,C:C,A:G,T:T,A:A,G:G,A:G,G:G,T:T,C:G,G:C,T:C,C:C,A:G,G:G,C:C
ASI8FwkRwYT1J,A:A,T:C,T:C,T:G,G:G,C:C,C:G,G:G,A:T,A:A,A:A,A:A,G:T,A:C,C:G,C:T,G:G,C:G,T:T,T:T,G:G,C:C,T:T,T:T,T:T,A:A,G:G,A:G,C:A,A:A,G:C,T:C,G:A,T:C,A:A,G:C,C:T,A:A,T:T,A:A,G:A,A:G,A:A,C:T,C:G,G:C,T:T,C:C,A:G,G:G,C:C
ASI8Frj4KKsPC,A:A,C:C,T:C,T:G,G:G,G:G,G:G,C:C,A:T,A:A,A:A,A:A,G:G,A:C,G:G,C:T,G:G,C:G,C:C,T:T,G:G,C:C,T:T,T:T,T:T,A:A,G:G,A:G,A:A,A:A,?,T:T,G:A,C:C,A:A,G:G,C:C,G:G,T:T,A:A,G:G,G:G,A:A,T:T,C:G,G:C,T:C,C:C,A:G,G:G,C:C
ASI8FZa7swrQY,A:A,T:C,T:T,T:G,G:G,C:G,C:G,G:C,A:T,G:G,A:A,A:A,G:T,A:C,C:G,C:T,G:G,G:G,T:T,?,G:G,C:C,T:T,T:T,T:T,A:A,G:G,A:A,A:A,A:A,G:G,T:C,G:A,C:C,A:A,?,C:T,A:G,T:T,A:A,G:A,G:G,A:A,C:T,C:G,G:C,T:T,C:C,A:G,G:G,C:C
ASI8FCz65HJeW,A:A,C:C,C:C,T:T,G:G,G:G,G:G,C:C,T:T,A:A,A:A,A:A,G:T,C:C,C:G,C:T,G:G,C:C,C:T,T:T,C:G,C:C,T:T,T:T,T:T,A:A,G:G,G:G,A:A,A:A,G:C,T:T,G:A,T:C,A:A,C:C,C:T,A:G,T:T,A:A,G:A,G:G,G:G,T:T,C:G,G:C,T:C,A:A,G:G,G:G,C:C
ASI8FYC9svax0,A:A,T:C,T:C,T:T,G:G,C:G,C:G,G:C,T:T,A:A,A:A,A:A,T:T,C:C,C:C,C:T,G:G,C:G,T:T,C:C,C:G,C:C,T:T,T:T,T:T,A:A,G:G,A:G,A:A,A:A,G:C,T:C,G:A,T:C,A:A,C:C,T:T,A:A,T:T,A:A,A:A,G:G,A:G,C:T,C:G,G:C,T:T,A:A,G:G,G:G,C:C
ASI8FlPXUZu2I,G:G,T:C,C:C,T:G,G:G,G:G,G:G,C:C,T:T,A:A,A:A,A:A,G:G,C:C,G:G,C:T,G:G,C:G,C:C,T:T,G:G,C:C,T:T,T:T,T:T,A:A,G:G,A:G,A:A,A:A,C:C,T:C,G:A,T:C,A:A,C:C,C:T,G:G,T:T,A:A,G:A,A:G,A:A,C:T,C:G,G:C,T:C,C:C,A:G,G:G,C:C
ASI8FvK9q9gOk,A:A,T:C,T:C,T:T,A:G,C:C,C:G,G:G,T:T,G:A,G:A,G:A,T:T,C:C,C:G,C:T,G:G,C:G,T:T,C:C,G:G,C:C,T:T,T:T,T:T,A:A,G:G,A:A,A:A,A:A,G:C,C:C,G:A,T:C,A:A,C:C,T:T,A:G,T:T,A:A,A:A,G:G,A:A,C:C,C:G,C:C,T:T,A:A,G:G,G:G,C:C
ASI8FmAZF0PhX,A:A,C:C,C:C,T:G,G:G,C:G,C:G,G:C,A:T,A:A,A:A,A:A,G:G,A:C,G:G,C:T,G:G,C:C,T:T,T:T,G:G,T:C,T:T,T:T,T:T,A:A,G:G,G:G,C:A,A:A,C:C,T:T,G:A,T:C,A:A,C:C,C:C,A:G,T:T,A:A,G:G,A:G,G:G,T:T,C:G,G:C,T:C,C:C,A:G,G:G,C:C
ASI8FSuZ8kLxF,A:A,T:C,T:C,T:G,G:G,C:C,C:G,G:G,A:T,A:A,A:A,A:A,G:T,A:C,C:G,C:T,G:G,C:G,T:T,T:T,G:G,C:C,T:T,T:T,T:T,A:A,G:G,A:G,C:A,A:A,G:C,T:C,G:A,T:C,A:A,C:C,C:T,A:A,T:T,A:A,G:A,A:G,A:A,C:T,C:G,G:C,T:T,C:C,A:G,G:G,C:C
ASI8FipaAtfOf,A:A,C:C,T:C,T:G,G:G,G:G,G:G,C:C,A:T,A:A,A:A,A:A,G:G,A:C,G:G,C:T,G:G,C:G,C:C,T:T,G:G,C:C,T:T,T:T,T:T,A:A,G:G,A:G,A:A,A:A,C:C,T:T,G:A,C:C,A:A,C:C,C:C,G:G,T:T,A:A,G:G,G:G,G:G,T:T,C:G,G:C,T:C,C:C,A:G,G:G,C:C
ASI8FOKt7srPJ,A:A,T:C,T:T,T:G,G:G,C:G,C:G,G:C,A:T,G:A,A:A,A:A,G:T,A:C,C:G,C:T,G:G,G:G,T:T,C:C,G:G,C:C,T:T,T:T,T:T,A:A,G:G,A:A,A:A,A:A,G:C,T:C,G:A,C:C,A:A,C:C,C:T,A:G,T:T,A:A,G:A,G:G,A:A,C:T,C:G,G:C,T:T,C:C,A:G,G:G,C:C
ASI8FgDkESOHh,A:A,C:C,C:C,T:T,G:G,G:G,G:G,C:C,T:T,A:A,A:A,A:A,G:T,C:C,C:G,C:T,G:G,C:C,C:C,T:T,C:G,C:C,T:T,T:T,T:T,A:A,G:G,G:G,A:A,A:A,G:C,T:T,G:A,T:C,A:A,C:C,C:T,A:G,T:T,A:A,G:A,G:G,G:G,T:T,C:G,G:C,T:C,A:A,G:G,G:G,C:C
ASI8FX1Ce6EbU,A:A,T:C,T:C,T:T,G:G,C:G,C:G,G:C,T:T,A:A,A:A,A:A,T:T,C:C,C:C,C:T,G:G,C:G,T:T,C:C,C:G,C:C,T:T,T:T,T:T,A:A,G:G,A:G,A:A,A:A,G:C,T:C,G:A,T:C,A:A,C:C,T:T,A:A,T:T,A:A,A:A,G:G,A:G,C:T,C:G,G:C,T:T,A:A,G:G,G:G,C:C
ASI8FKSFI8gZ2,G:G,T:T,T:C,T:G,G:G,C:G,C:G,G:C,T:T,A:A,A:A,A:A,G:T,C:C,C:C,C:T,G:G,G:G,T:T,C:C,G:G,C:C,T:T,T:T,T:T,A:A,G:G,A:A,A:A,A:A,G:C,C:C,G:G,C:C,T:T,G:G,T:T,A:G,T:T,A:A,A:A,A:G,A:A,C:C,C:G,G:C,T:T,C:C,G:G,G:G,C:C
ASI8FsiklgLq1,A:A,C:C,C:C,G:G,G:G,C:C,C:G,G:G,A:A,A:A,A:A,A:A,G:G,A:A,G:G,C:T,G:G,C:C,T:T,T:T,G:G,C:C,T:T,T:T,T:T,A:A,G:G,G:G,C:C,A:A,C:C,T:T,A:A,T:T,A:A,G:C,C:C,A:A,T:T,G:G,G:G,A:A,G:G,T:T,G:G,G:G,T:T,C:C,A:A,G:G,C:C
ASI8FLqTLtppt,A:A,C:C,C:C,T:G,G:G,C:G,C:G,G:C,A:T,A:A,A:A,A:A,G:G,A:C,G:G,C:T,G:G,C:C,T:T,T:T,G:G,T:C,T:T,T:T,T:T,A:A,G:G,G:G,C:A,A:A,C:C,T:T,G:A,T:C,A:A,C:C,C:C,A:G,T:T,A:A,G:G,A:G,G:G,T:T,C:G,G:C,T:C,C:C,A:G,G:G,C:C
ASI8FZHvIXTFO,A:A,T:C,T:C,T:G,G:G,C:C,C:G,G:G,A:T,A:A,A:A,A:A,G:T,A:C,C:G,C:T,G:G,C:G,T:T,T:T,G:G,C:C,T:T,T:T,T:T,A:A,G:G,A:G,C:A,A:A,G:C,T:C,G:A,T:C,A:A,G:G,C:T,A:A,T:T,A:A,G:A,A:G,A:A,C:T,C:G,G:C,T:T,C:C,A:G,G:G,C:C
ASI8FtPpWeeck,A:A,C:C,T:C,T:G,G:G,G:G,G:G,C:C,A:T,A:A,A:A,A:A,G:G,A:C,G:G,C:T,G:G,C:G,C:C,T:T,G:G,C:C,T:T,T:T,T:T,A:A,G:G,A:G,A:A,A:A,C:C,T:T,G:A,C:C,A:A,C:C,C:C,G:G,T:T,A:A,G:G,G:G,G:G,T:T,C:G,G:C,T:C,C:C,A:G,G:G,C:C
ASI8FB8iII7qZ,A:A,T:C,T:T,T:G,G:G,C:G,C:G,G:C,A:T,A:A,A:A,A:A,G:T,A:C,C:G,C:T,G:G,G:G,T:T,?,G:G,C:C,T:T,T:T,T:T,A:A,G:G,A:A,A:A,A:A,G:G,T:C,G:A,C:C,A:A,?,C:T,A:G,T:T,A:A,G:A,G:G,A:A,C:C,C:G,G:C,T:T,C:C,A:G,G:G,C:C
ASI8FNmL15Kdu,A:A,C:C,C:C,T:T,G:G,G:G,G:G,C:C,T:T,A:A,A:A,A:A,G:T,C:C,C:G,C:T,G:G,C:C,C:C,T:T,C:G,C:C,T:T,T:T,T:T,A:A,G:G,G:G,A:A,A:A,G:C,T:T,G:A,T:C,A:A,C:C,C:T,A:G,T:T,A:A,G:A,G:G,G:G,T:T,C:G,G:C,T:C,A:A,G:G,G:G,C:C
ASI8Fqr1hPJmv,A:A,T:C,T:C,T:T,G:G,C:G,C:G,G:C,T:T,A:A,A:A,A:A,T:T,C:C,C:C,C:T,G:G,C:G,T:T,C:C,C:G,C:C,T:T,T:T,T:T,A:A,G:G,A:G,A:A,A:A,G:C,T:C,G:A,T:C,A:A,C:C,T:T,A:A,T:T,A:A,A:A,G:G,A:A,C:T,C:G,G:C,T:T,A:A,G:G,G:G,C:C
ASI8FYLPbJgMa,A:A,T:T,T:C,T:G,G:G,C:G,C:G,G:C,T:T,A:A,A:A,A:A,G:T,C:C,C:C,C:T,G:G,G:G,T:T,C:C,G:G,C:C,T:T,T:T,T:T,A:A,G:G,A:A,A:A,A:A,G:C,C:C,G:G,C:C,T:T,G:G,T:T,A:G,T:T,A:A,A:A,A:G,A:A,C:C,C:G,G:C,T:T,C:C,G:G,G:G,C:C
ASI8FygLR7LF4,A:A,C:C,C:C,G:G,G:G,C:C,C:G,G:G,A:A,A:A,A:A,A:A,G:G,A:A,G:G,C:T,G:G,C:C,T:T,T:T,G:G,C:C,T:T,T:T,T:T,A:A,G:G,G:G,C:C,A:A,C:C,T:T,A:A,T:T,A:A,G:G,C:C,A:A,T:T,G:G,G:G,A:A,G:G,T:T,G:G,G:G,T:T,C:C,A:A,G:G,C:C
ASI8F0MY5nty6,A:A,C:C,C:C,T:G,G:G,C:G,C:G,G:C,A:T,A:A,A:A,A:A,G:G,A:C,G:G,C:T,G:G,C:C,T:T,T:T,G:G,T:C,T:T,T:T,T:T,A:A,G:G,G:G,C:A,A:A,C:C,T:T,G:A,T:C,A:A,C:C,C:C,A:G,T:T,A:A,G:G,A:G,G:G,T:T,C:G,G:C,T:C,C:C,A:G,G:G,C:C
ASI8FPpGEBLWW,A:A,T:C,T:C,T:G,G:G,C:C,C:G,G:G,A:T,A:A,A:A,A:A,G:T,A:C,C:G,C:T,G:G,C:G,T:T,T:T,G:G,C:C,T:T,T:T,T:T,A:A,G:G,A:G,C:A,A:A,G:C,T:C,G:A,T:C,A:A,G:G,C:T,A:A,T:T,A:A,G:A,A:G,A:A,C:T,C:G,G:C,T:T,C:C,A:G,G:G,C:C
ASI8FcYzYKOGu,A:A,C:C,T:C,T:G,G:G,G:G,G:G,C:C,A:T,A:A,A:A,A:A,G:G,A:C,G:G,C:T,G:G,C:G,C:C,T:T,G:G,C:C,T:T,T:T,T:T,A:A,G:G,A:G,A:A,A:A,C:C,T:T,G:A,C:C,A:A,C:C,C:C,G:G,T:T,A:A,G:G,G:G,G:G,T:T,C:G,G:C,T:C,C:C,A:G,G:G,C:C
ASI8FXsNbtGmL,A:A,T:C,T:T,T:G,G:G,C:G,C:G,G:C,A:T,G:G,A:A,A:A,G:T,A:C,C:G,C:T,G:G,G:G,T:T,C:C,G:G,C:C,T:T,T:T,T:T,A:A,G:G,A:A,A:A,A:A,G:C,T:C,G:A,C:C,A:A,C:C,C:T,A:G,T:T,A:A,G:A,G:G,A:A,C:T,C:G,G:C,T:T,C:C,A:G,G:G,C:C
ASI8FQkt9N5vF,A:A,C:C,C:C,T:T,G:G,G:G,G:G,C:C,T:T,A:A,A:A,A:A,G:T,C:C,C:G,C:T,G:G,C:C,C:T,T:T,C:G,C:C,T:T,T:T,T:T,A:A,G:G,G:G,A:A,A:A,G:C,T:T,G:A,T:C,A:A,C:C,C:T,A:G,T:T,A:A,G:A,G:G,G:G,T:T,C:G,G:C,T:C,A:A,G:G,G:G,C:C
ASI8F8BqkeN3a,A:A,T:C,T:C,T:T,G:G,C:G,C:G,G:C,T:T,A:A,A:A,A:A,T:T,C:C,C:C,C:T,G:G,C:G,T:T,C:C,C:G,C:C,T:T,T:T,T:T,A:A,G:G,A:G,A:A,A:A,G:C,T:C,G:A,T:C,A:A,C:C,T:T,A:A,T:T,A:A,A:A,G:G,A:G,C:T,C:G,G:C,T:T,A:A,G:G,G:G,C:C
ASI8FrEEYgNzN,G:G,T:T,T:T,T:T,G:G,C:G,C:G,G:C,T:T,A:A,A:A,A:A,G:T,C:C,C:C,C:T,G:G,G:G,T:T,C:C,G:G,C:C,T:T,T:T,T:T,A:A,G:G,A:G,A:A,A:A,G:C,C:C,G:G,C:C,T:T,G:C,T:T,A:G,T:T,A:A,G:A,A:G,A:A,C:C,C:G,G:C,T:T,C:C,G:G,G:G,C:C
ASI8FYxdgvBZI,A:A,C:C,C:C,T:G,G:G,C:G,C:G,G:C,A:T,A:A,A:A,A:A,G:G,A:C,G:G,C:T,G:G,C:C,T:T,T:T,G:G,T:C,T:T,T:T,T:T,A:A,G:G,G:G,C:A,A:A,C:C,T:T,G:A,T:C,A:A,C:C,C:C,A:G,T:T,A:A,G:G,A:G,G:G,T:T,C:G,G:C,T:C,C:C,A:G,G:G,C:C
ASI8FctzQJ7kk,A:A,T:C,T:C,T:G,G:G,C:C,C:G,G:G,A:T,A:A,A:A,A:A,G:T,A:C,C:G,C:T,G:G,C:G,T:T,T:T,G:G,C:C,T:T,T:T,T:T,A:A,G:G,A:G,C:A,A:A,G:C,T:C,G:A,T:C,A:A,G:G,C:T,A:A,T:T,A:A,G:A,A:G,A:A,C:T,C:G,G:C,T:T,C:C,A:G,G:G,C:C
ASI8F9S6w98Qi,A:A,C:C,T:T,G:G,G:G,G:G,G:G,C:C,A:A,G:A,A:A,A:A,G:G,A:A,G:G,T:T,G:G,G:G,C:C,C:C,G:G,C:C,T:T,T:T,T:T,A:A,G:G,A:A,A:A,A:A,C:C,T:T,A:A,C:C,A:A,?,C:C,G:G,T:T,A:A,G:G,G:G,G:G,T:T,G:G,G:G,T:T,C:C,A:A,G:G,C:C
ASI8FUc1fEv5w,A:A,C:C,T:C,T:G,G:G,G:G,G:G,C:C,A:T,A:A,A:A,A:A,G:G,A:C,G:G,C:T,G:G,C:G,C:C,T:T,G:G,C:C,T:T,T:T,T:T,A:A,G:G,A:G,A:A,A:A,C:C,T:T,G:A,C:C,A:A,C:C,C:C,G:G,T:T,A:A,G:G,G:G,G:G,T:T,C:G,G:C,T:C,C:C,A:G,G:G,C:C
ASI8FD6OCWnsC,A:A,T:C,T:T,T:G,G:G,C:G,C:G,G:C,A:T,G:A,A:A,A:A,G:T,A:C,C:G,C:T,G:G,G:G,T:T,C:C,G:G,C:C,T:T,T:T,T:T,A:A,G:G,A:A,A:A,A:A,G:C,T:C,G:A,C:C,A:A,G:C,C:T,A:G,T:T,A:A,G:A,G:G,A:A,C:T,C:G,G:C,T:T,C:C,A:G,G:G,C:C
ASI8FSWoPvkzJ,A:A,C:C,C:C,T:T,G:G,G:G,G:G,C:C,T:T,A:A,A:A,A:A,G:T,C:C,C:G,C:T,G:G,C:C,C:C,T:T,C:G,C:C,T:T,T:T,T:T,A:A,G:G,G:G,A:A,A:A,G:C,T:T,G:A,T:C,A:A,C:C,C:T,A:G,T:T,A:A,G:A,G:G,G:G,T:T,C:G,G:C,T:C,A:A,G:G,G:G,C:C
ASI8FCnUJX00Z,A:A,T:C,T:C,T:T,G:G,C:G,C:G,G:C,T:T,A:A,A:A,A:A,T:T,C:C,C:C,C:T,G:G,C:G,T:T,C:C,C:G,C:C,T:T,T:T,T:T,A:A,G:G,A:G,A:A,A:A,G:C,T:C,G:A,T:C,A:A,C:C,T:T,A:A,T:T,A:A,A:A,G:G,A:G,C:T,C:G,G:C,T:T,A:A,G:G,G:G,C:C
ASI8F5ZruWhkd,G:A,T:T,T:C,T:G,G:G,C:G,C:G,G:C,T:T,A:A,A:A,A:A,G:T,C:C,C:C,C:T,G:G,G:G,T:T,C:C,G:G,C:C,T:T,T:T,T:T,A:A,G:G,A:G,A:A,A:A,G:C,C:C,G:G,C:C,T:T,C:C,T:T,A:G,T:T,A:A,A:A,A:G,A:A,C:C,C:G,G:C,T:T,C:C,G:G,G:G,C:C
ASI8F8uhuNIHD,A:A,C:C,C:C,T:G,G:G,C:G,C:G,G:C,A:T,A:A,A:A,A:A,G:G,A:C,G:G,C:T,G:G,C:C,T:T,T:T,G:G,T:C,T:T,T:T,T:T,A:A,G:G,G:G,C:A,A:A,C:C,T:T,G:A,T:C,A:A,C:C,C:C,A:G,T:T,A:A,G:G,A:G,G:G,T:T,C:G,G:C,T:C,C:C,A:G,G:G,C:C
ASI8FqIRxkUhS,A:A,T:C,T:C,T:G,G:G,C:C,C:G,G:G,A:T,A:A,A:A,A:A,G:T,A:C,C:G,C:T,G:G,C:G,T:T,T:T,G:G,C:C,T:T,T:T,T:T,A:A,G:G,A:G,C:A,A:A,G:C,T:C,G:A,T:C,A:A,C:C,C:T,A:A,T:T,A:A,G:A,A:G,A:A,C:T,C:G,G:C,T:T,C:C,A:G,G:G,C:C
ASI8FO6013fQT,A:A,C:C,T:T,G:G,G:G,G:G,G:G,C:C,A:A,G:G,A:A,A:A,G:G,A:A,G:G,T:T,G:G,G:G,C:C,C:C,G:G,C:C,T:T,T:T,T:T,A:A,G:G,A:A,A:A,A:A,C:C,T:T,A:A,C:C,A:A,G:G,C:C,G:G,T:T,A:A,G:G,G:G,G:G,T:T,G:G,G:G,T:T,C:C,A:A,G:G,C:C
ASI8FSMD6VI1c,A:A,C:C,T:C,T:G,G:G,G:G,G:G,C:C,A:T,A:A,A:A,A:A,G:G,A:C,G:G,C:T,G:G,C:G,C:C,T:T,G:G,C:C,T:T,T:T,T:T,A:A,G:G,A:G,A:A,A:A,C:C,T:T,G:A,C:C,A:A,C:C,C:C,G:G,T:T,A:A,G:G,G:G,G:G,T:T,C:G,G:C,T:C,C:C,A:G,G:G,C:C
ASI8FBl0lx6Zm,A:A,T:C,T:T,T:G,G:G,C:G,C:G,G:C,A:T,G:G,A:A,A:A,G:T,A:C,C:G,C:T,G:G,G:G,T:T,C:C,G:G,C:C,T:T,T:T,T:T,A:A,G:G,A:A,A:A,A:A,G:C,T:C,G:A,C:C,A:A,G:C,C:T,A:G,T:T,A:A,G:A,G:G,A:A,C:T,C:G,G:C,T:T,C:C,A:G,G:G,C:C
ASI8FJPXi2rul,A:A,C:C,C:C,T:T,G:G,G:G,G:G,C:C,T:T,A:A,A:A,A:A,G:T,C:C,C:G,C:T,G:G,C:C,C:C,T:T,C:G,C:C,T:T,T:T,T:T,A:A,G:G,G:G,A:A,A:A,G:C,T:T,G:A,T:C,A:A,C:C,C:T,A:G,T:T,A:A,G:A,G:G,G:G,T:T,C:G,G:C,T:C,A:A,G:G,G:G,C:C
ASI8F1jVaI2g6,A:A,T:C,T:C,T:T,G:G,C:G,C:G,G:C,T:T,A:A,A:A,A:A,T:T,C:C,C:C,C:T,G:G,C:G,T:T,C:C,C:G,C:C,T:T,T:T,T:T,A:A,G:G,A:G,A:A,A:A,G:C,T:C,G:A,T:C,A:A,C:C,T:T,A:A,T:T,A:A,A:A,G:G,A:G,C:T,C:G,G:C,T:T,A:A,G:G,G:G,C:C
ASI8FVGJ9xA4d,A:A,C:C,C:C,T:T,G:G,G:G,G:G,C:C,T:T,A:A,A:A,A:A,G:T,C:C,C:G,C:T,G:G,C:C,C:T,T:T,C:G,C:C,T:T,T:T,T:T,A:A,G:G,G:G,A:A,A:A,G:C,T:T,G:A,T:C,A:A,C:C,C:T,A:G,T:T,A:A,G:A,G:G,G:G,T:T,C:G,G:C,T:C,A:A,G:G,G:G,C:C
ASI8F1Egj2Hmw,A:A,C:C,C:C,T:G,G:G,C:G,C:G,G:C,A:T,A:A,A:A,A:A,G:G,A:C,G:G,C:T,G:G,C:C,T:T,T:T,G:G,T:C,T:T,T:T,T:T,A:A,G:G,G:G,C:A,A:A,C:C,T:T,G:A,T:C,A:A,C:C,C:C,A:G,T:T,A:A,G:G,A:G,G:G,T:T,C:G,G:C,T:C,C:C,A:G,G:G,C:C
ASI8Ftk6macuN,A:A,T:C,T:C,T:G,G:G,C:C,C:G,G:G,A:T,A:A,A:A,A:A,G:T,A:C,C:G,C:T,G:G,C:G,T:T,T:T,G:G,C:C,T:T,T:T,T:T,A:A,G:G,A:G,C:A,A:A,G:C,T:C,G:A,T:C,A:A,C:C,C:T,A:A,T:T,A:A,G:A,A:G,A:A,C:T,C:G,G:C,T:T,C:C,A:G,G:G,C:C
ASI8F2vIyxrte,A:A,C:C,T:C,T:G,G:G,G:G,G:G,C:C,A:T,A:A,A:A,A:A,G:G,A:C,G:G,C:T,G:G,C:G,C:C,T:T,G:G,C:C,T:T,T:T,T:T,A:A,G:G,A:G,A:A,A:A,C:C,T:T,G:A,C:C,A:A,C:C,C:C,G:G,T:T,A:A,G:G,G:G,G:G,T:T,C:G,G:C,T:C,C:C,A:G,G:G,C:C
ASI8FY8C72p8N,A:A,T:C,T:T,T:G,G:G,C:G,C:G,G:C,A:T,G:G,A:A,A:A,G:T,A:C,C:G,C:T,G:G,G:G,T:T,C:C,G:G,C:C,T:T,T:T,T:T,A:A,G:G,A:A,A:A,A:A,G:C,T:C,G:A,C:C,A:A,G:G,C:T,A:G,T:T,A:A,G:A,G:G,A:A,C:T,C:G,G:C,T:T,C:C,A:G,G:G,C:C
ASI8FLgWJgYsI,A:A,T:C,T:C,T:T,G:G,C:G,C:G,G:C,T:T,A:A,A:A,A:A,T:T,C:C,C:C,C:T,G:G,C:G,T:T,C:C,C:G,C:C,T:T,T:T,T:T,A:A,G:G,A:G,A:A,A:A,G:C,T:C,G:A,T:C,A:A,C:C,T:T,A:A,T:T,A:A,A:A,G:G,A:A,C:T,C:G,G:C,T:T,A:A,G:G,G:G,C:C
ASI8F94dCcvTg,A:A,C:C,C:C,T:T,G:G,G:G,G:G,C:C,T:T,A:A,A:A,A:A,G:T,C:C,C:G,C:T,G:G,C:C,C:T,T:T,C:G,C:C,T:T,T:T,T:T,A:A,G:G,G:G,A:A,A:A,G:C,T:T,G:A,T:C,A:A,C:C,C:T,A:G,T:T,A:A,G:A,G:G,G:G,T:T,C:G,G:C,T:C,A:A,G:G,G:G,C:C
ASI8FqqTnpNOL,A:A,C:C,C:C,T:T,G:G,G:G,G:G,C:C,T:T,A:A,A:A,A:A,G:T,C:C,C:G,C:T,G:G,C:C,C:T,T:T,C:G,C:C,T:T,T:T,T:T,A:A,G:G,G:G,A:A,A:A,G:C,T:T,G:A,T:C,A:A,C:C,C:T,A:G,T:T,A:A,G:A,G:G,G:G,T:T,C:G,G:C,T:C,A:A,G:G,G:G,C:C
ASI8FAQxznSYZ,A:A,C:C,C:C,T:G,G:G,C:G,C:G,G:C,A:T,A:A,A:A,A:A,G:G,A:C,G:G,C:T,G:G,C:C,T:T,T:T,G:G,T:C,T:T,T:T,T:T,A:A,G:G,G:G,C:A,A:A,C:C,T:T,G:A,T:C,A:A,C:C,C:C,A:G,T:T,A:A,G:G,A:G,G:G,T:T,C:G,G:C,T:C,C:C,A:G,G:G,C:C
ASI8Fpqs7nC1T,A:A,T:C,T:C,T:G,G:G,C:C,C:G,G:G,A:T,A:A,A:A,A:A,G:T,A:C,C:G,C:T,G:G,C:G,T:T,T:T,G:G,C:C,T:T,T:T,T:T,A:A,G:G,A:G,C:A,A:A,G:C,T:C,G:A,T:C,A:A,G:G,C:T,A:A,T:T,A:A,G:A,A:G,A:A,C:T,C:G,G:C,T:T,C:C,A:G,G:G,C:C
ASI8FBrk0dye2,A:A,C:C,T:C,T:G,G:G,G:G,G:G,C:C,A:T,A:A,A:A,A:A,G:G,A:C,G:G,C:T,G:G,C:G,C:C,T:T,G:G,C:C,T:T,T:T,T:T,A:A,G:G,A:G,A:A,A:A,C:C,T:T,G:A,C:C,A:A,C:C,C:C,G:G,T:T,A:A,G:G,G:G,G:G,T:T,C:G,G:C,T:C,C:C,A:G,G:G,C:C
ASI8Fp1YXf94p,A:A,T:C,T:T,T:G,G:G,C:G,C:G,G:C,A:T,G:G,A:A,A:A,G:T,A:C,C:G,C:T,G:G,G:G,T:T,C:C,G:G,C:C,T:T,T:T,T:T,A:A,G:G,A:A,A:A,A:A,G:C,T:C,G:A,C:C,A:A,C:C,C:T,A:G,T:T,A:A,G:A,G:G,A:A,C:T,C:G,G:C,T:T,C:C,A:G,G:G,C:C
ASI8FUes66Lpd,A:A,C:C,C:C,T:T,G:G,G:G,G:G,C:C,T:T,A:A,A:A,A:A,T:T,C:C,C:C,T:T,G:G,C:C,C:C,C:C,C:C,C:C,T:T,T:T,T:A,A:A,G:G,G:G,A:A,A:A,G:C,T:T,A:A,T:T,A:A,C:C,T:T,A:A,T:T,A:A,A:A,G:G,G:G,T:T,G:G,G:G,T:T,A:A,G:G,G:G,C:C
ASI8Fb0TcP4uY,A:A,C:C,C:C,T:T,G:G,G:G,G:G,C:C,T:T,A:A,A:A,A:A,G:T,C:C,C:G,C:T,G:G,C:C,C:C,T:T,C:G,C:C,T:T,T:T,T:T,A:A,G:G,G:G,A:A,A:A,G:C,T:T,G:A,T:C,A:A,C:C,C:T,A:G,T:T,A:A,G:A,G:G,G:G,T:T,C:G,G:C,T:C,A:A,G:G,G:G,C:C
ASI8FWQBgz0fD,A:A,T:C,T:C,T:T,G:G,C:G,C:G,G:C,T:T,A:A,A:A,A:A,T:T,C:C,C:C,C:T,G:G,C:G,T:T,C:C,C:G,C:C,T:T,T:T,T:T,A:A,G:G,A:G,A:A,A:A,G:C,T:C,G:A,T:C,A:A,C:C,T:T,A:A,T:T,A:A,A:A,G:G,A:G,C:T,C:G,G:C,T:T,A:A,G:G,G:G,C:C
ASI8FgThApB9f,A:A,C:C,C:C,T:G,G:G,G:G,G:G,C:C,T:T,A:A,A:A,A:A,G:G,C:C,G:G,C:T,G:G,C:C,T:T,T:T,G:G,T:T,T:T,T:T,T:T,A:A,G:G,G:G,A:A,A:A,G:G,T:C,G:G,C:C,A:A,C:C,C:C,G:G,T:T,A:A,G:A,A:G,G:G,T:T,C:G,G:C,T:C,C:C,A:G,G:G,C:C
ASI8FkxlDCT58,G:G,C:C,C:C,G:G,G:G,G:G,G:G,C:C,T:T,A:A,A:A,A:A,G:G,C:C,G:G,C:T,G:G,C:C,T:T,T:T,G:G,T:T,T:T,T:T,T:T,A:A,A:G,G:G,A:A,G:G,G:C,C:C,G:G,C:C,A:A,G:G,C:C,G:G,T:T,A:A,A:A,A:A,G:G,T:T,C:G,G:C,T:T,C:C,A:A,G:G,C:C
ASI8FKma6CGhY,G:G,T:C,T:C,T:T,A:G,C:G,C:G,G:C,T:T,A:A,A:A,A:A,T:T,C:C,C:C,C:T,G:G,C:G,T:T,C:C,G:G,T:C,T:T,T:T,T:T,A:A,G:G,A:A,C:A,A:A,G:C,C:C,G:G,C:C,A:A,C:C,C:T,A:G,T:T,A:A,A:A,G:G,A:A,C:T,C:G,C:C,T:C,C:C,G:G,G:G,C:C
ASI8Fa0nlV6ka,A:A,T:C,T:C,T:G,A:G,C:G,C:G,G:C,A:T,A:A,A:A,G:A,G:T,C:C,C:G,C:T,G:G,G:G,T:T,C:C,G:G,C:C,T:T,T:T,T:T,A:A,G:G,A:G,A:A,A:A,G:C,T:C,G:G,C:C,A:A,G:C,C:T,A:A,T:T,A:A,A:A,A:G,A:A,C:C,C:G,C:C,T:C,A:A,A:G,G:G,C:C
ASI8FithetbEB,A:A,T:C,T:C,T:G,A:G,C:G,C:G,G:C,A:T,A:A,A:A,G:A,G:T,C:C,C:G,C:T,G:G,G:G,T:T,C:C,G:G,C:C,T:T,T:T,T:T,A:A,G:G,A:G,A:A,A:A,G:C,T:C,G:G,C:C,A:A,C:C,C:T,A:A,T:T,A:A,A:A,A:G,A:A,C:C,C:G,C:C,T:C,A:A,A:G,G:G,C:C
ASI8FCSvReSNK,A:A,C:C,C:C,G:G,G:G,G:G,G:G,C:C,?,A:A,A:A,A:A,T:T,C:C,G:G,C:T,G:G,C:C,C:C,?,G:G,C:C,C:C,C:C,T:T,A:A,G:G,G:G,A:A,A:A,G:C,C:C,G:A,T:T,A:A,?,T:T,G:G,T:T,A:A,G:A,G:G,?,T:T,C:C,C:C,T:C,C:C,A:G,?,C:C
ASI8F18aWXOKd,G:A,T:C,T:C,T:G,G:G,C:G,C:G,G:C,A:T,A:A,A:A,A:A,T:T,C:C,C:G,C:T,G:G,C:G,T:T,T:T,G:G,C:C,T:C,T:C,T:A,A:A,G:G,A:G,A:A,A:A,G:C,C:C,G:A,T:C,A:A,C:C,T:T,A:G,T:T,G:A,G:A,A:G,A:A,C:T,C:G,C:C,T:C,C:C,A:G,G:G,C:C
ASI8FCOwTIRa6,A:A,T:C,T:C,T:T,G:G,C:G,C:G,G:C,T:T,A:A,A:A,A:A,T:T,C:C,C:C,C:T,G:G,C:G,T:T,C:C,C:G,C:C,T:T,T:T,T:T,A:A,G:G,A:G,A:A,A:A,G:C,T:C,G:A,T:C,A:A,C:C,T:T,A:A,T:T,A:A,A:A,G:G,A:A,C:T,C:G,G:C,T:T,A:A,G:G,G:G,C:C
ASI8FhZBJzzhJ,G:A,C:C,C:C,T:G,G:G,G:G,G:G,C:C,T:T,A:A,A:A,A:A,G:G,C:C,G:G,C:T,G:G,C:C,T:T,T:T,G:G,T:T,T:T,T:T,T:T,A:A,G:G,G:G,A:A,A:A,G:C,T:C,G:G,C:C,A:A,C:C,C:C,G:G,T:T,A:A,G:A,A:G,G:G,T:T,C:G,G:C,T:C,C:C,A:G,G:G,C:C
ASI8FO58ubGGq,G:G,C:C,C:C,G:G,G:G,G:G,G:G,C:C,T:T,A:A,A:A,A:A,G:G,C:C,G:G,C:T,G:G,C:C,T:T,T:T,G:G,T:T,T:T,T:T,T:T,A:A,A:G,G:G,A:A,A:A,G:C,C:C,G:G,C:C,A:A,G:G,C:C,G:G,T:T,A:A,A:A,A:A,G:G,T:T,C:G,G:C,T:T,C:C,A:A,G:G,C:C
ASI8FQhsCqpbb,G:G,T:C,T:C,T:T,A:G,C:G,C:G,G:C,T:T,A:A,A:A,A:A,T:T,C:C,C:C,C:T,G:G,C:G,T:T,C:C,G:G,T:C,T:T,T:T,T:T,A:A,G:G,A:A,C:A,A:A,G:C,C:C,G:G,C:C,A:A,C:C,C:T,A:G,T:T,A:A,A:A,G:G,A:A,C:T,C:G,C:C,T:C,C:C,G:G,G:G,C:C
ASI8FLKJrzK0z,A:A,C:C,C:C,T:G,A:G,G:G,G:G,C:C,A:T,A:A,A:A,G:A,G:T,C:C,G:G,C:T,G:G,C:G,C:C,T:T,G:G,C:C,T:T,T:T,T:T,A:A,G:G,G:G,A:A,A:A,C:C,T:T,G:G,C:C,A:A,C:C,C:C,A:G,T:T,A:A,G:A,A:G,A:A,C:T,C:C,C:C,C:C,A:A,A:G,G:G,C:C
ASI8FnqowqFtz,A:A,T:C,T:C,T:G,A:G,C:G,C:G,G:C,A:T,A:A,A:A,G:A,G:T,C:C,C:G,C:T,G:G,G:G,T:T,C:C,G:G,C:C,T:T,T:T,T:T,A:A,G:G,A:G,A:A,A:A,G:C,T:C,G:G,C:C,A:A,C:C,C:T,A:A,T:T,A:A,A:A,A:G,A:A,C:C,C:G,C:C,T:C,A:A,A:G,G:G,C:C
ASI8FAWrfiCCI,A:A,C:C,C:C,G:G,G:G,G:G,G:G,C:C,A:A,A:A,A:A,A:A,T:T,C:C,G:G,C:T,G:G,C:C,C:C,T:T,G:G,C:C,C:C,C:C,T:A,A:A,G:G,G:G,A:A,A:A,C:C,T:C,G:A,T:T,A:A,G:G,C:C,G:G,T:T,A:A,G:A,G:G,A:G,T:T,C:C,G:C,T:C,C:C,A:G,G:G,C:C
ASI8FYiQeT8n3,?,T:C,Uncallable,T:G,G:G,C:G,C:G,G:C,?,A:A,A:A,A:A,T:T,C:C,C:C,?,G:G,C:G,T:T,?,G:G,C:C,T:C,T:C,?,A:A,G:G,?,A:A,A:A,?,C:C,G:A,T:C,A:A,?,T:T,G:G,?,?,G:A,A:G,?,?,C:G,C:C,?,C:C,A:G,?,C:C
ASI8FFZuJBScG,A:A,C:C,T:T,G:G,G:G,G:G,G:G,C:C,A:A,G:A,A:A,G:G,T:T,C:C,G:G,T:T,G:G,G:G,T:T,T:T,G:G,C:C,T:T,T:T,T:T,A:A,G:G,A:A,A:A,G:G,C:C,T:T,A:A,C:C,A:A,G:C,C:C,G:G,T:T,A:A,G:G,G:G,G:G,T:T,G:G,G:G,C:C,C:C,A:A,G:G,C:C
ASI8Fu4zXahA7,G:G,C:C,C:C,T:G,G:G,G:G,G:G,C:C,T:T,A:A,A:A,A:A,G:G,C:C,G:G,C:T,G:G,C:C,T:T,T:T,G:G,T:T,T:T,T:T,T:T,A:A,G:G,G:G,A:A,A:A,G:C,T:C,G:G,C:C,A:A,C:C,C:C,G:G,T:T,A:A,G:A,A:G,G:G,T:T,C:G,G:C,T:C,C:C,A:G,G:G,C:C
ASI8Fa73sEovJ,G:A,C:C,C:C,G:G,G:G,G:G,G:G,C:C,T:T,A:A,A:A,A:A,G:G,C:C,G:G,C:T,G:G,C:C,T:T,T:T,G:G,T:T,T:T,T:T,T:T,A:A,A:G,G:G,A:A,A:A,G:G,C:C,G:G,C:C,A:A,G:G,C:C,G:G,T:T,A:A,A:A,A:A,A:G,T:T,C:G,G:C,T:T,C:C,A:A,G:G,C:C
ASI8FTs8M2si4,G:A,T:C,T:C,T:T,G:G,C:G,C:G,G:C,T:T,A:A,A:A,A:A,T:T,C:C,C:C,C:T,G:G,C:G,T:T,C:C,G:G,C:C,T:C,T:C,T:A,A:A,G:G,A:A,C:A,A:A,G:C,C:C,G:G,C:C,A:A,C:C,C:T,A:G,T:T,A:A,A:A,G:G,A:A,C:T,C:G,C:C,T:C,C:C,G:G,G:G,C:C
ASI8FML08ZfBC,A:A,C:C,C:C,T:G,A:G,G:G,G:G,C:C,A:T,A:A,A:A,G:A,G:T,C:C,G:G,C:T,G:G,C:G,C:C,T:T,G:G,C:C,T:T,T:T,T:T,A:A,G:G,G:G,A:A,A:A,C:C,T:T,G:G,C:C,A:A,C:C,C:C,A:G,T:T,A:A,G:A,A:G,A:A,C:T,C:C,C:C,C:C,A:A,A:G,G:G,C:C
ASI8F1vn8o03N,A:A,T:C,T:C,T:G,A:G,C:G,C:G,G:C,Uncallable,A:A,A:A,G:A,G:T,C:C,C:G,C:T,G:G,G:G,T:T,?,G:G,C:C,T:T,T:T,T:T,A:A,G:G,A:G,A:A,A:A,G:C,T:C,G:G,C:C,A:A,G:G,C:T,A:A,T:T,A:A,A:A,A:G,A:A,C:C,C:G,C:C,T:C,A:A,A:G,?,C:C
ASI8FJfi9nGEi,A:A,C:C,C:C,G:G,G:G,G:G,G:G,C:C,A:A,A:A,A:A,A:A,T:T,C:C,G:G,C:T,?,C:C,C:C,T:T,G:G,C:C,C:C,C:C,T:A,A:A,G:G,G:G,A:A,A:A,C:C,T:C,G:A,T:T,A:A,?,C:T,G:G,T:T,A:A,G:G,G:G,A:G,T:T,C:C,G:G,T:C,C:C,G:G,G:G,C:C
ASI8Fdg3hjK5u,G:G,T:C,T:C,T:G,G:G,C:G,C:G,G:C,A:A,A:A,A:A,A:A,T:T,C:C,C:G,C:T,G:G,C:G,T:T,T:T,G:G,C:C,T:C,T:C,T:T,A:A,G:G,A:G,A:A,A:A,G:C,C:C,G:A,T:C,A:A,G:G,T:T,A:G,T:T,A:A,G:A,A:G,A:A,C:C,C:G,C:C,T:C,C:C,A:G,G:G,C:C
ASI8F64iqN95O,G:A,C:C,C:C,G:G,G:G,G:G,G:G,C:C,T:T,A:A,A:A,A:A,G:G,C:C,G:G,C:T,G:G,C:C,T:T,T:T,G:G,T:T,T:T,T:T,T:T,A:A,A:A,G:G,A:A,?,G:C,?,G:G,C:C,A:A,G:G,C:C,G:G,T:T,A:A,A:A,A:A,G:G,T:T,C:G,G:C,T:T,C:C,A:A,G:G,C:C
ASI8FtnEzG8vg,G:G,C:C,C:C,T:G,G:G,G:G,G:G,C:C,T:T,A:A,A:A,A:A,G:G,C:C,G:G,C:T,G:G,C:C,T:T,T:T,G:G,T:T,T:T,T:T,T:T,A:A,G:G,G:G,A:A,A:A,G:C,T:C,G:G,C:C,A:A,C:C,C:C,G:G,T:T,A:A,G:A,A:G,G:G,T:T,C:G,G:C,T:C,C:C,A:G,G:G,C:C
ASI8F1bfeDTWI,G:G,C:C,C:C,G:G,G:G,G:G,G:G,C:C,T:T,A:A,A:A,A:A,G:G,C:C,G:G,C:T,G:G,C:C,T:T,T:T,G:G,T:T,T:T,T:T,T:T,A:A,A:G,G:G,A:A,A:A,G:C,C:C,G:G,C:C,A:A,G:C,C:C,G:G,T:T,A:A,A:A,A:A,G:G,T:T,C:G,G:C,T:T,C:C,A:A,G:G,C:C
ASI8FgetThf9Y,G:A,T:T,T:C,T:T,A:G,C:G,C:G,G:C,T:T,A:A,A:A,A:A,T:T,C:C,C:C,C:T,G:G,C:G,T:T,C:C,G:G,T:C,T:T,T:T,T:T,A:A,G:G,A:A,C:A,A:A,G:C,C:C,G:G,C:C,A:A,G:C,C:T,A:G,T:T,A:A,A:A,G:G,A:A,C:T,C:G,C:C,T:T,C:C,G:G,G:G,C:C
ASI8FhHNCvxFy,A:A,C:C,C:C,T:G,A:G,G:G,G:G,C:C,A:T,A:A,A:A,G:A,G:T,C:C,G:G,C:T,G:G,C:G,C:T,T:T,G:G,C:C,T:T,T:T,T:T,A:A,G:G,G:G,A:A,A:A,C:C,T:T,G:G,C:C,A:A,C:C,C:C,A:G,T:T,A:A,G:A,A:G,A:A,C:T,C:C,C:C,C:C,A:A,A:G,G:G,C:C
ASI8FjYuLwTkk,A:A,T:C,T:C,T:G,A:G,C:G,C:G,G:C,A:T,A:A,A:A,G:A,G:T,C:C,C:G,C:T,G:G,G:G,T:T,C:C,G:G,C:C,T:T,T:T,T:T,A:A,G:G,A:G,A:A,A:A,G:C,T:C,G:G,C:C,A:A,C:C,C:T,A:A,T:T,A:A,A:A,A:G,A:A,C:C,C:G,C:C,T:C,A:A,A:G,G:G,C:C
ASI8FjNwLBL7w,A:A,C:C,C:C,G:G,G:G,G:G,G:G,C:C,A:A,A:A,A:A,A:A,T:T,C:C,G:G,C:T,G:G,C:C,C:C,T:T,G:G,C:C,C:C,C:C,T:A,A:A,G:G,G:G,A:A,A:A,C:C,T:C,G:A,T:T,A:A,C:C,C:T,G:G,T:T,A:A,G:A,G:G,A:G,T:T,C:C,C:C,T:C,C:C,A:G,G:G,C:C
ASI8F2F0QXWMT,G:G,T:C,T:C,T:G,G:G,C:G,C:G,G:C,A:T,A:A,A:A,A:A,T:T,C:C,C:G,C:T,G:G,C:G,T:T,T:T,G:G,C:C,T:C,T:C,T:A,A:A,G:G,A:G,A:A,A:A,G:C,C:C,G:A,T:C,A:A,C:C,T:T,A:G,T:T,A:A,G:A,A:G,A:A,C:T,C:G,C:C,T:C,C:C,A:G,G:G,C:C
ASI8FjoswkZEX,G:G,C:C,C:C,T:G,G:G,G:G,G:G,C:C,T:T,A:A,A:A,A:A,G:G,C:C,G:G,C:T,G:G,C:C,T:T,T:T,G:G,T:T,T:T,T:T,T:T,A:A,G:G,G:G,A:A,A:A,G:C,T:C,G:G,C:C,A:A,C:C,C:C,G:G,T:T,A:A,G:A,A:G,G:G,T:T,C:G,G:C,T:C,C:C,A:G,G:G,C:C
ASI8FhGlbnQSt,G:A,C:C,C:C,G:G,G:G,G:G,G:G,C:C,T:T,A:A,A:A,A:A,G:G,C:C,G:G,C:T,G:G,C:C,T:T,T:T,G:G,T:T,T:T,T:T,T:T,A:A,A:G,G:G,A:A,A:A,G:C,C:C,G:G,C:C,A:A,G:G,C:C,G:G,T:T,A:A,A:A,A:A,G:G,T:T,C:G,G:C,T:T,C:C,A:A,G:G,C:C
ASI8FaaxAOsn3,A:A,C:C,T:C,G:G,G:G,C:G,C:G,G:C,T:T,A:A,A:A,A:A,T:T,C:C,C:C,C:T,G:G,G:G,T:T,T:T,G:G,C:C,T:C,T:C,T:A,A:A,G:G,A:A,C:A,A:A,G:C,T:C,G:A,C:C,A:A,C:C,C:C,A:G,T:T,A:A,A:A,A:G,A:A,C:T,C:G,G:C,T:C,A:A,G:G,G:G,C:C
ASI8FyQCjfkRB,A:A,T:C,T:C,T:T,A:G,C:G,C:G,G:C,T:T,A:A,A:A,A:A,T:T,C:C,C:C,C:T,G:G,C:G,T:T,C:C,G:G,T:C,T:T,T:T,T:T,A:A,G:G,A:A,C:A,A:A,G:C,C:C,G:G,C:C,A:A,G:G,C:T,A:G,T:T,A:A,A:A,G:G,A:A,C:T,C:G,C:C,T:C,C:C,G:G,G:G,C:C
ASI8Ft4GmgrWf,A:A,C:C,C:C,T:G,A:G,G:G,G:G,C:C,A:T,A:A,A:A,G:A,G:T,C:C,G:G,C:T,G:G,C:G,C:C,T:T,G:G,C:C,T:T,T:T,T:T,A:A,G:G,G:G,A:A,A:A,C:C,T:T,G:G,C:C,A:A,C:C,C:C,A:G,T:T,A:A,G:A,A:G,A:A,C:T,C:C,C:C,C:C,A:A,A:G,G:G,C:C
ASI8FnalhReeP,A:A,T:C,T:C,T:G,A:G,C:G,C:G,G:C,A:T,A:A,A:A,G:A,G:T,C:C,C:G,C:T,G:G,G:G,T:T,C:C,G:G,C:C,T:T,T:T,T:T,A:A,G:G,A:G,A:A,A:A,G:C,T:C,G:G,C:C,A:A,C:C,C:T,A:A,T:T,A:A,A:A,A:G,A:A,C:C,C:G,C:C,T:C,A:A,A:G,G:G,C:C
ASI8FCtBS2frr,A:A,C:C,C:C,G:G,G:G,G:G,G:G,C:C,A:A,A:A,A:A,A:A,T:T,C:C,G:G,C:T,A:G,C:C,C:C,T:T,G:G,C:C,C:C,C:C,T:A,A:A,G:G,G:G,A:A,A:A,C:C,C:C,G:A,T:T,A:A,C:C,T:T,G:G,T:T,A:A,G:A,G:G,G:G,T:T,C:C,G:G,T:C,C:C,A:G,G:G,C:C
ASI8FxkOrlA35,A:A,T:C,T:C,T:G,G:G,C:G,C:G,G:C,A:A,A:A,A:A,A:A,T:T,C:C,C:C,C:T,G:G,C:G,T:T,T:T,G:G,C:C,T:C,T:C,T:T,A:A,G:G,A:G,A:A,A:A,G:G,C:C,G:A,T:C,A:A,?,T:T,A:G,T:T,A:A,G:A,A:G,A:A,C:C,C:G,C:C,T:C,C:C,A:G,G:G,C:C
ASI8FSHTu0YRf,G:G,C:C,C:C,T:G,G:G,G:G,G:G,C:C,T:T,A:A,A:A,A:A,G:G,C:C,G:G,C:T,G:G,C:C,T:T,T:T,G:G,T:T,T:T,T:T,T:T,A:A,G:G,G:G,A:A,A:A,G:C,T:C,G:G,C:C,A:A,C:C,C:C,G:G,T:T,A:A,G:A,A:G,G:G,T:T,C:G,G:C,T:C,C:C,A:G,G:G,C:C
ASI8FY10syndP,G:G,C:C,C:C,G:G,G:G,G:G,G:G,C:C,T:T,A:A,A:A,A:A,G:G,C:C,G:G,C:T,G:G,C:C,T:T,T:T,G:G,T:T,T:T,T:T,T:T,A:A,A:G,G:G,A:A,A:A,G:C,C:C,G:G,C:C,A:A,G:C,C:C,G:G,T:T,A:A,A:A,A:A,G:G,T:T,C:G,G:C,T:T,C:C,A:A,G:G,C:C
ASI8FDVObCjTP,A:A,C:C,T:T,T:G,G:G,G:G,G:G,C:C,T:T,A:A,A:A,G:A,G:T,C:C,C:G,C:T,A:G,C:G,C:C,T:T,G:G,C:C,T:C,T:C,T:A,A:A,G:G,A:G,C:A,A:A,C:C,T:C,G:G,C:C,A:A,C:C,C:C,A:G,T:T,A:A,G:A,G:G,G:G,T:T,C:G,G:C,C:C,C:C,G:G,G:G,C:C
ASI8FGxgL69l8,G:G,T:T,T:C,T:T,G:G,C:G,C:G,G:C,T:T,A:A,A:A,A:A,T:T,C:C,C:C,C:T,G:G,C:G,T:T,C:C,G:G,C:C,T:C,T:C,T:A,A:A,G:G,A:A,C:A,A:A,G:C,C:C,G:G,C:C,A:A,G:G,C:T,A:G,T:T,A:A,A:A,G:G,A:A,C:T,C:G,C:C,T:C,C:C,G:G,G:G,C:C
ASI8FfYQKWddA,A:A,C:C,C:C,T:G,A:G,G:G,G:G,C:C,A:T,A:A,A:A,G:A,G:T,C:C,G:G,C:T,G:G,C:G,C:T,T:T,G:G,C:C,T:T,T:T,T:T,A:A,G:G,G:G,A:A,A:A,C:C,T:T,G:G,C:C,A:A,C:C,C:C,A:G,T:T,A:A,G:A,A:G,A:A,C:T,C:C,C:C,C:C,A:A,A:G,G:G,C:C
ASI8FPVhWiwnW,A:A,T:C,T:C,T:G,A:G,C:G,C:G,G:C,A:T,A:A,A:A,G:A,G:T,C:C,C:G,C:T,G:G,G:G,T:T,C:C,G:G,C:C,T:T,T:T,T:T,A:A,G:G,A:G,A:A,A:A,G:C,T:C,G:G,C:C,A:A,C:C,C:T,A:A,T:T,A:A,A:A,A:G,A:A,C:C,C:G,C:C,T:C,A:A,A:G,G:G,C:C
ASI8FpuyX6FpF,A:A,C:C,C:C,G:G,G:G,G:G,G:G,C:C,A:A,A:A,A:A,A:A,T:T,C:C,G:G,C:T,A:G,C:C,C:C,T:T,G:G,C:C,C:C,C:C,T:A,A:A,G:G,G:G,A:A,A:A,C:C,T:C,G:A,T:T,A:A,C:C,C:T,G:G,T:T,A:A,G:A,G:G,G:G,T:T,C:C,G:C,C:C,C:C,A:A,G:G,C:C
ASI8FpnKWa1jX,G:G,T:C,T:C,T:G,G:G,C:G,C:G,G:C,A:T,A:A,A:A,A:A,T:T,C:C,C:G,C:T,G:G,C:G,T:T,T:T,G:G,C:C,T:C,T:C,T:A,A:A,G:G,A:G,A:A,A:A,G:C,C:C,G:A,T:C,A:A,G:C,T:T,A:G,T:T,A:A,G:A,A:G,A:G,C:T,C:G,C:C,T:C,C:C,A:G,G:G,C:C
ASI8FiS9Fgrbr,G:A,C:C,C:C,T:G,G:G,G:G,G:G,C:C,T:T,A:A,A:A,A:A,G:G,C:C,G:G,C:T,G:G,C:C,T:T,T:T,G:G,T:T,T:T,T:T,T:T,A:A,G:G,G:G,A:A,A:A,G:C,T:C,G:G,C:C,A:A,C:C,C:C,G:G,T:T,A:A,G:A,A:G,G:G,T:T,C:G,G:C,T:C,C:C,A:G,G:G,C:C
ASI8F4ZAoQzBW,A:A,C:C,C:C,G:G,G:G,G:G,G:G,C:C,T:T,A:A,A:A,A:A,G:G,C:C,G:G,C:T,G:G,C:C,T:T,T:T,G:G,T:T,T:T,T:T,T:T,A:A,A:G,G:G,A:A,A:A,G:C,C:C,G:G,C:C,A:A,G:G,C:C,G:G,T:T,A:A,A:A,A:A,G:G,T:T,C:G,G:C,T:T,C:C,A:A,G:G,C:C
ASI8FsLuJ4xra,G:A,C:C,C:C,T:T,A:G,G:G,G:G,C:C,T:T,A:A,A:A,A:A,G:T,C:C,G:G,C:T,G:G,C:C,C:C,T:T,G:G,T:T,T:T,T:T,T:T,A:A,G:G,A:G,C:A,A:A,C:C,T:T,G:G,C:C,A:A,C:C,C:C,G:G,T:T,A:A,G:A,G:G,G:G,T:T,C:G,G:C,C:C,C:C,G:G,G:G,C:C
ASI8FofMNLLO7,G:G,T:T,T:C,T:T,G:G,C:G,C:G,G:C,T:T,A:A,A:A,A:A,T:T,C:C,C:C,C:T,G:G,C:G,T:T,C:C,G:G,C:C,T:C,T:C,T:A,A:A,G:G,A:A,C:A,A:A,G:C,C:C,G:G,C:C,A:A,G:G,C:T,A:G,T:T,A:A,A:A,G:G,A:A,C:T,C:G,C:C,T:T,C:C,G:G,G:G,C:C
ASI8FaF3UnHp3,A:A,C:C,C:C,T:G,A:G,G:G,G:G,C:C,A:T,A:A,A:A,G:A,G:T,C:C,G:G,C:T,G:G,C:G,T:T,T:T,G:G,C:C,T:T,T:T,T:T,A:A,G:G,G:G,A:A,A:A,G:C,T:T,G:G,C:C,A:A,C:C,C:C,A:G,T:T,A:A,G:A,A:G,A:A,C:C,C:C,C:C,C:C,A:A,A:G,G:G,C:C
ASI8FeVrsiuHx,A:A,T:C,T:C,T:G,A:G,C:G,C:G,G:C,A:T,A:A,A:A,G:A,G:T,C:C,C:G,C:T,G:G,G:G,T:T,C:C,G:G,C:C,T:T,T:T,T:T,A:A,G:G,A:G,A:A,A:A,G:C,T:C,G:G,C:C,A:A,C:C,C:T,A:A,T:T,A:A,A:A,A:G,A:A,C:C,C:G,C:C,T:C,A:A,A:G,G:G,C:C
ASI8FP2ccNeAz,A:A,C:C,C:C,G:G,G:G,G:G,G:G,C:C,A:A,A:A,A:A,A:A,T:T,C:C,G:G,C:T,A:G,C:C,C:C,T:T,G:G,C:C,C:C,C:C,T:A,A:A,G:G,G:G,A:A,A:A,C:C,T:C,G:A,T:T,A:A,C:C,C:T,G:G,T:T,A:A,G:A,G:G,G:G,T:T,C:C,G:C,T:C,C:C,A:A,G:G,C:C
ASI8FsHknn8Us,A:A,T:C,T:C,T:G,G:G,C:G,C:G,G:C,A:T,A:A,A:A,A:A,T:T,C:C,C:G,C:T,G:G,C:G,T:T,T:T,G:G,C:C,T:C,T:C,T:A,A:A,G:G,A:G,A:A,A:A,G:C,C:C,G:A,T:C,A:A,?,T:T,A:G,T:T,A:A,G:A,A:G,A:A,C:C,C:G,C:C,T:C,C:C,A:G,G:G,C:C
ASI8FM6ZQAFFn,G:G,C:C,C:C,T:G,G:G,G:G,G:G,C:C,T:T,A:A,A:A,A:A,G:G,C:C,G:G,C:T,G:G,C:C,T:T,T:T,G:G,T:T,T:T,T:T,T:T,A:A,G:G,G:G,A:A,A:A,G:C,T:C,G:G,C:C,A:A,G:C,C:C,G:G,T:T,A:A,G:A,A:G,G:G,T:T,C:G,G:C,T:C,C:C,A:G,G:G,C:C
ASI8FYa5u81Je,G:G,C:C,C:C,G:G,G:G,G:G,G:G,C:C,T:T,A:A,A:A,A:A,G:G,C:C,G:G,C:T,G:G,C:C,T:T,T:T,G:G,T:T,T:T,T:T,T:T,A:A,A:A,G:G,A:A,A:A,G:C,C:C,G:G,C:C,A:A,G:C,C:C,G:G,T:T,A:A,A:A,A:A,G:G,T:T,C:G,G:C,T:T,C:C,A:A,G:G,C:C
ASI8FIQzEK5sl,G:A,C:C,C:C,T:T,A:G,G:G,G:G,C:C,T:T,A:A,A:A,A:A,G:T,C:C,G:G,C:T,G:G,C:C,C:T,T:T,G:G,T:T,T:T,T:T,T:T,A:A,G:G,A:G,C:A,A:A,C:C,T:T,G:G,C:C,A:A,C:C,C:C,A:G,T:T,A:A,G:A,G:G,G:G,T:T,C:G,G:C,C:C,C:C,G:G,G:G,C:C
ASI8FZ90pZyZb,G:A,T:C,T:C,T:T,A:G,C:G,C:G,G:C,T:T,A:A,A:A,A:A,T:T,C:C,C:C,C:T,G:G,C:G,T:T,C:C,G:G,T:C,T:T,T:T,T:T,A:A,G:G,A:A,C:A,A:A,G:C,C:C,G:G,C:C,A:A,C:C,C:T,A:G,T:T,A:A,A:A,G:G,A:A,C:T,C:G,C:C,T:T,C:C,G:G,G:G,C:C
ASI8FVjPsOmva,A:A,C:C,C:C,T:G,A:G,G:G,G:G,C:C,A:T,A:A,A:A,G:A,G:T,C:C,G:G,C:T,G:G,C:G,C:C,T:T,G:G,C:C,T:T,T:T,T:T,A:A,G:G,G:G,A:A,A:A,C:C,T:T,G:G,C:C,A:A,C:C,C:C,A:G,T:T,A:A,G:A,A:G,A:A,C:T,C:C,C:C,C:C,A:A,A:G,G:G,C:C
ASI8FMMZoHgXN,A:A,T:C,T:C,T:G,A:G,C:G,C:G,G:C,A:T,A:A,A:A,G:A,G:T,C:C,C:G,C:T,G:G,G:G,T:T,C:C,G:G,C:C,T:T,T:T,T:T,A:A,G:G,A:G,A:A,A:A,G:C,T:C,G:G,C:C,A:A,G:C,C:T,A:A,T:T,A:A,A:A,A:G,A:A,C:C,C:G,C:C,T:C,A:A,A:G,G:G,C:C
ASI8F9aQE3uOR,A:A,C:C,C:C,G:G,G:G,G:G,G:G,C:C,A:A,A:A,A:A,A:A,T:T,C:C,G:G,C:T,A:G,C:C,C:C,T:T,G:G,C:C,C:C,C:C,T:A,A:A,G:G,G:G,A:A,A:A,C:C,C:C,A:A,T:T,A:A,C:C,C:T,G:G,T:T,A:A,G:G,G:G,G:G,T:T,C:C,C:C,T:C,C:C,A:G,G:G,C:C
ASI8FNO4eLa36,G:A,T:C,T:C,T:G,G:G,C:G,C:G,G:C,A:T,A:A,A:A,A:A,T:T,C:C,C:G,C:T,G:G,C:G,T:T,T:T,G:G,C:C,T:C,T:C,T:A,A:A,G:G,A:G,A:A,A:A,G:C,C:C,G:A,T:C,A:A,C:C,T:T,A:G,T:T,A:A,G:A,A:G,A:A,C:T,C:G,C:C,T:C,C:C,A:G,G:G,C:C
ASI8Fz9WObPO8,G:A,C:C,C:C,T:G,G:G,G:G,G:G,C:C,T:T,A:A,A:A,A:A,G:G,C:C,G:G,C:T,G:G,C:C,T:T,T:T,G:G,T:T,T:T,T:T,T:T,A:A,G:G,G:G,A:A,A:A,G:C,T:C,G:G,C:C,A:A,C:C,C:C,G:G,T:T,A:A,G:A,A:G,G:G,T:T,C:G,G:C,T:C,C:C,A:G,G:G,C:C
ASI8FBS3Tbpec,G:G,C:C,C:C,G:G,G:G,G:G,G:G,C:C,T:T,A:A,A:A,A:A,G:G,C:C,G:G,C:T,G:G,C:C,T:T,T:T,G:G,T:T,T:T,T:T,T:T,A:A,A:G,G:G,A:A,?,G:C,C:C,G:G,C:C,A:A,G:C,C:C,G:G,T:T,A:A,A:A,A:A,G:G,T:T,C:G,G:C,T:T,C:C,A:A,G:G,C:C
ASI8F5wDHYU1w,A:A,C:C,C:C,T:T,A:G,G:G,G:G,C:C,T:T,A:A,A:A,A:A,G:T,C:C,G:G,C:T,G:G,C:C,Uncallable,T:T,G:G,T:T,T:T,T:T,T:T,A:A,G:G,A:G,C:A,A:A,C:C,T:T,G:G,C:C,A:A,C:C,C:C,G:G,T:T,A:A,G:A,G:G,G:G,T:T,C:G,G:C,C:C,C:C,G:G,G:G,C:C
ASI8FkqKl4mGa,G:A,T:C,T:C,T:T,A:G,C:G,C:G,G:C,T:T,A:A,A:A,A:A,T:T,C:C,C:C,C:T,G:G,C:G,T:T,C:C,G:G,T:C,T:T,T:T,T:T,A:A,G:G,A:A,C:A,A:A,G:C,C:C,G:G,C:C,A:A,G:G,C:T,A:G,T:T,A:A,A:A,G:G,A:A,C:T,C:G,C:C,T:C,C:C,G:G,G:G,C:C
ASI8FeeAX6zVO,A:A,C:C,C:C,T:G,A:G,G:G,G:G,C:C,A:T,A:A,A:A,G:A,G:T,C:C,G:G,C:T,G:G,C:G,C:T,T:T,G:G,C:C,T:T,T:T,T:T,A:A,G:G,G:G,A:A,A:A,C:C,T:T,G:G,C:C,A:A,C:C,C:C,A:G,T:T,A:A,G:A,A:G,A:A,C:T,C:C,C:C,C:C,A:A,A:G,G:G,C:C
ASI8FU9nbe87q,A:A,T:C,T:C,T:G,A:G,C:G,C:G,G:C,A:T,A:A,A:A,G:A,G:T,C:C,C:G,C:T,G:G,G:G,T:T,C:C,G:G,C:C,T:T,T:T,T:T,A:A,G:G,A:G,A:A,A:A,G:C,T:C,G:G,C:C,A:A,C:C,C:T,A:A,T:T,A:A,A:A,A:G,A:A,C:C,C:G,C:C,T:C,A:A,A:G,G:G,C:C
ASI8FtCIBfZN4,A:A,C:C,C:C,G:G,G:G,G:G,G:G,C:C,A:A,A:A,A:A,A:A,T:T,C:C,G:G,C:T,A:G,C:C,C:C,T:T,G:G,C:C,C:C,C:C,T:A,A:A,G:G,G:G,A:A,A:A,C:C,C:C,G:A,T:T,A:A,C:C,T:T,G:G,T:T,A:A,G:A,G:G,G:G,T:T,C:C,G:G,T:T,C:C,G:G,G:G,C:C
ASI8F5owwCLEW,G:G,T:C,T:C,T:G,G:G,C:G,C:G,G:C,A:T,A:A,A:A,A:A,T:T,C:C,C:G,C:T,G:G,C:G,T:T,T:T,G:G,C:C,T:C,T:C,T:T,A:A,G:G,A:G,A:A,A:A,G:C,C:C,G:A,T:C,A:A,G:G,T:T,A:G,T:T,A:A,G:A,A:G,A:A,C:C,C:G,C:C,T:C,C:C,A:G,G:G,C:C
ASI8FYQe4H7v2,G:G,C:C,C:C,T:G,G:G,G:G,G:G,C:C,T:T,A:A,A:A,A:A,G:G,C:C,G:G,C:T,G:G,C:C,T:T,T:T,G:G,T:T,T:T,T:T,T:T,A:A,G:G,G:G,A:A,A:A,G:C,T:C,G:G,C:C,A:A,C:C,C:C,G:G,T:T,A:A,G:A,A:G,G:G,T:T,C:G,G:C,T:C,C:C,A:G,G:G,C:C
ASI8FgonZHGbn,A:A,C:C,C:C,G:G,G:G,G:G,G:G,C:C,T:T,A:A,A:A,A:A,G:G,C:C,G:G,C:T,G:G,C:C,T:T,T:T,G:G,T:T,T:T,T:T,T:T,A:A,A:G,G:G,A:A,A:A,G:C,C:C,G:G,C:C,A:A,G:C,C:C,G:G,T:T,A:A,A:A,A:A,G:G,T:T,C:G,G:C,T:T,A:C,A:A,G:G,C:C
ASI8FOMt4LuFd,A:A,C:C,C:C,T:T,A:G,G:G,G:G,C:C,T:T,A:A,A:A,A:A,G:T,C:C,G:G,C:T,G:G,C:C,C:T,T:T,G:G,T:T,T:T,T:T,T:T,A:A,G:G,A:G,C:A,A:A,G:C,T:T,G:G,C:C,A:A,C:C,C:C,G:G,T:T,A:A,G:A,G:G,G:G,T:T,C:G,G:C,C:C,A:C,G:G,G:G,C:C
ASI8FyNSmEHRM,G:G,T:T,T:C,T:T,G:G,C:G,C:G,G:C,T:T,A:A,A:A,A:A,T:T,C:C,C:C,C:T,G:G,C:G,T:T,C:C,G:G,C:C,T:C,T:C,T:A,A:A,G:G,A:A,C:A,A:A,G:C,C:C,G:G,C:C,A:A,C:C,C:T,A:G,T:T,A:A,A:A,G:G,A:A,C:T,C:G,C:C,T:T,C:C,G:G,G:G,C:C
ASI8F6tJ2tg1K,A:A,C:C,C:C,T:G,A:G,G:G,G:G,C:C,A:T,A:A,A:A,G:A,G:T,C:C,G:G,C:T,G:G,C:G,C:C,T:T,G:G,C:C,T:T,T:T,T:T,A:A,G:G,G:G,A:A,A:A,C:C,T:T,G:G,C:C,A:A,C:C,C:C,A:G,T:T,A:A,G:A,A:G,A:A,C:T,C:C,C:C,C:C,A:A,A:G,G:G,C:C
ASI8F60lY2I5X,A:A,C:C,C:C,G:G,G:G,G:G,G:G,C:C,A:A,A:A,A:A,A:A,T:T,C:C,G:G,C:T,G:G,C:C,C:C,T:T,G:G,C:C,C:C,C:C,T:A,A:A,G:G,G:G,A:A,A:A,C:C,C:C,A:A,T:T,A:A,C:C,T:T,G:G,T:T,A:A,G:G,A:A,G:G,T:T,C:C,G:C,C:C,C:C,A:A,G:G,C:C
ASI8FF3v2Lzi2,A:A,C:C,C:C,G:G,G:G,G:G,G:G,C:C,A:A,A:A,A:A,A:A,T:T,C:C,G:G,C:T,G:G,C:C,C:C,T:T,G:G,C:C,C:C,C:C,T:A,A:A,G:G,G:G,A:A,A:A,C:C,C:C,G:A,T:T,A:A,C:C,C:T,G:G,T:T,A:A,G:A,G:G,G:G,T:T,C:C,G:G,T:T,C:C,G:G,G:G,C:C
ASI8F7oGC2tTw,G:A,C:C,T:C,T:G,G:G,C:G,C:G,G:C,A:T,A:A,A:A,A:A,T:T,C:C,C:C,C:T,G:G,C:G,T:T,?,G:G,C:C,T:C,T:C,T:T,A:A,G:G,?,A:A,A:A,?,C:C,G:A,T:C,A:A,?,T:T,A:G,T:T,?,G:A,A:G,A:A,C:C,C:G,C:C,C:C,C:C,A:G,?,C:C
ASI8F6uPkiJV3,G:G,C:C,C:C,T:G,G:G,G:G,G:G,C:C,T:T,A:A,A:A,A:A,G:G,C:C,G:G,C:T,G:G,C:C,T:T,T:T,G:G,T:T,T:T,T:T,T:T,A:A,G:G,G:G,A:A,A:A,G:C,T:C,G:G,C:C,A:A,C:C,C:C,G:G,T:T,A:A,G:A,A:G,G:G,T:T,C:G,G:C,T:C,C:C,A:G,G:G,C:C
ASI8Fw8fYEq3H,A:A,C:C,C:C,G:G,G:G,G:G,G:G,C:C,T:T,A:A,A:A,A:A,G:G,C:C,G:G,C:T,G:G,C:C,T:T,T:T,G:G,T:T,T:T,T:T,T:T,A:A,A:G,G:G,A:A,?,G:C,C:C,G:G,C:C,A:A,C:C,C:C,G:G,T:T,A:A,A:A,A:A,G:G,T:T,C:G,G:C,T:T,C:C,A:A,G:G,C:C
ASI8FK2aeus3J,A:A,C:C,C:C,T:T,A:G,G:G,G:G,C:C,T:T,A:A,A:A,A:A,G:T,C:C,G:G,C:T,G:G,C:C,C:T,T:T,G:G,T:T,T:T,T:T,T:T,A:A,G:G,A:G,C:A,A:A,G:C,T:T,G:G,C:C,A:A,C:C,C:C,G:G,T:T,A:A,G:A,G:G,G:G,T:T,C:G,G:C,C:C,C:C,G:G,G:G,C:C
ASI8FNkYUYqK0,A:A,C:C,C:C,G:G,A:A,G:G,G:G,C:C,A:A,A:A,A:A,G:G,G:G,C:C,G:G,C:C,G:G,G:G,C:C,C:C,G:G,C:C,T:T,T:T,T:T,A:A,G:G,G:G,A:A,A:A,C:C,T:T,G:G,C:C,A:A,C:C,C:C,A:A,T:T,A:A,A:A,A:A,A:A,C:C,C:C,C:C,C:C,A:A,A:A,G:G,C:C
ASI8FeJAvXpBc,A:A,C:C,C:C,T:G,A:G,G:G,G:G,C:C,A:T,A:A,A:A,G:A,G:T,C:C,G:G,C:T,G:G,C:G,C:C,T:T,G:G,C:C,T:T,T:T,T:T,A:A,G:G,G:G,A:A,A:A,C:C,T:T,G:G,C:C,A:A,C:C,C:C,A:G,T:T,A:A,G:A,A:G,A:A,C:T,C:C,C:C,C:C,A:A,A:G,G:G,C:C
ASI8Fit1tRO7d,G:G,C:C,C:C,G:G,G:G,G:G,G:G,C:C,A:A,A:A,A:A,A:A,T:T,C:C,G:G,C:T,A:G,C:C,C:C,T:T,G:G,C:C,C:C,C:C,A:A,A:A,G:G,G:G,A:A,A:A,C:C,C:C,A:A,T:T,A:A,C:C,T:T,G:G,T:T,A:A,G:G,A:A,G:G,T:T,C:C,C:C,C:C,C:C,A:A,G:G,C:C
ASI8F87JGbpvu,G:G,T:C,T:C,T:G,G:G,C:G,C:G,G:C,A:T,A:A,A:A,A:A,T:T,C:C,C:G,C:T,G:G,C:G,T:T,T:T,G:G,C:C,T:C,T:C,T:T,A:A,G:G,A:G,A:A,A:A,G:G,C:C,G:A,T:C,A:A,G:G,T:T,A:G,T:T,A:A,G:A,A:G,A:A,C:C,C:G,C:C,T:C,C:C,A:G,G:G,C:C
ASI8FRlK1WEbf,A:A,C:C,C:C,T:G,G:G,G:G,G:G,C:C,T:T,A:A,A:A,A:A,G:G,C:C,G:G,C:T,G:G,C:C,T:T,T:T,G:G,T:T,T:T,T:T,T:T,A:A,G:G,G:G,A:A,A:A,G:C,T:C,G:G,C:C,A:A,C:C,C:C,G:G,T:T,A:A,G:A,A:G,G:G,T:T,C:G,G:C,T:C,C:C,A:G,G:G,C:C
ASI8FvwZdgXkZ,G:G,C:C,C:C,G:G,G:G,G:G,G:G,C:C,T:T,A:A,A:A,A:A,G:G,C:C,G:G,C:T,G:G,C:C,T:T,T:T,G:G,T:T,T:T,T:T,T:T,A:A,A:A,G:G,A:A,A:A,G:C,C:C,G:G,C:C,A:A,G:G,C:C,G:G,T:T,A:A,A:A,A:A,G:G,T:T,C:G,G:C,T:T,C:C,A:A,G:G,C:C
ASI8FHvKjvZoV,G:A,T:T,T:C,T:T,A:G,C:G,C:G,G:C,T:T,A:A,A:A,A:A,T:T,C:C,C:C,C:T,G:G,C:G,T:T,C:C,G:G,T:C,T:T,T:T,T:T,A:A,G:G,A:A,C:A,A:A,G:C,C:C,G:G,C:C,A:A,G:G,C:T,A:G,T:T,A:A,A:A,G:G,A:A,C:T,C:G,C:C,T:T,C:C,G:G,G:G,C:C
ASI8FPiWQaW9A,A:A,C:C,C:C,G:G,A:A,G:G,G:G,C:C,A:A,A:A,A:A,G:G,G:G,C:C,G:G,C:C,G:G,G:G,C:C,?,G:G,C:C,T:C,T:T,T:T,A:A,G:G,G:G,A:A,A:A,?,T:T,G:G,C:C,A:A,?,C:C,A:A,T:T,A:A,A:A,A:A,A:A,C:C,C:C,C:C,C:C,A:A,A:A,G:G,C:C
ASI8FkM0joOOp,A:A,C:C,T:C,T:G,A:G,C:G,C:G,G:C,A:T,A:A,A:A,G:A,G:T,C:C,C:C,C:T,G:G,G:G,T:T,?,G:G,C:C,T:C,T:T,T:T,A:A,G:G,A:G,A:A,A:A,G:C,T:C,G:G,C:C,A:A,?,C:T,A:A,T:T,A:A,A:A,A:G,A:A,C:C,C:G,C:C,T:C,A:A,A:G,G:G,C:C
ASI8Fs2nATmoZ,A:A,C:C,C:C,G:G,G:G,G:G,G:G,C:C,A:A,A:A,A:A,A:A,T:T,C:C,G:G,C:T,G:G,C:C,C:C,T:T,G:G,C:C,C:C,C:C,T:T,A:A,G:G,G:G,A:A,A:A,?,T:C,G:A,T:T,A:A,?,C:T,G:G,T:T,A:A,G:A,G:G,A:A,T:T,C:C,C:C,T:C,C:C,G:G,G:G,C:C
ASI8FJhtC4Uuq,G:A,T:C,T:C,T:G,G:G,C:G,C:G,G:C,A:T,A:A,A:A,A:A,T:T,C:C,C:G,C:T,G:G,C:G,T:T,T:T,G:G,C:C,T:C,T:C,T:A,A:A,G:G,A:G,A:A,A:A,G:C,C:C,G:A,T:C,A:A,C:C,T:T,A:G,T:T,A:A,G:A,A:G,A:A,C:T,C:G,Uncallable,T:C,C:C,A:G,G:G,C:C
ASI8FVQ4pMmF3,A:A,C:C,C:C,T:T,A:A,C:G,C:G,G:C,?,?,G:G,G:G,?,?,?,?,G:G,?,T:T,?,G:G,C:C,T:C,T:C,?,A:A,A:G,?,?,A:A,?,C:C,A:A,T:T,A:A,?,?,?,T:T,?,A:A,G:G,?,?,G:G,C:C,?,A:A,G:G,?,C:C
ASI8F7qXtGcbE,A:A,T:C,T:C,T:T,A:G,C:C,C:G,G:G,T:T,G:A,G:A,G:A,T:T,C:C,C:G,C:T,G:G,C:G,T:T,?,G:G,C:C,T:T,T:T,T:T,A:A,G:G,A:A,A:A,A:A,G:G,C:C,G:A,T:C,A:A,G:C,T:T,A:G,T:T,A:A,A:A,G:G,A:A,C:C,C:G,C:C,T:T,A:A,G:G,G:G,C:C
ASI8F4kskxR3C,G:A,C:C,C:C,T:T,A:A,G:G,G:G,C:C,A:A,A:A,A:A,G:G,T:T,C:C,G:G,C:T,G:G,G:G,C:C,T:T,G:G,T:T,T:T,T:T,T:T,A:A,G:G,G:G,C:C,A:A,G:C,T:T,A:A,C:C,A:A,?,C:C,G:G,T:T,A:A,G:G,G:G,A:G,T:T,G:G,G:G,C:C,C:C,A:A,G:G,C:C
ASI8FFAXwkztR,?,C:C,C:C,T:T,A:G,G:G,G:G,C:C,?,A:A,A:A,G:A,G:T,Uncallable,?,Uncallable,G:G,?,C:T,?,G:G,T:T,T:C,T:T,T:T,A:A,G:G,?,C:C,A:A,G:C,T:T,G:A,C:C,A:A,?,C:C,G:G,T:T,?,G:G,G:G,?,?,C:G,G:C,C:C,C:C,A:G,?,C:C
ASI8FchkaCMQ4,A:A,T:T,T:T,T:T,G:G,C:C,C:G,G:G,T:T,A:A,A:A,A:A,T:T,C:C,G:G,C:T,G:G,G:G,T:T,T:T,G:G,C:C,T:T,T:T,T:T,A:A,G:G,G:G,A:A,A:A,G:C,C:C,A:A,T:T,T:T,C:C,C:C,A:A,T:T,A:A,A:A,G:G,A:A,C:C,C:G,C:C,T:T,A:A,G:G,G:G,C:C
ASI8FPzMXWnIY,A:A,T:T,T:T,T:T,G:G,C:C,C:G,G:G,?,A:A,A:A,A:A,T:T,C:C,C:C,C:T,G:G,G:G,T:T,?,G:G,C:C,T:T,T:T,T:T,A:A,G:G,?,A:A,A:A,?,C:C,G:A,T:C,T:T,?,C:T,A:A,T:T,A:A,A:A,G:G,A:A,C:C,C:G,C:C,T:T,A:A,G:G,?,C:C
ASI8FSmjLcBiu,A:A,C:C,T:C,T:T,G:G,C:G,C:G,G:C,T:T,A:A,G:A,G:A,G:T,C:C,G:G,C:T,G:G,C:G,T:T,T:T,G:G,T:C,T:T,T:T,T:T,A:A,G:G,A:G,A:A,A:A,G:C,T:C,G:A,T:C,A:A,C:C,C:C,G:G,T:T,A:A,G:A,G:G,A:A,C:T,C:G,C:C,C:C,A:A,G:G,G:G,C:C
ASI8F2NuLpIYD,A:A,T:C,T:T,T:T,G:G,C:C,C:G,G:G,T:T,A:A,G:A,G:A,T:T,C:C,C:G,C:T,G:G,G:G,T:T,C:C,G:G,C:C,T:T,T:T,T:T,A:A,G:G,A:A,A:A,A:A,G:C,C:C,G:A,T:C,A:A,C:C,C:T,A:G,T:T,A:A,A:A,G:G,A:A,C:C,C:G,C:C,T:C,A:A,G:G,G:G,C:C
ASI8Fo4hzwcKR,A:A,C:C,C:C,T:T,A:G,C:G,C:G,G:C,T:T,A:A,G:A,G:A,G:T,C:C,C:G,C:T,G:G,C:C,T:T,T:T,G:G,T:C,T:T,T:T,T:T,A:A,G:G,A:G,A:A,A:A,G:C,T:C,G:A,T:C,A:A,G:C,C:T,G:G,T:T,A:A,G:A,G:G,A:A,C:T,C:C,C:C,T:C,A:A,G:G,G:G,C:C
ASI8FfibFx1Lz,A:A,C:C,Uncallable,T:T,A:G,C:C,C:G,G:G,?,A:A,G:A,G:A,T:T,C:C,?,C:T,G:G,C:G,T:T,?,G:G,C:C,T:C,T:T,?,A:A,G:G,?,?,A:A,G:G,C:C,G:A,T:C,A:A,G:G,T:T,A:G,T:T,?,A:A,G:G,A:A,C:C,C:G,C:C,?,A:A,G:G,?,C:C
ASI8F4KpBxPcD,?,?,C:C,T:T,A:G,G:G,G:G,C:C,?,?,A:A,?,?,?,?,?,G:G,?,C:C,?,?,T:T,C:C,T:C,?,A:A,?,?,?,?,?,T:C,G:A,C:C,A:A,?,C:C,G:G,?,?,G:G,G:G,?,?,C:G,G:C,?,C:C,A:G,?,?
ASI8F1yPX4OAF,A:A,C:C,C:C,T:T,A:G,G:G,G:G,C:C,A:T,A:A,A:A,G:A,G:T,C:C,G:G,C:T,G:G,C:G,C:C,T:T,G:G,T:T,T:T,T:T,T:T,A:A,G:G,G:G,C:A,A:A,G:C,T:T,G:A,C:C,A:A,C:C,C:C,G:G,T:T,A:A,G:G,G:G,A:A,T:T,C:G,G:C,C:C,C:C,A:G,G:G,C:C
ASI8FPyOzZ8z6,A:A,C:C,T:C,T:T,G:G,C:G,C:G,G:C,?,A:A,A:A,A:A,G:T,C:C,?,C:T,G:G,C:G,T:T,?,G:G,T:C,T:C,T:T,T:T,A:A,G:G,G:G,A:A,A:A,G:C,T:C,G:A,T:C,A:A,G:G,C:C,A:G,T:T,A:A,G:A,G:G,?,C:C,C:G,C:C,T:C,A:A,G:G,?,C:C
ASI8FzCPm5OJx,A:A,T:T,T:T,T:T,G:G,C:C,C:G,G:G,?,A:A,A:A,A:A,T:T,C:C,C:C,C:T,G:G,G:G,T:T,?,G:G,C:C,T:C,T:T,T:T,A:A,G:G,?,A:A,A:A,?,C:C,G:A,T:C,T:T,?,C:T,A:A,T:T,A:A,A:A,G:G,A:A,C:C,C:G,C:C,T:T,A:A,G:G,G:G,C:C
ASI8FAVGaFMyl,A:A,C:C,T:C,T:T,G:G,C:G,C:G,G:C,T:T,A:A,G:A,G:A,G:T,C:C,G:G,C:T,G:G,C:G,T:T,T:T,G:G,T:C,T:T,T:T,T:T,A:A,G:G,A:G,A:A,A:A,G:C,T:C,G:A,T:C,A:A,C:C,C:C,G:G,T:T,A:A,G:A,G:G,A:A,C:T,C:G,C:C,C:C,A:A,G:G,G:G,C:C
ASI8FUXsVvC1q,A:A,T:C,T:T,T:T,G:G,C:G,C:G,G:G,?,A:A,G:A,G:A,T:T,C:C,C:C,C:T,G:G,G:G,T:T,?,G:G,C:C,T:T,T:T,T:T,A:A,G:G,A:A,A:A,A:A,G:G,C:C,G:A,T:C,A:A,C:C,C:T,A:G,T:T,A:A,A:A,G:G,A:A,C:C,C:G,C:C,T:C,A:A,G:G,?,C:C
ASI8F7i46Rve8,A:A,C:C,C:C,T:T,A:G,C:G,C:G,G:C,T:T,A:A,G:A,G:A,G:T,C:C,C:G,C:T,G:G,C:C,T:T,T:T,G:G,T:C,T:T,T:T,T:T,A:A,G:G,A:G,A:A,A:A,G:C,T:C,G:A,T:C,A:A,C:C,C:T,G:G,T:T,A:A,G:A,G:G,A:A,C:T,C:C,C:C,T:C,A:A,G:G,G:G,C:C
ASI8F0f2Y28hk,A:A,T:C,T:C,T:T,A:G,C:C,C:G,G:G,T:T,G:A,G:A,G:A,T:T,C:C,C:C,C:T,G:G,C:G,T:T,C:C,G:G,C:C,T:T,T:T,T:T,A:A,G:G,A:A,A:A,A:A,G:C,C:C,G:A,T:C,A:A,G:C,T:T,A:G,T:T,A:A,A:A,G:G,A:A,C:C,C:G,C:C,T:T,A:A,G:G,G:G,C:C
ASI8F0Y6Mg83t,G:A,?,C:C,T:T,A:G,G:G,G:G,C:C,?,?,A:A,G:A,?,C:C,?,C:T,G:G,?,C:C,T:T,G:G,T:T,T:C,T:T,T:T,A:A,?,?,?,A:A,?,T:T,G:A,C:C,A:A,?,C:C,G:G,T:T,A:A,G:G,G:G,?,T:T,C:G,G:C,C:C,C:C,A:G,?,?
ASI8FAiPA07mw,G:G,C:C,C:C,T:T,A:G,G:G,G:G,C:C,A:T,A:A,A:A,G:A,G:T,C:C,G:G,C:T,G:G,C:G,C:T,T:T,G:G,T:T,T:T,T:T,T:T,A:A,G:G,G:G,C:C,A:A,G:C,T:T,G:A,C:C,A:A,G:C,C:C,G:G,T:T,A:A,G:G,G:G,?,T:T,C:G,G:C,C:C,C:C,A:G,?,C:C
ASI8FgRyLHAuZ,A:A,T:C,T:C,T:T,G:G,C:G,C:G,G:C,T:T,A:A,A:A,A:A,G:T,C:C,G:G,C:T,G:G,C:G,T:T,T:T,G:G,T:C,T:T,T:T,T:T,A:A,G:G,G:G,A:A,A:A,G:G,T:C,G:A,T:C,A:A,C:C,C:C,A:G,T:T,A:A,G:A,G:G,A:A,C:T,C:G,C:C,T:C,A:A,G:G,G:G,C:C
ASI8FlPyNXlmk,A:A,T:T,T:T,T:T,G:G,C:C,C:G,G:G,T:T,A:A,A:A,A:A,T:T,C:C,C:G,C:T,G:G,G:G,T:T,T:T,G:G,C:C,T:T,T:T,T:T,A:A,G:G,A:G,A:A,A:A,G:G,C:C,G:A,T:C,T:T,?,C:T,A:A,T:T,A:A,A:A,G:G,A:A,C:C,C:G,C:C,T:T,A:A,G:G,G:G,C:C
ASI8F34jbN9Jh,A:A,C:C,T:C,T:T,G:G,C:G,C:G,G:C,T:T,A:A,G:A,G:A,G:T,C:C,G:G,C:T,G:G,C:G,T:T,T:T,G:G,T:C,T:T,T:T,T:T,A:A,G:G,A:G,A:A,A:A,G:C,T:C,G:A,T:C,A:A,C:C,C:C,G:G,T:T,A:A,G:A,G:G,A:A,C:T,C:G,C:C,C:C,A:A,G:G,G:G,C:C
ASI8FkmxDXmjZ,A:A,T:C,T:T,T:T,G:G,C:C,C:G,G:G,T:T,A:A,G:A,G:A,T:T,C:C,C:G,C:T,G:G,G:G,T:T,C:C,G:G,C:C,T:T,T:T,T:T,A:A,G:G,A:A,A:A,A:A,G:C,C:C,G:A,T:C,A:A,G:C,C:T,A:G,T:T,A:A,A:A,G:G,A:A,C:C,C:G,C:C,T:C,A:A,G:G,G:G,C:C
ASI8FprJ9uK4f,A:A,C:C,C:C,T:T,A:G,C:G,C:G,G:C,?,A:A,G:A,G:A,T:T,?,C:C,?,G:G,C:C,T:T,?,G:G,T:C,T:C,T:T,?,A:A,G:G,A:G,A:A,A:A,G:G,T:C,G:A,T:C,A:A,?,?,G:G,T:T,A:A,Uncallable,G:G,A:A,C:C,C:C,C:C,?,A:A,G:G,?,C:C
ASI8F6DcuaEHL,A:A,T:C,T:C,T:T,A:G,C:C,C:G,G:G,T:T,G:G,G:A,G:A,T:T,C:C,C:C,C:T,G:G,C:G,T:T,C:C,G:G,C:C,T:T,T:T,T:T,A:A,G:G,A:A,A:A,A:A,G:C,C:C,G:A,T:C,A:A,G:C,T:T,A:G,T:T,A:A,A:A,G:G,A:A,C:C,C:G,C:C,T:T,A:A,G:G,G:G,C:C
ASI8FxNx7ZOhf,G:G,C:C,C:C,T:T,A:G,G:G,G:G,C:C,A:T,A:A,A:A,G:A,G:T,C:C,G:G,C:T,G:G,C:G,C:T,T:T,G:G,T:T,T:T,T:T,T:T,A:A,G:G,G:G,C:A,A:A,C:C,T:T,G:A,C:C,A:A,C:C,C:C,G:G,T:T,A:A,G:G,G:G,G:G,T:T,C:G,G:C,C:C,C:C,A:G,G:G,C:C
ASI8F8psce7TL,A:A,C:C,C:C,T:T,A:G,G:G,G:G,C:C,A:T,A:A,A:A,G:A,G:T,C:C,G:G,C:T,G:G,C:G,C:C,T:T,G:G,T:T,T:T,T:T,T:T,A:A,G:G,G:G,C:A,A:A,C:C,T:T,G:A,C:C,A:A,C:C,C:C,G:G,T:T,A:A,G:G,G:G,G:G,T:T,C:G,G:C,C:C,C:C,A:G,G:G,C:C
ASI8FEEgFJdWI,A:A,C:C,T:C,T:T,G:G,C:G,C:G,G:C,T:T,A:A,A:A,A:A,G:T,C:C,G:G,C:T,G:G,C:G,T:T,?,G:G,T:C,T:T,T:T,T:T,A:A,G:G,G:G,A:A,A:A,G:G,T:C,G:A,T:C,A:A,?,C:C,A:G,T:T,A:A,G:A,G:G,A:A,C:C,C:G,C:C,T:C,A:A,G:G,?,C:C
ASI8F7G1QrQZX,A:A,T:T,T:T,T:T,G:G,C:C,C:G,G:G,T:T,A:A,A:A,A:A,T:T,C:C,C:G,C:T,G:G,G:G,T:T,T:T,G:G,C:C,T:T,T:T,T:T,A:A,G:G,A:G,A:A,A:A,G:C,C:C,G:A,T:C,T:T,C:C,C:T,A:A,T:T,A:A,A:A,G:G,A:A,C:C,C:G,C:C,T:T,A:A,G:G,G:G,C:C
ASI8FKlod7ysH,A:A,C:C,T:C,T:T,G:G,C:G,C:G,G:C,T:T,A:A,G:A,G:A,G:T,C:C,G:G,C:T,G:G,C:G,T:T,T:T,G:G,T:C,T:T,T:T,T:T,A:A,G:G,A:G,A:A,A:A,G:C,T:C,G:A,T:C,A:A,C:C,C:C,G:G,T:T,A:A,G:A,G:G,A:A,C:C,C:G,C:C,C:C,A:A,G:G,G:G,C:C
ASI8FfZ5ldJNw,A:A,C:C,T:T,T:T,G:G,C:G,C:G,G:G,?,A:A,G:A,G:A,T:T,C:C,C:C,?,G:G,G:G,T:T,?,G:G,C:C,T:C,T:T,?,A:A,G:G,?,A:A,A:A,G:G,C:C,G:A,T:C,A:A,?,?,G:G,T:T,?,A:A,G:G,A:A,C:C,C:G,C:C,?,A:A,G:G,?,C:C
ASI8Fr7A6w9fG,A:A,C:C,C:C,T:T,A:G,C:G,C:G,G:C,T:T,A:A,G:A,G:A,G:T,C:C,C:G,C:T,G:G,C:C,T:T,T:T,G:G,T:C,T:T,T:T,T:T,A:A,G:G,A:G,A:A,A:A,G:C,T:C,G:A,T:C,A:A,C:C,C:T,G:G,T:T,A:A,G:A,G:G,A:A,C:T,C:C,C:C,T:C,A:A,G:G,G:G,C:C
ASI8FGDiiv0k4,A:A,T:C,T:C,T:T,A:G,C:C,C:G,G:G,T:T,G:G,G:A,G:A,T:T,C:C,C:C,C:T,G:G,C:G,T:T,C:C,G:G,C:C,T:T,T:T,T:T,A:A,G:G,A:A,A:A,A:A,G:C,C:C,G:A,T:C,A:A,G:G,T:T,A:G,T:T,A:A,A:A,G:G,A:A,C:C,C:G,C:C,T:T,A:A,G:G,G:G,C:C
ASI8FBZfesaCE,A:A,C:C,C:C,T:T,A:G,G:G,G:G,C:C,A:T,A:A,A:A,G:A,T:T,C:C,?,Uncallable,G:G,C:G,C:T,?,G:G,T:T,T:C,T:T,?,A:A,?,?,?,A:A,?,T:T,G:A,C:C,A:A,?,C:C,G:G,T:T,?,G:G,G:G,?,?,C:G,G:C,?,C:C,A:G,?,C:C
ASI8FHZ0dDtwU,A:A,C:C,C:C,T:T,A:G,G:G,G:G,C:C,A:T,A:A,A:A,G:A,G:T,C:C,G:G,C:T,G:G,C:G,C:C,T:T,G:G,T:T,T:T,T:T,T:T,A:A,G:G,G:G,C:A,A:A,G:C,T:T,G:A,C:C,A:A,G:C,C:C,G:G,T:T,A:A,G:G,G:G,G:G,T:T,C:G,G:C,C:C,C:C,A:G,G:G,C:C
ASI8FgCFdPS1D,A:A,T:C,T:C,T:T,G:G,C:G,C:G,G:C,T:T,A:A,A:A,A:A,G:T,C:C,G:G,C:T,G:G,C:G,T:T,?,G:G,T:C,T:T,T:T,T:T,A:A,G:G,G:G,A:A,A:A,G:G,T:C,G:A,T:C,A:A,C:C,C:C,A:G,T:T,A:A,G:A,G:G,A:A,C:C,C:G,C:C,T:C,A:A,G:G,?,C:C
ASI8Fjz1A24eo,A:A,T:T,T:T,T:T,G:G,C:C,C:G,G:G,T:T,A:A,A:A,A:A,T:T,C:C,C:G,C:T,G:G,G:G,T:T,T:T,G:G,C:C,T:T,T:T,T:T,A:A,G:G,A:G,A:A,A:A,G:C,C:C,G:A,T:C,T:T,C:C,C:T,A:A,T:T,A:A,A:A,G:G,A:A,C:C,C:G,C:C,T:T,A:A,G:G,G:G,C:C
ASI8FjjZx55pl,A:A,C:C,T:C,T:T,G:G,C:G,C:G,G:C,T:T,A:A,G:A,G:A,G:T,C:C,G:G,C:T,G:G,C:G,T:T,T:T,G:G,T:C,T:T,T:T,T:T,A:A,G:G,A:G,A:A,A:A,G:G,T:C,G:A,T:C,A:A,?,C:C,G:G,T:T,A:A,G:A,G:G,A:A,C:C,C:G,C:C,C:C,A:A,G:G,G:G,C:C
ASI8FMwGlY6ZT,A:A,T:C,T:T,T:T,G:G,C:C,C:G,G:G,T:T,A:A,G:A,G:A,T:T,C:C,C:G,C:T,G:G,G:G,T:T,C:C,G:G,C:C,T:T,T:T,T:T,A:A,G:G,A:A,A:A,A:A,G:C,C:C,G:A,T:C,A:A,C:C,C:T,A:G,T:T,A:A,A:A,G:G,A:A,C:C,C:G,C:C,T:C,A:A,G:G,G:G,C:C
ASI8FJ5kfjtMO,A:A,C:C,C:C,T:T,A:G,C:G,C:G,G:C,T:T,A:A,G:A,G:A,G:T,C:C,C:G,C:T,G:G,C:C,T:T,T:T,G:G,T:C,T:T,T:T,T:T,A:A,G:G,A:G,A:A,A:A,G:C,T:C,G:A,T:C,A:A,C:C,C:T,G:G,T:T,A:A,G:A,G:G,A:A,C:T,C:C,C:C,T:C,A:A,G:G,G:G,C:C
ASI8FLA1nSXiu,A:A,T:C,T:C,T:T,A:G,C:C,C:G,G:G,T:T,A:A,G:A,G:A,T:T,C:C,C:G,C:T,G:G,C:G,T:T,T:C,G:G,C:C,T:T,T:T,T:T,A:A,G:G,A:A,A:A,A:A,G:C,C:C,G:A,T:C,A:A,C:C,T:T,A:G,T:T,A:A,A:A,G:G,A:A,C:C,C:G,C:C,T:T,A:A,G:G,G:G,C:C
ASI8Frp5rFmdg,A:A,C:C,C:C,T:T,A:G,G:G,G:G,C:C,A:T,A:A,A:A,G:A,G:T,C:C,G:G,C:T,G:G,C:G,C:C,T:T,G:G,T:T,T:T,T:T,T:T,A:A,G:G,G:G,C:A,A:A,G:C,T:T,G:A,C:C,A:A,G:C,C:C,G:G,T:T,A:A,G:G,G:G,G:G,T:T,C:G,G:C,C:C,C:C,A:G,G:G,C:C
ASI8FmN4LA2Wq,G:G,C:C,C:C,T:T,A:G,G:G,G:G,C:C,A:T,A:A,A:A,G:A,G:T,C:C,G:G,C:T,G:G,C:G,C:C,T:T,G:G,T:T,T:T,T:T,T:T,A:A,G:G,G:G,C:A,A:A,G:C,T:T,G:A,C:C,A:A,?,C:C,G:G,T:T,A:A,G:G,G:G,G:G,T:T,C:G,G:C,C:C,C:C,A:G,G:G,C:C
ASI8F66ssZPzd,A:A,T:C,T:C,T:T,G:G,C:G,C:G,G:C,T:T,A:A,A:A,A:A,G:T,C:C,G:G,C:T,G:G,C:G,T:T,T:T,G:G,T:C,T:T,T:T,T:T,A:A,G:G,G:G,A:A,A:A,G:G,T:C,G:A,T:C,A:A,?,C:C,A:G,T:T,A:A,G:A,G:G,A:A,C:T,C:G,C:C,T:C,A:A,G:G,?,C:C
ASI8FEAa0WxDM,A:A,T:T,T:T,T:T,G:G,C:C,C:G,G:G,T:T,A:A,A:A,A:A,T:T,C:C,C:G,C:T,G:G,G:G,T:T,T:T,G:G,C:C,T:T,T:T,T:T,A:A,G:G,A:G,A:A,A:A,G:C,C:C,G:A,T:C,T:T,C:C,C:T,A:A,T:T,A:A,A:A,G:G,A:A,C:C,C:G,C:C,T:T,A:A,G:G,G:G,C:C
ASI8FpTFSVLzf,A:A,C:C,T:C,T:T,G:G,C:G,C:G,G:C,T:T,A:A,G:A,G:A,G:T,C:C,G:G,C:T,G:G,C:G,T:T,T:T,G:G,T:C,T:T,T:T,T:T,A:A,G:G,A:G,A:A,A:A,G:C,T:C,G:A,T:C,A:A,C:C,C:C,G:G,T:T,A:A,G:A,G:G,A:A,C:T,C:G,C:C,C:C,A:A,G:G,G:G,C:C
ASI8FRMB8pRlm,A:A,T:C,T:T,T:T,G:G,C:C,C:G,G:G,T:T,A:A,G:A,G:A,T:T,C:C,C:G,C:T,G:G,G:G,T:T,C:C,G:G,C:C,T:T,T:T,T:T,A:A,G:G,A:A,A:A,A:A,G:C,C:C,G:A,T:C,A:A,?,C:T,A:G,T:T,A:A,A:A,G:G,A:A,C:C,C:G,C:C,T:C,A:A,G:G,G:G,C:C
ASI8FbUkeYHb3,A:A,C:C,C:C,T:T,A:G,C:G,C:G,G:C,T:T,A:A,G:A,G:A,G:T,C:C,C:G,C:T,G:G,C:C,T:T,T:T,G:G,T:C,T:T,T:T,T:T,A:A,G:G,A:G,A:A,A:A,G:C,T:C,G:A,T:C,A:A,C:C,C:T,G:G,T:T,A:A,G:A,G:G,A:A,C:T,C:C,C:C,T:C,A:A,G:G,G:G,C:C
ASI8Fmp7EhEVu,A:A,T:C,T:C,T:T,A:G,C:C,C:G,G:G,N:N,A:A,G:A,G:A,T:T,C:C,C:C,C:T,G:G,C:G,T:T,C:C,G:G,C:C,T:T,T:T,T:T,A:A,G:G,A:A,A:A,A:A,G:C,C:C,G:A,T:C,A:A,G:G,T:T,A:G,T:T,A:A,A:A,G:G,A:A,C:C,C:G,C:C,T:T,A:A,G:G,G:G,C:C
ASI8FepBFrPQW,G:A,C:C,C:C,T:T,A:G,G:G,G:G,C:C,A:T,A:A,A:A,G:A,G:T,C:C,G:G,C:T,G:G,C:G,C:C,T:T,G:G,T:T,T:T,T:T,T:T,A:A,G:G,G:G,C:A,A:A,C:C,T:T,G:A,C:C,A:A,C:C,C:C,G:G,T:T,A:A,G:G,G:G,G:G,T:T,C:G,G:C,C:C,C:C,A:G,G:G,C:C
ASI8FpCmsiol7,?,C:C,C:C,T:T,A:G,G:G,G:G,C:C,A:T,A:A,A:A,G:A,G:T,C:C,G:G,C:T,G:G,C:G,C:T,T:T,G:G,T:T,T:T,T:T,T:T,A:A,G:G,G:G,C:A,A:A,?,T:T,G:A,C:C,A:A,G:C,C:C,G:G,T:T,A:A,G:G,G:G,A:G,T:T,C:G,G:C,C:C,A:C,A:G,G:G,C:C
ASI8FOEb4WZAJ,A:A,T:C,T:C,T:T,G:G,C:G,C:G,G:C,T:T,A:A,A:A,A:A,G:T,A:C,G:G,C:T,G:G,C:G,T:T,T:T,G:G,T:C,T:T,T:T,T:T,A:A,G:G,G:G,A:A,A:A,G:C,T:C,G:A,T:C,A:A,G:C,C:C,A:G,T:T,A:A,G:A,G:G,A:A,C:C,C:G,C:C,T:C,A:A,G:G,G:G,C:C
ASI8F6IDtpI3x,A:A,C:C,T:T,T:T,G:G,C:C,C:G,G:G,T:T,A:A,G:G,G:G,T:T,C:C,G:G,C:T,G:G,G:G,T:T,T:T,G:G,C:C,T:T,T:T,T:T,A:A,G:G,A:A,A:A,A:A,G:C,C:C,A:A,T:T,A:A,C:C,C:C,G:G,T:T,A:A,A:A,G:G,A:A,C:C,C:G,C:C,C:C,A:A,G:G,G:G,C:C
ASI8FQbvV3jSb,A:A,C:C,T:C,T:T,G:G,C:G,C:G,G:C,T:T,A:A,G:A,G:A,G:T,C:C,G:G,C:T,G:G,C:G,T:T,T:T,G:G,T:C,T:T,T:T,T:T,A:A,G:G,A:G,A:A,A:A,G:C,T:C,G:A,T:C,A:A,C:C,C:C,G:G,T:T,A:A,G:A,G:G,A:A,C:T,C:G,C:C,C:C,A:A,G:G,G:G,C:C
ASI8FqxtgVzc2,A:A,C:C,C:C,T:T,G:G,G:G,G:G,C:C,T:T,A:A,A:A,A:A,G:G,C:C,G:G,C:T,G:G,C:C,C:C,?,G:G,T:T,T:T,T:T,T:T,A:A,G:G,G:G,A:A,A:A,?,T:T,G:G,C:C,A:A,?,C:C,G:G,T:T,A:A,G:G,G:G,A:G,T:T,C:C,C:C,C:C,C:C,G:G,?,C:C
ASI8FLXHJckPr,A:A,C:C,C:C,T:T,A:G,C:G,C:G,G:C,T:T,A:A,G:A,G:A,G:T,C:C,C:G,C:T,G:G,C:C,T:T,T:T,G:G,T:C,T:T,T:T,T:T,A:A,G:G,A:G,A:A,A:A,G:C,T:C,G:A,T:C,A:A,G:C,C:T,G:G,T:T,A:A,G:A,G:G,A:A,C:T,C:C,C:C,T:C,A:A,G:G,G:G,C:C
ASI8F9jZiWWZv,A:A,T:C,T:C,T:T,A:G,C:C,C:G,G:G,N:N,A:A,G:A,G:A,T:T,C:C,C:C,C:T,G:G,C:G,T:T,C:C,G:G,C:C,T:T,T:T,T:T,A:A,G:G,A:A,A:A,A:A,G:C,C:C,G:A,T:C,A:A,C:C,T:T,A:G,T:T,A:A,A:A,G:G,A:A,C:C,C:G,C:C,T:T,A:A,G:G,G:G,C:C
ASI8F3ppsyAsU,A:A,C:C,C:C,T:T,A:G,G:G,G:G,C:C,A:T,A:A,A:A,G:A,G:T,C:C,G:G,C:T,G:G,C:G,C:C,T:T,G:G,T:T,T:T,T:T,T:T,A:A,G:G,G:G,C:A,A:A,G:C,T:T,G:A,C:C,A:A,G:G,C:C,G:G,T:T,A:A,G:G,G:G,A:G,T:T,C:G,G:C,C:C,A:C,A:G,?,C:C
ASI8FqRpAmLSH,G:G,C:C,C:C,T:T,A:G,G:G,G:G,C:C,A:T,A:A,A:A,G:A,G:T,C:C,G:G,C:T,G:G,C:G,C:C,T:T,G:G,T:T,T:T,T:T,T:T,A:A,G:G,G:G,C:A,A:A,C:C,T:T,G:A,C:C,A:A,C:C,C:C,G:G,T:T,A:A,G:G,G:G,G:G,T:T,C:G,G:C,C:C,C:C,A:G,G:G,C:C
ASI8FcK2yTaDn,A:A,C:C,T:C,T:T,G:G,C:G,C:G,G:C,T:T,A:A,A:A,A:A,G:T,C:C,G:G,C:T,G:G,C:G,T:T,?,G:G,T:C,T:T,T:T,T:T,A:A,G:G,G:G,A:A,A:A,G:G,T:C,G:A,T:C,A:A,?,C:C,A:G,T:T,A:A,G:A,G:G,A:A,C:C,C:G,C:C,T:C,A:A,G:G,?,C:C
ASI8FdXVBFmyY,A:A,C:C,T:T,T:T,G:G,C:C,C:G,G:G,T:T,A:A,G:G,G:G,T:T,C:C,G:G,C:T,G:G,G:G,T:T,C:C,G:G,C:C,T:T,T:T,T:T,A:A,G:G,A:A,A:A,A:A,G:C,C:C,A:A,T:T,A:A,C:C,C:C,G:G,T:T,G:A,A:A,G:G,A:A,C:C,C:G,C:C,C:C,A:A,G:G,G:G,C:C
ASI8F4PcLMMn8,A:A,T:C,T:T,T:T,G:G,C:G,C:G,G:G,T:T,A:A,G:A,G:A,T:T,C:C,C:G,C:T,G:G,G:G,T:T,C:C,G:G,C:C,T:T,T:T,T:T,A:A,G:G,A:A,A:A,A:A,G:C,C:C,G:A,T:C,A:A,G:G,C:T,A:G,T:T,A:A,A:A,G:G,A:A,C:C,C:G,C:C,T:C,A:A,G:G,G:G,C:C
ASI8FevZpBkVC,G:G,C:C,C:C,T:T,G:G,G:G,G:G,C:C,T:T,A:A,A:A,A:A,G:G,C:C,G:G,C:T,G:G,C:C,C:C,T:T,G:G,T:T,T:T,T:T,T:T,A:A,G:G,G:G,A:A,A:A,G:C,T:T,G:G,C:C,A:A,C:C,C:C,G:G,T:T,A:A,G:G,G:G,A:G,T:T,C:C,C:C,C:C,C:C,G:G,G:G,C:C
ASI8F1U47pUqR,A:A,C:C,C:C,T:T,A:G,C:G,C:G,G:C,T:T,A:A,G:A,G:A,G:T,C:C,C:G,C:T,G:G,C:C,T:T,T:T,G:G,T:C,T:T,T:T,T:T,A:A,G:G,A:G,A:A,A:A,G:C,T:C,G:A,T:C,A:A,C:C,C:T,G:G,T:T,A:A,G:A,G:G,A:A,C:T,C:C,C:C,T:C,A:A,G:G,G:G,C:C
ASI8FUoayaTB7,A:A,T:C,T:C,T:T,A:G,C:C,C:G,G:G,N:N,G:G,G:A,G:A,T:T,C:C,C:G,C:T,G:G,C:G,T:T,T:C,G:G,C:C,T:T,T:T,T:T,A:A,G:G,A:A,A:A,A:A,G:C,C:C,G:A,T:C,A:A,G:G,T:T,A:G,T:T,A:A,A:A,G:G,A:A,C:C,C:G,C:C,T:T,A:A,G:G,G:G,C:C
ASI8FnSKK6ild,A:A,C:C,C:C,T:T,A:G,G:G,G:G,C:C,A:T,A:A,A:A,G:A,G:T,C:C,G:G,C:T,G:G,C:G,C:C,T:T,G:G,T:T,T:T,T:T,T:T,A:A,G:G,G:G,C:A,A:A,C:C,T:C,G:A,C:C,A:A,G:G,C:C,G:G,T:T,A:A,G:G,G:G,G:G,T:T,C:G,G:C,C:C,C:C,A:G,G:G,C:C
ASI8F0F8DTlpY,G:A,C:C,C:C,T:T,A:G,G:G,G:G,C:C,A:T,A:A,A:A,G:A,G:T,C:C,G:G,C:T,G:G,C:G,C:C,T:T,G:G,T:T,T:T,T:T,T:T,A:A,G:G,G:G,C:A,A:A,C:C,T:T,G:A,C:C,A:A,C:C,C:C,G:G,T:T,A:A,G:G,G:G,G:G,T:T,C:G,G:C,C:C,C:C,A:G,G:G,C:C
ASI8FDMFJS8hi,A:A,T:T,T:T,T:T,G:G,C:C,C:G,G:G,T:T,A:A,A:A,A:A,T:T,C:C,C:G,C:T,G:G,G:G,T:T,T:T,G:G,C:C,T:T,T:T,T:T,A:A,G:G,A:G,A:A,A:A,G:C,C:C,G:A,T:C,T:T,C:C,C:T,A:A,T:T,A:A,A:A,G:G,A:A,C:C,C:G,C:C,T:T,A:A,G:G,G:G,C:C
ASI8FKucrXmln,A:A,C:C,T:C,T:T,G:G,C:G,C:G,G:C,T:T,A:A,G:A,G:A,G:T,C:C,G:G,C:T,G:G,C:G,T:T,T:T,G:G,T:C,T:T,T:T,T:T,A:A,G:G,A:G,A:A,A:A,G:C,T:C,G:A,T:C,A:A,C:C,C:C,G:G,T:T,A:A,G:A,G:G,A:A,C:T,C:G,C:C,C:C,A:A,G:G,G:G,C:C
ASI8FtZI1s7xN,A:A,T:C,T:T,T:T,G:G,C:C,C:G,G:G,T:T,A:A,G:A,G:A,T:T,C:C,C:G,C:T,G:G,G:G,T:T,?,G:G,C:C,T:T,T:T,T:T,A:A,G:G,A:A,A:A,A:A,G:C,C:C,G:A,T:C,A:A,?,C:T,A:G,T:T,A:A,A:A,G:G,A:A,C:C,C:G,C:C,T:C,A:A,G:G,G:G,C:C
ASI8FmFvankQA,G:A,T:T,T:T,T:T,G:G,C:C,C:G,G:G,A:T,G:A,A:A,A:A,T:T,C:C,C:C,C:T,G:G,G:G,T:T,C:C,G:G,C:C,T:T,T:T,T:T,A:A,G:G,A:A,A:A,A:A,G:C,C:C,G:G,C:C,T:T,G:G,T:T,A:A,T:T,A:A,A:A,G:G,A:A,C:C,C:G,C:C,T:T,C:C,G:G,G:G,C:C
ASI8FXIZLRzX8,A:A,C:C,C:C,T:T,A:G,C:G,C:G,G:C,T:T,A:A,G:A,G:A,G:T,C:C,C:G,C:T,G:G,C:C,T:T,T:T,G:G,T:C,T:T,T:T,T:T,A:A,G:G,A:G,A:A,A:A,G:C,T:C,G:A,T:C,A:A,C:C,C:T,G:G,T:T,A:A,G:A,G:G,A:A,C:T,C:C,C:C,T:C,A:A,G:G,G:G,C:C
ASI8FqJLywotb,A:A,T:C,T:C,T:T,A:G,C:C,C:G,G:G,N:N,G:A,G:A,G:A,T:T,C:C,C:C,C:T,G:G,C:G,T:T,T:C,G:G,C:C,T:T,T:T,T:T,A:A,G:G,A:A,A:A,A:A,G:C,C:C,G:A,T:C,A:A,C:C,T:T,A:G,T:T,A:A,A:A,G:G,A:A,C:C,C:G,C:C,T:T,A:A,G:G,G:G,C:C
ASI8F0mpMuSXc,?,C:C,C:C,T:T,A:G,G:G,G:G,C:C,A:T,A:A,A:A,G:A,G:T,C:C,G:G,C:T,G:G,C:G,C:C,T:T,G:G,T:T,T:T,T:T,T:T,A:A,G:G,G:G,C:A,A:A,C:C,T:T,G:A,C:C,A:A,C:C,C:C,G:G,T:T,A:A,G:G,G:G,G:G,T:T,C:G,G:C,C:C,C:C,A:G,G:G,C:C
ASI8FSUCyjZrT,?,T:C,T:C,T:T,A:G,C:G,C:G,G:C,A:T,A:A,A:A,G:A,T:T,C:C,C:G,C:T,G:G,G:G,T:T,T:T,G:G,T:C,T:T,T:T,T:T,A:A,G:G,A:G,C:A,A:A,G:C,T:C,G:A,C:C,A:A,C:C,C:T,A:G,T:T,A:A,G:A,G:G,A:A,C:T,C:G,G:C,T:C,C:C,A:G,G:G,C:C
ASI8FQmhLzPPM,A:A,T:T,T:T,T:T,G:G,C:C,C:G,G:G,T:T,A:A,A:A,A:A,T:T,C:C,C:G,C:T,G:G,G:G,T:T,T:T,G:G,C:C,T:T,T:T,T:T,A:A,G:G,A:G,A:A,A:A,G:C,C:C,G:A,T:C,T:A,C:C,C:T,A:A,T:T,A:A,A:A,G:G,A:A,C:C,C:G,C:C,T:T,A:A,G:G,G:G,C:C
ASI8FP5ycpfJB,A:A,C:C,T:C,T:T,G:G,C:G,C:G,G:C,T:T,A:A,G:A,G:A,G:T,C:C,G:G,C:T,G:G,C:G,T:T,T:T,G:G,T:C,T:T,T:T,T:T,A:A,G:G,A:G,A:A,A:A,G:C,T:C,G:A,T:C,A:A,C:C,C:C,G:G,T:T,A:A,G:A,G:G,A:A,C:T,C:G,C:C,C:C,A:A,G:G,G:G,C:C
ASI8F7SCZ2RrP,A:A,T:C,T:T,T:T,G:G,C:C,C:G,G:G,T:T,A:A,G:A,G:A,T:T,C:C,C:G,C:T,G:G,G:G,T:T,C:C,G:G,C:C,T:T,T:T,T:T,A:A,G:G,A:A,A:A,A:A,G:C,C:C,G:A,T:C,A:A,C:C,C:T,A:G,T:T,A:A,A:A,G:G,A:A,C:C,C:G,C:C,T:C,A:A,G:G,G:G,C:C
ASI8F3RsyTNQi,G:G,T:T,T:T,T:T,G:G,C:G,C:G,G:G,A:T,?,A:A,A:A,T:T,C:C,C:C,C:T,G:G,G:G,T:T,?,G:G,C:C,T:C,T:T,T:T,A:A,G:G,?,A:A,A:A,?,C:C,G:G,C:C,T:T,?,T:T,A:A,T:T,?,A:A,G:G,A:A,C:C,C:G,C:C,?,C:C,G:G,?,C:C
ASI8F8gOBqym9,A:A,C:C,C:C,T:T,A:G,C:G,C:G,G:C,T:T,A:A,G:A,G:A,G:T,C:C,C:G,C:T,G:G,C:C,T:T,T:T,G:G,T:C,T:T,T:T,T:T,A:A,G:G,A:G,A:A,A:A,G:C,T:C,G:A,T:C,A:A,C:C,C:T,G:G,T:T,A:A,G:A,G:G,A:A,C:T,C:C,C:C,T:C,A:A,G:G,G:G,C:C
ASI8F5RqiOyQs,A:A,T:C,T:C,T:T,A:G,C:C,C:G,G:G,T:T,G:G,G:A,G:A,T:T,C:C,C:G,C:T,G:G,C:G,T:T,C:C,G:G,C:C,T:T,T:T,T:T,A:A,G:G,A:A,A:A,A:A,G:C,C:C,G:A,T:C,A:A,G:C,T:T,A:G,T:T,A:A,A:A,G:G,A:A,C:C,C:G,C:C,T:T,A:A,G:G,G:G,C:C
ASI8FuSw4G0dG,A:A,C:C,C:C,T:T,A:G,G:G,G:G,C:C,A:T,A:A,A:A,G:A,G:T,C:C,G:G,C:T,G:G,C:G,C:C,T:T,G:G,T:T,T:T,T:T,T:T,A:A,G:G,G:G,C:A,A:A,G:G,T:T,G:A,C:C,A:A,G:G,C:C,G:G,T:T,A:A,G:G,G:G,A:G,T:T,C:G,G:C,C:C,C:C,A:G,G:G,C:C
ASI8FE19XRokE,G:G,C:C,C:C,T:T,A:G,G:G,G:G,C:C,A:T,A:A,A:A,G:A,G:T,C:C,G:G,C:T,G:G,C:G,C:C,T:T,G:G,T:T,T:T,T:T,T:T,A:A,G:G,G:G,C:A,A:A,C:C,T:T,G:A,C:C,A:A,C:C,C:C,G:G,T:T,A:A,G:G,G:G,G:G,T:T,C:G,G:C,C:C,C:C,A:G,G:G,C:C
ASI8FFPaKJj59,A:A,T:T,T:T,T:T,G:G,C:C,C:G,G:G,T:T,A:A,A:A,A:A,T:T,C:C,C:G,C:T,G:G,G:G,T:T,T:T,G:G,C:C,T:T,T:T,T:T,A:A,G:G,A:G,A:A,A:A,G:C,C:C,G:A,T:C,T:T,C:C,C:T,A:A,T:T,A:A,A:A,G:G,A:A,C:C,C:G,C:C,T:T,A:A,G:G,G:G,C:C
ASI8FbNjkqPIV,A:A,C:C,T:C,T:T,G:G,C:G,C:G,G:C,T:T,A:A,G:A,G:A,G:T,C:C,G:G,C:T,G:G,C:G,T:T,T:T,G:G,T:C,T:T,T:T,T:T,A:A,G:G,A:G,A:A,A:A,G:C,T:C,G:A,T:C,A:A,C:C,C:C,G:G,T:T,A:A,G:A,G:G,A:A,C:T,C:G,C:C,C:C,A:A,G:G,G:G,C:C
ASI8FkzoaUlo4,A:A,T:C,T:T,T:T,G:G,C:C,C:G,G:G,T:T,A:A,G:A,G:A,T:T,C:C,C:G,C:T,G:G,G:G,T:T,C:C,G:G,C:C,T:T,T:T,T:T,A:A,G:G,A:A,A:A,A:A,G:C,C:C,G:A,T:C,A:A,C:C,C:T,A:G,T:T,A:A,A:A,G:G,A:A,C:C,C:G,C:C,T:C,A:A,G:G,G:G,C:C
ASI8F7wtKap4O,A:A,C:C,C:C,T:T,A:G,C:G,C:G,G:C,T:T,A:A,G:A,G:A,G:T,C:C,C:G,C:T,G:G,C:C,T:T,T:T,G:G,T:C,T:T,T:T,T:T,A:A,G:G,A:G,A:A,A:A,G:C,T:C,G:A,T:C,A:A,G:C,C:T,G:G,T:T,A:A,G:A,G:G,A:A,C:T,C:C,C:C,T:C,A:A,G:G,G:G,C:C
ASI8FO5qgPzSX,G:A,C:C,C:C,T:T,A:A,G:G,G:G,C:C,A:A,A:A,A:A,G:G,T:T,C:C,G:G,C:T,G:G,G:G,C:C,T:T,G:G,T:C,T:T,T:T,T:A,A:A,G:G,G:G,C:C,A:A,G:G,T:T,A:A,C:C,A:A,C:C,C:C,G:G,T:T,A:A,G:G,G:G,G:G,T:T,G:G,G:G,C:C,C:C,A:A,G:G,C:C
ASI8F3sXxlrlz,G:G,C:C,C:C,T:T,A:G,G:G,G:G,C:C,A:T,A:A,A:A,G:A,G:T,C:C,G:G,C:T,G:G,C:G,C:C,T:T,G:G,T:T,T:T,T:T,T:A,A:A,G:G,G:G,C:A,A:A,C:C,T:T,G:A,C:C,A:A,C:C,C:C,G:G,T:T,A:A,G:G,G:G,G:G,T:T,C:G,G:C,C:C,C:C,A:G,G:G,C:C
ASI8FuPaPqyrZ,A:A,T:T,T:T,T:T,G:G,C:C,C:G,G:G,T:T,A:A,A:A,A:A,T:T,C:C,G:G,C:T,G:G,G:G,T:T,T:T,G:G,C:C,T:T,T:T,T:T,A:A,G:G,G:G,A:A,A:A,G:C,C:C,A:A,T:T,T:T,C:C,C:C,A:A,T:T,A:A,A:A,G:G,A:A,C:C,C:G,C:C,T:T,A:A,G:G,G:G,C:C
ASI8FrBTrzyxR,A:A,T:T,T:T,T:T,G:G,C:C,C:G,G:G,T:T,A:A,A:A,A:A,T:T,C:C,C:G,C:T,G:G,G:G,T:T,T:T,G:G,C:C,T:T,T:T,T:T,A:A,G:G,A:G,A:A,A:A,G:G,C:C,G:A,T:C,T:T,G:G,C:T,A:A,T:T,A:A,A:A,G:G,A:A,C:C,C:G,C:C,T:T,A:A,G:G,G:G,C:C
ASI8F8YtOOeNJ,A:A,C:C,T:C,T:T,G:G,C:G,C:G,G:C,T:T,A:A,G:A,G:A,G:T,C:C,G:G,C:T,G:G,C:G,T:T,T:T,G:G,T:C,T:T,T:T,T:T,A:A,G:G,A:G,A:A,A:A,G:C,T:C,G:A,T:C,A:A,G:C,C:C,G:G,T:T,A:A,G:A,G:G,A:A,C:C,C:G,C:C,C:C,A:A,G:G,G:G,C:C
ASI8F2AGcsziP,A:A,T:C,T:T,T:T,G:G,C:C,C:G,G:G,T:T,A:A,G:A,G:A,T:T,C:C,C:G,C:T,G:G,G:G,T:T,C:C,G:G,C:C,T:T,T:T,T:T,A:A,G:G,A:A,A:A,A:A,G:C,C:C,G:A,T:C,A:A,C:C,C:T,A:G,T:T,A:A,A:A,G:G,A:A,C:C,C:G,C:C,T:C,A:A,G:G,G:G,C:C
